# https://github.com/mikedh/trimesh

o head__1.stl
v 75.58601379 9.85245609 82.47463226
v 75.17879486 9.78270817 82.66150665
v 75.37447357 9.78242779 82.53680420
v 75.17050934 9.74590206 82.62900543
v 75.16245270 9.70936489 82.59600830
v 75.36148071 9.72336102 82.48268127
v 75.15850067 9.69116688 82.57931519
v 75.15460205 9.67290688 82.56259918
v 75.56362152 9.75172901 82.38239288
v 75.56928253 9.77766705 82.40664673
v 75.57504272 9.80374241 82.43074036
v 75.58046722 9.82801247 82.45278931
v 75.94276428 10.88151360 82.52468109
v 75.80617523 10.59857750 82.82327271
v 76.07924652 11.09901142 81.97662354
v 75.75672913 10.46564198 82.83364868
v 75.95368195 10.79311848 82.09827423
v 75.69898224 10.28564358 82.77741241
v 75.82939148 10.48309898 82.22165680
v 75.70673370 10.16961479 82.34738922
v 75.87333679 10.74991608 82.71838379
v 75.65893555 11.16716862 82.77204895
v 75.87195587 11.30823803 82.25713348
v 75.87503815 11.47695351 82.04970551
v 75.92491150 11.21467876 82.23544312
v 75.97800446 11.12088394 82.21369934
v 75.82055664 11.05509281 82.59880066
v 75.87994385 10.96526337 82.56731415
v 75.70756531 10.85738277 82.85887146
v 75.78028870 10.78227139 82.80953217
v 75.63801575 10.70706749 82.94425964
v 75.72253418 10.65390301 82.88339996
v 75.57247162 10.52424717 82.96203613
v 75.66586304 10.49857998 82.89828491
v 75.45690155 10.12193489 82.80122375
v 75.55670166 10.12903023 82.74747467
v 75.50632477 10.89654064 83.03076935
v 75.63502502 10.93230534 82.90808868
v 75.76130676 11.14469814 82.63020325
v 75.55371094 10.76009941 83.00496674
v 75.41377258 10.65981483 83.09154510
v 75.47930908 10.54984951 83.02561951
v 75.32514191 10.35941982 83.03678131
v 75.35736084 10.11485672 82.85483551
v 75.26870728 10.14746284 82.93251801
v 75.77729034 11.46963120 82.13674927
v 75.88720703 11.49335575 81.99484253
v 75.56737518 11.58544540 81.94634247
v 75.89894104 11.50920486 81.93969727
v 75.91139984 11.52602386 81.87844086
v 75.92323303 11.54179955 81.81671143
v 75.22856140 11.68521500 81.79334259
v 75.18673706 11.61292458 82.01848602
v 74.54931641 11.67867184 81.82911682
v 74.80742645 11.58726788 82.10134125
v 74.44598389 11.46860695 82.20925140
v 75.26823425 11.40793228 82.44899750
v 75.02155304 11.30359650 82.59855652
v 75.58184052 11.27675629 82.62103271
v 75.41091919 11.16858578 82.79002380
v 75.33388519 11.08703327 82.86850739
v 75.27436829 10.98032951 82.93876648
v 75.24062347 10.85651493 82.99221802
v 74.84347534 11.08375835 82.75043488
v 74.81384277 10.93532753 82.81158447
v 74.21179199 11.18818951 82.35555267
v 74.18899536 11.00301075 82.42821503
v 73.83391571 11.02947330 82.11051941
v 73.87471771 10.83040047 82.18373871
v 74.10128021 11.52776051 81.90800476
v 74.30283356 11.35162735 82.27811432
v 74.91688538 11.21141720 82.67553711
v 73.95333862 11.40037060 81.96355438
v 73.86241913 11.24260998 82.02770996
v 74.22583771 10.81692123 82.48897552
v 74.12947083 10.41671848 82.32878876
v 74.40214539 10.48443127 82.57109070
v 74.64844513 10.19890022 82.61309814
v 75.03619385 10.23053646 82.85766602
v 74.92599487 9.94233990 82.62808990
v 74.62602234 9.99217033 82.46624756
v 74.90959167 10.49527931 82.88306427
v 75.25021362 10.46999359 83.03136444
v 75.23083496 10.72607613 83.02476501
v 75.52300262 11.45485973 82.29713440
v 74.82387543 10.78197670 82.85346985
v 76.12316895 11.16016579 81.75817871
v 74.37595367 3.09644675 74.61986542
v 74.26818085 0.94825763 71.72780609
v 74.51424408 1.66282773 72.51060486
v 74.70472717 1.08539820 71.53108978
v 74.80571747 3.05885339 74.20657349
v 74.95317841 5.14017868 76.97394562
v 74.64106750 3.85781169 75.45650482
v 74.57279205 2.79181075 74.03125763
v 75.17297363 7.33049297 79.73432159
v 74.80587769 5.83194685 78.03810883
v 74.71881104 4.86814356 76.79141998
v 75.33586121 8.51062298 81.09866333
v 75.01263428 7.64828444 80.26760864
v 74.90317535 6.75676441 79.19742584
v 74.63776398 6.19164038 78.65834045
v 74.52866364 5.09089518 77.25312042
v 75.28410339 9.34462452 82.11579132
v 75.13790131 8.51018810 81.24320984
v 74.93965149 8.49807549 81.37294006
v 74.77503967 7.34776115 80.06820679
v 64.93093872 -3.14512348 84.66918182
v 64.62789917 -3.36120915 84.76583099
v 64.60546112 -3.11987209 84.67516327
v 64.40777588 -3.17355299 84.70503235
v 64.21177673 -3.47380638 84.82855988
v 64.23413086 -3.37061286 84.78826141
v 64.22698975 -3.68629861 84.90860748
v 64.29309845 -3.26447058 84.74508667
v 66.49174500 -2.81423092 87.72521210
v 66.27384186 -2.84188294 88.21901703
v 66.22390747 -3.03826475 87.82230377
v 65.96047974 -3.26252437 87.91947174
v 65.70147705 -3.48637366 88.01739502
v 66.16296387 -2.89675474 88.37261200
v 66.06540680 -2.96856999 88.44710541
v 65.92574310 -3.10530639 88.46163940
v 65.44708252 -3.70969176 88.11510468
v 65.77242279 -3.28395128 88.39653778
v 66.27878571 -2.37389159 88.12285614
v 66.31361389 -2.48145938 88.07624817
v 66.45861816 -2.36293411 87.69610596
v 66.32740021 -2.59383059 88.07214355
v 66.34121704 -2.70648456 88.06803131
v 66.08670807 -2.68772531 88.43864441
v 66.12239075 -2.79376888 88.40821838
v 65.95034790 -2.78611946 88.53743744
v 66.00699615 -2.87809443 88.49266815
v 65.81935883 -2.91511893 88.56783295
v 65.89416504 -2.98733139 88.51728821
v 65.60330963 -3.17570066 88.49772644
v 65.69174957 -3.22506809 88.44947052
v 65.37991333 -3.47261739 88.32360077
v 65.47270966 -3.51109982 88.27892303
v 66.15713501 -2.40997291 88.32993317
v 66.05110931 -2.58194780 88.46899414
v 65.95529175 -2.51415730 88.55240631
v 65.89383698 -2.69437551 88.58209229
v 65.76838684 -2.66665435 88.65296173
v 65.74474335 -2.84308791 88.61824799
v 65.50617981 -2.97380638 88.63375092
v 65.51508331 -3.12645721 88.54586792
v 65.07178497 -3.57003665 88.28696442
v 65.28734589 -3.43423152 88.36816406
v 65.04320526 -3.61038828 88.25563049
v 65.01483154 -3.65040684 88.22364044
v 65.33506012 -3.86573243 87.98669434
v 64.98375702 -3.69422865 88.18751526
v 64.95315552 -3.73754764 88.15028381
v 64.82331848 -3.37910223 88.14942169
v 64.55264282 -3.18442845 87.95708466
v 64.67731476 -3.02481508 88.08609772
v 64.30661011 -2.58758235 87.74274445
v 64.58083344 -2.65654969 88.00566864
v 64.57928467 -2.27393818 87.90579224
v 65.03533936 -2.84465599 88.35696411
v 65.08093262 -2.54190397 88.33776855
v 65.32965088 -3.00270748 88.54013062
v 65.41484070 -2.75417018 88.56126404
v 65.07070160 -3.44273305 88.31819916
v 65.04093170 -3.14478135 88.34895325
v 65.68549347 -2.45206118 88.50886536
v 65.57440186 -2.52998948 88.53904724
v 65.48195648 -2.63493347 88.55651855
v 65.25232697 -2.27498937 88.28788757
v 65.14582062 -2.39792371 88.31686401
v 64.77843475 -1.95078659 87.80190277
v 64.64744568 -2.09660363 87.85266113
v 64.48056793 -1.82463169 87.44432831
v 64.35904694 -1.96276486 87.50282288
v 66.03197479 -2.36935663 88.35350800
v 65.80417633 -2.40356541 88.46724701
v 65.53787231 -2.15175772 88.21474457
v 65.38868713 -2.19221616 88.25319672
v 65.14691925 -1.82837975 87.73069000
v 64.95278931 -1.86136782 87.76073456
v 64.89118958 -1.68203878 87.37038422
v 64.68007660 -1.72018850 87.39549255
v 66.09123230 -2.22818899 88.02203369
v 65.82564545 -2.15703535 88.12768555
v 66.21264648 -2.19379568 87.65874481
v 65.88105011 -2.01250815 87.67494965
v 65.99645996 -2.02727151 87.44852448
v 65.39350891 -1.75090563 87.37249756
v 66.47525787 -2.36503053 87.64921570
v 66.49157715 -2.36761761 87.60214233
v 66.49963379 -2.36908102 87.57851410
v 66.50775909 -2.37059259 87.55485535
v 65.52742767 -1.87645590 87.69490814
v 64.28858185 -2.13956571 87.57336426
v 66.53621674 -2.82182598 87.59436798
v 66.51710510 -2.59527087 87.58898926
v 66.49098206 -2.59067869 87.66568756
v 66.50268555 -2.81571412 87.69385529
v 66.51345062 -2.81743121 87.66245270
v 66.52490234 -2.81953430 87.62842560
v 69.05304718 -4.95358706 77.52787781
v 69.74940491 -5.81647825 74.39204407
v 69.52944183 -5.28011465 75.38858032
v 69.76569366 -5.32290125 74.32731628
v 68.99967194 -4.39174700 77.72386169
v 68.29067993 -3.59749913 80.85462952
v 68.75000000 -4.34739161 78.85771179
v 69.12785339 -4.79201174 77.17488861
v 67.89206696 -3.20390439 82.55297089
v 68.04477692 -3.58505535 81.94163513
v 68.39133453 -3.94489598 80.44458771
v 68.31538391 -4.10508013 80.80628204
v 67.70455170 -3.26963568 83.35355377
v 67.45893097 -2.84226179 84.29216766
v 67.36594391 -3.00218344 84.68242645
v 67.00428772 -2.55446672 85.95442200
v 67.02532959 -2.78916574 85.92700195
v 66.67989349 -2.63949919 87.08343506
v 67.05097961 -3.02874184 85.88194275
v 67.51063538 -3.34176660 84.15817261
v 73.28462219 -3.50543022 72.04339600
v 73.70848846 -4.17276525 72.14833069
v 73.05984497 -3.39784026 72.05084229
v 72.24110413 -3.93308353 72.32329559
v 72.63635254 -3.43974471 72.13048553
v 72.29462433 -3.85866475 72.29625702
v 72.34807587 -3.78433251 72.26884460
v 73.36606598 -3.56305861 72.04544830
v 73.44984436 -3.62248349 72.04719543
v 73.66851044 -3.88203692 72.07851410
v 73.56773376 -4.43140841 72.24073029
v 73.51528168 -4.50438833 72.26840973
v 73.46275330 -4.57745171 72.29573822
v 73.41015625 -4.65059900 72.32270050
v 73.35748291 -4.72383022 72.34930420
v 72.40145111 -3.71008658 72.24106598
v 72.45475769 -3.63592672 72.21292114
v 72.80155945 -3.36894035 72.08441162
v 74.45359039 10.55752373 79.00427246
v 74.28251648 10.08594322 79.19173431
v 74.23859406 10.49176025 79.03956604
v 74.01574707 10.20862103 79.15787506
v 74.14525604 10.43381310 79.06606293
v 74.06263733 10.34274292 79.10464478
v 74.18240356 9.74051476 79.32784271
v 74.03641510 10.01576710 79.23019409
v 73.36784363 -3.56058574 72.04442596
v 70.93656158 -1.89907289 71.85168457
v 70.68767548 -2.12234354 71.95046234
v 70.58357239 -1.66572273 71.80323792
v 70.38832092 -2.22553062 72.00921631
v 70.22885132 -1.43308342 71.75006866
v 69.57492065 -1.92931199 71.96437073
v 69.42189789 -1.67247534 71.88584900
v 70.06533813 -2.21525669 72.02901459
v 69.79301453 -2.10963106 72.01159668
v 69.87238312 -1.20108044 71.69234467
v 69.37522125 -1.35942042 71.77941132
v 69.45801544 -1.06089580 71.66721344
v 69.51416016 -0.96964192 71.63021088
v 73.39556122 -5.03251553 72.41267395
v 71.93437195 -3.99739242 72.37899017
v 73.36061859 -5.07515001 72.24929047
v 71.91404724 -4.02219439 72.28394318
v 73.74093628 -4.55227470 72.23767090
v 73.70134735 -4.60057497 72.05257416
v 73.78627777 -4.47479010 72.00157928
v 73.89741516 -4.29057693 72.14162445
v 73.82310486 -4.40847492 71.97640228
v 73.85672760 -4.34021616 71.95140076
v 73.74500275 -4.53840542 72.02700806
v 73.89475250 -4.20483780 71.90793610
v 73.93894196 -4.01302481 72.06069183
v 73.89979553 -4.13444090 71.88848877
v 73.89817810 -4.06275320 71.87012482
v 73.87890625 -4.27313995 71.92915344
v 73.93054962 -3.96648884 72.04989624
v 73.88092804 -3.97207689 71.85015869
v 73.85523224 -3.88412905 71.83270264
v 73.80756378 -3.67159152 71.99314117
v 73.81571960 -3.80064201 71.81936646
v 73.76805878 -3.71978426 71.80846405
v 73.62877655 -3.55472779 71.79518127
v 73.49956512 -3.37079978 71.96536255
v 73.54824829 -3.48277354 71.79363251
v 73.46297455 -3.41543794 71.79429626
v 73.70102692 -3.63471889 71.80059814
v 72.42682648 -3.66999722 72.08235168
v 72.21564484 -3.96413970 72.20428467
v 72.50920105 -3.56562018 72.03749847
v 72.55642700 -3.51906180 72.01524353
v 72.60697174 -3.47559619 71.99309540
v 72.46672821 -3.61660695 72.05989075
v 72.68425751 -3.43127799 71.96499634
v 72.72656250 -3.41698360 71.95221710
v 72.77068329 -3.40660596 71.94007111
v 72.64480591 -3.45169425 71.97876740
v 72.89949036 -3.40794563 71.91287231
v 72.96305084 -3.42076397 71.90261841
v 73.02626038 -3.43881798 71.89381409
v 72.83528900 -3.40432906 71.92565918
v 73.18457031 -3.51058149 71.87867737
v 73.25881958 -3.55603647 71.87465668
v 73.33099365 -3.60554338 71.87213898
v 73.10662842 -3.47234106 71.88536835
v 72.27096558 -3.52506518 72.07787323
v 72.31253052 -3.47033668 72.05470276
v 72.35636902 -3.41764593 72.03157806
v 72.40417480 -3.36853361 72.00852966
v 72.45452881 -3.32170987 71.98554230
v 72.49853516 -3.28797460 71.96733093
v 72.54446411 -3.25730753 71.94950104
v 72.59373474 -3.23198581 71.93235779
v 72.64512634 -3.21004462 71.91563416
v 72.69912720 -3.19569635 71.90034485
v 72.75386810 -3.18522310 71.88590240
v 72.80981445 -3.18089938 71.87280273
v 72.86643982 -3.18011498 71.86048889
v 72.93724823 -3.18707442 71.84716034
v 73.00732422 -3.19855237 71.83516693
v 73.07627106 -3.21703553 71.82524109
v 73.14458466 -3.23948622 71.81649017
v 73.22827148 -3.27563143 71.80802155
v 73.30963135 -3.31623340 71.80120850
v 73.38734436 -3.36383581 71.79701233
v 73.41969299 -3.67454433 71.87117004
v 73.50122070 -3.74970126 71.87334442
v 73.56959534 -3.83614683 71.88127899
v 73.62886810 -3.93039632 71.89319611
v 73.65529633 -4.00204945 71.90623474
v 73.67306519 -4.07431793 71.92129517
v 73.67559814 -4.14766788 71.93989563
v 73.66836548 -4.22171116 71.96076202
v 73.64156342 -4.29053497 71.98445892
v 73.60966492 -4.35655785 72.00850677
v 73.57093811 -4.41883659 72.03304291
v 73.32080078 -4.76858044 72.17781067
v 73.52861786 -4.47913694 72.05783081
v 73.17781067 -3.19894862 71.97183228
v 72.89672852 -3.14316463 72.00209045
v 72.67325592 -3.17572761 72.04714203
v 72.77835846 -3.15033817 72.02317047
v 72.48107910 -3.28932333 72.10965729
v 72.29607391 -3.49443102 72.19526672
v 73.22037506 -2.20645452 71.64361572
v 73.33962250 -2.03998542 71.56320190
v 73.19869232 -2.23290539 71.54225159
v 73.32014465 -2.06375003 71.47212982
v 74.36569214 -3.01380157 71.67967987
v 74.33049774 -3.05673909 71.51513672
v 74.12921906 -3.08383822 71.75335693
v 74.09310150 -3.12790370 71.58448792
v 73.98056030 -3.17867994 71.62181091
v 73.91033173 -3.19422269 71.83282471
v 73.92646027 -3.20794344 71.64101410
v 73.87347412 -3.23918962 71.66050720
v 74.03635406 -3.15244293 71.60302734
v 74.77263641 -3.12101507 71.43733978
v 74.69437408 -3.23002625 71.48252869
v 74.61826324 -3.22248936 71.49684143
v 74.54261017 -3.22076178 71.51257324
v 74.46762085 -3.22776055 71.53043365
v 74.39301300 -3.23960972 71.54948425
v 74.30242920 -3.26188898 71.57467651
v 74.21385193 -3.28908896 71.60071564
v 74.12855530 -3.32428384 71.62815094
v 74.04516602 -3.36416531 71.65638733
v 74.08322144 -3.31773877 71.83430481
v 74.42979431 -3.19473600 71.72145081
v 74.72994995 -3.18662310 71.64885712
v 74.80673981 -3.07940936 71.59677887
v 69.74896240 -0.75479293 71.53406525
v 70.05541229 -0.64528161 71.46890259
v 70.38651276 -0.65612668 71.44497681
v 71.05805969 -1.30060494 71.62541199
v 70.92812347 -1.01025820 71.52969360
v 70.69253540 -0.78435594 71.46628571
v 71.06169128 -1.61257994 71.73859406
v 69.11532593 0.45742702 71.08290863
v 69.09115601 0.51842785 68.22009277
v 68.53810883 -0.34734547 71.44088745
v 66.88026428 -2.56095338 69.49655151
v 67.95147705 -1.16360331 71.75485992
v 67.38844299 -1.94537258 72.00580597
v 69.65013885 1.20476544 70.70001984
v 70.39695740 -1.86278558 68.56216431
v 70.09984589 -1.50518394 68.53239441
v 70.48116302 -2.31021976 68.66090393
v 70.32991028 -2.72759652 68.80217743
v 69.98371124 -3.00308037 68.94811249
v 69.53534698 -3.06285572 69.05961609
v 69.10494995 -2.89090562 69.10680389
v 68.80783844 -2.53330374 69.07704163
v 68.72363281 -2.08586979 68.97829437
v 68.87488556 -1.66849279 68.83702850
v 69.22108459 -1.39300895 68.69108582
v 69.66944885 -1.33323371 68.57958984
v 69.07651520 -3.03568101 72.31957245
v 68.49694824 -3.73773527 69.45783234
v 71.19412231 -1.15369189 68.20661926
v 70.70784760 -0.65835410 68.18137360
v 71.48841095 -1.77499413 68.30579376
v 71.55521393 -2.44732237 68.46694946
v 71.38648224 -3.08958435 68.67063904
v 71.00257111 -3.62431312 68.89229584
v 70.44976807 -3.98701310 69.10517883
v 69.79476166 -4.13393688 69.28362274
v 69.11655426 -4.04736376 69.40609741
v 71.34535217 0.12439658 71.00965881
v 71.66049957 -0.12389074 71.07595825
v 71.92090607 -0.42250636 71.16716003
v 72.11648560 -0.76025355 71.27902222
v 72.23977661 -1.12517202 71.40665436
v 72.28546906 -1.50381255 71.54454041
v 72.25108337 -1.88200295 71.68710327
v 72.13703918 -2.24536300 71.82876587
v 71.94754791 -2.57847905 71.96374512
v 71.69014740 -2.86780453 72.08677673
v 71.37530518 -3.10180306 72.19272614
v 71.01656342 -3.27118444 72.27715302
v 70.62792206 -3.37022138 72.33726501
v 70.22438049 -3.39564228 72.37143707
v 69.82138062 -3.34674764 72.37931824
v 69.43378448 -3.22529316 72.36154175
v 56.41056061 -18.77228737 61.45219803
v 53.68631744 -17.06876564 60.84330368
v 56.44433975 -19.03171158 60.88486099
v 53.62405396 -17.26813316 60.25450134
v 56.28815842 -19.16423225 60.29464722
v 53.75272369 -17.57877731 59.72795486
v 55.96310425 -19.15195274 59.76126099
v 54.05495071 -17.95874786 59.33477020
v 55.51308441 -18.99653244 59.35674286
v 54.48991394 -18.35672569 59.12805176
v 54.99887085 -18.71896172 59.13572311
v 53.93110275 -17.00760269 61.41483688
v 56.19138336 -18.42099953 61.92002869
v 54.32535172 -17.09290504 61.89191055
v 55.81640244 -18.02528763 62.22517395
v 54.81582260 -17.31315231 62.21009827
v 55.33626938 -17.63859749 62.32642365
v 76.53871155 -19.34372139 65.48018646
v 75.92628479 -19.34507942 65.56072998
v 78.36004639 -20.50459671 65.83428955
v 77.78414917 -20.54026604 65.92920685
v 75.32853699 -19.28363228 65.70412445
v 77.22190094 -20.51099777 66.09307861
v 74.75313568 -19.16919518 65.90007782
v 76.68308258 -20.42382812 66.31304169
v 74.21326447 -19.00951195 66.14061737
v 76.18184662 -20.28787804 66.58292389
v 73.72297668 -18.81174850 66.41917419
v 75.72578430 -20.10497475 66.90018463
v 73.29867554 -18.58374214 66.72831726
v 75.32925415 -19.87508583 67.26638794
v 72.96087646 -18.33735847 67.05574036
v 75.01874542 -19.59834862 67.67823029
v 72.71987152 -18.07911873 67.39642334
v 74.84433746 -19.30694771 68.08856201
v 72.58540344 -17.79998016 67.76553345
v 74.80815125 -19.05445480 68.42649078
v 72.59915924 -17.51477432 68.14610291
v 74.88064575 -18.80567360 68.74275970
v 72.78478241 -17.25377655 68.49732971
v 75.05983734 -18.57138634 69.02063751
v 73.11226654 -17.04405212 68.77774048
v 75.33169556 -18.36396790 69.24372101
v 73.52542877 -16.88986778 68.97512054
v 75.66795349 -18.19257164 69.40179443
v 73.98354340 -16.78275871 69.09671021
v 76.04408264 -18.05807114 69.49650574
v 74.46105194 -16.71439934 69.15180969
v 76.84592438 -17.89057922 69.51789856
v 74.94485474 -16.67888641 69.14829254
v 85.71392822 -6.56428909 60.18287659
v 85.84450531 -6.96386433 60.36084747
v 87.53526306 -7.72516394 60.53697586
v 87.62255096 -8.08846378 60.70139694
v 87.68128204 -8.41152096 60.91571045
v 85.94635773 -7.33507586 60.60396576
v 87.70442963 -8.63318825 61.12384415
v 86.00888062 -7.65410662 60.91966629
v 87.70692444 -8.77768040 61.30725479
v 86.02063751 -7.88643551 61.30555725
v 87.67087555 -8.97498035 61.71406174
v 85.97643280 -7.99773121 61.73734283
v 87.58583069 -9.04139900 62.15535736
v 85.88365936 -7.97711754 62.17666626
v 87.46618652 -8.98035908 62.59175873
v 85.75760651 -7.84017563 62.58987045
v 87.32806396 -8.81511211 62.99515533
v 85.61269379 -7.61362648 62.95755768
v 87.18201447 -8.57044125 63.35379410
v 85.45413208 -7.31259966 63.28119278
v 87.03434753 -8.26618767 63.66268539
v 85.28103638 -6.93860960 63.56282425
v 86.74501038 -7.53213501 64.12504578
v 85.09696960 -6.50143528 63.79134750
v 84.90542603 -6.01549530 63.95541000
v 86.46997833 -6.69270229 64.37113190
v 84.70740509 -5.49146652 64.04750824
v 84.50871277 -4.95387793 64.06105042
v 86.21699524 -5.82979965 64.38894653
v 84.31230164 -4.41946220 63.99552917
v 86.02113342 -5.11115026 64.22058105
v 84.12007141 -3.89945412 63.85097885
v 60.53956604 -11.61917973 70.05501556
v 60.27693176 -10.14366627 72.13361359
v 60.80331421 -10.44054794 72.85255432
v 60.41265488 -9.76705456 73.10354614
v 60.90205383 -10.07051468 73.72962189
v 60.55765533 -9.40806389 74.04106903
v 61.00203323 -9.72396374 74.54433441
v 60.71063232 -9.06908989 74.93668365
v 61.20534134 -9.09373665 76.00238800
v 60.87026596 -8.75234318 75.78123474
v 61.03569794 -8.45742416 76.57180023
v 60.52431107 -8.18451595 75.78295135
v 60.70224380 -7.91110706 76.55104065
v 60.23561096 -7.64328337 75.77983856
v 60.42366791 -7.39049673 76.52658081
v 60.00141525 -7.12638664 75.77643585
v 60.19734573 -6.89344549 76.50273132
v 59.73945236 -6.37010002 75.77742767
v 59.94346619 -6.16651964 76.47337341
v 59.59455109 -5.68442297 75.78269958
v 59.80194473 -5.50774050 76.45022583
v 59.55997467 -5.08406496 75.78874207
v 59.76638031 -4.93108797 76.42995453
v 59.63406754 -4.57355547 75.80201721
v 59.83519745 -4.44086599 76.41868591
v 59.81783295 -4.15222454 75.83127594
v 60.00935364 -4.03643894 76.42475891
v 60.11788559 -3.80879140 75.88463593
v 60.29513168 -3.70708513 76.45587158
v 60.54867554 -3.53417897 75.96990204
v 60.70626450 -3.44417810 76.51943970
v 60.82337189 -3.42605257 76.02602386
v 60.96860504 -3.34084702 76.56484222
v 61.13529587 -3.34226704 76.08839417
v 61.26660156 -3.26090908 76.61672974
v 61.84072876 -3.26096988 76.21781158
v 61.94095993 -3.18380690 76.72653961
v 62.58906174 -3.29648495 76.33525085
v 62.65719986 -3.21876144 76.82710266
v 63.33263779 -3.42808747 76.43927765
v 63.37002563 -3.34607649 76.91706085
v 64.04202271 -3.62948227 76.53372192
v 64.05145264 -3.54076195 77.00004578
v 64.69484711 -3.87517643 76.62252045
v 64.68024445 -3.77858949 77.07980347
v 65.28727722 -4.14296198 76.71022034
v 65.25274658 -4.03845310 77.16066742
v 66.08340454 -4.55790854 76.85093689
v 66.02571106 -4.44285870 77.29468536
v 66.36508942 -4.66451216 77.21578979
v 65.97159576 -4.32642841 77.75531006
v 65.92897797 -4.22814226 78.15582275
v 65.20137787 -3.84318709 78.03842926
v 65.18378448 -3.75518823 78.45657349
v 64.66780090 -3.51761985 78.39546204
v 64.68289185 -3.36542034 79.26418304
v 64.16559601 -3.16603971 79.22003174
v 64.30879974 -2.99509001 80.67368317
v 63.84047699 -2.86018133 80.64891815
v 63.97923660 -2.82378650 81.37871552
v 63.54466629 -2.75037146 81.36006927
v 63.75003433 -2.75514460 82.08563232
v 63.36981964 -2.74756265 82.07051086
v 63.65000916 -2.79116035 82.79197693
v 63.34553909 -2.84459305 82.78034210
v 63.70109177 -2.92051435 83.48727417
v 63.58973694 -2.96269751 83.48555756
v 64.00341034 -3.07417154 84.17859650
v 63.92590332 -3.11842036 84.18019867
v 63.80671692 -3.22965240 84.19111633
v 63.72829437 -3.36889482 84.21128082
v 63.68693542 -3.53847170 84.23869324
v 63.68094254 -3.74127078 84.27127075
v 63.71006012 -3.97746396 84.30677795
v 63.17447281 -3.76453114 83.59397888
v 63.20553970 -4.04946566 83.63780975
v 62.70423508 -3.81492066 82.89206696
v 62.73627853 -4.14376116 82.94229126
v 62.26407242 -3.88877106 82.16586304
v 62.29711151 -4.25702095 82.22176361
v 61.85270691 -3.98266459 81.42169189
v 61.88656998 -4.38596916 81.48229980
v 61.46628189 -4.09394693 80.66114807
v 61.50122452 -4.52832556 80.72605896
v 60.75735855 -4.36552238 79.09056091
v 60.79422760 -4.85449266 79.15777588
v 60.35692215 -4.56406212 78.08990479
v 60.39397049 -5.08509398 78.14954376
v 60.16556549 -4.67247581 77.57810974
v 60.20236588 -5.21004057 77.62968445
v 59.97972870 -4.78712034 77.05784607
v 60.01607513 -5.34195518 77.09767151
v 60.34183121 -12.81623554 67.25263214
v 59.92729950 -11.37953091 69.05305481
v 60.03773499 -10.93871117 70.13554382
v 60.15166092 -10.53561592 71.14028168
v 59.61444092 -10.20520210 70.37461853
v 59.74247360 -9.83289146 71.33294678
v 59.26255035 -9.50512028 70.59760284
v 59.40230560 -9.16232872 71.51170349
v 58.97848511 -8.83553219 70.81039429
v 59.12771225 -8.52110577 71.68221283
v 58.66365051 -7.85378981 71.12983704
v 58.82343674 -7.58122158 71.93946075
v 58.49371338 -6.96105194 71.43110657
v 58.65935135 -6.72696877 72.18299866
v 58.45994186 -6.17640877 71.70964050
v 58.62705994 -5.97670698 72.40843964
v 58.56018448 -5.50573635 71.97380829
v 58.72448730 -5.33608818 72.62384033
v 58.79574203 -4.94816685 72.23499298
v 58.95289230 -4.80427694 72.84013367
v 59.17519760 -4.48906040 72.50371552
v 59.32052231 -4.36719418 73.06744385
v 59.71730804 -4.11663723 72.79010010
v 59.84542084 -4.01350975 73.31551361
v 60.06268692 -3.96730781 72.94189453
v 60.17966843 -3.87215090 73.44923401
v 60.45462799 -3.84890938 73.09587097
v 60.55890274 -3.76054764 73.58599854
v 61.33913040 -3.72210240 73.39207458
v 61.41476440 -3.64314795 73.85105133
v 62.27229691 -3.74425912 73.64900208
v 62.31826401 -3.66904569 74.08209991
v 63.19227600 -3.88848400 73.86478424
v 63.20991135 -3.81237411 74.27735138
v 64.06086731 -4.12065315 74.04438019
v 64.05297089 -4.04031372 74.44156647
v 64.84905243 -4.40768337 74.19292450
v 64.81953430 -4.32104683 74.57968140
v 65.55186462 -4.72075462 74.31630707
v 65.50482178 -4.62685537 74.69737244
v 66.47233582 -5.20239544 74.46851349
v 66.40573883 -5.09722900 74.84940338
v 66.76225281 -5.36933422 74.52894592
v 66.68083954 -5.23185015 75.04591370
v 59.83096313 -11.81330967 68.00215149
v 59.69427109 -11.82778454 67.64060974
v 59.37424088 -11.01510239 68.33447266
v 59.08272934 -10.77466583 67.99572754
v 58.99419785 -10.25295258 68.64634705
v 58.55717468 -9.67162800 68.33883667
v 58.68695831 -9.52368355 68.94414520
v 58.19407654 -8.65429878 68.64900970
v 58.34532166 -8.45378876 69.38878632
v 58.00430679 -7.73785067 69.01301575
v 58.15903473 -7.47993803 69.80641937
v 57.95868301 -6.84844780 69.44164276
v 58.11864090 -6.62280464 70.19210052
v 58.06153107 -6.08625174 69.84421539
v 58.22180557 -5.88875389 70.55490112
v 58.31431961 -5.45028591 70.23352051
v 58.46994400 -5.27684546 70.90713501
v 58.72669601 -4.92408800 70.62141418
v 58.87234497 -4.77122402 71.26021576
v 59.31975555 -4.49441195 71.01925659
v 59.44932556 -4.35913229 71.62509918
v 59.69902802 -4.32069063 71.22414398
v 59.81772232 -4.19289970 71.81410980
v 60.13010406 -4.18151188 71.42900085
v 60.23614883 -4.06007767 72.00364685
v 61.10373306 -4.02612448 71.81808472
v 61.18078995 -3.91329265 72.36450958
v 62.12986374 -4.03729248 72.15309906
v 62.17655563 -3.92748713 72.67551422
v 63.13893890 -4.18477297 72.43193817
v 63.15647125 -4.07353306 72.93462372
v 64.08800507 -4.43019295 72.66019440
v 64.07915497 -4.31447458 73.14722443
v 64.94442749 -4.73635006 72.84362030
v 64.91318512 -4.61448240 73.31887054
v 65.70262146 -5.07083607 72.98885345
v 65.65316772 -4.94234419 73.45593262
v 66.68510437 -5.58418131 73.15109253
v 66.61518860 -5.44643831 73.61212921
v 67.01402283 -5.88233662 72.71920013
v 57.98463821 -7.75085545 68.92948914
v 57.90965271 -6.87784815 69.22103119
v 58.01585388 -6.05653048 69.54505920
v 58.27578735 -5.46414518 69.84209442
v 58.62371445 -5.04201317 70.11210632
v 59.01142502 -4.73901606 70.35348511
v 59.39738464 -4.53117037 70.55987549
v 59.74715424 -4.39505005 70.72776031
v 60.35321426 -4.23882961 70.98830414
v 60.89263535 -4.16454172 71.19573975
v 61.55853653 -4.13950586 71.42742920
v 62.23067474 -4.17801905 71.63916016
v 63.56301498 -4.41431808 72.00689697
v 64.22261047 -4.60314560 72.16781616
v 64.93991852 -4.85973692 72.33010101
v 65.37675476 -5.04133415 72.42242432
v 65.86797333 -5.26789331 72.51960754
v 66.41368103 -5.54602432 72.61931610
v 66.33904266 -4.99257660 75.23126221
v 66.58864594 -5.07408190 75.64669800
v 66.27276611 -4.88702297 75.61870575
v 66.48396301 -4.88773441 76.36032104
v 66.20758057 -4.77988338 76.01528168
v 66.14421844 -4.67040586 76.42480469
v 65.32582092 -4.24474430 76.27915192
v 65.83918762 -3.71496844 81.00387573
v 65.81993103 -3.94412661 79.40141296
v 65.88936615 -4.13097525 78.56493378
v 65.49077606 -3.33653617 82.83113098
v 65.70882416 -3.57760191 81.47508240
v 65.73678589 -3.68047714 80.78460693
v 65.16165924 -3.36122990 80.72812653
v 65.16094208 -3.58780384 79.31260681
v 64.74996185 -3.16652441 80.69918060
v 65.26132202 -3.19513583 83.74663544
v 65.25621033 -3.20839810 82.82313538
v 65.21029663 -3.22844434 82.13064575
v 65.17977905 -3.28055763 81.43347168
v 64.97409058 -3.09405518 84.17694855
v 65.06299591 -3.10090017 83.49840546
v 64.95754242 -3.06523943 82.81665039
v 64.87174988 -3.06646681 82.11794281
v 64.80371094 -3.10148859 81.41316986
v 64.51870728 -2.99713445 84.18194580
v 64.74713135 -3.03146505 84.18013763
v 64.79441071 -2.99676657 83.49868011
v 64.29634857 -2.99779463 84.18139648
v 64.09226990 -3.03875232 84.17886353
v 63.72073364 -4.36244059 84.25013733
v 63.28005219 -4.37353849 83.68356323
v 63.40019608 -4.73198128 83.73237610
v 63.29463196 -4.99198532 83.49164581
v 62.95606613 -4.93205595 83.05178833
v 63.07388306 -5.21663046 83.09104156
v 62.54130173 -5.14019108 82.34470367
v 62.67383194 -5.45878506 82.38913727
v 62.15422821 -5.35377598 81.61688232
v 62.30101013 -5.70266962 81.66594696
v 61.79241943 -5.57132626 80.87166595
v 61.95335007 -5.94706202 80.92521667
v 61.13061905 -6.02972412 79.31169128
v 61.31884384 -6.45244217 79.36946869
v 60.75509262 -6.33770943 78.28833008
v 60.95881271 -6.78779793 78.34156799
v 60.57488251 -6.50238514 77.75118256
v 60.78596115 -6.96650028 77.79869080
v 60.39939499 -6.67564678 77.19347382
v 60.61758423 -7.15435123 77.23224640
v 62.89620590 -5.62130165 82.62945557
v 62.68918228 -5.96574640 82.11389923
v 62.47955704 -6.06907034 81.71627808
v 62.47815323 -6.33215714 81.53001404
v 62.14952850 -6.34149456 80.98028564
v 62.26456451 -6.72133684 80.86970520
v 62.04985046 -7.13408804 80.12487030
v 61.83550644 -7.56978559 79.28821564
v 61.82341766 -7.36150980 79.48736572
v 61.54910278 -6.89581871 79.42913818
v 61.50668335 -7.75503445 78.44972229
v 61.62281036 -8.03178978 78.34292603
v 61.35457230 -7.96351862 77.89457703
v 61.41250992 -8.53472614 77.25811768
v 61.20638275 -8.18233585 77.30944824
v 66.54415894 -5.32047415 74.04827118
v 65.60278320 -4.82710886 73.89504242
v 64.88124847 -4.50643158 73.76515198
v 64.06996155 -4.21279669 73.60514069
v 63.17409515 -3.97622061 73.40886688
v 62.22388077 -3.83115983 73.17098999
v 61.25910568 -3.81315398 72.88635254
v 60.34418106 -3.95021510 72.55689240
v 59.93880463 -4.07599354 72.38456726
v 59.58171082 -4.23396635 72.21354675
v 59.02172852 -4.62667942 71.88648224
v 58.63031387 -5.10959387 71.57389069
v 58.38794327 -5.69497919 71.26524353
v 58.28567123 -6.39808178 70.94956970
v 58.32214355 -7.21980619 70.61501312
v 58.49959946 -8.15403271 70.25286865
v 58.82714081 -9.18087769 69.86788177
v 59.12232208 -9.88101673 69.61055756
v 59.48779678 -10.61288357 69.34099579
v 59.88113022 -9.47095776 72.28086853
v 59.55198669 -8.82917309 72.41634369
v 59.28619385 -8.21560478 72.54548645
v 58.99147797 -7.31653023 72.74187469
v 58.83230209 -6.49978304 72.92890930
v 58.80059433 -5.78299332 73.10239410
v 58.89437103 -5.17158890 73.27005768
v 59.11484146 -4.66476679 73.44239044
v 59.46992111 -4.24900770 73.62913513
v 59.97693634 -3.91343260 73.83963013
v 60.29972839 -3.77975535 73.95561218
v 60.66595459 -3.67467594 74.07546997
v 61.49261475 -3.56619334 74.30991364
v 62.36594009 -3.59541154 74.51552582
v 63.22880554 -3.73749280 74.69057465
v 64.04593658 -3.96092248 74.83965302
v 64.79052734 -4.23514748 74.96748352
v 65.45799255 -4.53355169 75.07952118
v 60.02967453 -9.12309647 73.20787048
v 60.18711853 -8.79134178 74.10605621
v 60.35236740 -8.47782516 74.96709442
v 59.71100235 -8.50887775 73.30244446
v 59.87854767 -8.20323467 74.16316223
v 60.05372238 -7.91412306 74.99127960
v 59.45346832 -7.92180061 73.39248657
v 59.62891006 -7.64125729 74.21737671
v 59.81179810 -7.37561226 75.01399994
v 59.16750717 -7.06182861 73.53131866
v 59.35114670 -6.81834745 74.30342865
v 59.54194260 -6.58737183 75.05361176
v 59.01247025 -6.28100443 73.66490173
v 59.19969940 -6.07155466 74.38796234
v 59.39379501 -5.87239313 75.09490967
v 58.98062134 -5.59622717 73.78921509
v 59.16717529 -5.41704798 74.46711731
v 59.36029053 -5.24611712 75.13422394
v 59.07005310 -5.01270008 73.91165924
v 59.25174713 -4.85980558 74.54797363
v 59.43968201 -4.71329641 75.17832184
v 59.28192139 -4.52965355 74.04230499
v 59.45452118 -4.39909220 74.64018250
v 59.63302994 -4.27322865 75.23639679
v 59.62382889 -4.13412809 74.19047546
v 59.78276825 -4.02250624 74.75265503
v 59.94727325 -3.91407299 75.31697083
v 60.11237335 -3.81569529 74.36512756
v 60.25236893 -3.72007108 74.89396667
v 60.39758301 -3.62630224 75.42822266
v 60.42343903 -3.68926263 74.46414185
v 60.55147171 -3.60036659 74.97711182
v 60.68454361 -3.51272535 75.49695587
v 60.77638245 -3.59030080 74.56779480
v 60.89091110 -3.50704312 75.06557465
v 61.01029205 -3.42448449 75.57155609
v 61.57332993 -3.49001431 74.77284241
v 61.65769577 -3.41410732 75.24295807
v 61.74654770 -3.33791971 75.72354889
v 62.41600418 -3.52195621 74.95396423
v 62.46928787 -3.44807601 75.40093994
v 62.52667618 -3.37311244 75.86017609
v 63.24964905 -3.66231632 75.10951233
v 63.27329636 -3.58616757 75.53795624
v 63.30065155 -3.50830936 75.97991943
v 64.04044342 -3.88088512 75.24388123
v 64.03735352 -3.79947782 75.65819550
v 64.03757477 -3.71591139 76.08679962
v 64.76270294 -4.14837456 75.36159515
v 64.73688507 -4.05998278 75.76600647
v 64.71396637 -3.96915960 76.18495178
v 65.41202545 -4.43927050 75.46789551
v 65.36768341 -4.34327126 75.86638641
v 65.22277832 -3.93251824 77.62969208
v 64.67077637 -3.68074226 77.55599213
v 64.66715240 -3.59841371 77.97097778
v 64.06652069 -3.45110416 77.48494720
v 64.08403015 -3.37595248 77.90703583
v 64.10619354 -3.30258703 78.33837128
v 63.41346741 -3.26360750 77.41245270
v 63.45528030 -3.19487715 77.84268951
v 63.50209045 -3.12823272 78.28157806
v 63.61185074 -3.00594401 79.17681885
v 62.73175430 -3.14121580 77.33495331
v 62.80011749 -3.07708263 77.77455139
v 62.87375641 -3.01538348 78.22187042
v 63.03805542 -2.90382314 79.13163757
v 63.35832214 -2.77701330 80.62253571
v 62.04789352 -3.10761380 77.24900818
v 62.14382553 -3.04515195 77.69934082
v 62.24524689 -2.98552108 78.15612030
v 62.46579361 -2.87895584 79.08170319
v 62.87991714 -2.76127958 80.59224701
v 63.11471176 -2.73897409 81.33776855
v 61.40482330 -3.18146968 77.15590668
v 61.52733612 -3.11688519 77.61828613
v 61.65549469 -3.05557656 78.08549500
v 61.93000412 -2.94653583 79.02805328
v 62.43369675 -2.82534909 80.55892181
v 62.71456909 -2.80055118 81.31256866
v 63.01689529 -2.80563164 82.05268860
v 61.12083435 -3.25809312 77.11282349
v 61.25523376 -3.19105244 77.58143616
v 61.39533615 -3.12752843 78.05393219
v 61.69389725 -3.01450443 79.00483704
v 62.23740387 -2.88691163 80.54518127
v 62.53873825 -2.85835218 81.30248260
v 62.86204147 -2.85897779 82.04591370
v 63.21218872 -2.89270926 82.77628326
v 60.87091446 -3.35720110 77.07627869
v 61.01584625 -3.28695941 77.55106354
v 61.16651535 -3.22048736 78.02870941
v 61.48634338 -3.10202003 78.98747253
v 62.06497574 -2.96552300 80.53620911
v 62.38437271 -2.93182611 81.29656982
v 62.72621536 -2.92649770 82.04271698
v 63.09535980 -2.95336127 82.77523041
v 63.49237061 -3.01564145 83.48628235
v 60.47951126 -3.60966420 77.03021240
v 60.64114380 -3.53140020 77.51682281
v 60.80855179 -3.45744848 78.00398254
v 61.16194916 -3.32494283 78.97633362
v 61.79583740 -3.16514158 80.53742981
v 62.14368820 -3.11804152 81.30156708
v 62.51482773 -3.09730625 82.05086517
v 62.91399002 -3.10652709 82.78539276
v 63.34185028 -3.14905787 83.49774170
v 60.20801544 -3.92635679 77.01651764
v 60.38168335 -3.83828735 77.51442719
v 60.56110001 -3.75512099 78.01023102
v 60.93842316 -3.60512829 78.99365234
v 61.61131668 -3.41592097 80.56179810
v 61.97925186 -3.35185981 81.32686615
v 62.37117386 -3.31166553 82.07653046
v 62.79160690 -3.29865432 82.81031036
v 63.24139404 -3.31626415 83.52120972
v 60.04340363 -4.31545496 77.02816772
v 60.22504807 -4.21541643 77.53717804
v 60.41235733 -4.12092018 78.04107666
v 60.80517578 -3.94923139 79.03370667
v 61.50277710 -3.72327828 80.60465240
v 61.88342285 -3.63807940 81.36833954
v 62.28860474 -3.57375550 82.11610413
v 62.72254944 -3.53330827 82.84693146
v 63.18631363 -3.52020288 83.55416870
v 60.15394211 -5.97588062 77.14183044
v 60.33687973 -5.82422161 77.68637085
v 60.52486038 -5.68031549 78.21473694
v 60.91700363 -5.41282129 79.23062897
v 61.60859680 -5.02371168 80.79553223
v 61.98589325 -4.84559822 81.54674530
v 62.38848877 -4.67641878 82.28083801
v 62.81933975 -4.51806116 82.99507141
v 60.88575363 -7.65590239 77.27227020
v 61.04506683 -7.45289803 77.84778595
v 61.20859528 -7.25962400 78.39659882
v 64.40286255 -2.94531798 81.39571381
v 64.51292419 -2.92652106 82.10755920
v 64.64291382 -2.94268036 82.81197357
v 64.13558960 -2.81883359 82.09739685
v 63.97899246 -2.79548359 82.80116272
v 63.95600891 -2.87272573 83.49347687
v 64.31380463 -2.84942889 82.80732727
v 64.23252106 -2.87428498 83.49747467
v 64.51516724 -2.91847324 83.49879456
v 73.51550293 5.89958906 65.20809174
v 74.02826691 5.17670584 65.98615265
v 73.37158966 5.49831533 66.00503540
v 73.73854828 4.72430801 66.83927155
v 73.22334290 4.91352415 66.91639709
v 73.40032959 4.21201611 67.63735199
v 73.12031555 4.22812176 67.75775146
v 73.07697296 3.45329309 68.52138519
v 74.61705017 2.62420106 68.59144592
v 74.17945862 1.99152553 69.28202057
v 75.82041931 1.79110909 68.70667267
v 75.41691589 1.13807857 69.40171051
v 75.71671295 0.92166811 69.42251587
v 75.22884369 0.22679180 70.05598450
v 76.70730591 -0.88789904 70.09719849
v 76.17273712 -1.64299655 70.66746521
v 77.59471130 -2.79018879 70.57781982
v 77.02246094 -3.59717011 71.08086395
v 78.39255524 -4.77290583 70.81504059
v 77.80039215 -5.61067677 71.25054169
v 78.75476074 -6.46873760 70.92062378
v 78.26479340 -7.41094494 71.24747467
v 78.92943573 -8.02536011 70.91659546
v 79.67417145 -7.36007738 70.46053314
v 79.57760620 -8.65674591 70.51610565
v 80.55873871 -8.28819561 69.86294556
v 80.68842316 -9.82159042 69.62982178
v 81.40084839 -9.24677277 69.13096619
v 81.72443390 -11.02162552 68.52925110
v 82.19000244 -10.22641182 68.26968384
v 82.92005157 -11.22018433 67.28555298
v 82.67936707 -9.51451492 67.90938568
v 83.38167572 -10.54718781 66.94520569
v 83.13317871 -8.84580517 67.50267029
v 83.80751801 -9.91710949 66.56192017
v 83.54351044 -8.23323154 67.04579163
v 84.19116211 -9.34079075 66.13207245
v 83.90789795 -7.68171597 66.53804016
v 84.53079224 -8.82230759 65.65486908
v 84.22621155 -7.19269466 65.98006439
v 84.82653809 -8.36279583 65.13082123
v 84.49845123 -6.76733541 65.37250519
v 85.07862854 -7.96315813 64.56044006
v 84.72602844 -6.40304852 64.71546936
v 85.28848267 -7.62099886 63.94396591
v 85.45805359 -7.33186817 63.28191376
v 74.27037811 5.56862783 65.07807922
v 73.66861725 6.22600412 64.38227844
v 74.46597290 5.90002203 64.11706543
v 73.82462311 6.48233747 63.53201294
v 74.61620331 6.17143154 63.10831070
v 73.97720337 6.67336559 62.66172028
v 74.72220612 6.38344288 62.05724335
v 74.25505829 6.87787390 60.88212585
v 74.78548431 6.53732109 60.96960449
v 74.80830383 6.63584852 59.85182953
v 76.35221863 5.45474148 61.09661484
v 76.36759186 5.53842735 59.97101212
v 77.24716187 4.85105085 60.03409576
v 77.18859100 4.89729691 58.88218307
v 77.83946228 4.35797024 60.07301331
v 77.80813599 4.37226248 58.92350006
v 79.22072601 3.10483789 60.14488602
v 79.17990875 3.10437536 59.00060654
v 80.50596619 1.79204893 60.16933441
v 80.45440674 1.77986717 59.03741455
v 81.69677734 0.41658247 60.11985779
v 81.63383484 0.39675409 59.00915527
v 82.49423218 -0.62082064 60.02058029
v 82.42360687 -0.64383817 58.93193817
v 83.24400330 -1.71064317 59.85477448
v 83.16664886 -1.73489535 58.79495621
v 83.35137939 -2.02641439 58.74929428
v 83.16471100 -2.07556891 57.32724380
v 83.86040497 -2.87921381 58.59639359
v 83.69909668 -2.97169828 57.20477295
v 84.49966431 -4.07470703 58.33901978
v 84.33582306 -4.16000462 57.00392532
v 85.07740784 -5.31592417 58.02613831
v 84.91491699 -5.39223242 56.75584793
v 85.58358002 -6.59062338 57.66457367
v 85.42614746 -6.65575075 56.46631241
v 85.86022186 -7.93399715 56.14984894
v 85.67540741 -8.02479744 55.00822067
v 85.74912262 -8.19850063 55.06459045
v 85.50800323 -8.11748791 54.08705902
v 85.43714142 -8.15837574 53.71735382
v 85.04939270 -6.87183905 54.26239777
v 84.85578918 -6.99402952 53.27471542
v 84.31883240 -5.77712059 53.37250900
v 84.02645111 -5.98220539 51.95235443
v 83.42617035 -4.81465864 51.95668793
v 83.11441040 -5.05510378 50.48031235
v 82.47267151 -3.94914412 50.41144943
v 82.35113525 -3.97484779 49.98108673
v 81.81204224 -2.90016627 50.34181213
v 81.47834015 -2.71128535 49.69034195
v 81.80035400 -2.88233352 50.34058762
v 81.09613800 -1.85077858 50.26717377
v 82.11167908 -2.59681487 51.92524719
v 81.40132904 -1.54664874 51.88781357
v 82.41090393 -2.32837462 53.52975845
v 81.69406128 -1.26228344 53.53087616
v 82.61752319 -2.14851189 54.71397018
v 81.89556122 -1.07282722 54.74453354
v 82.80705261 -1.98995674 55.89393997
v 82.07962799 -0.90683335 55.95451355
v 83.01114655 -1.83231580 57.35565567
v 82.27629852 -0.74324650 57.45426178
v 74.48367310 6.88081264 59.08783722
v 74.79302979 6.68201160 58.71045685
v 76.34461212 5.56881046 58.82261276
v 77.05653381 4.88321972 57.32104111
v 77.71197510 4.31452084 57.36554337
v 79.07130432 3.02748704 57.44954300
v 80.33175659 1.68896842 57.50256348
v 81.49633789 0.29860103 57.50224304
v 73.15802765 7.70064116 58.59749603
v 73.52744293 7.43934917 59.65402222
v 73.16571045 7.64048719 59.72622681
v 72.51860046 7.93909979 60.23852158
v 71.45137024 8.54033566 59.59758377
v 71.41436005 8.41943741 60.68215179
v 69.68444061 9.32244587 59.46138763
v 69.63961792 9.19565487 60.52002335
v 68.71947479 9.69111252 59.38197327
v 68.71087646 9.54815865 60.42805481
v 68.21469879 9.72180367 60.37618637
v 68.12622070 9.54542923 61.37305832
v 67.77648163 9.77833843 60.80156326
v 66.69052887 9.99154472 61.17938232
v 66.65592194 10.05272102 60.95147324
v 65.92076874 10.19731426 61.05831146
v 66.55934906 9.77054596 62.09965515
v 65.12285614 10.13811970 61.84150696
v 66.39167023 9.50147343 62.97131348
v 64.95278168 9.87909698 62.67597961
v 66.18694305 9.18442154 63.79354095
v 64.74802399 9.57473564 63.46120071
v 65.94465637 8.81951332 64.56571960
v 64.50814056 9.22528362 64.19733429
v 65.66465759 8.40727997 65.28983307
v 64.23310089 8.83135128 64.88706207
v 65.34783173 7.94953537 65.96848297
v 63.92401886 8.39492226 65.53345490
v 64.99803162 7.45183277 66.59869385
v 63.58531189 7.92222643 66.13346863
v 64.61653137 6.91557217 67.17927551
v 63.21847916 7.41496229 66.68586731
v 64.20026398 6.33550549 67.71311951
v 62.82013321 6.86752224 67.19376373
v 63.74589157 5.70593357 68.20341492
v 62.38655853 6.27380276 67.66059113
v 63.24940109 5.01993656 68.65323639
v 61.91298676 5.62593126 68.08956146
v 62.70533371 4.26792336 69.06538391
v 61.39228821 4.91210127 68.48342133
v 61.18072128 3.93206310 69.02131653
v 60.69773865 4.18085814 68.78497314
v 71.49649048 8.35052395 60.86831665
v 70.59889984 8.62339115 61.48708344
v 69.55734253 9.01896095 61.54357910
v 68.66612244 9.35642338 61.43970108
v 68.00014496 9.31918144 62.32573700
v 69.84751892 8.77201366 62.08045197
v 68.58345032 9.11385155 62.40932465
v 69.17824554 8.81728268 62.71510696
v 68.46173096 8.81960869 63.33329391
v 68.63490295 8.73390102 63.41415024
v 68.33666229 8.54885197 64.03343964
v 68.20800781 8.30719471 64.57860565
v 67.63181305 8.71527100 64.08625793
v 67.83555603 9.04247570 63.23068237
v 67.38831329 8.33755875 64.89101410
v 68.18611908 8.03969193 65.05647278
v 68.23218536 7.77411985 65.45910645
v 67.10477448 7.90978336 65.64622498
v 68.31162262 7.53371811 65.78306580
v 68.50634003 7.11701393 66.28109741
v 68.72612000 6.74610424 66.67307281
v 68.21210480 6.85646057 66.69383240
v 66.78181458 7.43355846 66.35400391
v 69.04557800 6.28860569 67.10478210
v 67.84449768 6.31802702 67.37532806
v 66.42267609 6.91368818 67.01147461
v 69.41450500 5.82776833 67.49157715
v 69.61521149 5.49461937 67.77095032
v 69.19575500 4.88743925 68.42276764
v 70.26359558 4.91839266 68.13832092
v 70.73764038 4.47111654 68.40636444
v 70.91280365 3.97708392 68.77365112
v 71.29228210 3.98796678 68.66256714
v 71.19722748 3.81793070 68.82653809
v 71.64931488 3.69522119 68.80095673
v 72.06748962 3.36692309 68.94031525
v 72.55163574 3.00304079 69.07556915
v 70.78422546 3.09658551 69.45621490
v 70.43577576 3.29616141 69.38845825
v 69.91007996 2.55370140 69.94959259
v 68.73211670 4.22539616 69.02136993
v 68.22236633 3.50462365 69.56885529
v 66.99163055 5.09736300 68.58107758
v 66.50157166 4.40617943 69.11021423
v 65.59628296 5.74146795 68.17459869
v 65.12339783 5.07909822 68.68577576
v 72.09160614 2.31745744 69.68753052
v 73.10660553 2.60354233 69.20164490
v 73.68986511 1.29471719 69.91430664
v 74.96053314 -3.33373046 71.63710785
v 74.09491730 -1.36115968 71.14799500
v 75.58720398 -2.46226430 71.17957306
v 76.41046906 -4.45421457 71.52918243
v 75.43463898 -5.08073854 71.96706390
v 76.88424683 -6.22603083 71.71460724
v 73.88977051 -1.21522391 71.13504791
v 72.55493927 -0.29452544 71.00771332
v 74.45056915 -0.36569300 70.61505890
v 73.14777374 0.53229791 70.48899841
v 74.96039581 0.41947857 70.03772736
v 70.96817780 0.74098730 70.77391815
v 68.71507263 0.88085794 70.92063141
v 69.33557892 1.74804878 70.45922089
v 69.80773163 1.46252584 70.55726624
v 70.32109070 2.31194091 70.03252411
v 71.55487823 1.56122184 70.25772095
v 66.72036743 0.78047103 71.01325989
v 67.06137085 1.87579131 70.52095032
v 64.87625122 1.88167608 70.47573853
v 65.38287354 2.83860016 70.03471375
v 64.04205322 3.57184625 69.58186340
v 64.60655212 4.35829592 69.15390778
v 63.01567078 2.94342685 69.81452942
v 60.11873245 5.49392080 67.83715057
v 59.56867599 4.74086285 68.18035889
v 59.37995911 5.80569839 67.41122437
v 58.51632309 5.22376108 67.52258301
v 58.68761444 6.07127094 66.95586395
v 58.25696182 5.33356285 67.33824921
v 58.33164597 5.89491844 66.94163513
v 58.00534058 5.43522406 67.14767456
v 58.37424469 5.99533796 66.87934875
v 58.37159348 6.09175873 66.79756165
v 58.28025818 6.24670935 66.61818695
v 57.90568924 6.42775059 66.23588562
v 58.47975540 6.88134384 66.11925507
v 59.14254761 6.69374514 66.60638428
v 59.85552216 6.45280504 67.05033112
v 57.48295212 6.51405716 65.85231781
v 58.33012009 7.63075304 65.15657043
v 58.87097549 7.41608810 65.75351715
v 59.22882843 7.90400314 65.35715485
v 59.92737198 7.76198578 65.81631470
v 60.27382660 8.23278046 65.36983490
v 61.04258347 8.05862617 65.77049255
v 61.37995148 8.51550007 65.26737976
v 61.84790039 7.84211111 66.13630676
v 62.19758987 8.31820583 65.61434174
v 59.15989304 8.62709713 64.28944397
v 59.55982971 8.35465813 64.92700195
v 60.59608841 8.67106533 64.88438416
v 61.69505692 8.94390965 64.72032928
v 62.52283096 8.76361656 65.04697418
v 59.96364212 9.48468876 63.26946640
v 60.15891266 9.17003155 63.95166016
v 59.86849594 8.77465630 64.45956421
v 60.74068069 10.17537212 62.11686707
v 60.67264938 9.87260342 62.82078171
v 60.42892456 9.53849125 63.40444183
v 61.17793655 9.46595192 63.78800201
v 60.89812469 9.08286190 64.35668945
v 61.98604202 9.34173870 64.13063812
v 60.88842773 10.16986084 62.19717026
v 61.85161209 10.39862537 61.81754684
v 61.84612274 10.39149570 61.83969498
v 62.51054764 10.45441055 61.66658783
v 62.67857361 10.30187893 62.10972977
v 63.52859116 10.17081451 62.34102249
v 63.32546616 9.88137150 63.08590698
v 63.61380005 10.45609188 61.44385910
v 63.69967651 10.41763210 61.54739380
v 64.86427307 10.35390377 61.22454071
v 67.78762054 9.80023575 60.67391586
v 67.87283325 9.99281025 59.20548630
v 68.26715851 9.85010910 59.34288025
v 68.28526306 9.93231201 58.28148270
v 68.69377899 9.78748226 58.30960464
v 67.88759613 10.09162521 57.67975998
v 68.60977173 9.84751034 56.85273361
v 68.25925446 9.97383595 56.83671570
v 67.83817291 10.10287094 56.12136841
v 67.73475647 10.03275108 54.55415726
v 68.18161774 9.94295692 55.37487030
v 68.47494507 9.83514977 55.38141251
v 69.65418243 9.43703365 56.89963150
v 69.69364166 9.40155315 58.37570953
v 71.45156860 8.61173820 58.48725128
v 68.43763733 9.82280636 55.04434586
v 68.82087708 9.69449043 55.28340912
v 69.99583435 9.24620819 55.91005707
v 70.74754333 8.91885853 56.23767090
v 71.39870453 8.63477612 56.97948456
v 71.39153290 8.61405087 56.47612762
v 72.43617249 8.07139874 56.78318024
v 73.09382629 7.70683193 57.06613159
v 73.12902069 7.67769670 56.93288040
v 73.89836884 7.20697451 57.04650497
v 74.96060181 6.49329948 57.10437393
v 74.71832275 6.66806746 57.16288376
v 76.25950623 5.53284359 57.26602936
v 76.02869415 5.68899250 57.02870178
v 77.00234222 4.86211920 56.81287003
v 77.82125854 4.07603598 56.48418808
v 78.47961426 3.36143804 56.07840729
v 78.91158295 2.87685323 55.87912369
v 78.98451996 2.74293733 55.64022827
v 79.30538940 2.30513549 55.27799988
v 80.15865326 1.52678609 55.94727325
v 79.52711487 1.97450876 54.97318268
v 79.99249268 1.35657036 54.69472885
v 79.79553223 1.53110909 54.51777267
v 80.00768280 1.13157058 54.05699158
v 80.12709045 0.87802565 53.73779297
v 81.13200378 -0.03735323 54.74160385
v 81.30899048 0.13284037 55.97384262
v 80.93724823 -0.23307858 53.50652695
v 80.33758545 0.34540358 52.99400711
v 80.47483063 -0.12322062 52.24864197
v 80.65312958 -0.52886516 51.83621597
v 80.59754181 -0.94345623 50.70633698
v 80.59593201 -1.16918194 50.20508575
v 80.54774475 -1.49574041 49.37712860
v 83.16579437 -5.28441906 50.24924850
v 83.72268677 -6.19854975 50.54744339
v 83.91667938 -6.63191223 50.49804688
v 84.57687378 -7.17543602 51.93667984
v 84.28678894 -7.36721182 50.61338425
v 84.63067627 -8.11994839 50.69740295
v 85.07550049 -8.13384533 52.30831146
v 86.00782013 -8.26229095 56.37107849
v 86.00893402 -7.88185310 57.27130890
v 85.66939545 -6.57726240 58.54410934
v 85.16448212 -5.29768467 58.95952606
v 84.58575439 -4.05319643 59.32083511
v 83.94311523 -2.85560632 59.62049103
v 83.45265198 -2.03779697 59.79360199
v 83.28393555 -1.73313498 60.89382553
v 82.52689362 -0.64690256 61.08821869
v 81.72149658 0.38541216 61.20937729
v 80.51914978 1.75144339 61.27984619
v 79.22309113 3.05164242 61.26744843
v 77.83232117 4.28990316 61.20035553
v 77.26761627 4.75179720 61.16362381
v 76.29598999 5.31458187 62.19341278
v 86.21414948 -8.37956238 57.72113419
v 86.09123993 -7.87482691 58.09335709
v 85.72421265 -6.59857035 59.40370178
v 85.21824646 -5.31738281 59.87287903
v 85.02564240 -4.88526917 59.97195816
v 85.27523804 -5.44526529 59.96430206
v 85.50718689 -6.00815296 60.03122711
v 86.16842651 -7.95805931 59.67412567
v 86.15833282 -8.05442524 60.42655563
v 86.11360168 -8.19077969 61.14916992
v 86.03334045 -8.36936378 61.83837891
v 85.91667938 -8.59241199 62.49063492
v 86.30907440 -8.50566959 58.63438416
v 86.14525604 -7.89919901 58.89533615
v 86.35848236 -8.67956352 59.52851486
v 86.36228180 -8.82933521 60.12012863
v 86.33360291 -9.03949833 60.78752136
v 86.24880981 -9.34787846 61.55173492
v 86.08190155 -9.78225422 62.35798645
v 85.76306915 -8.86207581 63.10314178
v 85.89727783 -10.18979168 62.93334961
v 85.57192230 -9.18077183 63.67398071
v 85.34154510 -9.55217266 64.20247650
v 85.64414215 -10.69593143 63.49150848
v 85.07057953 -9.97836590 64.68833160
v 85.31044769 -11.31026649 64.01715088
v 84.75843048 -10.45895004 65.13137054
v 84.96136475 -11.90756512 64.42417145
v 84.40454865 -10.99334812 65.53140259
v 84.00988007 -11.57874775 65.88938904
v 84.39333344 -12.80301571 64.91512299
v 83.57885742 -12.20716858 66.20875549
v 83.72051239 -13.77005672 65.35613251
v 83.22112274 -13.01533413 66.31188202
v 82.66014862 -12.22604275 67.24437714
v 83.96245575 -3.47705269 63.66441727
v 83.76094818 -3.46472836 64.35303497
v 83.59334564 -3.75016141 65.18296051
v 84.28643799 -4.89848518 64.64593506
v 84.08693695 -5.22509718 65.39044952
v 84.91104889 -6.09495878 64.00919342
v 84.76699066 -4.34126806 60.04878235
v 84.50822449 -3.82668209 60.19110489
v 84.25931549 -3.35692906 60.39529419
v 83.98931885 -2.87605071 60.62408447
v 84.03231812 -2.95057940 60.65528107
v 83.83645630 -2.62056851 60.96718216
v 83.51705170 -2.09515834 60.81500626
v 83.67409515 -2.37097692 61.34974289
v 83.28366852 -1.80604970 61.90858078
v 82.51881409 -0.72575521 62.13103485
v 81.70522308 0.29960465 62.27357864
v 80.49120331 1.65448570 62.36437988
v 79.18431854 2.94132733 62.36326599
v 77.78412628 4.16473103 62.30001450
v 77.24738312 4.59623384 62.26511383
v 76.19653320 5.11498690 63.25536728
v 83.54190063 -2.20192814 61.81006622
v 83.56779480 -2.24245501 61.79839325
v 83.53905487 -2.27128744 62.27465057
v 83.58546448 -2.44875813 62.72041702
v 83.24060822 -1.93289137 62.89513397
v 83.68432617 -2.73181868 63.10261154
v 83.15324402 -2.11587024 63.84692001
v 82.46736145 -0.86085874 63.14483643
v 82.37100983 -1.05428207 64.12276459
v 81.64530945 0.15572464 63.30798721
v 81.54022217 -0.04816107 64.30558777
v 80.41954803 1.49782467 63.41806793
v 80.30259705 1.27968752 64.43388367
v 79.10187531 2.77064919 63.42708969
v 78.97416687 2.53797245 64.45205688
v 77.69240570 3.97934198 63.36635590
v 77.55554962 3.73222280 64.39280701
v 77.18400574 4.38126326 63.33284760
v 77.07588959 4.10536766 64.36045074
v 76.05227661 4.85456514 64.27628326
v 75.86201477 4.53262568 65.24990082
v 83.81472015 -3.08314490 63.41654968
v 74.68742371 -0.53496003 70.63068390
v 75.62452698 4.14852476 66.17018127
v 76.92178345 3.76773548 65.34119415
v 77.37236023 3.42257810 65.37236023
v 78.80000305 2.24238205 65.43057251
v 80.13922119 0.99900937 65.40382385
v 81.38889313 -0.31331247 65.25822449
v 82.22872925 -1.30746150 65.05675507
v 83.02056885 -2.35661721 64.75616455
v 75.33863831 3.70225716 67.03436279
v 76.72047424 3.36759639 66.26852417
v 77.14161682 3.04966235 66.29824829
v 78.57822418 1.88301528 66.35525513
v 79.92832947 0.65477771 66.32009888
v 81.19028473 -0.64094090 66.15794373
v 82.03952789 -1.62179136 65.93894196
v 82.84162140 -2.65672970 65.61525726
v 75.00316620 3.19418979 67.84197235
v 76.47074127 2.90484738 67.13916779
v 76.86213684 2.61341763 67.16706848
v 78.30776215 1.45974052 67.22214508
v 79.66906738 0.24672018 67.17826080
v 80.94380188 -1.03157651 66.99993896
v 81.80296326 -1.99808109 66.76437378
v 82.61605072 -3.01734948 66.41925812
v 83.38019562 -4.09423399 65.96003723
v 65.96594238 3.65483522 69.59376526
v 67.66529083 2.72192955 70.06766510
v 66.02839661 6.35126209 67.61746216
v 67.43843842 5.73309708 68.00363159
v 76.17128754 2.37964678 67.95229340
v 76.15122223 1.55046690 68.72994232
v 77.18793488 -0.20043285 69.46759033
v 78.11665344 -2.04684997 70.01648712
v 78.94635010 -3.98328614 70.32522583
v 79.33024597 -5.64822626 70.49655151
v 76.53261566 2.11401868 67.97796631
v 77.61458588 0.41961217 68.77856445
v 77.98734283 0.97253692 68.03004456
v 78.99958801 -0.76426631 68.71587372
v 79.36036682 -0.22544537 67.97679138
v 80.30236053 -2.00724077 68.50590515
v 80.64869690 -1.48590195 67.78240204
v 81.18370819 -2.94369769 68.23955536
v 81.51851654 -2.43741465 67.53102875
v 82.02157593 -3.92916417 67.85584259
v 82.34348297 -3.44001389 67.16592407
v 82.81405640 -4.96901608 67.34893036
v 83.12117767 -4.49891043 66.68190765
v 83.55252838 -6.05931950 66.72207642
v 83.84302521 -5.61038065 66.08247375
v 78.58499908 -1.37144804 69.39580536
v 79.45100403 -3.25654554 69.77753448
v 79.86833954 -4.87462521 70.01880646
v 80.23128510 -6.56029558 70.04976654
v 81.91511536 -8.50090599 68.75227356
v 81.09553528 -7.51314020 69.46736908
v 82.39373779 -7.79883575 68.32444763
v 81.59635162 -6.78276777 69.02058411
v 80.75183868 -5.80626202 69.58631134
v 82.82767487 -7.15492439 67.84371948
v 82.05136871 -6.11224937 68.51885986
v 81.22547913 -5.11341429 69.06649780
v 80.35837555 -4.16318512 69.48377228
v 83.21402740 -6.57457972 67.30937195
v 82.45738220 -5.50718498 67.96144104
v 81.64884186 -4.48729706 68.48950958
v 80.79693604 -3.51921105 68.89057159
v 79.90309143 -2.59762764 69.17102051
v 82.93010712 -2.18465042 55.87886810
v 83.49044037 -3.12013650 55.79066086
v 84.12647247 -4.29683018 55.64654541
v 84.70939636 -5.51557446 55.46374893
v 85.22882843 -6.76355648 55.24695969
v 82.71652222 -2.30452776 54.70678711
v 83.29795074 -3.26858044 54.64865875
v 83.93440247 -4.43327665 54.55012894
v 84.52171326 -5.63863802 54.42010498
v 82.48612213 -2.44615221 53.52802658
v 83.08882904 -3.43621778 53.50215530
v 83.72632599 -4.58693457 53.44930267
v 82.15495300 -2.66377854 51.92708588
v 82.78666687 -3.68533802 51.94791412
v 60.61258698 6.16660261 67.46354675
v 61.06014252 6.77385330 67.05744934
v 60.28539276 7.03507280 66.65848541
v 61.47009659 7.32946205 66.61614990
v 60.67913437 7.56732321 66.23298645
v 59.55234909 7.25209713 66.22740173
v 62.82190704 9.17636967 64.43547821
v 63.08988953 9.54966354 63.78295517
v 62.24766159 9.70190716 63.50139999
v 61.42995453 9.81305122 63.18139267
v 62.47851944 10.02219486 62.82896423
v 61.65267944 10.12182331 62.53319550
v 62.95927811 -8.80334187 71.30272675
v 63.03108597 -8.35967445 72.42772675
v 63.52592468 -8.21493435 71.68943024
v 63.70097733 -7.71574068 72.76068115
v 64.28742981 -7.53260279 72.07555389
v 64.32367706 -7.19290066 72.99789429
v 64.97286987 -6.71679449 73.18791962
v 64.94299316 -6.57647562 73.65743256
v 65.60363770 -6.15724707 73.79630280
v 65.56124115 -6.02599859 74.25619507
v 66.23037720 -5.66207361 74.35204315
v 66.11831665 -5.41564703 75.25506592
v 66.02683258 -5.21587038 76.00057983
v 65.93674469 -5.01906586 76.74645233
v 65.76263428 -4.63298702 78.23721313
v 65.52415466 -4.06984568 80.44752502
v 65.41621399 -3.78987145 81.54394531
v 65.07997131 -4.33832598 80.46112061
v 65.02437592 -4.03345013 81.57158661
v 64.64747620 -4.63176775 80.45808411
v 64.64246368 -4.29772758 81.58586884
v 64.22714996 -4.94952488 80.43550873
v 64.27081299 -4.58222294 81.58435822
v 63.82015991 -5.29047489 80.39031219
v 63.91041565 -4.88602924 81.56437683
v 63.37724304 -5.70226192 80.30790710
v 63.51746368 -5.25146627 81.51608276
v 63.16292191 -5.91755199 80.25273132
v 63.32700348 -5.44204664 81.48042297
v 62.95343781 -6.13848305 80.18739319
v 63.14060211 -5.63736486 81.43635559
v 62.56269455 -6.57950735 80.02984619
v 62.79221725 -6.02667999 81.32530975
v 62.19117355 -7.03611231 79.82672882
v 62.45998383 -6.42920065 81.17638397
v 62.71030045 -8.70039654 72.23251343
v 62.44973373 -9.39989090 70.85950470
v 62.39914703 -9.05228138 72.01640320
v 61.99232864 -9.99792480 70.36338806
v 61.82591629 -9.75995541 71.53479767
v 61.58210373 -10.59078789 69.81803131
v 61.29101562 -10.49796677 70.96038055
v 60.88836670 -11.73953342 68.59938812
v 60.86924362 -11.14078808 70.39360046
v 60.94660568 -10.66546249 71.59098053
v 60.90647125 -10.90259361 70.99220276
v 61.32284164 -10.27475071 71.53566742
v 61.85013962 -9.55380726 72.08566284
v 62.41452408 -8.86228180 72.54590607
v 62.72063446 -8.51831150 72.75204468
v 63.03606796 -8.18515682 72.93798828
v 63.69436264 -7.55517912 73.25428772
v 64.30585480 -7.04320288 73.47866821
v 61.11988449 -9.80691338 73.77703857
v 61.03611755 -10.19386959 72.78885651
v 61.43446350 -9.61122227 73.26255798
v 61.35726547 -10.05263519 72.11116791
v 61.93686676 -8.94174194 73.73947906
v 61.87661362 -9.34879494 72.63677216
v 62.47266006 -8.29888153 74.13576508
v 62.43180847 -8.67344570 73.07567596
v 62.76258850 -7.97875834 74.31206512
v 62.73270416 -8.33740425 73.27185822
v 63.06092072 -7.66840076 74.47022247
v 63.04261398 -8.01182842 73.44852448
v 63.68233490 -7.08045816 74.73662567
v 63.68896484 -7.39582586 73.74818420
v 64.25835419 -6.60120630 74.92251587
v 64.28894806 -6.89472866 73.95972443
v 64.85750580 -6.16273785 75.06745911
v 64.91372681 -6.43739367 74.12721252
v 65.47783661 -5.76708412 75.17664337
v 61.21348572 -9.42093754 74.76468658
v 61.43724060 -8.64357471 76.73213959
v 61.78586578 -8.16338825 77.05372620
v 63.07041168 -5.43758678 82.58561707
v 63.37045288 -5.10548019 82.65371704
v 63.76602173 -4.31449318 84.25203705
v 63.88427353 -4.19264317 84.25397491
v 64.00482178 -4.07330179 84.25188446
v 63.53067398 -4.93860960 82.67839050
v 63.69419479 -4.77556181 82.69647217
v 64.25281525 -3.84280372 84.23682404
v 64.47962189 -3.64890480 84.21300507
v 64.71303558 -3.46484184 84.18103790
v 64.33941650 -4.20033884 82.71301270
v 64.65701294 -3.95397663 82.69720459
v 64.95250702 -3.29103160 84.14251709
v 64.98301697 -3.72369099 82.66943359
v 65.31720734 -3.50979948 82.63169098
v 66.28663635 -5.78711462 73.90085602
v 65.64633942 -6.28974676 73.33667755
v 65.12744141 -6.90451717 72.37243652
v 66.34290314 -5.91342020 73.44990540
v 66.03936768 -6.34883547 72.58454895
v 65.41094971 -5.55689573 75.93650818
v 65.34637451 -5.34951830 76.69662476
v 65.22661591 -4.94111300 78.21493530
v 64.81401062 -5.93944502 75.84362030
v 64.77373505 -5.71878767 76.61994934
v 64.70589447 -5.28257513 78.16977692
v 64.23696136 -6.36222172 75.71722412
v 64.21969604 -6.12568188 76.51201630
v 64.20118713 -5.65639544 78.09794617
v 63.68165207 -6.82331371 75.55244446
v 63.68601227 -6.56841183 76.36825562
v 63.71403122 -6.06103897 77.99547577
v 63.08188629 -7.38794041 75.31341553
v 63.10890579 -7.10948038 76.15649414
v 63.18592453 -6.55340195 77.83745575
v 62.79364014 -7.68565464 75.17049408
v 62.83124924 -7.39442635 76.02875519
v 62.93127060 -6.81199980 77.73970795
v 62.51329041 -7.99255323 75.01055908
v 62.56098557 -7.68797112 75.88513184
v 62.68299103 -7.07801867 77.62834167
v 61.99454117 -8.60842419 74.64934540
v 62.06024933 -8.27659607 75.55889130
v 62.22177124 -7.61054564 77.37136078
v 61.50716400 -9.24935341 74.21248627
v 61.58886719 -8.88870430 75.16199493
v 64.03102112 -4.46208620 82.71462250
v 81.92015076 -12.61370277 67.86258698
v 81.13758087 -11.69297123 68.87713623
v 80.30069733 -10.77967548 69.76605225
v 80.59500122 -12.41839409 69.11264038
v 79.73239899 -11.54162788 70.01239014
v 80.05895996 -13.12836266 69.27742004
v 79.17018127 -12.28926849 70.18550110
v 79.53609467 -13.81556702 69.35932922
v 78.62140656 -13.01409817 70.27214813
v 79.02936554 -14.47735310 69.35452271
v 78.08930206 -13.71299744 70.26806641
v 78.54018402 -15.11302853 69.26275635
v 77.57529449 -14.38512230 70.17296600
v 78.06977081 -15.72205639 69.08397675
v 77.08060455 -15.02980328 69.98668671
v 77.61650085 -16.30606842 68.82002258
v 76.60347748 -15.64879990 69.71096039
v 77.17713165 -16.86762238 68.47424316
v 76.14049530 -16.24491119 69.34893799
v 76.59721375 -16.78706360 68.72989655
v 76.06728363 -16.71098137 68.93466187
v 82.63652802 -13.52059078 66.75243378
v 83.11811829 -14.58962727 65.66663361
v 82.15675354 -14.16077614 66.95892334
v 81.40692139 -13.29849243 68.08507538
v 82.28695679 -15.63209820 65.96734619
v 81.68581390 -14.78102398 67.10068512
v 80.90115356 -13.96598244 68.23966217
v 81.22759247 -15.37776852 67.16951752
v 81.81427765 -16.18951607 66.05501556
v 80.78376007 -15.95015717 67.16295624
v 81.19491577 -16.89303780 66.06036377
v 80.35509491 -16.49845123 67.08103180
v 80.66519928 -17.47726631 65.95376587
v 79.94222260 -17.02299309 66.92391968
v 79.54401398 -17.52519417 66.69335175
v 79.02671051 -16.39322281 68.05429077
v 78.59969330 -16.93811226 67.80552673
v 80.18993378 -17.98967934 65.76222992
v 79.15823364 -18.00682640 66.39228058
v 78.18605804 -17.46127701 67.48020172
v 77.88139343 -17.24536705 67.83492279
v 78.16761017 -17.46176147 67.48794556
v 78.37123871 -17.69992447 67.13827515
v 78.49064636 -17.96190834 66.78531647
v 78.78372955 -18.46790314 66.02362061
v 78.51041412 -18.24681282 66.43347931
v 78.40902710 -18.53778076 66.10626221
v 78.41986847 -18.90791702 65.59085083
v 78.17916870 -18.80815697 65.83273315
v 77.84075928 -19.03078270 65.63546753
v 78.06634521 -19.32628441 65.09819794
v 77.43356323 -19.19180107 65.51877594
v 77.72285461 -19.72241592 64.54994202
v 76.99230957 -19.29335403 65.47164917
v 76.29748535 -19.72912407 64.84613037
v 75.17578888 -19.30543327 65.67085266
v 74.81591797 -19.71208572 64.93424225
v 73.65908813 -19.27266502 65.62935638
v 74.46830750 -20.09320641 64.15129852
v 73.29756165 -19.67781258 64.80657959
v 74.02193451 -20.56491470 63.04492950
v 72.83544159 -20.17854309 63.64370346
v 73.59115601 -21.00200272 61.88291550
v 72.39161682 -20.64195442 62.42171860
v 73.25471497 -21.33224678 60.92517090
v 72.04624939 -20.99191856 61.41382599
v 72.92409515 -21.64864540 59.95134735
v 71.70774841 -21.32723808 60.38831711
v 72.48391724 -22.05958366 58.61655045
v 71.25824738 -21.76296616 58.98194504
v 72.05426788 -22.45125771 57.28434753
v 70.82078552 -22.17848015 57.57816315
v 70.95406342 -22.29316330 57.29969025
v 69.42810059 -21.97432518 57.44220352
v 79.76730347 -18.43565369 65.51234436
v 79.09955597 -19.11537743 64.96418762
v 78.63433838 -19.56550789 64.47603607
v 78.00298309 -20.14109802 63.68061447
v 77.38904572 -20.09623909 63.95053482
v 77.50601959 -20.56394196 62.95448685
v 77.06440735 -20.44881439 63.30483246
v 76.74840546 -20.78136444 62.61774826
v 75.95480347 -20.10876656 64.15276337
v 75.62252808 -20.46539688 63.41554260
v 76.75341797 -21.15231514 61.71422958
v 76.33935547 -21.19614410 61.64665604
v 75.19401550 -20.90808487 62.37382126
v 76.02989197 -21.65754890 60.41659927
v 75.94204712 -21.58295250 60.62777328
v 74.77886963 -21.31929016 61.28026962
v 75.63087463 -21.87589645 59.78966522
v 75.32180786 -22.10164642 59.10567093
v 74.45390320 -21.63026428 60.37975311
v 74.13417053 -21.92813683 59.46492386
v 74.59957886 -22.51943779 57.73994446
v 73.70804596 -22.31457520 58.21191788
v 74.09509277 -22.79417038 56.78013611
v 73.29161072 -22.68234062 56.96161270
v 72.48067474 -22.56022072 57.10062790
v 67.91069794 -21.60857391 57.52362061
v 68.43127441 -21.53753281 58.06728363
v 69.60556793 -21.87113190 57.84036636
v 70.04521942 -21.43231964 59.30427551
v 70.49903107 -20.97197723 60.77094650
v 70.84216309 -20.61769485 61.84007263
v 71.19356537 -20.24791718 62.89031982
v 71.64725494 -19.75819016 64.16294861
v 72.12221527 -19.22885895 65.37347412
v 72.49555969 -18.80044746 66.22976685
v 66.40375519 -21.19577980 57.54316330
v 67.23328400 -21.15938950 58.27093124
v 68.41107941 -21.53147507 58.07095337
v 68.84821320 -21.07073212 59.58297348
v 68.92282104 -21.09429169 59.56677246
v 69.30217743 -20.58677483 61.09814072
v 69.43129730 -20.62989426 61.06536484
v 69.64722443 -20.21409607 62.20241928
v 69.81629944 -20.27307510 62.15488052
v 70.00227356 -19.82501602 63.28682709
v 70.21089935 -19.90120125 63.22245026
v 70.46315002 -19.30972290 64.60028839
v 70.72035980 -19.40947533 64.51213837
v 70.94846344 -18.75293350 65.84916687
v 71.25287628 -18.87878799 65.73450470
v 71.33177948 -18.30253220 66.73233032
v 71.67041779 -18.44979477 66.59620667
v 71.73299408 -17.82182121 67.56278992
v 72.10466003 -17.99216080 67.40406799
v 66.43666840 -20.89050293 58.37994003
v 66.42201996 -20.68741989 58.89057922
v 67.66488647 -20.67919350 59.81858444
v 66.48939514 -20.25640488 60.01364899
v 66.93742371 -19.73232651 61.58932877
v 66.22031403 -19.97719955 60.47848892
v 66.03105927 -19.58102036 61.25388336
v 65.75828552 -19.13514900 62.03362656
v 67.28231049 -19.32749939 62.73773193
v 68.11637115 -20.17371750 61.36999130
v 68.46165466 -19.78399467 62.50062943
v 65.63625336 -18.63910675 62.98331070
v 65.60866547 -18.92368126 62.37026978
v 65.34867096 -18.59078026 62.85867310
v 65.02757263 -18.22076225 63.34450150
v 65.99787903 -18.19663620 64.12300110
v 67.64100647 -18.90421104 63.86505508
v 68.81883240 -19.37689209 63.61066437
v 64.76747894 -17.94357109 63.67146683
v 64.33979797 -17.41903114 64.29214478
v 64.82772827 -16.81126976 65.67307281
v 63.82967377 -17.04330826 64.53655243
v 63.10858154 -16.41608238 64.97855377
v 64.39786530 -17.57366371 64.06183624
v 63.17402649 -15.93423176 65.75903320
v 62.23700333 -15.70335579 65.33764648
v 62.41933823 -15.50366592 65.77179718
v 61.53710175 -14.97282982 65.76601410
v 62.08870697 -14.28711128 67.05326080
v 60.15744400 -14.12485409 65.65098572
v 60.49822998 -13.22808838 66.96356964
v 59.93510437 -13.92230701 65.69798279
v 58.95549774 -12.08093929 66.79733276
v 58.38504410 -12.77986908 65.55825043
v 57.47743988 -10.85171413 66.55521393
v 56.90538406 -11.55181789 65.34720612
v 56.08212280 -9.55685329 66.23432159
v 55.51586914 -10.25510120 65.06238556
v 55.34143066 -8.80995369 66.01858521
v 54.74372864 -9.46539593 64.85829163
v 54.54681015 -8.48970413 65.38206482
v 54.49422836 -9.19838428 64.78395844
v 53.96826553 -9.21542168 64.12915802
v 54.18277359 -10.07128716 63.63300323
v 54.40246964 -10.38776493 63.60787964
v 54.05986023 -10.20286465 63.34535980
v 61.23071289 -14.92194557 65.57231903
v 59.11647034 -13.38155842 65.58083344
v 58.37652206 -12.86988926 65.45024109
v 57.71915054 -12.42677784 65.28005981
v 56.74266434 -11.78919411 64.93365479
v 56.14863968 -11.41479588 64.66635132
v 55.46207809 -10.99670887 64.30112457
v 53.97461700 -9.84484863 63.57728577
v 53.43485641 -9.88445091 62.81020737
v 55.04934311 -8.50294781 65.92324066
v 55.16338348 -7.70917749 66.54328918
v 55.48668289 -7.95080137 66.72168732
v 55.93997955 -7.37467813 67.46299744
v 55.81173325 -8.28706455 66.83426666
v 56.29906464 -7.73926926 67.59401703
v 56.52885437 -9.00092793 67.05677032
v 56.99277115 -8.41914082 67.82168579
v 57.92981720 -10.29276466 67.40425873
v 58.40090561 -9.70597267 68.19547272
v 57.47221375 -7.81346369 68.52093506
v 56.80170059 -7.16859198 68.28962708
v 57.31802368 -6.57686615 68.91342163
v 57.84703064 -5.96476889 69.46169281
v 57.37759018 -5.52359772 69.26859283
v 57.87861252 -4.86919212 69.71726990
v 56.81404877 -3.87034035 69.20498657
v 57.30274200 -3.21712255 69.55513000
v 56.26867676 -2.25081515 68.95439148
v 56.74024582 -1.60485172 69.21306610
v 55.29475403 -1.30756497 68.28347778
v 55.73838043 -0.68971437 68.52515411
v 54.73824692 -0.75736338 67.83695984
v 55.16496277 -0.15880097 68.06878662
v 54.62403870 0.33754823 67.57189941
v 55.04183197 0.92609477 67.73782349
v 54.53722000 1.34002292 67.19734955
v 54.93990326 1.91000879 67.30509949
v 54.72975540 2.45669580 66.84715271
v 55.34216309 2.48020434 67.36208344
v 55.74867630 3.05677581 67.36643982
v 55.87984085 2.11274791 67.90671539
v 56.30324173 2.71422100 67.90872192
v 56.46842957 1.68765152 68.41139221
v 56.90832138 2.31525922 68.41007996
v 57.09500122 1.22217274 68.88040924
v 57.55359268 1.87447584 68.87735748
v 58.18552780 0.40496051 69.59165955
v 58.67563629 1.09498024 69.58660889
v 59.32841110 -0.44983134 70.23239136
v 59.84846878 0.27423155 70.22564697
v 60.51243591 -1.33148587 70.80212402
v 61.05984497 -0.57697994 70.79373169
v 61.72323608 -2.22716308 71.30332947
v 62.29416656 -1.44536674 71.29317474
v 63.27434921 -3.36001945 71.84151459
v 63.86858749 -2.54863238 71.82934570
v 64.84078217 -4.48015785 72.27935028
v 65.45159912 -3.64590979 72.26609802
v 65.10552216 -4.66672516 72.34361267
v 65.78089142 -3.87217426 72.34490967
v 67.03411102 -4.72673607 72.60750580
v 68.60619354 -5.78592920 72.84938812
v 67.98058319 -6.64240122 72.86096954
v 69.22898865 -7.47754622 72.97338867
v 68.58511353 -8.28355598 72.88311768
v 68.92816925 -8.50995255 72.90019226
v 68.33164978 -9.30845737 72.71280670
v 69.88732910 -10.30933380 72.70660400
v 69.31233978 -11.06927299 72.41565704
v 70.85870361 -12.02453899 72.26492310
v 70.30956268 -12.74244595 71.87350464
v 71.84593201 -13.65594482 71.55290222
v 71.32698059 -14.32775021 71.06746674
v 72.42872620 -14.95726681 70.71480560
v 71.93913269 -15.58417702 70.14562988
v 73.04961395 -16.18871117 69.68026733
v 72.59212494 -16.76461792 69.04306030
v 55.81213379 -6.87947607 67.58796692
v 55.87146378 -6.80321884 67.67492676
v 56.40732574 -6.77689266 68.13896942
v 55.40087509 -5.73292065 67.69746399
v 55.86256027 -5.12816238 68.27544403
v 54.88361740 -5.17546082 67.43061066
v 54.89989853 -4.10063171 67.74373627
v 54.39802551 -4.22369814 67.26722717
v 54.00466537 -3.08578181 67.14480591
v 53.90200806 -3.07069707 67.05096436
v 53.55284882 -2.02205491 66.83831787
v 55.25495148 -5.82678747 67.53382874
v 53.39725876 -1.37677336 66.69866943
v 53.40900421 -1.35989892 66.71086884
v 53.90434647 -1.91904676 67.17552948
v 54.42812729 -2.50450206 67.59517670
v 55.34854507 -3.49788070 68.22098541
v 55.80491638 -2.88141251 68.62450409
v 56.33381271 -4.50731754 68.77822113
v 53.26069641 -0.24290486 66.43544006
v 53.35118866 -0.32816520 66.54879761
v 53.80789566 -0.80455595 67.06238556
v 53.74021530 0.21696201 66.82322693
v 54.21269226 -0.23930331 67.34828186
v 54.13563919 0.77307284 67.03787231
v 53.95278931 1.11263502 66.73980713
v 55.56079102 3.77356291 66.75542450
v 56.16453171 3.64650059 67.31610107
v 56.73631287 3.32986569 67.85325623
v 57.35822678 2.95805693 68.34850311
v 58.02264786 2.54316568 68.81116486
v 59.17693710 1.80337548 69.51367950
v 60.38047028 1.01850498 70.14646149
v 61.61992264 0.19939062 70.70852661
v 62.87842178 -0.64021748 71.20205688
v 64.47683716 -1.71222961 71.73135376
v 66.07691956 -2.78520727 72.16268921
v 66.47180176 -3.04943871 72.25493622
v 67.67005157 -3.84964275 72.50064850
v 69.24690247 -4.90091562 72.74118805
v 69.88720703 -6.64326811 72.96573639
v 70.56065369 -5.78011799 72.85983276
v 70.16365051 -6.82811403 72.98039246
v 70.80406189 -5.94378805 72.87276459
v 71.70193481 -7.85948849 72.98707581
v 72.33777618 -6.98440838 72.88159943
v 73.20797729 -8.88375854 72.85053253
v 73.83557892 -8.02598763 72.74817657
v 74.67221832 -9.91254234 72.53659058
v 75.28760529 -9.07926750 72.43762207
v 75.69319153 -10.66110992 72.17725372
v 76.29677582 -9.84933090 72.08087921
v 76.69202423 -11.42800999 71.68391418
v 77.28079224 -10.64111710 71.59033966
v 77.67019653 -12.21489143 71.04832458
v 78.24082184 -11.45687675 70.95788574
v 56.59646225 4.25825167 67.20658875
v 56.42706680 5.04339981 66.46192932
v 56.82408142 4.88022184 66.89664459
v 57.23490524 4.79072237 67.22172546
v 57.18577576 3.96831465 67.73613739
v 57.66184616 4.64256144 67.54810333
v 57.46589661 4.82995653 67.32073212
v 57.57794189 4.88592672 67.33935547
v 57.66837692 4.97110415 67.32456970
v 58.31781006 4.32631636 68.02446747
v 59.02077103 3.96465969 68.47106171
v 60.23930359 3.30620146 69.14910889
v 61.50357819 2.59409380 69.75922394
v 62.79812622 1.83928466 70.30004883
v 64.10346222 1.05660367 70.77339172
v 65.74728394 0.04550687 71.27964783
v 65.10220337 -0.84798735 71.54747772
v 66.71886444 -1.89657032 71.96999359
v 67.37827301 -0.98106390 71.69244385
v 67.18010712 -2.19730186 72.07434082
v 68.32197571 -2.94469213 72.30171204
v 69.90293884 -3.98828816 72.53885651
v 71.24880981 -4.88983870 72.65866089
v 71.45919800 -5.03224277 72.66974640
v 72.98789215 -6.08264399 72.68029785
v 73.64717102 -5.16300297 72.39538574
v 74.47720337 -7.14225674 72.55038452
v 75.12667084 -6.24231243 72.27038574
v 75.91696930 -8.22095585 72.24433899
v 76.55322266 -7.34776163 71.97060394
v 76.91435242 -9.01328087 71.89139557
v 77.53837585 -8.16309166 71.62291718
v 77.88349915 -9.83065033 71.40527344
v 78.49233246 -9.00647259 71.14287567
v 78.82518768 -10.67578602 70.77812958
v 79.41551971 -9.88094997 70.52295685
v 64.62165833 -7.97388506 72.10290527
v 64.04840851 -8.72345448 71.74803162
v 63.48871231 -9.44830227 71.30287933
v 62.94375992 -10.14836025 70.76941681
v 62.41536713 -10.82214355 70.15246582
v 61.90539932 -11.46807575 69.45703125
v 61.41537857 -12.08484459 68.68884277
v 60.94609451 -12.67172909 67.85517883
v 62.52861786 -13.73678398 67.96094513
v 63.00928497 -14.85151100 67.06848145
v 65.20761108 -7.19897366 72.36743164
v 67.36875916 -7.47137451 72.77626801
v 62.69084167 -4.14978886 71.76875305
v 61.16174316 -2.98985481 71.23363495
v 60.60610199 -3.73733854 71.08516693
v 58.90938950 -3.50491691 70.37783813
v 59.43872833 -2.79404879 70.59354401
v 59.97339249 -2.06901646 70.73499298
v 58.38922501 -4.19656134 70.08663940
v 57.80008698 -2.54665375 69.83044434
v 59.40785599 -11.52173805 67.66932678
v 77.51840210 -17.05744171 68.16678619
v 77.08802795 -16.90378952 68.46878052
v 75.51306152 -16.67508125 69.07572937
v 75.08300781 -15.60397720 70.09638977
v 75.56703186 -14.97701740 70.47094727
v 74.51525879 -14.30060291 71.09626007
v 75.03233337 -13.62343407 71.38703156
v 73.98691559 -12.92773533 71.87941742
v 74.53749084 -12.20084286 72.07677460
v 73.49159241 -11.49342537 72.43812561
v 74.07334900 -10.71741581 72.53684235
v 72.59641266 -9.71248245 72.85334015
v 74.61253357 -16.20727921 69.63487244
v 73.52363586 -15.58444214 70.23922729
v 72.93383026 -14.30454826 71.19612885
v 72.37952423 -12.96008205 71.94452667
v 71.42214966 -11.28196144 72.55993652
v 70.47694397 -9.52184677 72.89949799
v 69.53859711 -7.68334436 72.98947144
v 72.15291595 -17.30950165 68.33494568
v 71.46702576 -16.18251228 69.49590302
v 71.01442719 -16.74945641 68.77311707
v 70.33959198 -15.59111977 69.83535004
v 69.87554932 -16.17701340 69.10344696
v 68.75945282 -14.74260139 70.15002441
v 68.28229523 -15.35033607 69.41319275
v 67.16686249 -13.85268497 70.31777191
v 66.67840576 -14.47717381 69.58355713
v 65.56854248 -12.90703106 70.36607361
v 65.07028198 -13.54337978 69.64035797
v 65.01622772 -12.56489372 70.35750580
v 64.48139191 -13.18336010 69.63522339
v 63.98104477 -11.89900684 70.30798340
v 63.47525024 -12.54241371 69.59547424
v 72.55627441 -17.50466347 68.15272522
v 72.88495636 -18.34287643 67.03520966
v 80.40829468 -14.61047649 68.31587219
v 79.93083191 -15.23005390 68.31042480
v 79.46995544 -15.82437515 68.22322083
v 70.58259583 -17.28331947 67.98428345
v 69.43344116 -16.72965240 68.30389404
v 67.82806396 -15.92495632 68.60704041
v 66.21303558 -15.06902981 68.77880096
v 64.59458160 -14.14789677 68.84317017
v 63.96842194 -13.77068806 68.84165192
v 62.99093246 -13.15513611 68.81076050
v 69.28517914 -18.83769989 64.95471954
v 68.11198425 -18.34340858 65.22970581
v 66.47584534 -17.60983086 65.50227356
v 69.77915192 -18.25544930 66.23223877
v 68.61352539 -17.73820305 66.52643585
v 66.98764801 -16.97692299 66.81245422
v 65.35169983 -16.15584564 66.98432922
v 63.71188736 -15.26128292 67.06197357
v 70.17107391 -17.78492928 67.13538361
v 69.01295471 -17.24971390 67.44287109
v 67.39663696 -16.46690369 67.73801422
v 65.77085114 -15.62843895 67.91017914
v 64.14174652 -14.72049332 67.98139191
v 63.47765732 -14.32673550 67.98372650
v 70.82414246 -14.97374344 70.49251556
v 69.77541351 -13.43591785 71.38737488
v 68.75151825 -11.80382156 72.02870941
v 67.74876404 -10.07987595 72.42867279
v 67.95472717 -9.06197548 72.69534302
v 73.45322418 -13.62792397 71.58511353
v 74.01248169 -14.95443153 70.71276855
v 72.92740631 -12.24027920 72.24030304
v 72.00109100 -10.51191425 72.75647736
v 71.08172607 -8.70528412 72.99303436
v 75.10647583 -11.44515419 72.17598724
v 75.56678009 -12.91984749 71.58254242
v 76.12031555 -12.18784428 71.68142700
v 76.58123779 -13.65067387 70.94744873
v 77.11656189 -12.94644451 71.04495239
v 76.06532288 -14.32690430 70.75559998
v 69.25794220 -14.10353565 70.81051636
v 67.67677307 -13.19727325 70.97460938
v 66.08770752 -12.24043655 71.01377106
v 65.57135010 -11.91677094 71.00210571
v 64.50669861 -11.22636032 70.94213104
v 68.20576477 -12.51349640 71.54715729
v 67.17973328 -10.82545185 72.04974365
v 67.33751678 -9.81375980 72.41152191
v 66.76947784 -8.27386379 72.59570312
v 66.62551117 -11.54585648 71.57705688
v 66.14459229 -11.24109650 71.56284332
v 65.05012512 -10.52639866 71.49214935
v 66.73382568 -10.53990841 72.03367615
v 66.18269348 -9.05033207 72.32054901
v 65.60926056 -9.80094624 71.95249176
v 56.88689804 -6.15958452 68.74197388
v 58.30580902 -1.85874116 70.03420258
v 57.21945953 -0.94332713 69.40434265
v 56.18902588 -0.05823746 68.70380402
v 55.59836578 0.45231223 68.24026489
v 58.81562424 -1.15915442 70.16812897
v 57.70165634 -0.27265662 69.53041840
v 56.64171982 0.57987535 68.82203674
v 56.03336716 1.06866479 68.35424042
v 55.46095276 1.51874101 67.84916687
v 62.19744492 1.00284612 70.54481506
v 63.48006821 0.19246320 71.02899933
v 60.92983246 1.78919101 69.99245453
v 59.69541168 2.53724504 69.36988831
v 58.50860214 3.23613167 68.67829132
v 57.82477570 3.62434196 68.22280121
v 54.85820770 -1.91200435 67.97447968
v 54.31826401 -1.34357655 67.54029083
v 59.93349838 -14.01455879 69.21051788
v 60.40030289 -12.76844501 72.25850677
v 60.33750916 -12.26804733 73.42906952
v 60.70527267 -11.71518421 74.82119751
v 60.90645218 -10.56983662 77.51036072
v 61.08874512 -10.64554310 77.37870789
v 61.36537552 -9.98952103 78.87628937
v 61.54006195 -10.08535576 78.70521545
v 61.66010666 -9.35967636 80.22780609
v 61.92990112 -9.26617146 80.45739746
v 61.94904327 -8.79307747 81.35938263
v 62.40392303 -8.37751198 82.17018127
v 62.23154449 -8.27327156 82.32944489
v 62.67144394 -7.91001272 82.99382782
v 62.63494110 -7.57522821 83.52760315
v 63.01889801 -7.33116865 83.93413544
v 63.10078812 -6.81885052 84.68286133
v 63.47080994 -6.61190176 84.98236084
v 63.62459564 -6.00989676 85.76634216
v 64.02887726 -5.76079178 86.06689453
v 63.92181778 -5.56501532 86.30107117
v 64.26239777 -5.06481457 86.85536194
v 63.94051743 -5.18698168 86.73493958
v 64.43186188 -4.47830296 87.46876526
v 64.66364288 -4.48560905 87.44235229
v 64.65420532 -4.84062624 87.07336426
v 60.15520477 -13.84099197 69.67087555
v 59.78321075 -14.92859364 67.04779816
v 60.18032455 -14.72770691 67.60953522
v 60.41626358 -13.50563335 70.52175903
v 60.71748734 -12.33319092 73.36479950
v 61.22174072 -10.84498215 76.95587921
v 63.48506927 -5.86042166 85.95224762
v 63.06748581 -6.49804211 85.12319183
v 62.34262085 -7.67286110 83.34490967
v 61.75611496 -8.72823238 81.45069122
v 61.28614044 -9.68148613 79.50880432
v 57.45178604 -3.78468823 71.32081604
v 58.12376404 -3.19303203 72.54273987
v 57.97475815 -3.31211615 71.59741974
v 58.59254074 -2.86925173 72.72949219
v 58.45250320 -2.99566913 71.81352997
v 59.15151978 -2.58558536 72.92790222
v 58.96986389 -2.73727942 72.02136993
v 59.79931259 -2.35257173 73.13413239
v 60.06693268 -2.38059211 72.40003967
v 60.49629211 -2.18743300 73.33286285
v 61.24940109 -2.20784307 72.74150085
v 61.21237946 -2.09477925 73.51625824
v 61.92996597 -2.06805062 73.68401337
v 62.01198578 -1.95462215 74.46854401
v 62.68069458 -1.98873997 74.59729004
v 62.71145248 -1.92358506 75.04648590
v 63.92912674 -2.12325525 75.25116730
v 63.92700577 -2.05396843 75.68959045
v 64.97226715 -2.35977006 75.85628510
v 64.94400787 -2.28184485 76.29471588
v 65.82768250 -2.63275528 76.44712830
v 65.77999115 -2.54446816 76.89391327
v 66.92242432 -3.10368562 77.14048004
v 66.83126068 -2.96957898 77.74645233
v 67.37390900 -3.27490401 77.89179230
v 67.27172089 -3.13210297 78.51808167
v 67.80271912 -3.45549226 78.67845154
v 67.68817139 -3.30738425 79.31513977
v 67.57562256 -3.16208291 79.96253204
v 67.46511078 -3.02128124 80.61787415
v 67.35659790 -2.88662553 81.27832794
v 66.98561859 -2.71613264 80.48750305
v 66.89736176 -2.58878183 81.16214752
v 66.51214600 -2.43635440 80.37553406
v 66.44467926 -2.31653762 81.06319427
v 65.55892181 -1.94708896 80.20478821
v 65.53650665 -1.84346414 80.91510010
v 64.86232758 -1.65958619 80.11993408
v 64.87681580 -1.56862926 80.84358215
v 64.08300781 -1.42262042 80.04933167
v 64.14234924 -1.34429216 80.78561401
v 63.22273254 -1.27397299 79.98577881
v 63.33475876 -1.20540011 80.73450470
v 62.77109146 -1.24740040 79.95416260
v 62.91172791 -1.18153012 80.70924377
v 62.31389618 -1.25947475 79.92194366
v 62.48399734 -1.19434583 80.68350983
v 61.86122131 -1.31425965 79.88917542
v 62.06088638 -1.24760604 80.65734863
v 61.42341614 -1.41560936 79.85602570
v 61.65196609 -1.34487581 80.63092804
v 61.01814651 -1.56081522 79.82711029
v 61.27357864 -1.48364985 80.60851288
v 60.66869736 -1.73975849 79.81140900
v 60.94726181 -1.65456843 80.59841919
v 60.37588501 -1.94624746 79.81120300
v 60.67377090 -1.85190427 80.60273743
v 60.13238525 -2.17718577 79.82577515
v 60.44633102 -2.07279348 80.62081146
v 59.93395996 -2.43225980 79.85431671
v 60.26102066 -2.31694579 80.65190887
v 59.77771378 -2.71406126 79.89554596
v 60.11516571 -2.58675814 80.69482422
v 59.64061356 -3.10169911 79.96074677
v 59.98731613 -2.95781755 80.76110840
v 59.56063080 -3.53928423 80.03792572
v 59.91295242 -3.37648726 80.83860779
v 59.53725815 -4.02727795 80.12248993
v 59.89161301 -3.84319448 80.92307281
v 59.57255936 -4.56225729 80.21200562
v 59.92520523 -4.35477257 81.01226044
v 59.67026520 -5.13695574 80.30822754
v 60.01717758 -4.90450048 81.10778046
v 59.83428192 -5.74384260 80.41322327
v 60.17114258 -5.48541260 81.21154785
v 60.06851578 -6.37997580 80.52478027
v 60.39072037 -6.09478712 81.32151794
v 60.37686539 -7.04737043 80.63606262
v 60.67950821 -6.73448849 81.43136597
v 60.73744202 -7.70559311 80.73344421
v 61.01699448 -7.36567402 81.52807617
v 61.16017914 -8.39015579 80.80829620
v 61.41256332 -8.02247238 81.60407257
v 61.67618942 -7.65601587 82.36544037
v 61.95447159 -7.28456116 83.10118103
v 62.57144928 -6.50230265 84.51339722
v 62.28798294 -5.98068047 84.45166779
v 62.65976715 -5.60668373 85.13537598
v 62.44110870 -5.14867544 85.06626129
v 62.86051559 -4.80948830 85.73386383
v 62.69227219 -4.39355469 85.66460419
v 63.15655518 -4.10061836 86.31471252
v 63.04204559 -3.75501823 86.25496674
v 63.54867935 -3.51694465 86.88771820
v 63.47666168 -3.24018788 86.84073639
v 64.02501678 -3.06580186 87.45603943
v 63.98511505 -2.85746288 87.42201996
v 63.96406555 -2.66387844 87.38925171
v 63.96094131 -2.48686361 87.35731506
v 63.40641785 -2.73720360 86.75361633
v 63.40571213 -2.51578283 86.71223450
v 62.88158417 -2.83091569 86.09176636
v 62.88398361 -2.56854463 86.04179382
v 62.38581848 -2.94158912 85.40618896
v 62.39164734 -2.64149332 85.34875488
v 61.91610718 -3.06630826 84.69944763
v 61.92538452 -2.73155975 84.63571930
v 61.47056198 -3.20295548 83.97418213
v 61.48305511 -2.83659101 83.90499878
v 60.64464188 -3.50481653 82.47753906
v 60.66213608 -3.08399224 82.39893341
v 60.26012039 -3.66923451 81.70764160
v 60.27956009 -3.22470975 81.62542725
v 57.02766418 -4.34085178 71.04220581
v 57.41222000 -3.94459152 72.19923401
v 57.73273087 -3.55165648 72.36643982
v 58.39442444 -2.99474955 73.53825378
v 58.83982086 -2.69270444 73.68313599
v 58.98802567 -2.59257674 74.23896790
v 59.50236511 -2.33918834 74.37566376
v 59.63762283 -2.25089788 74.91390228
v 60.21414566 -2.05245924 75.04234314
v 60.33399582 -1.97324622 75.56844330
v 60.93394089 -1.84071410 75.67912292
v 61.03736877 -1.76724648 76.19938660
v 61.63369370 -1.69977927 76.29006958
v 61.74907684 -1.60625827 76.97694397
v 62.32072830 -1.59430480 77.04832458
v 62.41756439 -1.50122690 77.74700928
v 62.95260620 -1.53437734 77.80384827
v 63.03207779 -1.44162738 78.51460266
v 63.99472809 -1.60821998 78.60720062
v 64.03388977 -1.51167381 79.32109833
v 64.85683441 -1.76063275 79.40499878
v 57.15730286 -4.37624741 72.03893280
v 56.71944046 -4.97046185 70.76992035
v 56.92901230 -4.96795130 71.84723663
v 56.52523041 -5.65427208 70.50727081
v 56.78862381 -5.63448858 71.65383911
v 56.42858505 -6.37838602 70.24833679
v 56.73527527 -6.37664557 71.45092010
v 56.41786194 -7.15473890 69.98119354
v 56.77248001 -7.18859577 71.23433685
v 56.49089432 -7.97009373 69.70656586
v 56.90658188 -8.05797195 71.00707245
v 56.64576340 -8.80994987 69.42568970
v 57.14424133 -8.97195530 70.77264404
v 56.87687683 -9.64949989 69.14492798
v 57.49209976 -9.92553997 70.52729797
v 57.17417526 -10.47016907 68.87007904
v 57.95679092 -10.92215538 70.25939178
v 57.92627335 -12.04077244 68.32670593
v 58.50541306 -11.90207958 69.97461700
v 58.81932068 -13.52102280 67.74354553
v 59.15159607 -12.91782284 69.63193512
v 59.38035965 -12.12560844 71.60193634
v 59.52595520 -11.68505001 72.71189117
v 59.67914963 -11.26146603 73.78540039
v 59.09862137 -10.37097740 73.91552734
v 59.27508163 -9.99611473 74.89680481
v 58.79594421 -9.16664410 74.93975067
v 58.99171829 -8.83760262 75.83570862
v 58.59637833 -8.02265644 75.82395172
v 58.87543869 -7.65158749 76.88801575
v 58.58895493 -6.90528917 76.83227539
v 58.88721848 -6.58943129 77.80015564
v 58.69633102 -5.90427876 77.72362518
v 59.01116562 -5.63457966 78.62222290
v 58.90332031 -5.01042414 78.53819275
v 59.23239899 -4.78031826 79.38889313
v 59.19571304 -4.22228098 79.30279541
v 59.83856201 -10.85656738 74.81411743
v 60.00280380 -10.47206306 75.78968811
v 60.22356033 -10.00061798 76.97714996
v 59.70031357 -9.20212650 76.97469330
v 59.94992447 -8.79598141 78.02616882
v 59.52448654 -8.05665112 77.96219635
v 59.80094147 -7.70375538 78.91282654
v 59.45549393 -6.98177862 78.81474304
v 59.75735855 -6.67440033 79.69249725
v 59.50901794 -6.01200676 79.58381653
v 60.44934464 -9.56373024 78.06054688
v 60.68033218 -9.15433598 79.05169678
v 60.91680908 -8.76534653 79.96279907
v 60.46763611 -8.05363178 79.89392853
v 62.91529083 -6.08446646 85.19200134
v 63.05529785 -5.22082520 85.79539490
v 63.30417252 -4.46471739 86.37409973
v 63.64698792 -3.80877328 86.93648529
v 64.08476257 -3.28701377 87.49182892
v 63.28253174 -5.65009785 85.84608459
v 63.47441483 -4.82489347 86.42681885
v 63.77284622 -4.11632824 86.98481750
v 64.16530609 -3.52036357 87.52884674
v 63.67259216 -5.20091343 86.47030640
v 64.08509827 -4.73844242 87.06275940
v 64.51980591 -4.26409054 87.62369537
v 64.38450623 -4.00979328 87.59753418
v 64.26763916 -3.76635480 87.56536865
v 63.91733551 -4.42064047 87.02760315
v 63.97522736 -2.32727408 87.32679749
v 64.00704956 -2.18499374 87.29885864
v 64.04652405 -2.08111215 87.27873993
v 63.47006607 -2.13863039 86.63711548
v 63.52230453 -2.00900364 86.61154938
v 62.96731186 -2.12208319 85.95178986
v 63.03236389 -1.96878803 85.92152405
v 62.49412537 -2.13128376 85.24607849
v 62.57187653 -1.95624697 85.21200562
v 62.04668427 -2.16289139 84.52262878
v 62.13686752 -1.96794307 84.48563385
v 61.62247086 -2.21470094 83.78317261
v 61.72469711 -2.00165677 83.74393463
v 60.83442688 -2.37081361 82.26270294
v 60.95919418 -2.12684250 82.22027588
v 60.46696091 -2.47196412 81.48416901
v 60.60237122 -2.21463203 81.44102478
v 64.09870148 -1.98712122 87.26152039
v 64.16431427 -1.90237355 87.24751282
v 64.24442291 -1.82694769 87.23691559
v 63.67576218 -1.78607190 86.57251740
v 63.77930450 -1.69202697 86.55973053
v 63.22114944 -1.70519245 85.87622070
v 63.34774399 -1.59398115 85.86202240
v 62.79543686 -1.65524900 85.16219330
v 62.94464111 -1.52820599 85.14745331
v 62.39444733 -1.63263464 84.43304443
v 62.56576920 -1.49102187 84.41860962
v 62.01533890 -1.63511288 83.68992615
v 62.20821762 -1.48018968 83.67645264
v 61.31255341 -1.70676744 82.16609955
v 61.54667664 -1.52889836 82.15595245
v 60.98568344 -1.77134395 81.38845825
v 61.23965073 -1.58345187 81.38081360
v 64.34085846 -1.76161695 87.22991180
v 63.90356064 -1.61063600 86.55173492
v 63.49929047 -1.49777424 85.85384369
v 63.12294388 -1.41832042 85.13994598
v 62.77024841 -1.36853027 84.41260529
v 62.43825912 -1.34616590 83.67261505
v 61.82586670 -1.37495553 82.15786743
v 61.54258728 -1.42078161 81.38642883
v 64.45340729 -1.70792854 87.22593689
v 64.57625580 -1.66841006 87.22273254
v 64.70499420 -1.64373851 87.21916199
v 64.20584106 -1.49513650 86.54502869
v 64.37057495 -1.46519494 86.54189301
v 63.86697769 -1.36184692 85.84925079
v 64.06673431 -1.32725573 85.84740448
v 63.55461502 -1.26364779 85.13916779
v 63.78853989 -1.22495210 85.13943481
v 63.26453400 -1.19668913 84.41724396
v 63.53181839 -1.15439343 84.42040253
v 62.99374390 -1.15874815 83.68399048
v 63.29359818 -1.11337006 83.69069672
v 62.49949646 -1.16108441 82.18562317
v 62.86220169 -1.11109686 82.20093536
v 62.27348328 -1.19549572 81.42400360
v 62.66663742 -1.14378285 81.44440460
v 64.83703613 -1.63295078 87.21517944
v 64.53908539 -1.45283341 86.53834534
v 64.27061462 -1.31373274 85.84515381
v 64.02680969 -1.21061528 85.13931274
v 63.80360413 -1.13955796 84.42317963
v 63.59804916 -1.09836805 83.69701385
v 63.22958374 -1.09678733 82.21586609
v 63.06446075 -1.13018143 81.46443176
v 64.96985626 -1.63503170 87.21076202
v 65.23128510 -1.67269349 87.20117188
v 65.48117065 -1.74527383 87.19223785
v 65.03910828 -1.50666964 86.52584839
v 65.35308075 -1.60011995 86.51868439
v 64.87225342 -1.38165081 85.83682251
v 65.24679565 -1.49492311 85.83328247
v 64.72649384 -1.29247403 85.13758087
v 65.15870667 -1.42448688 85.13925171
v 64.59822845 -1.23516643 84.43024445
v 65.08564758 -1.38484597 84.43849945
v 64.48472595 -1.20761061 83.71478271
v 65.02514648 -1.37395275 83.73088837
v 64.29254150 -1.23319411 82.25984192
v 64.93321228 -1.43014205 82.29497528
v 64.21218109 -1.27995062 81.52380371
v 64.90046692 -1.49096704 81.56991577
v 65.71908569 -1.84333384 87.18574524
v 66.06997681 -2.02941966 87.18455505
v 66.25205231 -2.14220047 87.18965149
v 66.08221436 -1.95895255 86.52218628
v 66.30548096 -2.10007668 86.53351593
v 66.10494995 -1.92215407 85.85284424
v 66.36529541 -2.08870792 85.87194824
v 66.13668823 -1.91393220 85.17871857
v 66.43083191 -2.10308623 85.20670319
v 66.17594147 -1.93048072 84.50104523
v 66.50124359 -2.13949227 84.53878784
v 66.22120667 -1.96999657 83.81960297
v 66.57541656 -2.19621611 83.86801147
v 66.32451630 -2.11086226 82.44490814
v 66.73111725 -2.36403966 82.51747131
v 66.38224792 -2.20710182 81.75397491
v 66.81265259 -2.47060657 81.83961487
v 66.44055939 -2.26862478 87.19872284
v 66.53595734 -2.25786614 86.55030823
v 66.63330078 -2.27447629 85.89802551
v 66.73283386 -2.31355476 85.24317169
v 66.83442688 -2.37148809 84.58647919
v 66.93740082 -2.44666862 83.92783356
v 67.14505005 -2.64274168 82.60442352
v 67.25004578 -2.75978756 81.94111633
v 68.40532684 -4.19752169 75.68112183
v 68.31292725 -4.08703470 76.11418915
v 68.22064972 -3.97629881 76.55186462
v 67.72859192 -3.72957897 75.97354889
v 67.64453125 -3.62622237 76.40212250
v 67.14295959 -3.39790821 75.84066010
v 67.06807709 -3.30138564 76.26325989
v 65.93023682 -2.80292082 75.59501648
v 65.87796783 -2.71876407 76.01510620
v 65.00296783 -2.43584394 75.43028259
v 68.56385803 -4.38790417 74.94178772
v 68.14642334 -4.21480799 74.12001801
v 67.95838928 -4.00825310 74.83271027
v 67.34906769 -3.65639520 74.72156525
v 67.81307983 -3.83222294 75.55117798
v 67.21858215 -3.49336720 75.42556000
v 66.42630005 -3.28609681 73.83882141
v 66.07753754 -3.02615213 74.48959351
v 65.98385620 -2.88565207 75.18403625
v 65.50548553 -2.89667916 73.67154694
v 65.09355927 -2.63717198 74.31034851
v 65.03544617 -2.51050162 75.01377869
v 64.57520294 -2.58590317 73.49306488
v 63.94401550 -2.30712986 74.09660339
v 63.93344498 -2.19133449 74.82205963
v 63.63042068 -2.36039829 73.30075073
v 62.63190842 -2.10033059 73.83605194
v 62.74555206 -2.23187780 73.10733795
v 61.95055008 -2.18768239 72.92002869
v 67.91920471 -3.60464311 78.05509186
v 68.03753662 -3.75308013 77.44760132
v 68.12876129 -3.86506367 76.99578857
v 67.56127930 -3.52183771 76.83896637
v 58.76531982 -11.17009163 71.84102631
v 58.92830658 -10.76281166 72.89448547
v 58.24300385 -10.24847507 72.02922821
v 58.42058945 -9.87343216 73.03010559
v 58.60523605 -9.51237106 74.00241852
v 57.80031586 -9.31140232 72.20054626
v 57.98997498 -8.96929073 73.14888000
v 58.18641281 -8.63967991 74.07251740
v 58.38881683 -8.32374287 74.96601868
v 57.46860886 -8.41504192 72.35476685
v 57.66697311 -8.10459900 73.25352478
v 57.87182617 -7.80525017 74.13126373
v 58.08253860 -7.51800060 74.98344421
v 58.29849243 -7.24385643 75.80554962
v 57.24164581 -7.55616474 72.50284576
v 57.44556046 -7.27624273 73.35462189
v 57.65567780 -7.00608253 74.18883514
v 57.87154388 -6.74653053 75.00182343
v 58.09270096 -6.49843407 75.78990936
v 58.39034653 -6.19134569 76.78110504
v 57.11316681 -6.73948765 72.64833069
v 57.31969833 -6.48877048 73.45558929
v 57.53215790 -6.24655771 74.24853516
v 57.75023651 -6.01354647 75.02431488
v 57.97364044 -5.79043388 75.78005981
v 58.27452850 -5.51358223 76.73739624
v 58.58423233 -5.25421238 77.65558624
v 57.07688904 -5.97708702 72.78790283
v 57.28333664 -5.75382900 73.55322266
v 57.49542999 -5.53789234 74.30728149
v 57.71300888 -5.32983398 75.04796600
v 57.93592453 -5.13021135 75.77317047
v 58.23641968 -4.88178825 76.69844055
v 58.54613876 -4.64845705 77.59349823
v 58.86568451 -4.42901897 78.46078491
v 57.12683868 -5.28061628 72.91874695
v 57.33071136 -5.08265543 73.64481354
v 57.53994751 -4.89090824 74.36244965
v 57.75452805 -4.70580006 75.07025909
v 57.97443390 -4.52775812 75.76681519
v 58.27117157 -4.30541134 76.66197205
v 58.57747269 -4.09591484 77.53523254
v 58.89397812 -3.89872122 78.38797760
v 59.22136688 -3.71329141 79.22164917
v 57.25970840 -4.65556526 73.04478455
v 57.45862961 -4.48054457 73.73413086
v 57.66263962 -4.31070423 74.41768646
v 57.87183762 -4.14634848 75.09468079
v 58.08632660 -3.98778200 75.76435852
v 58.37610626 -3.78890181 76.63114929
v 58.67571259 -3.60077953 77.48374939
v 58.98582458 -3.42346787 78.32257843
v 59.30714798 -3.25703001 79.14807892
v 57.47631073 -4.10119390 73.17336273
v 57.66787720 -3.94678211 73.82827759
v 57.86425781 -3.79659271 74.47981262
v 58.06566238 -3.65081716 75.12781525
v 58.27230453 -3.50964785 75.77210999
v 58.55187607 -3.33165932 76.61195374
v 58.84147644 -3.16248536 77.44469452
v 59.14180756 -3.00272751 78.26987457
v 59.45359421 -2.85300040 79.08702087
v 57.71839142 -3.69716787 73.28504181
v 57.90206146 -3.55798936 73.91338348
v 58.09031677 -3.42230701 74.54016876
v 58.28345871 -3.29022765 75.16568756
v 58.48177719 -3.16185808 75.79020691
v 58.75046539 -2.99919987 76.60888672
v 59.02928925 -2.84388137 77.42579651
v 59.31897354 -2.69691420 78.23981476
v 59.62025070 -2.55932450 79.04978180
v 58.02288437 -3.32973838 73.40598297
v 58.19681549 -3.20461392 74.00899506
v 58.37511063 -3.08230925 74.61213684
v 58.55814362 -2.96285224 75.21610260
v 58.74628448 -2.84627151 75.82158661
v 59.00161362 -2.69771791 76.61968994
v 59.26714706 -2.55512857 77.42094421
v 59.54361725 -2.41989064 78.22361755
v 59.83176041 -2.29340816 79.02593231
v 59.37081146 -2.42856812 73.84176636
v 59.98608398 -2.21227050 74.01052094
v 60.64830399 -2.06003857 74.17498016
v 61.32913589 -1.97621608 74.32775116
v 58.55661392 -2.88264799 74.11711121
v 59.14015198 -2.49406528 74.79788208
v 59.77713776 -2.16352558 75.45820618
v 60.45852280 -1.89419496 76.10401917
v 61.18102646 -1.66996872 76.90220642
v 61.87409210 -1.51252985 77.68793488
v 62.52447510 -1.41032565 78.46740723
v 63.12195969 -1.35376847 79.24377441
v 60.09837341 -2.13205886 74.52369690
v 60.74003983 -1.98683727 74.66915894
v 61.40003967 -1.90771210 74.80493164
v 62.06237030 -1.88872290 74.93073273
v 62.74483490 -1.85763001 75.50426483
v 62.11559296 -1.82230186 75.40093231
v 62.78153229 -1.79049528 75.97338104
v 62.17233276 -1.75500870 75.88175964
v 62.82223892 -1.72180104 76.45657349
v 62.23326874 -1.68649340 76.37582397
v 62.88288498 -1.62882519 77.11628723
v 61.47399139 -1.83901441 75.28942108
v 61.55165863 -1.76980829 75.78365326
v 60.83504105 -1.91382003 75.16979980
v 58.72294998 -2.77273965 74.69764709
v 58.89386749 -2.66497993 75.28092194
v 59.06980133 -2.55932450 75.86801147
v 59.30908585 -2.42384434 76.64602661
v 59.55858994 -2.29305220 77.43170929
v 59.81906128 -2.16867685 78.22277069
v 60.09123993 -2.05246544 79.01686096
v 59.29670334 -2.39705944 75.36128235
v 59.92144775 -2.07690024 76.01029968
v 60.63003540 -1.79044688 76.82435608
v 61.33452988 -1.57326436 77.62667084
v 62.00945663 -1.42152190 78.41880035
v 62.64214706 -1.32469022 79.20492554
v 63.92778015 -1.98305428 76.14024353
v 64.91887665 -2.20163250 76.74850464
v 65.72231293 -2.42460418 77.50698090
v 66.74438477 -2.83322167 78.37683868
v 67.17283630 -2.98990989 79.16172791
v 66.99440002 -3.20343351 76.69573212
v 67.47921753 -3.41611052 77.28612518
v 64.89170837 -2.09234905 77.37185669
v 65.67093658 -2.30185342 78.14929962
v 64.87195587 -1.98025382 78.02562714
v 65.62631989 -2.17929554 78.81629181
v 64.86015320 -1.86859262 78.70499420
v 65.58890533 -2.06002975 79.50325012
v 63.94446564 -1.81071651 77.24475861
v 63.96511841 -1.70900035 77.91342926
v 63.93214798 -1.91009259 76.60604095
v 60.11906815 -1.96417129 76.74937439
v 60.81155396 -1.68815196 77.56345367
v 60.32681274 -1.85387468 77.50391388
v 61.00382233 -1.58986092 78.31769562
v 60.54542542 -1.74832118 78.27069855
v 61.20756149 -1.49814558 79.08334351
v 60.77564240 -1.64984179 79.04640198
v 59.67839813 -2.17798710 76.68894958
v 59.90882492 -2.05803657 77.45907593
v 60.15019226 -1.94363332 78.23818970
v 60.40324402 -1.83683395 79.02342987
v 59.45816803 -2.30144811 75.93058777
v 59.25485229 -8.43286037 76.93944550
v 59.16167831 -7.30606604 77.88246918
v 59.45649719 -9.63975143 75.83096313
v 60.20557785 -8.41519642 78.99569702
v 60.08463287 -7.36893797 79.80050659
v 59.19372940 -6.29282570 78.71525574
v 59.33543015 -5.37959242 79.48182678
v 61.49860764 -1.47988951 78.36882782
v 62.15587234 -1.33618557 79.16517639
v 66.66207886 -2.69718599 79.02783203
v 67.07744598 -2.85053968 79.81941223
v 66.58461761 -2.56405902 79.69552612
v 61.67396927 -1.39262283 79.12458801
v 61.30838776 -7.02847958 82.29119110
v 61.61480331 -6.68869686 83.03034210
v 60.99452591 -6.42573977 82.19790649
v 61.32487106 -6.11667919 82.94211578
v 62.04571915 -5.48042536 84.37580109
v 60.72579956 -5.81513166 82.09229279
v 61.07646942 -5.53743649 82.84239960
v 61.83761215 -4.97424412 84.29025269
v 62.25283432 -4.68540287 84.98841858
v 60.52130890 -5.23381424 81.98658752
v 60.88726807 -4.98629808 82.74254608
v 61.67847824 -4.49313974 84.20446777
v 62.10834122 -4.24529505 84.91030884
v 62.56253433 -3.99859524 85.59504700
v 60.37774277 -4.68007517 81.88659668
v 60.75424576 -4.46170330 82.64786530
v 61.56588745 -4.03585339 84.12271881
v 62.00548553 -3.82724428 84.83569336
v 62.46944809 -3.62365341 85.52842712
v 62.95908737 -3.42711091 86.19758606
v 60.29179001 -4.15641499 81.79419708
v 60.67438126 -3.96593046 82.56005859
v 61.49739838 -3.60422325 84.04638672
v 61.94212723 -3.43286848 84.76578522
v 62.41116333 -3.27012587 85.46580505
v 62.90612411 -3.11807299 86.14346313
v 63.42966461 -2.97945881 86.79626465
v 60.34836578 -2.82575035 81.54963684
v 60.72526550 -2.70611048 82.32613373
v 61.53358459 -2.50726891 83.84037781
v 61.96881485 -2.43050551 84.57593536
v 62.42767334 -2.37146473 85.29466248
v 62.91249084 -2.33232880 85.99452209
v 63.42687225 -2.31630826 86.67289734
v 60.77445602 -1.98182619 81.40876007
v 61.11782074 -1.90616310 82.18774414
v 61.85504913 -1.80900049 83.71258545
v 62.25225830 -1.79166591 84.45553589
v 62.67185211 -1.79797900 85.18383789
v 63.11658859 -1.83016980 85.89616394
v 63.59055710 -1.89176464 86.58988190
v 61.89379501 -1.28859603 81.40337372
v 62.14948654 -1.24973702 82.17007446
v 62.70494843 -1.23691094 83.67700195
v 63.00743866 -1.26856458 84.41380310
v 63.32995605 -1.32853258 85.13861084
v 63.67547226 -1.41904736 85.85079193
v 64.04826355 -1.54391015 86.54780579
v 63.45838928 -1.15123761 81.48403168
v 63.59383774 -1.11500680 82.23038483
v 63.90079880 -1.11120296 83.70291138
v 64.07434845 -1.14994812 84.42555237
v 64.26464844 -1.21870756 85.13880157
v 64.47457886 -1.31965303 85.84249878
v 64.70809937 -1.45673192 86.53437042
v 65.52175140 -1.75217414 81.62853241
v 65.51447296 -1.67657208 82.34137726
v 65.52095032 -1.58661902 83.75572968
v 65.53563690 -1.57821107 84.45428467
v 65.56044006 -1.59680474 85.14723206
v 65.59750366 -1.64436221 85.83476257
v 65.64942932 -1.72480965 86.51522827
v 58.01054764 6.05938673 68.66243744
v 57.60018539 5.39082336 68.94358826
v 58.64888382 5.77498055 69.08196259
v 58.74230194 4.82604170 69.68371582
v 60.30058670 4.97179508 70.00515747
v 59.92352676 4.20297480 70.33785248
v 61.13371277 3.53760815 70.92702484
v 59.44010925 3.52347541 70.55017853
v 60.62899017 2.83248878 71.14884186
v 58.97156525 2.86575651 70.70780945
v 60.13773727 2.14751196 71.31546783
v 58.51482010 2.22550607 70.81363678
v 59.65745163 1.47919488 71.42871857
v 58.06699753 1.59870327 70.87024689
v 59.18579865 0.82427007 71.49025726
v 57.62604904 0.98249489 70.87892151
v 58.72104645 0.18033575 71.50104523
v 57.19013596 0.37431929 70.84063721
v 58.26162338 -0.45479378 71.46186066
v 56.75741577 -0.22838508 70.75635529
v 57.80596161 -1.08330417 71.37350464
v 56.32660294 -0.82741135 70.62657928
v 57.35299301 -1.70667529 71.23637390
v 55.89859390 -1.42147911 70.44989014
v 56.90366745 -2.32356405 71.04931641
v 55.47484207 -2.00853944 70.22439575
v 56.45944595 -2.93192172 70.81077576
v 55.05680847 -2.58654356 69.94821167
v 56.02178574 -3.52969956 70.51920319
v 54.64580536 -3.15364671 69.62000275
v 55.59201813 -4.11504269 70.17360687
v 54.24261093 -3.70881987 69.24064636
v 55.17095566 -4.68687391 69.77519989
v 53.84786987 -4.25123882 68.81156921
v 54.75929642 -5.24431133 69.32576752
v 53.90469742 -5.53294516 68.50946045
v 54.35771942 -5.78647089 68.82707977
v 54.26357651 -6.18409729 68.60276031
v 54.93610764 -7.28234243 68.74523163
v 57.70752716 5.58131266 68.86446381
v 57.66812897 5.53760815 68.87686920
v 57.61402893 5.50862122 68.87329102
v 57.49417114 5.48088264 68.84046936
v 57.19432068 5.48474646 68.70269012
v 57.16337967 4.77268791 69.13404083
v 56.34378052 5.17237473 68.46614075
v 55.94334793 4.60641527 68.59503937
v 55.41521454 5.27297258 67.75598907
v 54.85201263 4.43312550 67.92354584
v 56.59164810 5.62494421 68.29042816
v 55.83449173 5.87589359 67.58439636
v 53.97611618 3.03960037 68.03162384
v 55.17988968 3.52431202 68.71929169
v 55.55673218 4.05895376 68.67785645
v 56.74392700 4.17866278 69.27176666
v 58.28180695 4.17540979 69.88569641
v 53.08156586 1.47500885 67.92498016
v 54.08191681 1.96087849 68.61296844
v 54.44489670 2.47863913 68.68548584
v 54.81008148 2.99866199 68.72138214
v 55.55138397 2.48747158 69.41160583
v 55.94110489 3.04050374 69.40752411
v 56.98314285 2.34233928 70.18326569
v 57.40570831 2.93844032 70.13181305
v 52.58597946 0.51250494 67.74928284
v 53.35798645 0.92579538 68.35818481
v 53.71936417 1.44290400 68.50451660
v 54.78361130 1.39716470 69.29911804
v 55.16631317 1.94075298 69.37505341
v 56.15655518 1.17753530 70.15231323
v 56.56745148 1.75633657 70.18972778
v 52.19026184 -0.34743848 67.52238464
v 52.64430618 -0.09794948 67.94133759
v 52.99917221 0.41152132 68.17133331
v 54.02108383 0.31356260 69.02925873
v 54.40159988 0.85438818 69.18447113
v 55.34140015 0.03077246 69.94984436
v 55.74836731 0.60303885 70.07215881
v 52.29463577 -0.60086823 67.66609192
v 52.25842667 -0.92990094 67.66020203
v 52.90247726 -1.27739072 68.29625702
v 52.42864990 -1.78747332 67.84834290
v 52.54105377 -1.79189861 67.95802307
v 52.67602158 -2.66536593 68.02365875
v 53.36526871 -2.73993587 68.64173126
v 52.98963928 -3.26506019 68.23411560
v 52.95197678 -3.44821358 68.16749573
v 53.46287918 -4.64600372 68.37191010
v 54.87223816 -7.36697149 68.65066528
v 55.47124100 -7.91692352 68.91125488
v 55.88063812 -7.37654209 69.48864746
v 56.30246353 -6.81742954 70.01836395
v 57.37152481 -3.76363921 71.27961731
v 57.77388763 -3.08762002 71.50112915
v 55.07482147 -8.43797016 68.29048920
v 54.25900269 -8.17684460 67.66010284
v 54.69186783 -8.93915081 67.63101196
v 53.67931747 -8.93768501 66.58002472
v 54.32287979 -9.41993523 66.93750763
v 53.67203140 -10.26245689 65.56550598
v 55.92292023 -11.01457882 67.35164642
v 55.26212311 -11.86232471 65.92707825
v 57.64416122 -12.53545189 67.65316010
v 56.14801407 -12.88971615 65.84521484
v 56.98603821 -13.38371563 66.18410492
v 57.11769485 -13.73627186 65.92726135
v 57.63989639 -14.20952511 65.90708160
v 53.13518143 -9.64735508 65.42833710
v 53.18068695 -10.63893509 64.63179016
v 53.79946518 -11.05335617 65.01354218
v 52.62800598 -10.30439663 64.22128296
v 54.49446106 -11.55894089 65.35600281
v 55.27523804 -12.16747570 65.64220428
v 58.81212234 -14.79288483 66.34105682
v 58.18641281 -14.71790314 65.83407593
v 58.75461578 -15.26069164 65.69796753
v 59.33420563 -15.82988739 65.48979187
v 60.71056366 -16.07474136 66.40061951
v 61.33996582 -15.24547863 67.93647003
v 61.70147705 -14.76640701 68.71894836
v 60.64112473 -14.00774860 68.71256256
v 62.08085632 -14.26169109 69.46823120
v 61.18207932 -13.25767326 69.75744629
v 62.47824097 -13.73101521 70.17974854
v 61.41532516 -12.90119171 70.18894196
v 62.89378357 -13.17406178 70.84892273
v 62.11814880 -11.72660160 71.37979126
v 63.32745361 -12.59075928 71.47121429
v 63.77850723 -11.98200989 72.04227448
v 65.65224457 -13.21498585 72.10115814
v 66.11394501 -12.58812237 72.63180542
v 67.99574280 -13.75755787 72.55037689
v 68.46685028 -13.11927700 73.03159332
v 70.34046936 -14.25315189 72.77230835
v 70.81978607 -13.61138630 73.19433594
v 71.91471863 -14.28033829 72.93148041
v 72.40351105 -13.63124180 73.28677368
v 73.48870087 -14.31531525 72.91863251
v 73.98422241 -13.66268158 73.20281219
v 75.05323029 -14.36926842 72.70998383
v 75.55185699 -13.71697807 72.91941071
v 76.59482574 -14.44817734 72.29438782
v 77.09199524 -13.80061436 72.42769623
v 78.09684753 -14.55536556 71.67199707
v 78.58657837 -13.91850662 71.73291779
v 79.54014587 -14.69594765 70.85092926
v 80.01612854 -14.07609272 70.84573364
v 80.90469360 -14.87528896 69.84621429
v 81.36119843 -14.27838993 69.78261566
v 82.17030334 -15.09217453 68.68976593
v 82.60221863 -14.52334785 68.57801819
v 83.55394745 -15.92072773 66.82500458
v 84.11318970 -15.20807648 66.61367035
v 59.91270065 -16.41543770 65.20300293
v 60.47731400 -17.00476646 64.83853149
v 62.65345383 -17.23049927 66.36071777
v 62.09630203 -17.96312714 64.73619843
v 64.61117554 -18.26660538 66.21786499
v 64.06882477 -18.97318840 64.58737946
v 66.55599213 -19.19575310 65.96277618
v 66.02220154 -19.86897278 64.34222412
v 67.69428253 -19.70178795 65.74904633
v 67.16265106 -20.35195732 64.14395142
v 68.83449554 -20.18321419 65.47666931
v 68.30417633 -20.80804825 63.89575577
v 69.98089600 -20.64327049 65.13643646
v 69.45221710 -21.24078178 63.58963013
v 71.13459778 -21.08097076 64.72531891
v 70.60892487 -21.64981651 63.22283554
v 72.29472351 -21.49270630 64.24415588
v 71.77434540 -22.03239632 62.79589081
v 71.84643555 -22.05503845 62.76763535
v 71.32849121 -22.54499245 61.30165482
v 72.94700623 -22.38507462 62.30984879
v 72.45956421 -22.85722542 60.89761353
v 74.11865234 -22.70136070 61.76823425
v 73.64086914 -23.14772606 60.43098068
v 75.28060150 -22.97291756 61.17956924
v 74.81543732 -23.39496040 59.92486572
v 75.66360474 -23.30755615 60.23987579
v 74.36758423 -23.79050636 58.66205978
v 74.29357147 -24.08224106 57.73053741
v 73.77529144 -24.01252174 57.85791397
v 73.18070221 -23.56648827 59.08450317
v 73.34925842 -23.95138168 57.95180511
v 72.99169159 -23.89772224 58.02283859
v 72.28453064 -23.78585625 58.14271927
v 71.99056244 -23.30039215 59.47506332
v 71.15402985 -23.58664894 58.29772568
v 70.83009338 -23.00545883 59.82181931
v 70.11858368 -23.37974167 58.41393661
v 70.80642700 -22.99909973 59.82854080
v 69.63657379 -22.66816521 60.14264679
v 71.28049469 -22.53105736 61.31786728
v 70.11197662 -22.17524910 61.68879318
v 61.01667023 -17.58649063 64.40001678
v 61.52633667 -18.15484810 63.89318848
v 62.00434494 -18.70595932 63.32488251
v 62.45166016 -19.23779488 62.70359039
v 63.56827164 -19.62119293 62.91888046
v 63.26158524 -20.23395157 61.35125732
v 65.52663422 -20.48836136 62.68522644
v 65.06196594 -21.06476593 61.01471329
v 63.96896362 -21.11548424 59.96852875
v 64.57225800 -21.86555099 58.65267944
v 64.75581360 -21.94342041 58.61293411
v 65.14912415 -22.07745743 58.60256577
v 66.19966125 -21.51017380 60.84942627
v 66.70625305 -22.54058838 58.61297607
v 67.33656311 -21.92370796 60.65196991
v 68.29040527 -22.96017456 58.55699921
v 68.48070526 -22.30938530 60.41707993
v 69.16645813 -23.16988182 58.49860382
v 76.56205750 -22.73332024 61.80960846
v 75.76744080 -22.51687050 62.41091919
v 74.61941528 -22.21866417 63.07991409
v 73.45904541 -21.87424850 63.69433594
v 72.39054108 -21.52534866 64.20143127
v 72.85172272 -20.89647102 65.63731384
v 71.69972992 -20.45251083 66.17015076
v 70.55177307 -19.98333168 66.62336731
v 69.40957642 -19.49334335 66.99581909
v 68.27299500 -18.98413658 67.29078674
v 67.13890839 -18.45278168 67.51861572
v 65.20529938 -17.48685837 67.78157806
v 63.26416397 -16.42203903 67.91654205
v 77.23787689 -22.25168800 62.91761398
v 76.28239441 -22.01556206 63.59634399
v 75.15111542 -21.68656921 64.34244537
v 74.00485229 -21.31026840 65.02658081
v 72.97067261 -20.94064140 65.57788849
v 73.16826630 -20.54882240 66.35089874
v 72.02201080 -20.08613014 66.91008759
v 70.87837982 -19.59884453 67.38469696
v 69.73953247 -19.09176064 67.77342224
v 68.60581970 -18.56677818 68.07966614
v 67.47470856 -18.02112389 68.31435394
v 65.54788208 -17.03461075 68.58052063
v 63.61587143 -15.95400524 68.71041870
v 76.57170868 -21.72478676 64.20347595
v 77.99496460 -21.65928459 64.03479004
v 76.87152863 -21.41657257 64.78723907
v 77.18237305 -21.08983231 65.34418488
v 75.76286316 -21.04822350 65.61122894
v 76.08707428 -20.69911194 66.20509338
v 74.63606262 -20.63224030 66.36556244
v 74.97185516 -20.26099014 66.99259949
v 73.64174652 -20.23769760 66.95795441
v 73.99870300 -19.85295868 67.60298157
v 73.84449768 -19.78636169 67.69323730
v 74.20547485 -19.36926651 68.31458282
v 72.71274567 -19.28304100 68.30193329
v 73.08249664 -18.84409142 68.94625092
v 71.58043671 -18.75695801 68.81649017
v 71.95716858 -18.29739952 69.47917938
v 70.45053101 -18.21361923 69.23530579
v 70.83280945 -17.73500824 69.91160583
v 69.32432556 -17.65546799 69.56198883
v 69.71116638 -17.15960312 70.24726105
v 68.20044708 -17.08003044 69.80853271
v 68.59146118 -16.56884575 70.49861908
v 66.28824615 -16.05128288 70.07840729
v 66.68688965 -15.51878357 70.76869965
v 64.37429047 -14.93929386 70.19589233
v 64.78159332 -14.39157009 70.87855530
v 78.63201141 -21.12056351 64.84690094
v 77.50474548 -20.74347687 65.87088013
v 77.02849579 -20.64567757 66.14620972
v 77.69058990 -20.68196487 65.92197418
v 78.37475586 -20.62349319 65.79264832
v 79.32611847 -20.49313354 65.58736420
v 79.74665070 -20.09370041 65.96154785
v 79.30831146 -20.33980751 65.83095551
v 78.85341644 -20.51462364 65.77334595
v 80.37487030 -19.47188759 66.41445160
v 80.00713348 -19.79352570 66.22644043
v 79.70729828 -20.09563065 65.98052979
v 80.94157410 -18.88752174 66.71356964
v 80.21377563 -19.14308929 66.91340637
v 80.17532349 -19.46656990 66.54682922
v 81.60946655 -18.17316628 66.93441010
v 80.07437134 -17.75639534 68.42407990
v 79.97531891 -18.58193016 67.68096161
v 80.13984680 -18.84452629 67.29816437
v 80.48045349 -17.25393867 68.59008026
v 82.12342072 -17.60458374 67.00971222
v 80.89438629 -16.73452187 68.69918823
v 81.31491852 -16.19982910 68.75164795
v 80.00526428 -16.03292465 69.79552460
v 80.45215607 -15.46090508 69.85085297
v 79.07021332 -15.30207348 70.79263306
v 82.93323517 -16.67294502 66.97219086
v 81.74067688 -15.65174961 68.74824524
v 84.84751129 -14.21196079 66.24208832
v 84.23147583 -13.28620434 67.40840912
v 83.46307373 -13.37294006 68.21916199
v 83.03401184 -13.94893169 68.41885376
v 82.27719879 -13.06365490 69.49222565
v 81.81973267 -13.67297935 69.66228485
v 80.97830200 -12.80629635 70.65100098
v 80.49626160 -13.44515038 70.77824402
v 79.58333588 -12.60630703 71.65679169
v 79.08276367 -13.26786423 71.72740173
v 78.11121368 -12.45812607 72.48510742
v 77.59817505 -13.13626003 72.49079895
v 76.58135223 -12.35652828 73.12071228
v 76.06188202 -13.04515743 73.05609894
v 75.01261139 -12.29625511 73.55397797
v 74.49256134 -12.98919487 73.41542053
v 73.42195892 -12.26866245 73.78646851
v 72.90623474 -12.96029949 73.57282257
v 71.82240295 -12.26046371 73.83516693
v 71.31408691 -12.94674492 73.54962921
v 69.45564270 -11.77289104 73.79856873
v 68.95382690 -12.45727634 73.44866943
v 67.08542633 -11.26300335 73.50887299
v 66.59198761 -11.93706131 73.10246277
v 64.72909546 -10.69274712 73.01340485
v 64.24602509 -11.34895706 72.55777740
v 62.97646713 -10.50216293 72.40380859
v 83.56352997 -12.36029243 68.48519897
v 82.73023987 -12.45547009 69.28065491
v 81.45862579 -12.16486263 70.47192383
v 80.08585358 -11.93730545 71.52386475
v 78.62894440 -11.76922321 72.41205597
v 77.10803986 -11.65416336 73.11474609
v 75.54241943 -11.58658695 73.61919403
v 73.94956207 -11.55778599 73.92533112
v 72.34374237 -11.55378056 74.04794312
v 69.97122192 -11.06750202 74.07865906
v 67.59314728 -10.56740761 73.84845734
v 65.22673798 -10.01461124 73.40528870
v 63.53444290 -9.81712055 72.88939667
v 83.01638031 -11.65158653 69.24720764
v 81.93328857 -11.52671909 70.25028229
v 80.58629608 -11.26673698 71.33724976
v 79.14878082 -11.07320786 72.27459717
v 77.63976288 -10.94113350 73.03967285
v 76.07978058 -10.86324692 73.61257172
v 74.48712158 -10.83033848 73.99011230
v 72.87696838 -10.82819557 74.18569183
v 70.49950409 -10.34249306 74.28628540
v 68.11399078 -9.85179710 74.11904144
v 65.73777008 -9.31611919 73.73136139
v 64.13125610 -9.17061329 73.29319000
v 82.43389893 -10.93987370 69.95528412
v 81.81929779 -10.23083115 70.60129547
v 81.08026886 -10.60107708 71.10700989
v 81.17485046 -9.52712917 71.18271637
v 80.17721558 -9.68546391 71.84440613
v 80.50318909 -8.83158016 71.69732666
v 79.23097992 -8.78698921 72.45730591
v 79.80722046 -8.14719582 72.14290619
v 79.08985901 -7.47698545 72.51723480
v 78.24862671 -7.91286898 72.94072723
v 78.35404968 -6.82336712 72.81959534
v 77.23725891 -7.06711149 73.29755402
v 76.83953094 -5.56537771 73.23118591
v 76.20406342 -6.24857426 73.54326630
v 75.28756714 -4.36846304 73.43058777
v 74.41333771 -4.91183662 73.75256348
v 73.70978546 -3.21990848 73.46861267
v 72.59208679 -3.62748170 73.75968170
v 72.10960388 -2.10814309 73.37907410
v 70.74517059 -2.37993121 73.60676575
v 70.48716736 -1.02535808 73.18108368
v 68.87229919 -1.15713024 73.31883240
v 68.84046173 0.03622179 72.88989258
v 66.97131348 0.05086330 72.91323090
v 67.16693115 1.08155680 72.51306915
v 65.04211426 1.24440634 72.38924408
v 65.46671295 2.10897398 72.04678345
v 63.08886337 2.41438794 71.73255920
v 63.74184799 3.11244392 71.48003387
v 62.00691605 4.07675409 70.80137634
v 61.54907227 3.30363178 71.11225891
v 61.10447311 2.55074310 71.36714172
v 62.55471802 1.67496777 71.96790314
v 60.67056656 1.81457448 71.56746674
v 62.03161621 0.95259917 72.14777374
v 60.24492645 1.09180295 71.71445465
v 61.51806259 0.24523373 72.27217865
v 59.82540131 0.37947026 71.80896759
v 61.01263809 -0.44908965 72.34117889
v 59.41043854 -0.32453561 71.85137939
v 60.51417923 -1.13198376 72.35518646
v 58.99869156 -1.02205753 71.84189606
v 60.02158356 -1.80497432 72.31467438
v 58.58886719 -1.71484864 71.78069305
v 59.53375244 -2.46958709 72.22012329
v 58.18021393 -2.40392065 71.66758728
v 62.86753845 -1.74563193 73.03981018
v 63.39937973 -1.01730597 72.96363068
v 65.28070068 -2.28348923 73.51659393
v 67.15513611 -3.54066801 73.94270325
v 67.72331238 -2.75372744 73.79229736
v 65.83804321 -1.51577616 73.37268829
v 68.29627228 -1.95836771 73.58244324
v 66.40180206 -0.73731530 73.17028809
v 69.01940918 -4.78693962 74.24140930
v 69.59236145 -3.98942208 74.08740997
v 70.16851807 -3.18577099 73.87340546
v 70.87236786 -6.03126192 74.39556885
v 71.44507599 -5.23231316 74.24084473
v 72.01950836 -4.42932749 74.02593231
v 70.30458069 -6.82153702 74.48254395
v 68.95014191 -6.31535053 74.41932678
v 69.74346924 -7.60066032 74.49939728
v 68.66861725 -6.43960190 74.41227722
v 67.80471039 -6.71823406 74.35263824
v 66.97511292 -7.08079624 74.24893951
v 67.33898926 -7.11501789 74.29901886
v 69.19041443 -8.36669254 74.44506073
v 71.58901978 -8.84055996 74.47881317
v 72.14686584 -8.06835651 74.46562958
v 73.97149658 -9.33083248 74.23960114
v 74.52875519 -8.56470394 74.15863037
v 75.58357239 -9.33762360 73.90335083
v 76.13774872 -8.57898617 73.75635529
v 77.16795349 -9.38846684 73.39136505
v 77.71163940 -8.64726448 73.18937683
v 78.70588684 -9.50076389 72.70077515
v 66.79510498 -7.86469364 74.17964172
v 66.18969727 -7.51712942 74.09566498
v 66.26097107 -8.59892750 73.99002075
v 65.45528412 -8.01540947 73.88871002
v 64.77037811 -8.56819534 73.62351227
v 56.29859161 -10.52892876 68.07332611
v 56.68945694 -10.02107048 68.76091766
v 77.35469818 -17.86404800 69.59648132
v 77.28348541 -17.54496574 69.91952515
v 76.86927795 -17.92414856 69.68108368
v 76.23770142 -16.91675186 70.75767517
v 75.80296326 -17.45421982 70.37247467
v 74.72475433 -16.83274078 71.08061981
v 74.29099274 -17.37259865 70.62290955
v 73.19152832 -16.75993729 71.20307159
v 72.76335907 -17.29820824 70.67729950
v 71.65209198 -16.69616699 71.13362885
v 71.23352051 -17.22899246 70.54599762
v 70.11694336 -16.63597679 70.88966370
v 77.82832336 -17.84687233 69.44947815
v 77.71406555 -17.01419640 70.23041534
v 76.68521118 -16.35726738 71.08334351
v 75.17279053 -16.26947784 71.48005676
v 75.63433075 -15.68369198 71.81768036
v 74.09417725 -15.61026478 72.08367920
v 74.56706238 -15.00069237 72.43030548
v 73.00685883 -14.94602871 72.56612396
v 78.28161621 -17.86893082 69.24997711
v 78.71378326 -17.64639854 69.26461792
v 79.13491058 -17.12717628 69.50152588
v 78.70364380 -17.93052864 69.00564575
v 79.09354401 -18.03292465 68.71910095
v 79.44078827 -18.17548752 68.39882660
v 79.73811340 -18.35873795 68.05028534
v 79.67687225 -18.24104500 68.20309448
v 76.40429688 -20.53066254 66.44652557
v 76.10442352 -20.44342041 66.62789154
v 75.77855682 -20.31971359 66.85978699
v 75.44686127 -20.15165710 67.14846039
v 75.15440369 -19.94791794 67.47423553
v 74.92746735 -19.71359825 67.82714844
v 74.37075043 -19.44457245 68.21314240
v 74.78652191 -19.44754410 68.20642090
v 74.76984406 -19.11754227 68.64826202
v 74.58232117 -18.92703819 68.89765167
v 74.75827026 -19.01172829 68.78465271
v 74.85646057 -18.90097809 68.91957855
v 74.97461700 -18.46002388 69.43801880
v 75.08438873 -18.63276672 69.22875214
v 75.43034363 -18.39152908 69.47027588
v 75.38171387 -17.96886826 69.93114471
v 75.84940338 -18.19560051 69.62408447
v 76.32270050 -18.04154587 69.69528198
v 56.33775711 3.60303235 69.36152649
v 57.83747864 3.54789662 70.03376007
v 53.64347458 -0.22330858 68.83103943
v 54.93650436 -0.53805161 69.78372192
v 54.53511810 -1.10139918 69.57160950
v 53.27017975 -0.75422174 68.58734131
v 54.13867569 -1.65723610 69.31130219
v 53.74848175 -2.20374012 69.00115967
v 63.98581314 -15.45993137 69.47169495
v 65.90872192 -16.55632210 69.34757996
v 67.82837677 -17.56383133 69.07904816
v 68.95606995 -18.12420845 68.83809662
v 70.08631134 -18.66552925 68.52124786
v 71.22105408 -19.19041252 68.11703491
v 72.35946655 -19.69668007 67.62194824
v 73.49898529 -20.17916679 67.03743744
v 73.29927063 -20.59988976 66.28170776
v 74.31393433 -20.98161697 65.70902252
v 75.45107269 -21.37700081 64.98917389
v 65.20781708 -13.81651402 71.51519012
v 67.10485077 -14.95841312 71.41401672
v 69.00170135 -16.02972031 71.14499664
v 68.64680481 -9.11769485 74.31845093
v 67.54143524 -14.37097073 72.00954437
v 69.87708282 -14.87083626 72.28688049
v 71.44077301 -14.90643597 72.51011658
v 71.03932190 -9.59942150 74.41945648
v 72.71109772 -7.28525925 74.38120270
v 73.27954865 -6.49433851 74.22826385
v 73.84838104 -5.70114136 74.01538086
v 69.43053436 -15.46337128 71.74276733
v 70.54103088 -16.08525276 71.48430634
v 73.42022705 -10.08627129 74.24909973
v 75.08953094 -7.79138422 74.00917053
v 75.64954376 -7.01705551 73.80045319
v 66.66693878 -20.95104218 62.50336838
v 67.80738068 -21.38446617 62.28042221
v 68.95463562 -21.79243088 62.00970840
v 70.98258972 -15.50841045 72.02614594
v 72.53958130 -15.55375385 72.14855957
v 75.03250122 -10.08929348 73.98229218
v 76.69060516 -7.81978607 73.55075073
v 72.08771515 -16.13744736 71.66948700
v 76.62251282 -10.12929249 73.53559113
v 72.35165405 -17.81097603 70.10102844
v 73.46915436 -18.37902260 69.55095673
v 73.63539124 -16.19700050 71.67341614
v 78.17385101 -10.22118473 72.89855194
v 79.66644287 -10.37632561 72.08184052
v 76.10860443 -15.07628918 72.09020996
v 77.14476776 -15.77659607 71.34628296
v 78.15587616 -16.46289825 70.48146057
v 73.87222290 -17.88827515 70.11142731
v 77.61563110 -15.17557144 71.54331207
v 78.60821533 -15.89183235 70.66963959
v 79.56568146 -16.58902931 69.67920685
v 64.48623657 0.47716701 72.63660431
v 63.93879700 -0.27656314 72.82870483
v 76.03530884 8.41237545 59.91413116
v 75.05621338 9.70804214 62.55148315
v 76.19429779 9.81762600 64.27414703
v 75.12947083 10.04785442 63.70319366
v 75.20728302 10.36643791 64.82022858
v 74.17655945 10.47527027 64.09090424
v 74.26953888 10.75938988 65.15659332
v 73.27001953 10.80916309 64.45678711
v 73.37757111 11.06284428 65.47360229
v 72.37496948 11.06642437 64.84370422
v 72.49669647 11.29198551 65.81047058
v 71.55036163 11.23247623 65.23794556
v 71.68492889 11.43393135 66.15625763
v 70.79494476 11.31706142 65.64734650
v 70.94104767 11.49806213 66.51852417
v 70.11145020 11.32784367 66.07026672
v 70.26768494 11.49175739 66.89567566
v 69.50629425 11.27055740 66.49629211
v 69.67103577 11.42054176 67.27768707
v 68.98584747 11.15085983 66.91571808
v 69.15721130 11.28986263 67.65522003
v 68.55470276 10.97429752 67.32781219
v 68.73065948 11.10506153 68.02756500
v 68.21506500 10.74356270 67.73885345
v 68.39347839 10.86873150 68.40076447
v 68.00531006 10.51403046 68.08026886
v 68.18418121 10.63663864 68.71247101
v 67.85296631 10.24467850 68.43401337
v 68.03100586 10.36662483 69.03730774
v 67.75706482 9.93193340 68.80522919
v 67.93302917 10.05524731 69.38020325
v 67.72100830 9.57090950 69.19697571
v 67.89351654 9.69780254 69.74412537
v 67.75366974 9.15339756 69.61177063
v 67.92101288 9.28638363 70.13148499
v 67.86145782 8.68053055 70.04167938
v 68.02171326 8.82208157 70.53463745
v 68.03878784 8.17901516 70.45522308
v 68.19021606 8.33061695 70.92328644
v 68.27608490 7.66938496 70.83504486
v 68.41729736 7.83176374 71.28070068
v 68.56194305 7.16401577 71.17819977
v 68.69198608 7.33744097 71.60404205
v 68.88493347 6.67496586 71.48222351
v 69.00328064 6.85926104 71.89095306
v 69.60073090 5.77626848 71.97666931
v 69.69560242 5.98064947 72.35909271
v 70.34764862 5.00834227 72.34452820
v 70.42124176 5.22968435 72.71031189
v 71.07884979 4.36818314 72.62245941
v 71.13509369 4.60347128 72.97990417
v 72.14360046 3.56708670 72.95354462
v 72.18140411 3.82056499 73.31107330
v 72.70053864 3.19545794 73.10298920
v 72.73107147 3.45841789 73.46540833
v 73.28166199 2.83352375 73.24548340
v 73.30592346 3.10657692 73.61587524
v 73.33211517 3.38227630 73.99163055
v 73.36071777 3.66115260 74.37425995
v 72.79979706 3.99450493 74.21428680
v 72.85232544 4.35554600 74.72882843
v 72.33013153 4.68935776 74.57167816
v 72.40267181 5.04775810 75.11003113
v 71.45262909 5.75100899 74.81123352
v 71.56626892 6.09398460 75.38686371
v 70.96455383 6.63374567 75.18061066
v 71.11832428 6.96050119 75.78992462
v 70.55673981 7.57348824 75.55513000
v 70.75695801 7.87299633 76.19612885
v 70.27339172 8.54633331 75.91507721
v 70.52273560 8.80616856 76.58452606
v 70.32895660 9.14933968 76.42690277
v 70.61106873 9.38089752 77.10739136
v 70.46083069 9.71213722 76.94442749
v 70.77597046 9.91136074 77.63191986
v 70.67201996 10.22177410 77.46721649
v 71.39086151 10.53692722 78.83591461
v 71.34257507 10.79375172 78.69007111
v 71.74709320 10.90421009 79.36795807
v 71.73947906 11.12400341 79.23421478
v 72.17562866 11.19044971 79.91337585
v 72.20243073 11.36623955 79.80245972
v 72.66728973 11.38647938 80.48137665
v 72.71769714 11.52179909 80.39338684
v 73.20899963 11.49201870 81.06850433
v 73.27192688 11.59265041 81.00034332
v 73.78767395 11.50788021 81.66759491
v 73.85343933 11.57816887 81.61671448
v 73.93358612 11.64089394 81.56776428
v 74.05214691 11.70807171 81.50888062
v 73.45180511 11.76414776 80.87415314
v 73.59883881 11.85141754 80.80011749
v 73.00039673 11.85220909 80.15917969
v 73.17307281 11.95882416 80.07057190
v 72.57521057 11.90986538 79.42576599
v 72.77089691 12.03480053 79.32299805
v 72.17285156 11.94104481 78.67628479
v 72.38911438 12.08310127 78.55977631
v 71.79107666 11.94834328 77.91233063
v 72.02565765 12.10631084 77.78277588
v 71.08101654 11.90084839 76.34683228
v 71.34627533 12.08705235 76.19409180
v 70.74951935 11.84979248 75.54753113
v 71.02755737 12.04845333 75.38400269
v 70.43190765 11.78261757 74.73844910
v 70.72133636 11.99275684 74.56381226
v 70.12702179 11.70067501 73.92037201
v 70.42658234 11.92122269 73.73346710
v 69.83396149 11.60499573 73.09391022
v 70.14237976 11.83450413 72.89235687
v 69.55184174 11.49658489 72.25963593
v 69.86782074 11.73320198 72.03985596
v 69.27987671 11.37633896 71.41808319
v 69.60217285 11.61782551 71.17535400
v 69.01743317 11.24498844 70.56966400
v 69.34496307 11.48874474 70.29828644
v 68.76388550 11.10324955 69.71479034
v 69.09571838 11.34632206 69.40808868
v 68.57636261 10.98870277 69.05946350
v 68.91098785 11.22920513 68.72122955
v 74.94646454 9.08160496 60.51276398
v 75.99177551 7.64703989 57.68977356
v 74.66439056 8.54832458 58.59539032
v 73.95156860 9.61164951 61.05677414
v 73.26299286 9.32053185 59.47204590
v 73.00467682 10.03685951 61.57148743
v 71.82549286 9.93649673 60.41113281
v 72.07028198 10.37925911 62.11058044
v 71.10839844 10.17246246 60.92835617
v 71.20999908 10.61912346 62.65177917
v 70.40306091 10.35150528 61.48291397
v 70.42242432 10.76717567 63.20369720
v 69.72716522 10.46565914 62.06459808
v 69.71057129 10.83184719 63.76452637
v 69.10175323 10.51164627 62.65814972
v 69.08151245 10.81945133 64.32281494
v 68.53946686 10.48990154 63.25611877
v 68.54225159 10.73621464 64.86787415
v 68.05216217 10.40067863 63.85219193
v 68.09784698 10.58823967 65.39890289
v 67.63842010 10.23772621 64.46583557
v 67.75072479 10.37848854 65.92282104
v 67.31855774 9.99252605 65.10075378
v 67.53908539 10.16031742 66.35248566
v 67.10851288 9.66540813 65.74549866
v 67.38835144 9.89688778 66.79177094
v 67.29744720 9.58426762 67.24630737
v 67.67906952 10.11960220 67.83097839
v 67.58517456 9.80631924 68.23197174
v 67.00735474 9.26867390 66.38244629
v 67.27013397 9.21708298 67.71947479
v 67.55249023 9.44248676 68.65287018
v 67.00012970 8.90964127 66.87855530
v 67.31616211 8.78629589 68.21405029
v 67.59021759 9.01959324 69.09629059
v 67.05480194 8.52358913 67.35353088
v 67.44259644 8.29315472 68.72128296
v 67.70500946 8.53881168 69.55400085
v 67.31158447 7.70990753 68.21733856
v 67.64328766 7.76705027 69.20654297
v 67.89107513 8.02783775 69.99336243
v 67.74499512 6.83936024 68.99126434
v 67.90768433 7.23058224 69.65072632
v 68.13846588 7.50796223 70.39638519
v 68.22325134 6.69736862 70.05058289
v 68.06356049 6.32664537 69.39067841
v 68.57740784 6.18068218 70.40341949
v 68.47650146 5.75030184 69.79857635
v 68.99830627 5.11611032 70.20159912
v 69.35571289 5.23039293 70.97216034
v 69.62557220 4.44836283 70.57723236
v 70.15914917 4.41828823 71.38572693
v 70.31488800 3.80195618 70.89483643
v 70.93617249 3.74106050 71.68446350
v 71.06348419 3.17267942 71.16153717
v 72.04897308 2.88973045 72.00807190
v 72.62215424 2.01908755 71.53594971
v 72.62464142 2.49100351 72.13864899
v 73.22173309 2.09968615 72.25255585
v 72.67176056 2.93505287 72.74601746
v 73.25885773 2.56258559 72.87893677
v 73.45031738 4.41060257 75.41780853
v 73.40266418 4.03282928 74.88921356
v 73.70980835 5.96225643 77.61029816
v 73.63362885 5.57036114 77.05648041
v 73.56526184 5.18040657 76.50440979
v 73.14143372 5.85780668 76.93344116
v 73.05585480 5.47631121 76.36777496
v 72.67965698 6.15388489 76.81472015
v 72.57664490 5.78175640 76.23602295
v 71.83225250 6.79053307 76.58288574
v 71.69255066 6.44125605 75.97930908
v 71.28667450 7.28837729 76.41083527
v 74.10697937 7.53927612 79.78847504
v 73.88776398 6.74865532 78.71151733
v 73.79422760 6.35508728 78.16282654
v 73.45889282 7.00654650 78.63318634
v 73.34217834 6.62385654 78.06979370
v 73.05966949 7.27000189 78.55636597
v 72.92029572 6.89922762 77.97923279
v 72.33845520 7.82801676 78.40154266
v 72.15415955 7.48558044 77.79930878
v 71.88626099 8.25421429 78.28062439
v 71.66951752 7.93710375 77.66180420
v 71.45704651 8.74567890 78.12341309
v 71.20592499 8.46108913 77.48595428
v 71.07428741 9.30391502 77.91154480
v 70.78914642 9.05918789 77.25162506
v 70.91196442 9.60339355 77.78044128
v 74.37812805 8.33497143 80.82915497
v 74.23529816 7.93659115 80.31359100
v 73.89143372 8.15371227 80.27206421
v 73.73193359 7.77152824 79.73619843
v 73.57369995 8.37327194 80.22994995
v 73.38455200 8.00725651 79.68384552
v 73.00833893 8.82993412 80.13991547
v 72.76335907 8.50076199 79.57431793
v 72.66316986 9.16928959 80.06361389
v 72.38074493 8.87108231 79.48413086
v 72.34327698 9.55230141 79.95863342
v 72.02328491 9.29225349 79.36239624
v 72.06531525 9.98003769 79.81196594
v 71.70990753 9.76549053 79.19432068
v 71.95031738 10.20735741 79.71967316
v 71.57913971 10.01786041 79.08912659
v 71.85623932 10.44003677 79.61429596
v 71.47124481 10.27662945 78.96932983
v 71.78714752 10.67378807 79.49671173
v 74.71526337 9.13444614 81.82798004
v 74.53716278 8.73418903 81.33472443
v 74.26562500 8.91502857 81.31069183
v 74.06867981 8.53505993 80.79698944
v 74.01586914 9.09634113 81.28547668
v 73.78340912 8.73657990 80.76388550
v 73.57569122 9.46782112 81.22856140
v 73.27825928 9.15274048 80.69134521
v 73.31156921 9.73785877 81.17707825
v 72.97252655 9.45876694 80.62793732
v 73.07072449 10.03735447 81.10343170
v 72.69146729 9.80130482 80.53900146
v 72.86527252 10.36708355 80.99813080
v 72.44946289 10.18127728 80.41329193
v 72.78182983 10.54087162 80.93119812
v 72.35024261 10.38243484 80.33377838
v 72.71482086 10.71798515 80.85442352
v 72.26979828 10.58792210 80.24277496
v 72.66721344 10.89530563 80.76843262
v 72.21163940 10.79403782 80.14102936
v 72.64193726 11.06963348 80.67399597
v 72.17927551 10.99698257 80.02945709
v 72.64147949 11.23565960 80.57559967
v 74.73193359 9.66875839 82.29379272
v 74.91605377 9.53621483 82.30539703
v 74.48540497 9.29309654 81.81083679
v 74.56333160 9.80029964 82.28091431
v 74.27445984 9.45137882 81.79238892
v 74.26889801 10.06501579 82.24951172
v 73.90439606 9.77287865 81.74922180
v 74.09518433 10.25250149 82.21893311
v 73.68421936 10.00366879 81.70869446
v 73.93936157 10.45610523 82.17356110
v 73.48509216 10.25706387 81.64955902
v 73.80900574 10.67631245 82.10747528
v 73.31684113 10.53369713 81.56411743
v 73.75712585 10.79113483 82.06516266
v 73.24917603 10.67876625 81.50956726
v 73.71634674 10.90746212 82.01645660
v 73.19539642 10.82620525 81.44687653
v 73.68852997 11.02334785 81.96176910
v 73.15790558 10.97348213 81.37654877
v 73.67549896 11.13679314 81.90155792
v 73.13909912 11.11799622 81.29920959
v 73.67881012 11.24447918 81.83864594
v 73.14097595 11.25543499 81.21850586
v 73.69937134 11.34209251 81.77810669
v 73.16472626 11.38018799 81.14105225
v 73.73612976 11.42945099 81.72122192
v 74.19316864 11.76479816 81.44972992
v 73.77423859 11.92571735 80.72595978
v 73.37968445 12.05008793 79.98209381
v 73.00577545 12.14207840 79.22068787
v 72.64951324 12.20522976 78.44413757
v 72.30905914 12.24209690 77.65460205
v 71.66898346 12.24657726 76.04412079
v 71.36705780 12.21818352 75.22406006
v 71.07604980 12.17170811 74.39359283
v 70.79508972 12.10830498 73.55170441
v 70.52325439 12.02820873 72.69651031
v 70.25961304 11.93157291 71.82602692
v 70.00349426 11.81848335 70.93841553
v 69.75457764 11.68890953 70.03202820
v 69.51258850 11.54282475 69.10526276
v 69.33283997 11.42071629 68.38551331
v 74.54078674 11.84469986 81.32769775
v 74.35630035 11.81063938 81.38929749
v 75.47474670 11.84313869 81.09494781
v 75.21270752 11.86668968 81.15062714
v 74.96973419 11.87380695 81.20738983
v 74.74377441 12.07581139 80.42423248
v 74.46365356 12.06272697 80.49739838
v 74.19451904 12.22182941 79.71080780
v 73.89182281 12.18303871 79.80086517
v 73.58963013 12.29948139 79.01190948
v 73.27915192 12.23087311 79.11692047
v 72.95326233 12.30647182 78.32714081
v 76.11043549 11.78785706 80.72614288
v 76.01699829 11.74943829 80.98578644
v 75.73872375 11.80459499 81.04217529
v 75.37531281 12.04382896 80.28613281
v 75.04756927 12.07019424 80.35435486
v 74.88581848 12.23614788 79.54282379
v 74.52608490 12.24019241 79.62464905
v 74.31404877 12.36916542 78.81030273
v 73.93525696 12.34616566 78.90863800
v 73.68367004 12.43837070 78.09329224
v 73.29873657 12.38485622 78.20903778
v 73.01779175 12.44161892 77.39508820
v 72.64038849 12.35461330 77.52527618
v 72.04804230 12.37807655 75.89378357
v 76.05370331 11.93168259 80.15267944
v 76.26354218 11.97677803 79.62023926
v 76.07781982 12.07734871 79.30814362
v 76.38337708 12.10461712 78.50540924
v 76.08815002 12.18583679 78.45275116
v 76.47110748 12.17080688 77.38460541
v 76.08422089 12.25748825 77.58891296
v 76.06666565 12.29411602 76.72193146
v 75.49071503 12.40835571 76.82907104
v 75.32999420 12.41410828 75.11186981
v 74.69928741 12.51148891 75.22039032
v 74.57127380 12.48424149 74.35936737
v 73.90984344 12.54788208 74.48048401
v 73.74559021 12.50615501 73.61107635
v 73.10279083 12.52605438 73.74545288
v 72.91006470 12.46837711 72.86391449
v 72.29274750 12.44390106 73.02062988
v 72.07746124 12.36777592 72.12520599
v 71.49460602 12.29873753 72.30930328
v 71.26232147 12.20345402 71.40271759
v 70.72558594 12.08969879 71.61346436
v 70.48208618 11.97618008 70.70227814
v 76.56162262 12.13166714 75.13555908
v 75.99420929 12.27027798 74.99533844
v 75.23921967 12.37466812 74.24822235
v 74.44107819 12.43291569 73.48612213
v 73.58189392 12.44173908 72.72282410
v 72.71916962 12.38736343 71.95693970
v 71.86508942 12.26863098 71.20100403
v 71.03431702 12.08652306 70.46752167
v 70.24443054 11.84322071 69.76560974
v 75.94252777 12.21444225 74.12876892
v 76.56340790 11.89567661 72.90169525
v 75.88326263 12.13261604 73.24941254
v 75.81726837 12.02454758 72.34602356
v 75.04384613 12.22066212 72.47364044
v 74.93892670 12.10228825 71.53892517
v 74.17430115 12.25544071 71.66584015
v 74.03573608 12.12276649 70.69436646
v 73.25234222 12.23475838 70.84912872
v 73.08515167 12.08683872 69.84375000
v 72.33947754 12.14715862 70.03348541
v 72.15082550 11.98396301 69.00232697
v 71.44793701 11.99553585 69.24230194
v 71.24382782 11.81873417 68.19709778
v 70.59151459 11.78401184 68.49512482
v 70.42788696 11.64415455 67.70487213
v 69.83989716 11.56074524 68.04650116
v 76.50680542 11.51817417 70.72114563
v 75.74363708 11.88576698 71.40252686
v 74.82782745 11.95097446 70.55353546
v 73.89317322 11.95635319 69.66642761
v 72.91704559 11.90585518 68.78108978
v 71.96377563 11.78943253 67.91590118
v 71.09092712 11.66570473 67.36960602
v 75.66127777 11.71144390 70.40244293
v 76.41013336 11.02401829 68.55930328
v 75.57019043 11.49689960 69.33052063
v 75.47197723 11.23769951 68.17347717
v 74.58803558 11.53380775 68.37926483
v 74.46215820 11.26044369 67.16744232
v 73.60038757 11.50965500 67.40139008
v 73.48818970 11.29702377 66.45717621
v 72.62175751 11.50019836 66.74862671
v 75.36842346 10.92949200 66.91834259
v 75.28760529 10.66118526 65.89460754
v 73.50431824 4.79346895 75.95718384
v 72.97956085 5.09781265 75.80921173
v 72.48453522 5.41244936 75.66623688
v 73.23670959 6.24079561 77.50212097
v 72.79402924 6.52696705 77.39739990
v 71.98591614 7.13940811 77.19153595
v 71.47018433 7.61474991 77.03690338
v 70.97311401 8.16973782 76.84187317
v 74.08813477 10.17184734 62.99439240
v 73.16703033 10.53802586 63.41283417
v 72.25779724 10.82528019 63.85351944
v 71.42034149 11.01722527 64.29972839
v 70.65336609 11.12396145 64.75958252
v 69.95970154 11.15343475 65.23137665
v 69.34600067 11.11159420 65.70432281
v 68.81887817 11.00430393 66.16834259
v 68.38309479 10.83731747 66.62269592
v 68.04092407 10.61342430 67.07388306
v 67.83065796 10.38740158 67.44672394
v 68.43537903 6.99201870 70.75999451
v 68.76995850 6.49251080 71.08164978
v 69.50897217 5.57437229 71.60302734
v 70.27689362 4.78989172 71.98763275
v 71.02513885 4.13595390 72.27345276
v 72.10781860 3.31646657 72.60276031
v 72.76395416 3.72455835 73.83519745
v 72.22194672 4.07760096 73.67761230
v 72.26595306 4.33889341 74.05538940
v 71.19474030 4.84259892 73.34845734
v 71.25866699 5.08634663 73.73079681
v 71.35049438 5.41443968 74.25755310
v 70.49860382 5.45470524 73.08776855
v 70.58064270 5.68419313 73.47968292
v 70.69696808 5.99333715 74.02019501
v 70.82451630 6.31059885 74.58891296
v 69.79452515 6.18827248 72.75308228
v 69.89844513 6.39989424 73.16139221
v 70.04399109 6.68482256 73.72319794
v 70.20133972 6.97693920 74.31294250
v 70.37183380 7.27394342 74.92537689
v 69.12590790 7.04608393 72.31045532
v 69.25373840 7.23612213 72.74334717
v 69.43092346 7.49142265 73.33577728
v 69.62021637 7.75241041 73.95429993
v 69.82292938 8.01681137 74.59390259
v 70.04034424 8.28230667 75.24944305
v 68.82640839 7.51293278 72.04002380
v 68.96609497 7.69113016 72.48862457
v 69.15889740 7.93003988 73.10030365
v 69.36382294 8.17367268 73.73657990
v 69.58219147 8.41980267 74.39263916
v 69.81525421 8.66616154 75.06352997
v 70.06394196 8.91023254 75.74363708
v 68.56295776 7.99567938 71.73567200
v 68.71392059 8.16171169 72.20230103
v 68.92152405 8.38367271 72.83592987
v 69.14119720 8.60924816 73.49226379
v 69.37422943 8.83628654 74.16674805
v 69.62185669 9.06259251 74.85469055
v 69.88500977 9.28572369 75.55076599
v 70.16439819 9.50307846 76.24922943
v 68.34614563 8.48315525 71.39968872
v 68.50737762 8.63714409 71.88657379
v 68.72840881 8.84218216 72.54472351
v 68.96138763 9.04958439 73.22330475
v 69.20755768 9.25729465 73.91806030
v 69.46810913 9.46321774 74.62463379
v 69.74398041 9.66501045 75.33805847
v 70.03591156 9.86017323 76.05296326
v 70.34471130 10.04627800 76.76407623
v 68.18651581 8.96390152 71.03479767
v 68.35660553 9.10642529 71.54405212
v 68.58914185 9.29516602 72.22916412
v 68.83342743 9.48487759 72.93202209
v 69.09063721 9.67362595 73.64876556
v 69.36193848 9.85943508 74.37541199
v 69.64823914 10.04009056 75.10742188
v 69.95030212 10.21322155 75.83988190
v 70.26896667 10.37652016 76.56796265
v 70.60582733 10.52843189 77.28780365
v 68.09294128 9.41890049 70.65707397
v 68.27011871 9.55129623 71.19019318
v 68.51177216 9.72536278 71.90383911
v 68.76490021 9.89886475 72.63218689
v 69.03060150 10.07000923 73.37178040
v 69.30998993 10.23697090 74.11909485
v 69.60395813 10.39768600 74.87008667
v 69.91330719 10.54994202 75.62036896
v 70.23886871 10.69157791 76.36563110
v 70.58219910 10.82104492 77.10239410
v 71.33026123 11.03880596 78.53881836
v 68.07061005 9.82341862 70.29566193
v 68.25288391 9.94801140 70.85295868
v 68.50099945 10.11032200 71.59521484
v 68.76023102 10.27038765 72.34871674
v 69.03160858 10.42658615 73.11050415
v 69.31615448 10.57726002 73.87755585
v 69.61477661 10.72052765 74.64639282
v 69.92826843 10.85436153 75.41323090
v 70.25748444 10.97677326 76.17436981
v 70.60392761 11.08623123 76.92674255
v 71.35619354 11.26129818 78.39486694
v 71.76629639 11.32366943 79.10667419
v 68.11356354 10.17640877 69.95792389
v 68.29919434 10.29556465 70.53942108
v 68.55142975 10.44909000 71.30995941
v 68.81433868 10.59855080 72.08789825
v 69.08887482 10.74251366 72.87084198
v 69.37597656 10.87951565 73.65631104
v 69.67652893 11.00788307 74.44147491
v 69.99134064 11.12580204 75.22323608
v 70.32128906 11.23148251 75.99854279
v 70.66780853 11.32342339 76.76483917
v 71.41775513 11.46077156 78.26143646
v 71.82526398 11.50280762 78.98815918
v 72.25771332 11.52400303 79.69914246
v 68.21360016 10.48547268 69.64152527
v 68.40116882 10.60125351 70.24733734
v 68.65560913 10.74857140 71.04595184
v 68.92020416 10.88985729 71.84774780
v 69.19581604 11.02389717 72.65091705
v 69.48329163 11.14944553 73.45362091
v 69.78348541 11.26506233 74.25370789
v 70.09722900 11.36917496 75.04886627
v 70.42540741 11.46021938 75.83677673
v 70.76938629 11.53673458 76.61540985
v 71.51138306 11.64054203 78.13749695
v 71.91323090 11.66433620 78.87776947
v 72.33873749 11.66626263 79.60266113
v 72.79042053 11.64374161 80.31097412
v 68.36756897 10.75513363 69.34362030
v 68.55577850 10.86942291 69.97398376
v 68.81067657 11.01286888 70.80062866
v 69.07513428 11.14817619 71.62583160
v 69.34989929 11.27436829 72.44845581
v 69.63572693 11.39044476 73.26734161
v 69.93344116 11.49522209 74.08111572
v 70.24388885 11.58740139 74.88829041
v 70.56797791 11.66566849 75.68737793
v 70.90695953 11.72861290 76.47693634
v 71.63568878 11.80258465 78.02182007
v 72.02897644 11.80999088 78.77442169
v 72.44447327 11.79451752 79.51205444
v 72.88456726 11.75357056 80.23335266
v 73.35279846 11.68311024 80.93591309
v 71.82305908 11.62008476 67.05035400
v 74.36532593 11.02188778 66.18444824
v 72.74891663 11.68929386 67.65298462
v 70.01255035 11.69036579 68.80072784
v 70.81066895 11.94701481 69.49964905
v 71.65514374 12.14503098 70.24184418
v 72.52910614 12.28096485 71.01606750
v 73.41781616 12.35217571 71.80562592
v 74.30906677 12.35768890 72.59230042
v 75.14363098 12.31019688 73.37206268
v 73.74765778 11.75302219 68.57202148
v 74.71041870 11.76274490 69.50418854
v 70.97505951 12.18423843 72.50198364
v 71.73171234 12.37326622 73.19190979
v 71.23112488 12.26018143 73.37103271
v 71.97461700 12.42790127 74.05552673
v 71.49472809 12.31786251 74.22401428
v 72.22425079 12.46336651 74.90499115
v 71.76679230 12.35750484 75.06425476
v 72.48114014 12.47876930 75.74342346
v 72.91197968 4.72376585 75.26167297
v 72.51192474 12.49844265 73.89393616
v 73.29829407 12.56223774 74.60979462
v 74.07453918 12.56654263 75.33795929
v 74.94398499 12.48454666 76.92898560
v 75.55824280 12.35857868 77.68843842
v 72.73593140 12.53266239 74.75159454
v 73.49668121 12.57635880 75.46249390
v 72.96509552 12.54582214 75.59792328
v 73.90048218 12.52992344 77.14808655
v 73.43868256 12.50082874 77.26795197
v 74.10577393 12.46497726 77.98358917
v 74.40207672 12.52580833 77.03615570
v 75.05902863 12.42582417 77.78130341
v 75.61656189 12.27475929 78.54315186
v 74.56407166 12.46194935 77.88052368
v 74.72518158 12.36612701 78.71740723
v 75.16902924 12.33405876 78.62754059
v 75.66539001 12.15494823 79.38835907
v 75.27404785 12.20717621 79.46328735
v 75.70558929 11.99828148 80.22164917
v 73.61965942 12.12530327 79.89212799
v 74.20780182 12.03254890 80.57350159
v 73.97754669 11.98648262 80.65037537
v 74.74561310 11.86606407 81.26650238
v 66.70420074 9.35070229 66.34521484
v 67.04485321 9.70956993 65.69472504
v 66.05247498 10.44125175 64.72798157
v 66.26152039 10.74566746 64.01356506
v 66.44383240 11.01422310 63.26680374
v 66.59954834 11.24703979 62.48979187
v 68.78291321 10.56560230 62.81277466
v 68.90777588 10.76793385 61.96742249
v 69.00472260 10.93278980 61.09769821
v 69.07495117 11.06170654 60.20750427
v 71.21623993 10.21214008 60.37387466
v 71.25384521 10.30105305 59.43891144
v 71.26642609 10.35617352 58.49307251
v 73.33663177 9.32135391 58.59310532
v 73.28429413 9.31683254 56.77430725
v 75.24922943 8.10105896 56.85108948
v 77.09960938 6.75226545 56.93840027
v 77.18051147 6.81756830 58.79092026
v 78.82488251 5.29340267 57.02413559
v 78.92326355 5.38828278 58.87575531
v 80.41777802 3.74916673 57.09191895
v 80.53693390 3.86735225 58.92985916
v 81.87503815 2.14093161 57.11832047
v 82.01834869 2.27161312 58.92796707
v 82.67307281 1.16099095 57.10103607
v 82.83132935 1.29300761 58.88553238
v 83.43022919 0.14603531 57.04981995
v 83.60273743 0.27519271 58.80139542
v 84.14766693 -0.91149485 56.95724869
v 84.33264923 -0.78903931 58.66697311
v 84.82392120 -2.01420379 56.82178879
v 85.01860046 -1.90170956 58.48049545
v 85.45585632 -3.16161060 56.64557266
v 85.65657043 -3.06161022 58.24443054
v 85.50583649 -3.25809216 56.62931061
v 85.71946716 -3.18385506 58.21736526
v 86.03951263 -4.35191441 56.43099976
v 86.24183655 -4.26634407 57.96155167
v 86.56724548 -5.57747459 56.18183136
v 86.76662445 -5.50824499 57.63622665
v 87.03160095 -6.82791138 55.90755081
v 87.22346497 -6.77660751 57.27951050
v 87.31278992 -7.75948286 55.60267639
v 87.55665588 -7.87947083 56.96006012
v 87.30272675 -6.77839947 58.00792313
v 87.74111176 -8.08464432 58.40784836
v 87.36298370 -6.80385065 58.72998810
v 87.40230560 -6.85528755 59.44369507
v 86.94743347 -5.57257128 59.93486023
v 87.24739838 -6.41258430 60.24632645
v 87.01264954 -5.75513268 60.32179260
v 86.88573456 -5.42698383 60.40330124
v 86.73550415 -5.05865574 60.53379059
v 86.41857910 -4.31776190 60.38383102
v 86.56528473 -4.66568375 60.72923279
v 86.39305878 -4.29448748 60.98559570
v 85.90810394 -3.26529527 60.72708511
v 86.22986603 -3.97138190 61.30170822
v 85.92052460 -3.35780358 61.54487610
v 86.08241272 -3.71439123 61.68473434
v 85.82793427 -3.18126297 61.60435486
v 85.95095062 -3.54425836 62.19284439
v 85.80386353 -3.29744363 62.41889191
v 85.90451813 -3.48700547 62.34936523
v 85.89605713 -3.52479553 62.54586792
v 76.17345428 7.54786015 58.37589264
v 76.12911224 7.56424141 59.77056503
v 77.18946838 6.80559254 59.77695084
v 77.17184448 6.75735140 60.75544739
v 78.94182587 5.39230061 59.86198044
v 78.93380737 5.35994816 60.84146118
v 80.56715393 3.88455129 59.90914154
v 80.57107544 3.86571336 60.88226318
v 82.06232452 2.29682088 59.89218521
v 82.08049774 2.28681850 60.85058212
v 82.88390350 1.32002819 59.83621597
v 82.91105652 1.31258428 60.78118515
v 83.66365051 0.30203342 59.73433304
v 83.69961548 0.29535943 60.66160583
v 84.40106201 -0.76417547 59.57737350
v 84.44511414 -0.77166504 60.48211670
v 85.09319305 -1.88031709 59.36343765
v 85.14414215 -1.88990963 60.24070358
v 85.73557281 -3.04481483 59.09516144
v 85.79182434 -3.05744100 59.94016266
v 85.80558777 -3.18083262 59.06118011
v 85.86912537 -3.20714164 59.89847183
v 86.32312012 -4.25497198 58.77551651
v 86.38269806 -4.27127409 59.58364105
v 86.84799957 -5.50312471 58.40915298
v 86.90892792 -5.52375746 59.17604446
v 76.06980133 7.47826433 61.16201019
v 77.12580109 6.67041397 61.72297287
v 78.89731598 5.28868580 61.81101227
v 80.54672241 3.80821776 61.84627533
v 82.07083893 2.23893833 61.80045700
v 82.91075897 1.26799762 61.71785736
v 83.70860291 0.25249556 61.58075333
v 84.46277618 -0.81416559 61.37886810
v 85.16942596 -1.93311214 61.11006165
v 85.82328033 -3.10206485 60.77728271
v 76.00937653 7.42571115 61.76306152
v 77.04952240 6.54234982 62.67609787
v 78.83045197 5.17597294 62.76744080
v 80.49213409 3.70944452 62.79823685
v 82.03134918 2.15051317 62.73909760
v 82.88098145 1.18359017 62.64366150
v 83.68856812 0.17076664 62.48933029
v 84.45200348 -0.89433497 62.26528168
v 85.16699982 -2.01254988 61.96926498
v 75.70325470 7.19502401 63.53642273
v 76.94133759 6.37094545 63.61123657
v 78.73144531 5.01947784 63.70731735
v 80.40547180 3.56697083 63.73489761
v 81.96013641 2.01906347 63.66344070
v 82.81982422 1.05686700 63.55564880
v 83.63760376 0.04767616 63.38449478
v 84.41086578 -1.01465642 63.13864136
v 85.13493347 -2.13067651 62.81571198
v 76.80018616 6.15485620 64.52420807
v 75.35634613 6.74079657 65.25627899
v 76.62516022 5.89295340 65.41069031
v 75.16171265 6.37758160 66.17639160
v 76.41534424 5.58410931 66.26634979
v 76.17005920 5.22747755 67.08715820
v 78.23035431 4.27309752 66.38304901
v 77.99202728 3.92793679 67.21194458
v 79.94075775 2.86181903 66.40712738
v 79.71393585 2.52962708 67.23631287
v 81.54306793 1.35006428 66.30448151
v 81.33223724 1.03057611 67.12496948
v 82.43454742 0.40591785 66.16285706
v 82.23472595 0.09358391 66.97322083
v 83.28531647 -0.58687097 65.94451141
v 83.09719849 -0.89199978 66.74047089
v 84.09137726 -1.63368618 65.63665009
v 83.91524506 -1.93127477 66.41348267
v 84.84704590 -2.73420429 65.23651123
v 84.68288422 -3.02362204 65.98939514
v 85.54554749 -3.88454890 64.74758911
v 85.39314270 -4.16486216 65.47177887
v 86.11635590 -5.04462528 64.34227753
v 86.03890228 -5.35023880 64.86458588
v 86.22418976 -5.51043272 64.47567749
v 86.34194946 -5.98891068 64.53413391
v 85.86436462 -5.66228580 65.52483368
v 86.46667480 -6.46861458 64.52433014
v 86.45056152 -6.87044191 64.79778290
v 86.59706879 -6.93639851 64.44837952
v 86.73480225 -7.39003086 64.30742645
v 86.87821198 -7.81648540 64.10482788
v 86.95679474 -8.10142231 64.00003052
v 87.02687073 -8.20680428 63.84212112
v 87.17879486 -8.54877663 63.52203369
v 86.77692413 -8.42093849 64.55435944
v 87.47346497 -9.78976536 62.94237900
v 87.20324707 -10.38203716 63.70484543
v 86.56584167 -8.77808094 65.07668304
v 86.94585419 -10.88779545 64.22547913
v 86.32331848 -9.17299652 65.56479645
v 86.05036926 -9.60419464 66.01763153
v 85.47367859 -8.46682167 66.95167542
v 85.14970398 -8.96274948 67.39535522
v 84.47652435 -7.86357069 68.27053070
v 84.10253143 -8.42226410 68.69615936
v 83.34346008 -7.36913776 69.48588562
v 82.92270660 -7.98608112 69.88600922
v 82.08765411 -6.97988319 70.57784271
v 81.62796021 -7.64428329 70.94935608
v 80.72752380 -6.68498659 71.53358459
v 80.23845673 -7.38375998 71.87564087
v 79.28296661 -6.47222137 72.34355164
v 78.29566956 -5.59294081 72.68648529
v 77.28384399 -4.74463272 72.91985321
v 75.52349854 -3.36557341 73.11160278
v 73.72454071 -2.05017066 73.10585022
v 71.89046478 -0.78473705 72.94552612
v 70.01972961 0.44103336 72.65636444
v 68.10914612 1.63566053 72.25630188
v 66.15812683 2.79880714 71.74491882
v 64.17098999 3.92159224 71.10779572
v 62.59643173 4.76241589 70.50756836
v 62.17039490 4.98152304 70.32849884
v 62.65238571 5.65071535 69.98063660
v 60.92556000 5.59863091 69.75933075
v 61.39068604 6.24028063 69.42401123
v 59.70507431 6.16700840 69.12786102
v 60.15089417 6.77871656 68.80657196
v 58.51906204 6.67065525 68.41307831
v 58.94238281 7.25051880 68.10693359
v 58.22293091 6.85718346 68.15372467
v 58.04780960 7.54577923 67.48232269
v 57.98921585 7.02576733 67.91429901
v 57.69709396 7.16463470 67.65219879
v 56.93993759 7.41558409 66.94616699
v 57.35047531 7.96844292 66.63866425
v 58.41915894 8.05477428 67.16562653
v 57.90523148 8.68571281 66.16077423
v 58.76388550 8.52594376 66.82620239
v 59.08690643 8.96608734 66.46357727
v 60.03752899 8.74609280 67.04244995
v 60.35801697 9.18224907 66.63649750
v 61.64996338 8.83536530 67.25533295
v 61.96950531 9.27393246 66.79620361
v 63.29793167 8.88138580 67.31430054
v 63.61279297 9.31992531 66.79840088
v 64.96593475 8.88925457 67.23969269
v 65.27185822 9.32289124 66.66441345
v 65.95157623 8.54009056 67.52982330
v 66.33913422 8.95999336 66.95703125
v 74.98611450 5.94826365 67.02613068
v 75.88944244 4.82333946 67.87029266
v 77.71735382 3.53379869 68.00324249
v 79.45014191 2.14766169 68.02824402
v 81.08422852 0.66130596 67.90883636
v 81.99780273 -0.26811710 67.74750519
v 82.87223053 -1.24574363 67.50105286
v 83.70270538 -2.27637076 67.15583801
v 84.48300171 -3.35907626 66.70889282
v 85.20597076 -4.48937845 66.16387939
v 74.83858490 5.45501709 67.81063080
v 74.72812653 4.90000391 68.53503418
v 75.57386017 4.37225723 68.61322021
v 74.66276550 4.28434086 69.20373535
v 75.22367859 3.87479424 69.31340027
v 74.65103149 3.61037803 69.81724548
v 74.83936310 3.33166003 69.96868134
v 74.70176697 2.88812971 70.37062073
v 74.82173920 2.13058877 70.85977173
v 76.25866699 1.47384667 70.73784637
v 74.82799530 1.87144554 71.02574921
v 75.80793762 0.84365630 71.30518341
v 75.32557678 0.17126600 71.82450867
v 74.81385040 -0.54021156 72.29588318
v 72.98130798 0.73077172 72.13080597
v 72.44600677 -0.01364020 72.55849457
v 70.57052612 1.20925558 72.26940155
v 73.49146271 1.44182825 71.65946960
v 71.09854126 1.94737005 71.84360504
v 68.64905548 2.39269686 71.87284088
v 71.60029602 2.65063620 71.37628937
v 69.65094757 3.80347991 70.99343109
v 67.64650726 4.89818430 70.51155090
v 68.08631897 5.52319765 70.02674103
v 66.40714264 7.07585669 68.95288086
v 66.01493835 6.51821804 69.45310211
v 65.59632111 5.92551136 69.91759491
v 65.15021515 5.29625082 70.34725189
v 67.17835236 4.23555422 70.95835114
v 64.67549133 4.62882566 70.74346924
v 66.68209076 3.53559732 71.36882782
v 66.77396393 7.59988308 68.41618347
v 67.11644745 8.09175110 67.84225464
v 58.37079239 6.50512695 68.48152924
v 58.39641571 6.55055332 68.45750427
v 58.39995193 6.59795237 68.42347717
v 58.36975861 6.68483400 68.34634399
v 81.15494537 -8.32366180 71.27990723
v 82.02530670 -9.28480721 70.56138611
v 82.84265137 -10.26014709 69.72526550
v 83.60099792 -11.24266911 68.77792358
v 84.29238892 -12.21785069 67.74035645
v 85.54066467 -13.21986008 65.78952026
v 86.00415802 -12.50801945 65.41036987
v 85.06314087 -11.09572315 67.15720367
v 84.68611908 -11.64784622 67.46501160
v 85.41864014 -10.56783009 66.81434631
v 86.45478058 -11.76806355 64.93902588
v 85.74835968 -10.06977272 66.43441010
v 87.64481354 -9.34615707 62.21715164
v 87.47834778 -9.02484226 62.71920395
v 87.33123016 -8.82820988 63.14620972
v 87.76985168 -8.91881752 61.32935333
v 87.70916748 -9.06597328 61.77967072
v 87.60935974 -9.11228085 62.25478363
v 87.81419373 -8.67076588 60.68677139
v 87.76271820 -8.56433868 60.94980621
v 87.76287842 -8.87564659 61.32963943
v 87.71421051 -8.17311954 60.65756607
v 87.81694031 -8.32760715 59.54397964
v 87.62747955 -7.73611021 60.45058823
v 87.41875458 -6.93503618 60.14702606
v 87.45672607 -7.07949066 60.28349304
v 86.79595947 -6.93409443 54.53117752
v 86.89823914 -7.65972948 53.75355911
v 86.53156281 -7.07649612 53.16056061
v 86.13937378 -7.58316755 50.89136124
v 86.24849701 -7.24252605 51.80261230
v 85.92336273 -7.09243250 50.84421921
v 85.74518585 -6.06641197 51.83039856
v 85.73873138 -6.69506502 50.79874039
v 85.57903290 -6.36581278 50.75553513
v 85.25103760 -5.72582960 50.65649796
v 85.19355011 -4.91099501 51.85231400
v 85.50067139 -4.69329929 53.36832809
v 84.93750763 -3.59006977 53.44448471
v 85.23916626 -3.40135956 55.03533554
v 85.20182037 -3.33032441 55.04353333
v 84.69643402 -4.72450161 50.47901535
v 84.61346436 -3.80768847 51.86398315
v 84.91269684 -3.54384446 53.44731140
v 84.57350922 -2.19964719 55.16037750
v 84.15856934 -3.82456136 50.30794907
v 84.60121918 -3.78542185 51.86410904
v 84.28620148 -2.43309212 53.50530243
v 83.90485382 -1.11084974 55.24539948
v 83.97532654 -2.69684935 51.86416245
v 83.63946533 -3.01156902 50.14260483
v 83.14082336 -2.27620220 49.98310852
v 83.31718445 -1.64483094 51.85123444
v 82.18727112 -0.97830433 49.67500687
v 82.62676239 -0.62719834 51.82416916
v 81.90224457 0.36071375 51.78353500
v 82.19162750 0.67206794 53.54018402
v 81.41845703 1.64610755 53.51007462
v 81.66864777 1.92372954 55.30874252
v 80.23294830 3.54053831 55.25502014
v 81.18372345 0.25593087 49.34496307
v 81.13893890 1.32758307 51.73266602
v 79.85028839 2.87113786 51.77376938
v 80.00112152 3.26681542 53.43137360
v 79.16453552 4.04024458 53.05440903
v 78.75709534 4.62762356 53.65267563
v 80.92037964 0.57089704 49.28032684
v 80.79669189 0.73218083 49.28549957
v 80.38787842 1.75312304 50.48906326
v 78.30262756 5.21151876 54.20739365
v 78.65856171 5.10513735 55.17396927
v 77.79947662 5.78895283 54.71046066
v 77.24929810 6.35560703 55.15522003
v 76.65671539 6.90597010 55.53584290
v 76.03453064 7.43067884 55.84785461
v 75.39811707 7.92072105 56.08884048
v 74.76317596 8.37055874 56.26347733
v 74.14369965 8.77731323 56.37860870
v 73.54492950 9.14392853 56.44298935
v 72.41835022 9.77195072 56.45153046
v 71.22829437 10.37568951 56.70901108
v 71.39258575 10.28110981 56.33684540
v 70.47003174 10.69217110 56.13249969
v 69.12068176 11.25474548 56.64622498
v 69.64861298 11.02166843 55.86303329
v 68.92056274 11.28389072 55.54437256
v 68.27606201 11.49053860 55.18687820
v 68.33999634 11.53023148 56.64983749
v 68.35398865 11.50150490 58.10759735
v 69.14084625 11.21883774 58.38235474
v 69.11986542 11.15646267 59.30100250
v 68.31300354 11.39786434 59.54602432
v 68.21176147 11.21259594 60.94908524
v 68.19794464 11.18902397 61.08850098
v 66.72880554 11.44423866 61.68462753
v 65.24958801 11.77077484 61.56684875
v 65.21849060 11.58600044 62.24674225
v 63.95939636 11.88314629 61.81235886
v 63.84167862 11.84988689 61.96868515
v 63.13508606 11.90223694 61.98511124
v 63.68469620 11.63317299 62.68380737
v 62.31608963 11.82297325 62.31439972
v 62.13813782 11.58623123 62.96404266
v 61.36750793 11.75741768 62.40106964
v 61.10365677 11.66852474 62.58020401
v 60.79668427 11.63978577 62.55347061
v 60.90877914 11.41297626 63.16984177
v 60.29882812 11.25512314 63.29626846
v 60.69438171 11.12956810 63.72850037
v 59.73447418 10.74131584 64.08392334
v 60.46221161 10.82071018 64.25655365
v 60.21433640 10.48923683 64.75464630
v 61.47790909 10.69958591 64.72406006
v 61.22042465 10.35178947 65.24761963
v 62.82489395 10.44906139 65.22936249
v 62.55691528 10.08068848 65.78396606
v 64.18595886 10.12133408 65.66517639
v 63.90921402 9.73380852 66.24875641
v 65.55607605 9.72769070 66.05384827
v 66.95144653 11.48783207 61.27741623
v 66.22478485 11.62673092 61.39645767
v 62.22990799 11.86392498 62.18958282
v 59.95281601 10.13798523 65.22340393
v 58.78856277 9.74247646 65.25315857
v 59.67896652 9.76875973 65.66359711
v 59.39113235 9.37924290 66.07651520
v 60.66060257 9.59330940 66.20292664
v 86.00865936 -4.55074167 64.10308838
v 85.93053436 -4.15438843 63.80373764
v 85.66397858 -3.64752054 63.99467850
v 85.88000488 -3.83702207 63.43716049
v 85.74964905 -3.45234084 63.21705627
v 85.86553192 -3.61656833 63.00426102
v 65.81685638 10.10127163 65.40827179
v 64.44117737 10.47995758 65.04768372
v 64.67303467 10.80713463 64.39628601
v 63.07335281 10.79083347 64.64205933
v 63.30034256 11.10332394 64.02181244
v 61.71798706 11.02304173 64.16921234
v 61.93862915 11.31937408 63.58261108
v 65.54300690 8.09300041 68.06352997
v 65.11291504 7.61798525 68.55905151
v 64.66024017 7.11353827 69.01757050
v 64.18388367 6.57806015 69.44029236
v 63.68250275 6.00966501 69.82852173
v 63.15412521 5.40553951 70.18376923
v 64.63947296 8.42841053 67.77960968
v 64.29149628 7.93897915 68.28494263
v 62.96343231 8.41651535 67.79737854
v 63.92047501 7.41882944 68.75669098
v 62.60749054 7.92279720 68.24879456
v 61.31068420 8.36983013 67.68476105
v 63.52488327 6.86583090 69.19586182
v 62.22829819 7.39771414 68.66966248
v 60.94961166 7.87446451 68.08573914
v 59.69687271 8.28168106 67.42214203
v 63.10300064 6.27759600 69.60346985
v 61.82376862 6.83836079 69.06108856
v 60.56431580 7.34589624 68.45941925
v 59.33332825 7.78523922 67.77677155
v 65.06179047 11.36036491 62.99418640
v 64.87998962 11.10074425 63.71129227
v 63.50423813 11.38428307 63.36866760
v 77.05927277 2.59936643 69.46150970
v 76.67627716 2.05977178 70.12310028
v 78.81094360 1.23385394 69.48767090
v 78.43553925 0.70218617 70.14924622
v 80.47509766 -0.22825915 69.35330200
v 80.11361694 -0.74883223 70.00760651
v 81.41065979 -1.14183557 69.17419434
v 81.05990601 -1.65435338 69.82017517
v 82.30941010 -2.10172129 68.90235901
v 81.97087860 -2.60463929 69.53662109
v 83.16585541 -3.11203742 68.52346802
v 82.84073639 -3.60343289 69.14232635
v 83.97334290 -4.17122269 68.03439331
v 83.66267395 -4.64883137 68.63411713
v 84.72450256 -5.27417803 67.43900299
v 84.42928314 -5.73541689 68.01596069
v 85.41197205 -6.41542673 66.74149323
v 85.13317108 -6.85745764 67.29217529
v 86.02835846 -7.58767843 65.94798279
v 85.76712036 -8.00768185 66.46891022
v 77.40640259 3.09087729 68.75405884
v 79.14920807 1.71578360 68.77974701
v 80.79864502 0.24183410 68.65273285
v 81.72327423 -0.67973894 68.48229980
v 82.60982513 -1.64876378 68.22282410
v 83.45312500 -2.66971207 67.86029816
v 84.24671936 -3.74134922 67.39167023
v 84.98332214 -4.85888767 66.82068634
v 85.65561676 -6.01709652 66.15148163
v 86.25608826 -7.20865679 65.39011383
v 78.43243408 4.56933498 65.51972198
v 80.13093567 3.14459205 65.54412079
v 81.71723938 1.62037635 65.45096588
v 82.59788513 0.66960937 65.32005310
v 83.43727875 -0.32953918 65.11681366
v 84.23187256 -1.38272130 64.82892609
v 84.97628021 -2.48990512 64.45375061
v 78.59912109 4.81769657 64.62627411
v 80.28545380 3.37916470 64.65177917
v 81.85585022 1.84286368 64.56900787
v 82.72588348 0.88606626 64.44937897
v 83.55427551 -0.11855795 64.26190186
v 84.33792877 -1.17691493 63.99472427
v 85.07180023 -2.28926206 63.64534760
v 74.27812958 -1.28347385 72.72191620
v 76.59702301 -1.87369001 72.31291962
v 77.10294342 -1.16820300 71.84556580
v 78.82032013 -2.58731747 71.68089294
v 79.28411102 -1.93130946 71.17236328
v 80.25153351 -2.82011580 70.96908569
v 80.67279053 -2.21481013 70.41881561
v 81.59603119 -3.15498924 70.12414551
v 76.06816864 -2.60937619 72.73378754
v 77.81285858 -4.00393629 72.55146027
v 78.81288147 -4.86383247 72.32544708
v 79.78678894 -5.75696135 71.99129486
v 77.57968140 -0.50141811 71.32899475
v 78.02449799 0.12290356 70.76329041
v 69.16364288 3.11618710 71.45265198
v 62.27135849 9.68839359 66.30610657
v 60.94755173 9.98243332 65.74036407
v 78.32762146 -3.28129959 72.13965607
v 79.79835510 -3.46718121 71.46994019
v 81.18714142 -3.74960518 70.66383362
v 82.47956085 -4.14137888 69.71537781
v 79.71591949 -1.31749845 70.61428070
v 79.31645203 -4.15161657 71.92112732
v 80.27732849 -5.05766630 71.59616852
v 81.20343018 -6.00152493 71.14942169
v 82.45336151 0.94526994 55.31585693
v 83.19799805 -0.06361986 55.29680252
v 80.74649048 -4.38532066 71.15460968
v 82.08460236 -4.72270441 70.24152374
v 83.31645203 -5.17172432 69.18934631
v 82.92546082 -0.32768717 53.55199432
v 81.65814972 -5.34423733 70.71965027
v 82.52626038 -6.34096622 70.16194153
v 83.62342072 -1.36143696 53.54067993
v 82.93690491 -5.73680210 69.69898987
v 84.09928894 -6.24028444 68.55014801
v 82.48087311 -8.62793541 70.24341583
v 83.70147705 -9.01340389 69.07877350
v 84.79687500 -9.49311543 67.79903412
v 83.73664856 -6.78583860 69.04048157
v 83.27927399 -9.62903404 69.42077637
v 84.41757202 -10.05465508 68.16242218
v 84.82070923 -7.34107065 67.80219269
v 84.01698303 -10.64045048 68.48776245
v 85.78665924 -4.50174189 54.89687347
v 86.32052612 -5.70633936 54.72348022
v 86.04280090 -5.87405491 53.27072144
v 76.25255585 8.55148220 61.37867355
v 76.23164368 9.28177834 63.11827850
v 76.37487793 9.47474384 64.32499695
v 76.35795593 10.08619785 65.78411865
v 76.57133484 10.53425026 68.09378052
v 76.49903107 10.81822395 68.48157501
v 76.66580200 10.98209000 69.97235107
v 76.57664490 11.19705009 70.09405518
v 76.63204956 11.49355507 71.58375549
v 76.13623810 8.41772747 60.44422150
v 76.67115784 11.83852959 73.99272919
v 76.66143036 11.69864655 72.86518097
v 76.73841095 11.35942841 71.90768433
v 76.60174561 11.98556614 76.88808441
v 76.65670013 11.95456409 75.43213654
v 76.76750946 11.72327709 74.85543060
v 76.77074432 11.63289165 73.87547302
v 76.49927521 11.92223263 78.33313751
v 76.42492676 11.84957409 79.08239746
v 76.32726288 11.73937798 79.88970947
v 76.19749451 11.57898140 80.78327942
v 76.36579132 11.47150707 80.31167603
v 76.55057526 11.67968655 78.83747101
v 76.67521667 11.77947426 77.35877228
v 76.74176025 11.78232098 76.01120758
v 76.12560272 8.12464333 63.13578796
v 76.17868805 8.58539104 64.59903717
v 76.26570892 9.20188141 66.66851807
v 76.32163239 9.55221558 67.93789673
v 76.37207031 9.85362434 69.11174774
v 76.41483307 10.10753155 70.18428802
v 76.44846344 10.31900597 71.17246246
v 76.47126007 10.49011993 72.08486938
v 76.48339844 10.62378502 72.92266083
v 76.48661804 10.72581291 73.68670654
v 76.48262024 10.80186844 74.38243103
v 76.47278595 10.85689354 75.01899719
v 76.43852997 10.91616917 76.14482117
v 76.38956451 10.92223167 77.09152222
v 76.36160278 10.91105175 77.50456238
v 76.30307770 10.87104893 78.21923828
v 76.24509430 10.81827736 78.80448151
v 76.16076660 10.72785378 79.52362823
v 76.08511353 10.63761139 80.07928467
v 75.88391876 10.40284157 81.41081238
v 75.81965637 10.24105263 81.50307465
v 75.82892609 10.26406574 81.48823547
v 75.63904572 9.51543236 80.97245026
v 75.76702118 10.05142593 81.39737701
v 75.79874420 10.17562866 81.49220276
v 75.22679901 7.47800064 79.52929688
v 75.42063904 8.54921722 80.35762024
v 75.55247498 8.99447823 80.27326202
v 75.49530792 8.66129684 79.88732910
v 75.43077087 8.25460339 79.40323639
v 75.35731506 7.74903440 78.79021454
v 75.27565765 7.12874508 78.02358246
v 75.10102081 6.19199371 77.68621826
v 75.24665833 6.89217234 77.72431183
v 75.18555450 6.36317444 77.04149628
v 75.15335846 6.06645203 76.65269470
v 75.08551788 5.39540386 75.76867676
v 74.93708038 4.80046034 76.37269592
v 75.05019379 5.01779413 75.26882172
v 74.97224426 4.60519505 75.37087250
v 75.01408386 4.60899782 74.72426605
v 74.97721100 4.16324377 74.12672424
v 74.93975067 3.67308140 73.46749878
v 74.90207672 3.13190722 72.73806763
v 74.84004211 2.78372669 72.97498322
v 74.86462402 2.53327346 71.92801666
v 75.52645874 9.04361534 80.69107819
v 75.60252380 9.26721478 80.58017731
v 75.65854645 9.55340481 80.89269257
v 75.72379303 9.86253262 81.21557617
v 75.81076050 10.21549511 81.50588989
v 75.84452057 10.29671097 81.44277191
v 75.89350128 10.37836552 81.22604370
v 75.96239471 10.47740555 80.85369873
v 76.02536011 10.56168652 80.47383881
v 74.26293945 5.76940250 48.48105621
v 73.71977234 5.99881268 48.09832382
v 74.07579041 5.91821861 48.45339203
v 73.70208740 6.12238884 48.24916458
v 74.06183624 6.03521442 48.53061295
v 73.72911835 6.28640652 48.35263062
v 74.06887817 6.13650417 48.57283401
v 73.79670715 6.46571350 48.39284897
v 74.10095215 6.27078152 48.59946442
v 73.89450073 6.63281298 48.36365891
v 74.15576172 6.40053511 48.59461975
v 74.38874817 6.42839670 48.72192764
v 74.44528198 6.30385733 48.86209106
v 74.79040527 6.34500551 49.21786880
v 74.69405365 6.25637245 49.17908478
v 74.89131927 6.26189470 49.53365326
v 74.85475159 6.12917471 49.56182861
v 74.99670410 6.18765640 49.94877243
v 75.00112152 6.05016804 49.97729111
v 75.08049774 6.16192484 50.38745880
v 75.11408997 6.06160021 50.41795731
v 75.12006378 6.22669029 50.83467484
v 75.19549561 6.12076092 50.88987732
v 75.12094879 6.33930063 51.30338669
v 75.30091858 6.03894854 50.93634415
v 75.16793823 6.37409019 51.53773117
v 74.96939087 6.59074211 51.67414093
v 74.87837982 6.76848316 52.03731918
v 74.74536133 6.86408138 51.98670578
v 74.45674133 7.14800453 52.22851181
v 74.69302368 6.92879152 51.87239838
v 74.41983032 7.19690657 52.10171509
v 74.67386627 6.99578810 51.78668213
v 74.41062164 7.25333881 52.00771332
v 74.67953491 7.09761238 51.68880463
v 74.42543793 7.34490633 51.90179443
v 74.71772003 7.20952845 51.61107254
v 74.46820068 7.45092869 51.81935120
v 74.46343231 7.58656263 51.80941391
v 74.17366028 7.69083500 51.96037674
v 73.96485138 7.95928478 51.97452164
v 73.84574127 7.91950464 52.02774048
v 73.49741364 8.12810230 52.01773071
v 73.43560028 8.04143715 52.10465622
v 73.07424164 8.22914505 52.01658249
v 73.01005554 8.17656326 52.12411118
v 72.64537811 8.33689117 51.95309067
v 72.58860016 8.32491779 52.04071045
v 72.30461121 8.42660809 51.84188080
v 72.22557831 8.44687653 51.94768524
v 71.95220184 8.52201939 51.69161224
v 72.15919495 8.49995899 52.05083847
v 71.67693329 8.61510181 51.55020905
v 71.71181488 8.56388569 51.39727783
v 71.51161957 8.57115555 51.07202530
v 71.81680298 8.53782082 51.32069016
v 71.62691498 8.54474640 51.01234818
v 71.90127563 8.54154301 51.26096725
v 71.71842957 8.54820919 50.96417999
v 72.00641632 8.57770824 51.18902588
v 71.83072662 8.58407307 50.90399170
v 72.10167694 8.64577484 51.12670517
v 71.93068695 8.65187931 50.84934998
v 71.99544525 8.72425842 50.81324005
v 71.80026245 8.62831879 50.55175400
v 71.77958679 8.65007973 50.21173096
v 71.71264648 8.57610321 50.24207306
v 71.66926575 8.49665642 49.92882919
v 71.60631561 8.50527096 50.28033066
v 71.56137848 8.42278194 49.95899200
v 71.48416901 8.46558189 50.31528091
v 71.43672180 8.37915611 49.98114777
v 71.38293457 8.45878983 50.33853149
v 71.33301544 8.36887169 49.99162674
v 71.25348663 8.48074818 50.36159134
v 71.20003510 8.38609600 49.99578476
v 71.11343384 8.51379108 50.27909470
v 71.07434082 8.30446243 49.60921097
v 71.31348419 8.24908543 49.64954758
v 75.05283356 6.39281416 49.78633118
v 75.02984619 6.31914997 49.91119766
v 75.07276917 6.29533625 50.34296799
v 75.08589935 6.32078886 50.78823090
v 75.04904175 6.43318510 51.22576141
v 75.10400391 6.42458344 50.29593658
v 75.16271210 6.55958843 50.38134384
v 75.16385651 6.57105064 50.41138840
v 75.10852051 6.57441044 50.67216110
v 75.09320831 6.85205030 50.98585129
v 75.04315186 6.76162100 51.02564621
v 74.91162109 6.97649431 51.34291840
v 74.87703705 6.85920143 51.41455841
v 74.85308838 7.20385265 51.46855927
v 73.40944672 8.28435707 51.94583511
v 73.14377594 8.30969334 51.93192291
v 72.72274780 8.38233185 51.85293579
v 72.37151337 8.43462658 51.76218033
v 72.04501343 8.49800968 51.59952927
v 72.85736847 8.53347778 51.72723389
v 72.80022430 8.45759773 51.77259064
v 72.45893860 8.47566319 51.66996765
v 72.12121582 8.50326538 51.52920914
v 72.54270935 8.54757214 51.59456635
v 72.36894989 8.68379879 51.33570480
v 72.30775452 8.61065578 51.37717438
v 71.73889160 8.46880150 49.59503555
v 71.55492401 8.30879116 49.64439774
v 71.31835175 8.62017250 50.94425583
v 71.35794067 8.54302502 50.72364044
v 71.48145294 8.51799297 50.68193436
v 71.57859039 8.52249241 50.64601898
v 71.69659424 8.55955601 50.59827805
v 72.52468109 8.33977890 52.15813446
v 72.72489929 8.28194332 52.40520477
v 72.92316437 8.16391182 52.34773636
v 73.32895660 7.97525883 52.58621597
v 73.33290863 7.94832611 52.45158768
v 73.73625946 7.70117188 52.46670914
v 73.73768616 7.71974373 52.32921219
v 74.09718323 7.46415663 52.25633621
v 74.09974670 7.51001120 52.15711975
v 73.92053223 7.60247993 52.58342361
v 74.11585999 7.43088198 52.39097214
v 74.45088196 7.18931103 52.39460373
v 75.18865967 5.94611549 50.44927979
v 75.26567841 5.79469633 50.27904510
v 75.10067749 5.82339478 49.99841309
v 75.06721497 5.66210461 49.61588287
v 74.93766785 5.75685406 49.55572510
v 74.72441101 5.65282536 49.00031281
v 74.70618439 5.75048256 49.13977051
v 74.41466522 5.80570459 48.76767349
v 74.38260651 5.92875862 48.82756042
v 74.39761353 6.17203331 48.87355423
v 74.65259552 6.12353182 49.19841766
v 74.37748718 6.03400326 48.85819626
v 74.64283752 5.98366404 49.19634628
v 74.85326385 5.98949957 49.57459641
v 74.65847778 5.87648964 49.17932129
v 74.87735748 5.88253498 49.57270432
v 75.03127289 5.94551849 49.99145889
v 75.07759857 6.44834566 50.72822952
v 75.01717377 6.51941633 51.16439438
v 74.90525055 6.67067146 51.57647705
v 75.01105499 6.63956690 51.08997726
v 74.87844086 6.74773788 51.50179672
v 74.12541199 7.59110641 52.04604721
v 73.79111481 7.82631111 52.11496353
v 73.75330353 7.75548506 52.22807312
v 73.35540009 7.95373774 52.31625366
v 73.38477325 7.98025417 52.21654510
v 72.96677399 8.15806866 52.21923447
v 72.21797180 8.54118252 51.44649506
v 71.21898651 8.07621479 49.32304001
v 71.34539032 8.03289986 49.30489349
v 71.63154602 8.10905170 49.28339767
v 71.53705597 8.06774235 49.30447388
v 71.44989777 8.04467583 49.31093597
v 71.64228821 7.64027500 48.93675232
v 71.57636261 7.61771250 48.94056702
v 71.90424347 7.14252234 48.63633347
v 71.87050629 7.11748695 48.63610840
v 72.13591766 6.92911291 48.49748993
v 72.21782684 6.82000065 48.43800735
v 72.40306091 6.76063919 48.37490845
v 72.60270691 6.59278488 48.27134705
v 72.95684814 6.49090481 48.20998764
v 73.36617279 6.20221138 48.08599854
v 72.97911072 6.56568623 48.24262238
v 73.39469910 6.36555004 48.22447586
v 72.99828339 6.63355064 48.25986099
v 73.02014923 6.71494627 48.26662445
v 72.45807648 6.89413452 48.38724899
v 72.47456360 6.94209051 48.38201523
v 72.21967316 7.05991507 48.48798370
v 72.19188690 7.11954880 48.50275040
v 72.02295685 7.24692774 48.60828018
v 71.99108124 7.36207676 48.64348221
v 71.81125641 7.72849751 48.88169479
v 71.83219147 7.85931730 48.91474152
v 71.71482849 8.16375923 49.24897766
v 71.77450562 8.21952248 49.20988846
v 72.59703064 6.95416403 48.33746338
v 73.04093933 6.79666948 48.25921631
v 73.44927216 6.56660414 48.28165054
v 73.05746460 6.86527252 48.24173737
v 73.51971436 6.76784039 48.24684143
v 71.39373016 7.78421640 49.06809616
v 71.75641632 7.69411278 48.90810776
v 71.99421692 7.21879768 48.62000656
v 72.19963074 7.02528477 48.49479675
v 71.69670105 7.66330242 48.92699051
v 71.96398163 7.19128799 48.62870789
v 72.17838287 6.99102163 48.49864197
v 72.44007874 6.84652805 48.38759232
v 71.93691254 7.16837263 48.63358688
v 72.15921783 6.96211624 48.49941254
v 72.42350769 6.80633640 48.38383102
v 73.55609894 6.18039227 48.18125153
v 73.57060242 6.28253889 48.25854874
v 73.59274292 6.37484026 48.30158997
v 73.63179016 6.49480438 48.32707977
v 73.68098450 6.61387014 48.32138443
v 73.22286224 6.11930561 47.97124100
v 73.42615509 6.13639355 48.03997421
v 73.48094177 6.08627748 48.01103592
v 73.53630066 6.03609562 47.98330688
v 73.39700317 5.94374895 47.86822128
v 73.45479584 5.89180756 47.84083176
v 73.31184387 5.75534201 47.79520035
v 73.37134552 5.70232868 47.76858521
v 73.33705139 5.48556995 47.76131439
v 73.49195862 5.59624720 47.71929932
v 73.61461639 5.49019384 47.67530823
v 73.63140869 5.73582554 47.76632309
v 73.75168610 5.63185692 47.72310638
v 73.76305389 5.83503819 47.88465500
v 73.87940216 5.73452044 47.84278870
v 74.22645569 5.56510305 47.92769241
v 74.81643677 5.09941483 47.85447693
v 74.26818085 5.41057253 47.74190521
v 74.07168579 5.57207584 47.78566360
v 73.95044708 5.46381092 47.66418839
v 73.81733704 5.31876230 47.61539078
v 73.63813782 5.22762537 47.65925217
v 74.67158508 5.09244442 47.69491577
v 74.72739410 4.98619509 47.64091110
v 74.57052612 4.96747208 47.57103729
v 74.58691406 4.80252886 47.52737427
v 74.44978333 4.81231642 47.52116776
v 74.43228912 4.59716749 47.54400253
v 74.06668854 4.87892151 47.57123947
v 74.02449036 5.14827585 47.56965256
v 73.25290680 5.80831671 47.82311630
v 72.94808197 5.83684158 47.95005417
v 73.19454956 5.86123371 47.85232544
v 73.13678741 5.91407633 47.88281631
v 73.28313446 6.04745293 47.92678833
v 73.07552338 5.99054861 47.92333603
v 73.59220886 5.98586464 47.95679474
v 73.64864349 5.93560123 47.93151093
v 73.51313782 5.83982897 47.81471252
v 73.33977509 5.99563646 47.89688110
v 74.15355682 5.29670954 47.61913300
v 77.74430847 5.76931095 54.51084900
v 78.47818756 4.89584351 53.72762680
v 75.06033325 4.91409159 47.84955597
v 75.30334473 4.72760153 47.84512329
v 75.54547119 4.53994942 47.84118652
v 79.12548828 3.97615147 52.79755402
v 77.00486755 3.58171010 48.27750015
v 79.79172516 2.82038140 51.52174377
v 78.03812408 2.85911345 48.56332779
v 80.25791931 1.84757352 50.40086746
v 79.53018188 1.74466813 48.94228363
v 80.67063904 0.83046854 49.20441055
v 77.27420807 6.26033974 54.90066147
v 76.72192383 6.78461981 55.27155304
v 75.94441223 7.44693708 55.66796112
v 75.38031769 7.88222599 55.87953568
v 74.70029449 8.36564636 56.06463242
v 74.12525940 8.74414349 56.16925812
v 69.47087097 9.54283333 50.53497314
v 73.50824738 9.12314892 56.23395920
v 67.82279968 10.70050621 51.48648834
v 71.40400696 10.23869419 56.12655640
v 72.40646362 9.73902416 56.23924255
v 66.13317871 11.77534389 52.46199799
v 66.61374664 11.77475452 53.29212952
v 67.14688110 11.71450710 53.98595428
v 67.71865845 11.60086060 54.54699326
v 68.36425018 11.42613411 55.01447296
v 68.99168396 11.22334290 55.35963821
v 69.70132446 10.96589756 55.66748047
v 70.50290680 10.64231873 55.92818069
v 70.85554504 10.48938465 56.01715851
v 76.09316254 7.82404184 49.71381378
v 75.92519379 7.67242098 49.05711365
v 75.57790375 7.67242098 48.45557785
v 75.09316254 7.82404184 47.98176193
v 74.52944946 8.10899639 47.69281769
v 73.95475769 8.49291420 47.62359619
v 73.43839264 8.92948914 47.78244400
v 73.04264832 9.36606503 48.15019989
v 72.81525421 9.74998283 48.68251419
v 72.78363037 10.03493690 49.31517410
v 72.95159149 10.18655872 49.97187805
v 73.29888916 10.18655872 50.57341003
v 73.78363037 10.03493690 51.04722595
v 74.34733582 9.74998283 51.33617020
v 74.92203522 9.36606503 51.40539169
v 75.43839264 8.92948914 51.24654388
v 75.83414459 8.49291420 50.87878799
v 76.06153870 8.10899639 50.34647369
v 57.02722931 -17.74287605 58.73678589
v 56.54058456 -17.53808022 58.38294601
v 57.00034714 -17.60937691 58.57952499
v 56.65504837 -17.40954781 58.28959274
v 56.76716232 -17.33855820 58.14561844
v 56.85973358 -17.33599663 57.97310638
v 57.16874695 -17.51643562 58.41955948
v 57.09284210 -17.54407120 58.49800873
v 57.33516312 -17.70853806 58.92076111
v 57.42647934 -17.82701874 59.22394943
v 57.60521317 -17.73401070 59.32651520
v 57.69511795 -17.78209686 59.79827118
v 57.79370117 -17.68380165 59.77436447
v 57.89082336 -17.56114769 60.23685074
v 57.90834045 -17.62063789 59.72658920
v 58.00853348 -17.49456406 60.20181274
v 58.01159286 -17.59553719 59.68960190
v 58.11544800 -17.46538353 60.18069077
v 58.14440155 -17.59947205 59.64879227
v 58.25394821 -17.46293640 60.16528702
v 58.27341080 -17.64049149 59.61614609
v 58.38943100 -17.49659729 60.16247177
v 58.46197510 -17.60828209 59.97916794
v 58.49910355 -17.36038780 60.63522720
v 56.91856384 -17.40225601 57.79850388
v 57.33595276 -17.55306816 58.20302582
v 57.25796127 -17.51649284 58.31274033
v 57.52404022 -17.62174416 58.78244400
v 57.43676758 -17.64604378 58.84896469
v 57.71437073 -17.67227364 59.26619339
v 57.45986557 -17.63388824 58.18217850
v 57.73096848 -17.66947174 58.60703278
v 57.63150406 -17.62696266 58.69461441
v 57.93322372 -17.65539742 59.14833069
v 57.81094742 -17.64885330 59.21375656
v 57.92153549 -17.74986267 58.70101929
v 58.05001831 -17.69941330 59.08690262
v 58.26442337 -17.74102211 59.31618118
v 58.39104080 -17.27419472 60.69272995
v 58.37545013 -17.01456833 61.23217392
v 58.28091812 -16.98547745 61.17649460
v 58.06746292 -16.64606476 61.58518600
v 57.94974518 -16.65700531 61.50970078
v 57.66098404 -16.30359268 61.80049515
v 57.55139923 -16.36011696 61.73532486
v 57.21202469 -16.01189804 61.90648270
v 57.13349152 -16.08400345 61.87193298
v 56.76124573 -15.75419235 61.92592621
v 56.67521667 -15.86046028 61.91371918
v 56.29053879 -15.56518364 61.85303497
v 56.54194641 -15.92506886 61.93745422
v 56.22295380 -15.68054008 61.88098526
v 55.90313721 -15.46837521 61.74923325
v 55.90440369 -15.31639957 61.68395615
v 55.59466553 -15.29828548 61.54807281
v 55.53806305 -15.13066673 61.41648483
v 55.30933380 -15.17833710 61.28594208
v 55.21214676 -15.02084446 61.06660843
v 55.05839539 -15.11447716 60.97394562
v 54.94558716 -14.99489021 60.65534973
v 54.85182953 -15.10975838 60.62516403
v 54.80891037 -15.02547836 60.35915756
v 54.69823837 -15.16458225 60.25394058
v 54.70938873 -15.09321690 60.05452728
v 54.60418701 -15.27609921 59.87554932
v 54.64996338 -15.19610023 59.74948883
v 54.57398605 -15.43883801 59.50519943
v 54.65600967 -15.22837067 59.40098953
v 54.67423630 -15.07522964 59.69984055
v 54.66851425 -14.97501564 59.66191483
v 54.73083496 -14.86693096 59.98705292
v 54.69519424 -14.74245739 59.96215057
v 54.80588913 -14.66829109 60.30320740
v 54.74597168 -14.55128574 60.30789185
v 54.90703964 -14.51618195 60.65743637
v 54.75732040 -14.44608784 60.50569534
v 55.11497879 -14.45221329 61.11293030
v 55.22163391 -14.54594326 61.14254379
v 55.57725525 -14.59582901 61.62443924
v 55.60682678 -14.67201900 61.55519867
v 56.04035187 -14.88558865 61.87078476
v 55.62229156 -14.78339863 61.48533630
v 56.03338623 -14.98682976 61.78359222
v 55.61357117 -14.90621090 61.43729782
v 56.00479889 -15.10127258 61.72090912
v 55.58864594 -15.00827408 61.41719818
v 55.96673203 -15.19819450 61.69177628
v 58.10430527 -16.59628868 61.72191620
v 57.76147842 -16.27289391 61.89255905
v 57.30359650 -15.93877125 61.98015976
v 56.82695770 -15.67267799 61.96245575
v 56.36497879 -15.45248699 61.86467361
v 57.70556641 -16.13473892 62.06229782
v 57.38291168 -15.88787746 62.08186340
v 56.89818573 -15.58376217 62.03850174
v 56.41691971 -15.36254406 61.89937973
v 57.21421814 -15.66729069 62.22800446
v 56.95386887 -15.51361179 62.14243698
v 56.46672821 -15.25959206 61.97162247
v 56.66795349 -15.23139000 62.20590210
v 56.49781036 -15.17232418 62.07050323
v 56.10828400 -14.86357021 61.99890900
v 54.53282547 -14.57806778 59.85124969
v 54.62888336 -14.62906170 59.94818115
v 54.62961960 -14.85513401 59.62052536
v 54.61471939 -15.00930500 59.29058456
v 54.55919266 -14.74728966 59.58770752
v 54.46033859 -14.83586884 59.20130920
v 56.84764481 -16.19085121 61.91586685
v 57.03708267 -16.18327713 61.86215973
v 57.46171951 -16.42234039 61.70641327
v 57.82567215 -16.69717407 61.45873260
v 58.15127563 -16.97849655 61.12346649
v 57.12826538 -16.46651459 61.81683731
v 57.35662460 -16.51436234 61.70169449
v 57.72716904 -16.74960709 61.43877411
v 58.01728821 -17.00365639 61.09154892
v 58.25535583 -17.25207138 60.66639709
v 57.37286377 -16.74068451 61.64447784
v 57.61539841 -16.83438873 61.44138718
v 57.91282654 -17.04697227 61.08339691
v 58.11646271 -17.26440620 60.65707397
v 57.57037354 -17.00172806 61.40531921
v 57.79663086 -17.12481308 61.09535217
v 58.00914383 -17.29980087 60.66287231
v 57.71184158 -17.23925591 61.10898972
v 57.79243469 -17.44541931 60.76932526
v 57.89092636 -17.37142372 60.68578339
v 57.80776215 -17.61264038 60.40060425
v 55.25685120 -14.66319180 61.09455872
v 54.95847321 -14.63480186 60.63467026
v 55.26560974 -14.79086399 61.06534195
v 54.98145676 -14.76361084 60.62741470
v 54.83617783 -14.79575729 60.31177139
v 55.25228119 -14.89593792 61.05723572
v 54.97745514 -14.86938858 60.63356781
v 54.83683777 -14.90069103 60.32826996
v 54.73476028 -14.96999454 60.01423645
v 54.64439392 -15.59377003 59.14068604
v 54.69918823 -15.37346554 59.13126373
v 54.81766129 -15.51039696 58.85140228
v 54.70154190 -15.28300571 59.09475327
v 54.82372665 -15.43581104 58.82563019
v 54.63790894 -15.09348488 58.99822235
v 54.79512024 -15.27559376 58.74773788
v 54.60980988 -15.05703354 58.91259766
v 54.83649445 -15.27740288 58.62760162
v 55.25031281 -15.64986992 58.27898788
v 55.43697357 -15.77172947 58.12412262
v 55.52091217 -15.88530636 58.08650208
v 55.75518799 -16.10874367 57.94273758
v 55.77917862 -16.17940140 57.95333862
v 56.03949738 -16.47614670 57.83412552
v 56.24728775 -16.78721619 57.85031891
v 56.60357285 -17.14508820 57.76388931
v 56.52451324 -17.13159180 57.96448135
v 56.39480972 -17.18720627 58.12804794
v 56.15468597 -16.82599640 57.98444366
v 55.72974777 -16.22476959 58.01422119
v 55.49320221 -15.94467926 58.12995911
v 55.23840332 -15.73922634 58.32371902
v 56.23867798 -17.30155182 58.22405243
v 56.00401306 -16.97876930 58.11590576
v 56.10434723 -16.85199165 58.03119659
v 55.80715561 -16.61239815 58.06449509
v 55.70488739 -16.24594116 58.03681564
v 55.61190033 -16.24705887 58.08837891
v 55.47840881 -15.97136593 58.14598846
v 55.36026001 -15.96962547 58.22992325
v 55.22840881 -15.77938366 58.33891678
v 55.07459641 -15.81640244 58.47986221
v 54.82318115 -15.71002293 58.79087067
v 56.47503662 -17.35926056 58.25294876
v 56.55848312 -17.29673195 58.17708206
v 56.62084961 -17.26396751 58.10031509
v 56.68717575 -17.24833107 57.99111938
v 56.73795700 -17.26025391 57.87318420
v 56.57789993 -17.06414604 57.58121490
v 56.61326218 -16.93843651 57.42782593
v 56.70392227 -16.78836632 57.32862473
v 54.56141663 -14.53279114 58.56560135
v 54.44390106 -14.71194267 58.71080017
v 52.55080795 -12.12074280 59.72642899
v 52.42350006 -12.28814697 59.87728119
v 50.68064117 -9.56248379 60.80616760
v 50.54422379 -9.71742725 60.96228027
v 52.39729309 -12.41069412 60.10373688
v 50.51134872 -9.83085346 61.19258499
v 51.81866074 -11.59039307 60.72648239
v 50.59082413 -9.87236977 61.43537903
v 54.42486191 -14.84309006 58.93311691
v 53.10929489 -13.24591255 59.98133469
v 57.04737091 -13.80390167 65.73764801
v 57.58710098 -14.29055119 65.71756744
v 58.09598923 -14.76117706 65.65113068
v 58.70661926 -15.34125233 65.50610352
v 59.22185135 -15.84459686 65.32273865
v 59.94810867 -16.57830429 64.95592499
v 60.47827911 -17.13338280 64.59779358
v 60.94150925 -17.63397598 64.21195221
v 57.42456818 -17.83691978 57.62826538
v 58.02455139 -18.28867912 57.54927826
v 61.69403076 -18.48148155 63.41796494
v 58.27540207 -18.46431351 57.54034042
v 58.52707672 -18.63873672 57.53090668
v 58.77956772 -18.81194878 57.52098465
v 62.40040588 -19.31889153 62.45378113
v 60.40108490 -19.70805740 57.93174744
v 63.19309616 -20.29853821 61.10496521
v 61.51872635 -20.31211662 58.16581726
v 63.80691528 -21.06572151 59.89885712
v 63.14033508 -21.16653633 58.43624496
v 64.41097260 -21.81633186 58.59193039
v 56.09652328 -12.97779846 65.65579224
v 55.24159241 -12.27265739 65.45793152
v 54.77630997 -11.90611076 65.30050659
v 54.47759628 -11.67806625 65.18039703
v 53.79844666 -11.18396378 64.84900665
v 53.19471741 -10.77900791 64.48002625
v 52.65630341 -10.45221901 64.08345795
v 52.09156799 -10.16487694 63.56929779
v 51.57452011 -9.97500134 62.97666168
v 51.07110596 -9.87336540 62.26567841
v 56.69040680 -19.11819649 60.16232300
v 56.85837173 -18.96657562 60.81902695
v 56.34310913 -19.11819649 59.56078720
v 55.85837173 -18.96657562 59.08697510
v 55.29466248 -18.68162155 58.79803085
v 54.71996689 -18.29770279 58.72880554
v 54.20360565 -17.86112785 58.88765335
v 53.80785751 -17.42455101 59.25541306
v 53.58045959 -17.04063416 59.78772354
v 53.54883575 -16.75568008 60.42038727
v 53.71680450 -16.60405922 61.07708740
v 54.06409836 -16.60405922 61.67862320
v 54.54883575 -16.75568008 62.15243530
v 55.11254883 -17.04063416 62.44137955
v 55.68724442 -17.42455101 62.51060486
v 56.20360565 -17.86112785 62.35175705
v 56.59934998 -18.29770279 61.98399734
v 56.82675171 -18.68162155 61.45168686
v 85.54871368 -26.59717369 54.19082642
v 85.87789154 -26.17349815 55.49384308
v 85.68362427 -26.41451836 54.10663223
v 86.24157715 -25.73036003 56.78633881
v 85.78750610 -26.33468437 54.05636597
v 86.57716370 -25.39882088 57.53412247
v 85.93742371 -26.26460266 53.99748230
v 86.79290771 -25.32301140 57.46819305
v 86.14097595 -26.22444344 53.93466187
v 87.03253174 -25.30905724 57.41329575
v 86.42738342 -26.24836540 53.87197876
v 87.43607330 -25.41872597 57.35559845
v 86.84822083 -26.42985153 53.82845688
v 87.79556274 -25.68142319 57.34725571
v 87.16641235 -26.74378395 53.85754013
v 87.28540039 -26.72243309 54.21918106
v 87.30612183 -26.80712891 54.16052246
v 86.60084534 -25.34034538 57.87924957
v 87.05008698 -24.95864487 58.91979599
v 87.35471344 -24.79640007 59.38995743
v 87.57914734 -24.74036026 59.60915375
v 87.71331787 -24.73886299 59.68394852
v 87.85876465 -24.77228355 59.70832825
v 87.95497894 -24.82192230 59.68088531
v 88.03067780 -24.88342094 59.62435532
v 88.12858582 -25.01568222 59.46654892
v 88.20244598 -25.24729919 59.12545395
v 88.19451904 -25.61333084 58.46945953
v 87.29019928 -26.97384644 53.90861893
v 87.32106018 -26.89304733 54.10184479
v 87.33033752 -26.98042870 54.04307938
v 87.33388519 -27.06854630 53.98476791
v 87.33549500 -27.12747002 53.95331192
v 87.34835815 -27.34876823 54.03212738
v 86.29123688 -27.57899284 52.01642227
v 86.26282501 -27.63359070 52.04250336
v 86.20722198 -27.45541191 51.91002655
v 86.21580505 -27.67897987 52.05670547
v 86.14566803 -27.44680977 51.88483047
v 86.15653992 -27.71001053 52.05775833
v 86.08103180 -27.45423508 51.86896896
v 86.01929474 -27.47958565 51.86557388
v 85.97074890 -27.52338219 51.87826538
v 85.94818115 -27.57911491 51.90694046
v 85.95454407 -27.63393021 51.94425964
v 85.98425293 -27.67967415 51.98320007
v 86.03170013 -27.71086502 52.01843643
v 86.09205627 -27.72180939 52.04475784
v 86.26048279 -27.47978592 51.94272995
v 86.28086090 -27.49864578 51.96138000
v 86.29327393 -27.52277374 51.98088074
v 86.43782043 -27.68485069 52.24687195
v 86.39094543 -27.68132782 52.16665649
v 86.44588470 -27.67430496 52.24313354
v 86.48251343 -27.57697678 52.16704941
v 86.50505066 -27.57617378 52.20998383
v 86.54530334 -27.45678902 52.17560196
v 86.52670288 -27.42612839 52.11971283
v 86.55241394 -27.27973557 52.13985443
v 86.52848053 -27.31251144 52.09197235
v 86.50899506 -27.13930321 52.12104416
v 86.49510956 -27.18867683 52.06519699
v 86.43810272 -27.03447342 52.10735703
v 86.37305450 -27.03254509 52.02376556
v 86.28484344 -26.92208672 52.08697510
v 86.23279572 -26.95259285 51.99272919
v 86.04830933 -26.86158752 52.07083893
v 86.07960510 -26.91749763 51.97157288
v 85.91104126 -26.92457771 51.96327209
v 86.11418915 -27.03645325 51.87088394
v 85.95911407 -27.04009628 51.85050201
v 86.13484955 -27.18745041 51.82341003
v 86.00916290 -27.19233322 51.79849625
v 86.13859558 -27.26025963 51.82204056
v 86.03009033 -27.26646996 51.79816818
v 86.13785553 -27.35727119 51.84005356
v 86.05484009 -27.36527252 51.82049561
v 86.43837738 -27.58745956 52.11782837
v 86.33154297 -27.66392708 52.09728622
v 86.38716125 -27.59205437 52.07496643
v 86.36192322 -27.59215164 52.05792236
v 86.41667175 -27.49700737 52.03114700
v 86.38601685 -27.50974274 52.01685715
v 86.42086029 -27.43259811 52.00124741
v 86.38828278 -27.45688820 51.98908234
v 86.40693665 -27.36293411 51.96699524
v 86.37567139 -27.40110970 51.95731354
v 86.33730316 -27.26710510 51.90765381
v 86.31516266 -27.32375336 51.90167618
v 86.24423981 -27.21281815 51.86045074
v 86.23390198 -27.27982521 51.85712433
v 86.32615662 -27.59030724 52.03750229
v 86.34205627 -27.52461052 52.00138474
v 86.34065247 -27.48700714 51.97813034
v 86.32838440 -27.44978523 51.95232391
v 86.27857208 -27.39775848 51.90640259
v 86.21310425 -27.36848640 51.86919022
v 85.89134979 -27.46239281 51.83256531
v 85.96845245 -27.39838409 51.81555939
v 85.91291809 -27.30842018 51.79283142
v 85.87184906 -27.23987579 51.79428482
v 85.78999329 -27.09699059 51.85290146
v 85.73226166 -26.98709488 51.97601318
v 85.87699890 -26.87624359 52.07441330
v 85.84897614 -27.54916000 51.87380219
v 85.85153961 -27.63194084 51.92562866
v 85.88630676 -27.69710541 51.97592545
v 85.92920685 -27.73466301 52.01150513
v 85.98223877 -27.75905418 52.04176712
v 86.04289246 -27.76826859 52.06476974
v 86.02024078 -27.81083488 52.10196686
v 86.09827423 -27.80038452 52.11364746
v 86.09327698 -27.82517242 52.14204788
v 86.23698425 -27.76182938 52.13622284
v 86.25703430 -27.79274178 52.19186783
v 86.27243805 -27.81504250 52.25285339
v 86.21554565 -27.86097908 52.31577301
v 86.10367584 -27.76274300 52.07896423
v 86.22648621 -27.74515152 52.11312485
v 86.21103668 -27.72019958 52.08434677
v 86.06237030 -27.89804268 52.28811646
v 86.04330444 -27.90894699 52.34796906
v 85.92166138 -27.90414619 52.29916763
v 85.82791901 -27.88935089 52.37068176
v 85.77209473 -27.86772156 52.29653168
v 85.62751007 -27.77774239 52.36045456
v 85.64614868 -27.79331398 52.27467728
v 85.54833984 -27.69075012 52.23751450
v 85.63233185 -27.73217583 52.12545776
v 85.55537415 -27.59330368 52.05363083
v 85.68490601 -27.63165474 51.96690369
v 85.67508698 -27.49281693 51.88974762
v 85.74658203 -27.52106476 51.87405777
v 85.74401855 -27.34438896 51.82357407
v 85.80495453 -27.39709663 51.81703949
v 85.49708557 -27.60996819 52.31691742
v 85.47253418 -27.52444458 52.17264557
v 85.54482269 -27.41349220 51.96844101
v 85.63176727 -27.22600365 51.89156342
v 85.44727325 -27.44384575 52.26466751
v 85.47029877 -27.32329750 52.09401703
v 85.56655121 -27.12342834 52.01987839
v 85.45951843 -27.25945091 52.20344162
v 85.55279541 -27.07430077 52.14044189
v 85.70240021 -26.94526482 52.09666443
v 86.47730255 -27.46426201 52.07060242
v 86.48271942 -27.37446213 52.03958511
v 86.46202850 -27.27544594 52.00557709
v 86.36844635 -27.14346123 51.94876099
v 86.25014496 -27.07093811 51.90446472
v 85.75382233 -27.63698387 51.94237137
v 85.74698639 -27.73573112 52.03505707
v 85.72365570 -27.81143761 52.16881180
v 85.80523682 -27.72440338 52.00465012
v 85.81909943 -27.79285240 52.07889938
v 85.83531189 -27.86334801 52.19849777
v 85.86562347 -27.77259827 52.04613495
v 85.90572357 -27.82791710 52.11240005
v 85.96218109 -27.88236046 52.21172714
v 85.93849182 -27.80221939 52.07928467
v 86.00258636 -27.83789062 52.13329315
v 86.07949066 -27.86941719 52.21154022
v 85.53043365 -26.63582611 54.08862305
v 85.53262329 -26.63035011 54.09185410
v 85.63483429 -26.47047615 54.07159805
v 85.75507355 -26.36372375 54.01907730
v 85.91889954 -26.27961731 53.96287155
v 86.13009644 -26.23311806 53.90586853
v 86.40482330 -26.25130653 53.85190964
v 86.62474060 -26.31548119 53.82162857
v 86.86103821 -26.45998383 53.78308105
v 86.97084808 -26.54086685 53.80638123
v 87.17544556 -26.81099892 53.78960419
v 87.24073029 -26.89996338 53.84180450
v 87.32490540 -27.19956779 53.89981079
v 87.30403137 -27.46886826 53.97029877
v 87.30142975 -27.52508545 54.05701065
v 87.24077606 -27.62915039 54.02836609
v 87.20934296 -27.68967628 54.09537125
v 87.15644073 -27.74632454 54.08182526
v 87.09995270 -27.80788612 54.14656067
v 87.04091644 -27.84917259 54.13528442
v 86.87326050 -27.93477821 54.19315720
v 87.03017426 -27.83391762 54.01665115
v 86.76700592 -27.95981789 54.10837173
v 86.75281525 -27.96727753 54.22698593
v 86.65161133 -27.98052979 54.14169312
v 86.51420593 -27.98020363 54.28094101
v 86.37950134 -27.96864700 54.20632172
v 86.32493591 -27.94813728 54.31288528
v 86.21546936 -27.92470741 54.23580170
v 86.30173492 -27.94181633 54.31648254
v 86.01259613 -27.82841492 54.26084137
v 86.80362701 -27.95338821 54.25738525
v 86.55667114 -27.97769547 54.30831909
v 87.16256714 -27.69711494 53.95092773
v 87.25977325 -27.50951958 53.89250946
v 87.29762268 -27.32783127 53.85423279
v 87.28360748 -27.09596825 53.81845856
v 86.43482208 -26.26587677 53.82355499
v 86.13995361 -26.24141121 53.87269211
v 85.92634583 -26.28764534 53.92149353
v 85.76038361 -26.37046623 53.96951675
v 85.52416992 -26.65236664 54.07892990
v 85.52619934 -26.64682388 54.08216476
v 85.52828979 -26.64131546 54.08539200
v 85.46188354 -26.93702888 53.89333344
v 85.45964813 -26.97275734 53.90391922
v 85.46044922 -26.97108650 53.74721527
v 85.47924805 -27.20661926 53.81420898
v 85.47691345 -27.23322487 53.66888046
v 85.56638336 -27.45872879 53.72596359
v 85.56111145 -27.47725105 53.58332062
v 85.70883942 -27.67147255 53.62789917
v 85.69884491 -27.68212318 53.48913956
v 86.00022888 -27.88204002 53.52575684
v 85.96111298 -27.88355064 53.26301575
v 86.28744507 -27.94628716 53.26802444
v 86.25714874 -27.94104385 53.14448166
v 86.55405426 -27.86833191 53.10703659
v 86.51396942 -27.86236191 52.99030685
v 86.80422974 -27.68570328 53.09704971
v 86.47387695 -27.85638809 52.87358093
v 86.43377686 -27.85041046 52.75685883
v 86.19656372 -27.93055725 52.89740753
v 86.16625977 -27.92531013 52.77387238
v 85.90242767 -27.88581276 52.86875916
v 85.88285828 -27.88656425 52.73734283
v 85.64886475 -27.73540497 52.79519272
v 85.63886261 -27.74605560 52.65638733
v 85.52944183 -27.58845329 52.72729492
v 85.52416229 -27.60698128 52.58460236
v 85.46064758 -27.41960716 52.65140915
v 85.45832062 -27.44623184 52.50602722
v 85.44906616 -27.24452019 52.57457733
v 85.44764709 -27.27870369 52.42796707
v 85.49859619 -27.07843208 52.50358963
v 85.49583435 -27.11894035 52.35738754
v 85.60216522 -26.93492699 52.44414139
v 85.59606171 -26.98004913 52.29987335
v 85.75000000 -26.82716751 52.40166855
v 85.73885345 -26.87478065 52.26067734
v 85.93090820 -26.76633453 52.38069916
v 85.91340637 -26.81399536 52.24409103
v 86.12805176 -26.75563812 52.38212585
v 86.10346985 -26.80100441 52.25057983
v 86.32319641 -26.79630089 52.40592194
v 86.29145813 -26.83722878 52.27966690
v 86.49895477 -26.88727379 52.45110703
v 86.46061707 -26.92190170 52.32990646
v 86.64134979 -27.01843262 52.51281357
v 86.59751892 -27.04552841 52.39601135
v 86.73728943 -27.17738914 52.58520889
v 86.68955231 -27.19642830 52.47174072
v 86.77363586 -27.43891525 52.70053101
v 86.72386932 -27.44640160 52.58938980
v 85.65705109 -26.52903557 53.74187469
v 85.52337646 -26.71405983 53.81869888
v 85.52062988 -26.75443649 53.67295074
v 85.45902252 -27.00525093 53.60066223
v 85.47458649 -27.25984001 53.52355194
v 85.55583191 -27.49577713 53.44067764
v 85.67885590 -27.70343399 53.21162033
v 85.94155121 -27.88430595 53.13159561
v 86.22686005 -27.93580055 53.02094269
v 85.85023499 -26.39887047 53.66997910
v 86.08837128 -26.33757210 53.60963058
v 86.34925079 -26.34749222 53.56549835
v 86.60875702 -26.42807198 53.54175568
v 86.84383392 -26.57571220 53.54152298
v 87.03573608 -26.77465248 53.56369400
v 87.16674805 -27.00609016 53.60610962
v 87.11906433 -27.02510071 53.49277115
v 87.17161560 -27.37900352 53.58948898
v 87.07134247 -27.04413033 53.37934494
v 87.12186432 -27.38647842 53.47839355
v 87.02362061 -27.06316185 53.26591492
v 87.07212067 -27.39396095 53.36729431
v 86.97590637 -27.08219528 53.15248489
v 87.02237701 -27.40144920 53.25618744
v 86.88047791 -27.12026596 52.92562485
v 86.92290497 -27.41643524 53.03396988
v 86.83274841 -27.13930702 52.81215286
v 86.87314606 -27.42393112 52.92282104
v 86.78501892 -27.15834999 52.69868088
v 86.82339478 -27.43142509 52.81167603
v 87.22135925 -27.37154007 53.70053864
v 86.57453156 -27.46880531 52.25600433
v 86.59934235 -27.46508980 52.31137848
v 86.62432098 -27.46134758 52.36712646
v 86.57003784 -27.24407196 52.18770218
v 86.59407043 -27.23449516 52.24481201
v 86.50984192 -27.09970856 52.16240692
v 86.55368042 -27.07262039 52.27920914
v 86.42227936 -26.95652580 52.20870590
v 86.54963684 -27.47252846 52.20044708
v 86.25971985 -26.87814903 52.15341568
v 86.07888031 -26.84636688 52.11903763
v 85.89590454 -26.86165619 52.10747910
v 85.72771454 -26.92239189 52.11968613
v 85.58995819 -27.02516937 52.15560913
v 85.49308014 -27.15944290 52.21118927
v 85.44621277 -27.31287956 52.28136063
v 85.45598602 -27.47284889 52.36064911
v 85.51888275 -27.62550354 52.44190979
v 85.61887360 -27.76733208 52.37877274
v 85.84372711 -27.88805199 52.47451019
v 85.62886810 -27.75669861 52.51757812
v 85.86329651 -27.88731003 52.60592270
v 85.83394623 -27.88842201 52.40880203
v 86.09049225 -27.91217995 52.46504593
v 86.07534027 -27.90955162 52.40328598
v 86.31343079 -27.83243942 52.40673447
v 86.29336548 -27.82943535 52.34838486
v 86.59413910 -27.87430000 53.22376633
v 86.67428589 -27.88623619 53.45714188
v 86.71436310 -27.89220810 53.57382965
v 86.37828827 -27.96201134 53.63850784
v 86.40857697 -27.96725464 53.76200104
v 86.03933716 -27.88053703 53.78850174
v 86.05889893 -27.87979126 53.91987228
v 85.72882843 -27.65018845 53.90541840
v 85.73882294 -27.63955688 54.04417419
v 85.57695007 -27.42171097 54.01124573
v 85.69145203 -27.57588387 54.10610580
v 85.48510742 -27.19638062 53.95633698
v 86.83463287 -27.91015244 53.92385101
v 86.79453278 -27.90416336 53.80718231
v 86.75444031 -27.89818382 53.69050980
v 86.43887329 -27.97250175 53.88549042
v 86.46916962 -27.97775269 54.00897217
v 86.07845306 -27.87904930 54.05123901
v 85.57166290 -27.44021416 53.86860657
v 86.67410278 -27.45387840 52.47825241
v 86.64181519 -27.21546364 52.35827637
v 86.35356140 -27.83843803 52.52343369
v 86.39366913 -27.84442711 52.64014435
v 86.99195099 -26.80170441 53.44704819
v 86.94813538 -26.82878685 53.33028793
v 86.90431213 -26.85587120 53.21352386
v 86.86048889 -26.88295937 53.09675980
v 86.77285767 -26.93713760 52.86323166
v 86.72901917 -26.96423721 52.74642563
v 86.68518829 -26.99133682 52.62961960
v 86.80556488 -26.61027336 53.42051315
v 86.76724243 -26.64488411 53.29935455
v 86.72891998 -26.67950058 53.17819595
v 86.69059753 -26.71412086 53.05703735
v 86.61395264 -26.78336906 52.81471634
v 86.57562256 -26.81800461 52.69351196
v 86.53728485 -26.85264015 52.57231140
v 86.57707214 -26.46891022 53.41573334
v 86.54534149 -26.50981712 53.28952408
v 86.51361084 -26.55072975 53.16331482
v 86.48188019 -26.59164810 53.03710556
v 86.41842651 -26.67349243 52.78468704
v 86.38668060 -26.71443176 52.65843201
v 86.35494232 -26.75536728 52.53217697
v 86.32472229 -26.39275360 53.43422699
v 86.30014038 -26.43810081 53.30273056
v 86.27556610 -26.48345184 53.17123795
v 86.25098419 -26.52880478 53.03974152
v 86.20182037 -26.61952019 52.77674866
v 86.17723083 -26.66489410 52.64521027
v 86.15264130 -26.71026802 52.51366806
v 86.07091522 -26.38512039 53.47333527
v 86.05342102 -26.43276215 53.33677292
v 86.03592682 -26.48040581 53.20021057
v 86.01842499 -26.52805138 53.06364822
v 85.98342133 -26.62334442 52.79052734
v 85.96591949 -26.67100906 52.65391922
v 85.94841003 -26.71867180 52.51731110
v 85.83912659 -26.44636154 53.52934647
v 85.82799530 -26.49395752 53.38840485
v 85.81685638 -26.54155350 53.24745941
v 85.80571747 -26.58914757 53.10652161
v 85.78343201 -26.68433571 52.82464218
v 85.77228546 -26.73194504 52.68365097
v 85.76113892 -26.77955627 52.54265976
v 85.65096283 -26.57402992 53.59801483
v 85.64486694 -26.61913490 53.45380020
v 85.63876343 -26.66424179 53.30958557
v 85.63266754 -26.70934868 53.16537094
v 85.62046814 -26.79956055 52.87693787
v 85.61436462 -26.84468269 52.73267365
v 85.60826874 -26.88980484 52.58840561
v 85.50410461 -26.99741364 52.79599380
v 85.50685120 -26.95690346 52.94219971
v 85.51235962 -26.87591171 53.23450089
v 85.51511383 -26.83541679 53.38065338
v 85.51786804 -26.79492569 53.52680206
v 85.45191193 -27.17614365 52.86780548
v 85.45333099 -27.14195251 53.01441956
v 85.45617676 -27.07359505 53.30754471
v 85.45759583 -27.03942108 53.45410156
v 85.50135040 -27.03792381 52.64979172
v 85.46529388 -27.36634445 52.94217300
v 85.46762085 -27.33971024 53.08755875
v 85.47226715 -27.28646088 53.37822342
v 85.45049286 -27.21033287 52.72119141
v 85.54000092 -27.55138206 53.01268768
v 85.54528046 -27.53284264 53.15538406
v 85.46297455 -27.39297867 52.79679108
v 85.66886139 -27.71409416 53.07281113
v 85.53472137 -27.56991959 52.86999130
v 85.92198944 -27.88506126 53.00017548
v 85.65885925 -27.72475052 52.93400192
v 86.34800720 -27.95676804 53.51501465
v 86.01978302 -27.88128662 53.65713120
v 85.71883392 -27.66082764 53.76665878
v 86.13596344 -27.92006111 52.65033722
v 86.10565186 -27.91480827 52.52680969
v 86.33349609 -27.83543968 52.46508026
v 88.64240265 -25.32643127 59.26953888
v 88.56802368 -25.14794159 59.51134109
v 89.12077332 -25.01437378 60.00620270
v 89.15723419 -24.81427574 60.28831482
v 89.29871368 -24.89457512 60.24811935
v 89.52582550 -24.73950768 60.52888489
v 89.62642670 -24.52049255 60.80311966
v 90.09692383 -24.32921410 61.10738373
v 90.08763123 -24.20389748 61.21078873
v 90.38481903 -24.10774422 61.33189011
v 90.53820038 -23.86537933 61.51004028
v 90.64404297 -23.89865875 61.49621964
v 90.97172546 -23.51000595 61.70195007
v 91.08416748 -23.52143097 61.69034195
v 91.39076996 -23.13337517 61.78799438
v 91.51776886 -23.12651634 61.76689529
v 91.81501007 -22.71643448 61.77504730
v 91.94344330 -22.71401978 61.73871613
v 92.24241638 -22.26269913 61.66891098
v 92.34404755 -22.28452873 61.63053513
v 92.70349884 -21.83342743 61.46274948
v 91.63333130 -21.76555252 61.87820435
v 91.60256958 -20.89300346 61.82459641
v 91.40170288 -21.57990646 61.95024109
v 91.12595367 -21.53175163 62.03684235
v 90.99763489 -22.07352829 62.05142593
v 90.62800598 -22.14690399 62.12573624
v 90.60313416 -22.52175331 62.06126785
v 90.23763275 -22.59129333 62.09009552
v 90.21858215 -22.92610931 61.97676468
v 89.75212097 -23.09896469 61.90402603
v 89.82396698 -23.31142235 61.79174423
v 89.27821350 -23.55988884 61.57532120
v 89.41714478 -23.68521690 61.50171280
v 89.00200653 -24.04467583 61.09968567
v 89.17012787 -24.17070770 61.02165985
v 88.73543549 -24.50016594 60.50529480
v 88.19242096 -24.88109398 59.71667480
v 88.58073425 -24.38765907 60.58304977
v 88.73454285 -24.05334473 61.01547241
v 88.05524445 -24.78614044 59.79040909
v 88.30899811 -24.41419983 60.44107056
v 89.59838104 -23.82318115 61.42549133
v 90.01785278 -23.45937920 61.71833420
v 90.42388153 -23.08278465 61.90552521
v 90.81867218 -22.68667793 61.99073029
v 91.22208405 -22.24764442 61.98036957
v 84.92691040 -23.38061333 60.37774658
v 85.34455872 -23.02110481 61.05905151
v 85.76299286 -22.64227104 61.63668823
v 86.18035126 -22.24524498 62.10539627
v 86.78232574 -21.63929749 62.59394073
v 87.34028625 -21.03879547 62.85335922
v 87.90807343 -20.37965584 62.93385315
v 88.49962616 -19.63706017 62.83481216
v 90.15608978 -19.67721367 62.25223923
v 84.51294708 -23.72153091 59.61086273
v 83.88471985 -24.21640396 58.30095673
v 81.72302246 -22.73937225 59.72369003
v 81.43560791 -23.27266121 58.55521011
v 81.24735260 -23.67093658 57.61750412
v 83.28559875 -24.67143822 56.93004990
v 81.09629822 -24.04403877 56.70264053
v 82.72058105 -25.08923912 55.55261993
v 80.99813843 -24.31662560 56.01164246
v 80.84204102 -24.91459846 54.45640945
v 81.23485565 -25.08254814 54.36550522
v 80.97267151 -24.97076225 54.42512512
v 81.10359955 -25.02679443 54.39484406
v 85.58113098 -26.37143517 54.77960968
v 85.29386902 -26.56026649 54.07310486
v 84.26095581 -26.22650909 54.04067612
v 83.23641968 -25.86837959 54.07732391
v 82.22595215 -25.48674202 54.18527222
v 82.04171753 -22.16639137 60.81805038
v 82.33423615 -21.66349602 61.63099670
v 82.72879791 -21.00575066 62.48079681
v 83.10524750 -20.39280510 63.07315063
v 83.47375488 -19.79109383 63.48906708
v 83.84486389 -19.17033577 63.77014923
v 84.24016571 -18.48763657 63.93196106
v 84.64619446 -17.79494286 63.96284485
v 85.09494019 -17.07522964 63.86918640
v 85.43655396 -16.56266975 63.73285294
v 85.81665802 -16.02984428 63.53517151
v 87.26313782 -17.24563408 63.10752869
v 88.70960999 -18.46142387 62.67988205
v 85.57285309 -26.49952316 54.45753479
v 85.53002930 -26.59154701 54.18994904
v 85.45936584 -26.56623650 54.19619751
v 85.26290894 -26.73408127 53.98141098
v 85.20008850 -26.89828300 53.88773727
v 85.27981567 -26.92185211 53.89251328
v 85.35947418 -26.94480515 53.89747238
v 85.40962219 -26.95892715 53.90067291
v 85.32355499 -27.15266228 53.94725800
v 84.81883240 -26.78174973 53.86893463
v 84.50743103 -26.91888618 53.91936111
v 84.37596130 -26.64214706 53.85787964
v 83.51684570 -26.60576248 53.93624115
v 83.31918335 -26.28617096 53.88199997
v 82.94944000 -26.41017723 53.97251511
v 82.17474365 -25.86048508 53.99244308
v 82.32882690 -26.18144226 54.03522491
v 81.65245819 -25.91369629 54.13203812
v 80.91876221 -25.60078430 54.27210236
v 81.06022644 -25.40374565 54.19042587
v 91.40911865 -18.43467903 50.80731964
v 91.27645111 -18.62470627 50.87760925
v 91.63626862 -18.15311432 52.16924286
v 91.85656738 -17.90969086 53.54452515
v 91.23118591 -18.75260353 50.91345215
v 91.96871948 -17.88933945 54.42116165
v 91.20909119 -18.92210960 50.95388031
v 91.96487427 -18.11938858 54.48201370
v 91.23194122 -19.13364983 50.99539566
v 92.02684784 -18.35287285 54.52968597
v 91.34159088 -19.40375519 51.03475952
v 92.25679779 -18.70431900 54.57221222
v 91.64439392 -19.74964714 51.05938721
v 92.61724854 -18.96566582 54.56330872
v 92.04558563 -19.94796181 51.04054642
v 92.20127869 -19.87549782 51.38100052
v 92.26072693 -19.90625572 51.29998016
v 92.30754852 -19.98558044 51.01185226
v 92.31895447 -19.93187523 51.21630859
v 92.37619781 -19.95245361 51.12985229
v 92.43199921 -19.96779060 51.04137421
v 92.47167206 -19.97369576 50.98793793
v 92.69281006 -19.90490341 50.94650650
v 93.11039734 -18.76639366 55.63127518
v 93.03468323 -18.52141380 56.32979965
v 92.92733002 -18.33028030 56.69691849
v 92.83248901 -18.19423485 56.85223389
v 92.77081299 -18.11367607 56.90044022
v 92.70107269 -18.02782059 56.91262436
v 92.60745239 -17.92221451 56.85832214
v 92.53014374 -17.84449959 56.75069427
v 92.41320801 -17.75081635 56.46943283
v 92.26692963 -17.69251251 55.90785217
v 92.04994965 -17.75072289 54.73320770
v 91.83641052 -19.85048294 48.81164932
v 91.81106567 -19.90588951 48.83922577
v 91.59107208 -19.95667839 48.80166245
v 91.76644897 -19.95299721 48.85530472
v 91.64406586 -19.98142052 48.83451843
v 91.67462158 -19.98610306 48.84729004
v 91.70686340 -19.98261642 48.85534286
v 91.55091858 -19.91826820 48.76411057
v 91.84013367 -19.79377937 48.77633286
v 91.52649689 -19.86968040 48.72502899
v 91.52285767 -19.81411171 48.68809128
v 91.54572296 -19.75844574 48.65955353
v 91.59449005 -19.71482277 48.64704514
v 91.65677643 -19.69173813 48.65207291
v 91.72100067 -19.68940926 48.67108536
v 91.77842712 -19.70669556 48.70055771
v 91.82051086 -19.74310303 48.73743820
v 91.79709625 -19.97026062 48.87884903
v 91.88294220 -19.93183136 48.89218903
v 91.81978607 -19.99032402 48.90682220
v 91.83553314 -20.00344849 48.92934418
v 91.74453735 -20.04627800 48.92311096
v 91.75067139 -20.06770325 48.95156097
v 91.69064331 -20.07165146 48.92776489
v 91.68693542 -20.09789658 48.96087646
v 91.62706757 -20.08686447 48.92542267
v 91.61015320 -20.11578941 48.96291733
v 91.51806641 -20.07704353 48.89778137
v 91.48057556 -20.10344315 48.93818283
v 91.43335724 -20.03791809 48.85521698
v 91.38152313 -20.05749512 48.89443588
v 91.30432129 -19.98730659 48.83881378
v 91.18452454 -19.97438049 48.94351959
v 91.25079346 -19.89167786 48.77223969
v 91.12011719 -19.85174751 48.87079620
v 91.23635864 -19.76808167 48.69709015
v 91.10359192 -19.69609642 48.78509521
v 91.28590393 -19.62553596 48.62396622
v 91.16547394 -19.51854324 48.69667435
v 91.40875244 -19.50684929 48.57941437
v 91.31832886 -19.37203026 48.63510513
v 91.55793762 -19.45156670 48.57610703
v 91.50550842 -19.30582619 48.61831665
v 91.69470215 -19.45162392 48.60114288
v 91.67897034 -19.31029129 48.63442993
v 91.78683472 -19.48086548 48.63342285
v 91.79724121 -19.35202217 48.66222763
v 91.86218262 -19.53162766 48.67343140
v 91.89532471 -19.42283821 48.69974899
v 91.91572571 -19.60194969 48.71934128
v 91.96552277 -19.52078438 48.74569702
v 91.94326782 -19.67718506 48.76455307
v 92.00006866 -19.62310219 48.79328918
v 91.94320679 -19.81408501 48.84173203
v 91.99694824 -19.79807472 48.87792969
v 91.94532776 -19.94507408 48.95983505
v 92.04342651 -19.77709007 48.92097092
v 91.99485779 -19.94490051 49.03851700
v 92.08258820 -19.68924522 48.92843628
v 92.04478455 -19.56560516 48.83416367
v 92.06776428 -19.51795387 48.86974716
v 91.99914551 -19.43929863 48.79032898
v 91.97531891 -19.32712746 48.82147980
v 91.90903473 -19.32005882 48.75336456
v 91.79876709 -19.18228340 48.79747391
v 91.78901672 -19.23740387 48.72809219
v 91.65057373 -19.19143677 48.71438980
v 91.86666107 -20.02682304 48.98380280
v 91.76030731 -20.10598946 49.02046204
v 91.67504883 -20.14248085 49.04179382
v 91.57073212 -20.15992737 49.05606079
v 91.40196991 -20.13266563 49.04265594
v 91.27861023 -20.06719398 49.00128174
v 91.10536194 -19.91752052 49.06995392
v 91.04288483 -19.77683449 49.00039673
v 91.03104401 -19.60684776 48.91676331
v 91.09807587 -19.41900253 48.82625198
v 91.25688171 -19.26362419 48.75313187
v 91.45667267 -19.18961143 48.71770096
v 91.98770142 -19.95555878 49.04356384
v 91.89228058 -20.04214287 49.04372025
v 91.91551208 -20.04037857 49.08625793
v 91.81743622 -20.11364937 49.13173294
v 91.76438904 -20.13096237 49.09572983
v 91.65691376 -20.17008209 49.19276810
v 91.65860748 -20.16716576 49.13009262
v 91.51387787 -20.16839790 49.23147583
v 91.53079224 -20.17486763 49.15784073
v 91.39226532 -20.13421822 49.24707413
v 91.33583069 -20.12028885 49.15850830
v 91.22981262 -20.03463554 49.23199844
v 91.20227814 -20.03098869 49.12359619
v 91.08061981 -19.85247231 49.16543198
v 91.02771759 -19.70221901 49.10064316
v 91.02639008 -19.52990341 49.02285767
v 91.09344482 -19.35716057 48.94154358
v 91.23695374 -19.21251488 48.86783981
v 91.41071320 -19.13783646 48.82167435
v 91.58989716 -19.12376976 48.79923248
v 91.87938690 -19.82520294 48.81172180
v 91.91677856 -19.81958771 48.82782745
v 91.87193298 -19.72859955 48.74866104
v 91.84798431 -19.68281746 48.71319962
v 91.80843353 -19.64421272 48.67801285
v 91.75637054 -19.61846733 48.64719009
v 91.69516754 -19.60640144 48.62218094
v 91.69699860 -19.51823616 48.60303879
v 91.58063507 -19.52128410 48.57826233
v 91.60844421 -19.61360359 48.60187912
v 91.45506287 -19.57016945 48.57826233
v 91.51871490 -19.65222740 48.60037613
v 91.35215759 -19.67083740 48.61436081
v 91.44680786 -19.72462845 48.62511826
v 91.31015015 -19.79103851 48.67673874
v 91.41633606 -19.81046677 48.67022705
v 91.32191467 -19.89591217 48.74293518
v 91.42350006 -19.88769341 48.72089767
v 91.45587921 -19.95021439 48.76969147
v 91.50497437 -19.99785614 48.81392670
v 91.56848145 -20.02986145 48.85227203
v 91.64833069 -20.04004860 48.88084793
v 91.69388580 -20.03091621 48.88744354
v 91.73463440 -20.01371193 48.88797760
v 91.36725616 -19.97767448 48.80327225
v 91.77613831 -19.54031372 48.63370132
v 91.84138489 -19.58054924 48.67124939
v 91.88851929 -19.63737679 48.71391678
v 91.91410065 -19.69998550 48.75588226
v 91.29273987 -18.59003448 50.80500793
v 91.39617920 -18.46346474 50.70652771
v 91.22045135 -18.76556969 50.81714630
v 91.39884949 -18.46217918 50.70049286
v 91.40154266 -18.46092033 50.69446564
v 91.40428162 -18.45970917 50.68845367
v 91.40706635 -18.45854378 50.68243790
v 91.19758606 -18.94574928 50.87813950
v 91.20245361 -18.92056847 50.91241074
v 91.23013306 -18.73794556 50.85805130
v 91.22492981 -19.13692665 50.96436310
v 91.22411346 -19.16007805 50.93734741
v 91.32823944 -19.39387131 51.00937653
v 91.34230804 -19.43062973 50.99021530
v 91.45771790 -19.58400917 51.03130722
v 91.65901184 -19.77726746 51.01296997
v 91.77877808 -19.84427261 51.03052139
v 92.08233643 -19.97657204 50.95660782
v 92.20185852 -19.99000168 50.97749710
v 92.37710571 -20.00163269 50.87772369
v 92.51003265 -19.97760582 50.90617371
v 92.59249878 -19.95301819 50.79723358
v 92.75596619 -19.87530518 50.82262421
v 92.74590302 -19.86832428 50.72509384
v 92.88834381 -19.72212982 50.64514542
v 92.97644806 -19.55181885 50.58356476
v 92.97401428 -19.64348602 50.72304535
v 92.88824463 -19.76323891 50.76779938
v 92.83338165 -19.82006454 50.86313629
v 93.01358032 -19.25946045 50.50191116
v 93.06351471 -19.31286812 50.61921310
v 93.03546143 -19.49984360 50.67433167
v 93.02726746 -19.55219650 50.72442245
v 92.95146179 -19.69190216 50.78011322
v 93.05625153 -19.18771935 50.58769608
v 92.99807739 -19.14104652 50.47756195
v 92.99346924 -18.95575142 50.54013824
v 92.90491486 -18.87992096 50.43887329
v 92.90382385 -18.78492737 50.51456451
v 92.81410980 -18.73398399 50.42607498
v 92.89414215 -18.76892662 50.51390076
v 92.66207886 -18.56687546 50.42176056
v 93.01919556 -18.98311234 50.57925797
v 93.07489014 -19.21832275 50.63658905
v 91.59289551 -18.43024635 50.36288834
v 91.55962372 -18.44396782 50.37280273
v 91.36746216 -18.57429886 50.44461441
v 91.23490143 -18.76008987 50.52150345
v 91.22007751 -18.81725883 50.38269043
v 91.16039276 -19.03478813 50.45711136
v 91.14685059 -19.08574104 50.31755829
v 91.16424561 -19.31429672 50.38603592
v 91.14981079 -19.35767365 50.24770355
v 91.23539734 -19.57528496 50.30767059
v 91.21804810 -19.61056900 50.17200470
v 91.36042023 -19.79672050 50.22048187
v 91.31634521 -19.85157013 49.95687103
v 91.49650574 -19.98285484 49.99577713
v 91.46831512 -20.00336456 49.86871719
v 91.67109680 -20.08081245 49.89311981
v 91.63590240 -20.09587860 49.77132416
v 91.84123230 -20.11595535 49.77947617
v 91.79883575 -20.12755775 49.66292191
v 92.07622528 -20.05336189 49.63908005
v 92.02402496 -20.06423187 49.52934265
v 92.43802643 -19.83883858 49.84437943
v 91.97182465 -20.07509613 49.41960907
v 91.91961670 -20.08595085 49.30988312
v 91.71404266 -20.15075302 49.42982101
v 91.67164612 -20.16234589 49.31327438
v 91.53030396 -20.14106941 49.40594864
v 91.49510193 -20.15613174 49.28416443
v 91.81159973 -18.38471413 50.30373764
v 91.76789093 -18.44766426 50.18345642
v 91.53650665 -18.50823402 50.23920441
v 91.34933472 -18.63608551 50.30773926
v 92.26766205 -18.41640091 50.30932999
v 92.05844879 -18.39413643 50.26914978
v 92.02182770 -18.45629501 50.14460373
v 91.73836517 -18.51215363 50.05383301
v 91.51332092 -18.57269478 50.10520935
v 91.49015045 -18.63715744 49.97120667
v 91.31299591 -18.76000214 50.03324127
v 91.29483032 -18.82196236 49.89598846
v 91.17549133 -18.98918343 49.96521759
v 91.14577484 -19.10379982 49.68690491
v 91.09265900 -19.28953743 49.75935745
v 91.07910156 -19.34050369 49.61975861
v 91.09207916 -19.53118896 49.69433212
v 91.07763672 -19.57457924 49.55595016
v 91.14864349 -19.75173187 49.62922287
v 91.13128662 -19.78702927 49.49350739
v 91.25019836 -19.93387413 49.56131744
v 91.22814178 -19.96130943 49.42947006
v 91.38372803 -20.06489372 49.48754883
v 91.35552216 -20.08540344 49.36049652
v 92.31842804 -18.47534370 50.24543762
v 92.65685272 -18.71652412 50.25320435
v 92.87792206 -19.05150414 50.30887604
v 92.93252563 -19.41687775 50.40322876
v 92.74699402 -19.48982620 50.09088516
v 92.80883026 -19.46550179 50.19500351
v 92.87067413 -19.44118500 50.29912186
v 92.75830078 -19.12323570 50.09598923
v 92.81810760 -19.08736801 50.20243454
v 92.55021667 -18.81205368 50.02944565
v 92.60353088 -18.76428986 50.14132690
v 92.23085785 -18.59074402 50.00694275
v 92.27464294 -18.53304482 50.12619019
v 91.98520660 -18.51845741 50.02005386
v 92.31407928 -19.66019821 49.36186218
v 92.37593842 -19.63586426 49.46601868
v 92.43779755 -19.61152458 49.57017899
v 92.33959198 -19.37441254 49.35072327
v 92.39942169 -19.33852386 49.45721054
v 92.17699432 -19.14646339 49.24613571
v 92.23032379 -19.09868050 49.35805893
v 91.92440796 -18.99469566 49.17200851
v 91.96820068 -18.93697739 49.29130554
v 91.72894287 -18.95366287 49.14801407
v 91.76556396 -18.89147758 49.27261734
v 91.53171539 -18.96368980 49.14627075
v 91.56124878 -18.89917183 49.27594757
v 91.35111237 -19.02403641 49.16703415
v 91.37429047 -18.95954704 49.30108643
v 91.20398712 -19.13184166 49.20957947
v 91.22216034 -19.06985855 49.34687805
v 91.10117340 -19.27578735 49.26928329
v 91.11604309 -19.21845818 49.40848923
v 91.05199432 -19.44243622 49.34056091
v 91.06555176 -19.39146805 49.48015976
v 91.06320190 -19.61796951 49.41757202
v 92.12846375 -19.73314285 49.04942322
v 92.15940094 -19.72099304 49.10149384
v 92.19034576 -19.70883942 49.15356445
v 92.13017273 -19.49998856 48.97803497
v 92.16009521 -19.48205376 49.03127670
v 91.99031830 -19.31369972 48.85441971
v 92.01699066 -19.28980827 48.91037369
v 91.79301453 -19.16785812 48.81412888
v 91.65569305 -19.07802963 48.89882278
v 91.47264862 -19.09271812 48.88692856
v 91.69232178 -19.01584625 49.02341461
v 91.50218201 -19.02820587 49.01659775
v 92.09751892 -19.74528885 48.99735641
v 92.10025787 -19.51792145 48.92480087
v 91.30474091 -19.15300560 48.89894104
v 91.32792664 -19.08852196 49.03298569
v 91.16763306 -19.25580215 48.93498230
v 91.18581390 -19.19382286 49.07227707
v 91.07144165 -19.39044571 48.99087143
v 91.08631134 -19.33311653 49.13007736
v 91.02489471 -19.54437637 49.06135941
v 91.03844452 -19.49340630 49.20096207
v 91.03431702 -19.70475960 49.14081192
v 91.04875946 -19.66136360 49.27919006
v 91.09656525 -19.85763168 49.22207642
v 91.11392975 -19.82233047 49.35779190
v 91.20608521 -19.98874664 49.29763031
v 91.65029907 -20.16818047 49.25461197
v 91.86739349 -20.09679604 49.20016861
v 91.89341736 -20.09139252 49.25484085
v 91.84127808 -20.10221291 49.14531326
v 92.23278046 -20.02072525 49.96831131
v 92.18059540 -20.03160667 49.85856628
v 92.12841034 -20.04248619 49.74882126
v 91.88362122 -20.10435104 49.89603043
v 92.54581451 -19.95552826 50.62646484
v 92.49364471 -19.96637535 50.51681900
v 92.44145966 -19.97723579 50.40712357
v 92.13790131 -20.03475952 50.59514236
v 92.09552002 -20.04635239 50.47863388
v 91.88220978 -19.99045372 50.62365723
v 91.84702301 -20.00551033 50.50191116
v 91.63743591 -19.88034248 50.63083267
v 91.60923767 -19.90084648 50.50382614
v 91.42655945 -19.71444130 50.61587906
v 91.40451050 -19.74186897 50.48408508
v 91.27011108 -19.50470734 50.57900620
v 91.25275421 -19.53999710 50.44334030
v 91.17868042 -19.27091408 50.52436447
v 92.18025208 -20.02318001 50.71156311
v 91.91736603 -19.97541046 50.74528122
v 91.66559601 -19.85986519 50.75767899
v 91.44858551 -19.68705177 50.74747849
v 91.28744507 -19.46947670 50.71443176
v 91.19309235 -19.22761536 50.66242218
v 91.17391205 -18.98394394 50.59635544
v 92.25222015 -19.68452454 49.25770950
v 92.21993256 -19.44617844 49.13775635
v 92.07032776 -19.24202728 49.02229309
v 91.83681488 -19.11013603 48.93341827
v 91.88061523 -19.05241585 49.05271149
v 92.27976227 -19.41029739 49.24423981
v 92.12366486 -19.19424438 49.13421249
v 92.68516541 -19.51415825 49.98675919
v 92.56150055 -19.56283379 49.77850723
v 92.49964905 -19.58717918 49.67434311
v 92.45924377 -19.30263329 49.56370163
v 92.33711243 -19.99897385 50.18772507
v 92.38928223 -19.98810196 50.29742432
v 92.05313873 -20.05794907 50.36212540
v 91.33116913 -18.69804192 50.17049408
v 91.20521545 -18.87456703 50.24353027
v 92.28365326 -19.05089760 49.46998215
v 92.51907349 -19.26674080 49.67018890
v 92.33697510 -19.00311661 49.58190918
v 92.63867950 -19.19498444 49.88309097
v 92.44359589 -18.90758514 49.80567932
v 92.69848633 -19.15910721 49.98954010
v 92.49690247 -18.85981941 49.91756439
v 92.01198578 -18.87925720 49.41060638
v 92.05577087 -18.82153893 49.52991104
v 92.14330292 -18.70614243 49.76842880
v 92.18708038 -18.64844322 49.88768768
v 91.80217743 -18.82929230 49.39722061
v 91.59077454 -18.83465385 49.40562820
v 91.39746857 -18.89505577 49.43513870
v 91.24033356 -19.00787354 49.48418045
v 91.13090515 -19.16112900 49.54769897
v 91.83879089 -18.76710701 49.52182388
v 91.91199493 -18.64278221 49.77094269
v 91.94860077 -18.58061981 49.89550018
v 91.62029266 -18.77013397 49.53530884
v 91.67932129 -18.64113998 49.79457474
v 91.70883942 -18.57664680 49.92420578
v 91.42063904 -18.83056259 49.56919098
v 91.46697998 -18.70162392 49.83720398
v 91.25849915 -18.94588852 49.62148285
v 91.16600037 -19.71643448 49.76494217
v 91.10651398 -19.48779869 49.83271027
v 91.18335724 -19.68113899 49.90066147
v 91.13538361 -19.40105057 50.10937500
v 91.29429626 -19.87900352 49.82501984
v 91.27224731 -19.90643883 49.69316864
v 91.44011688 -20.02387428 49.74166107
v 91.70629120 -20.06574821 50.01491165
v 91.92601013 -20.09274673 50.01258469
v 91.77664948 -20.03562927 50.25841522
v 92.01075745 -20.06954765 50.24561310
v 91.81183624 -20.02056885 50.38016510
v 91.55286407 -19.94185066 50.24980545
v 91.38246155 -19.76929474 50.35228348
v 91.11975098 -19.18764114 50.03845978
v 91.19035339 -18.93187523 50.10437393
v 91.75643921 -20.13915634 49.54637146
v 91.56550598 -20.12600708 49.52774048
v 91.60070801 -20.11094284 49.64953232
v 91.13330078 -19.13669205 50.17800903
v 91.58105469 -19.92134857 50.37681580
v 91.41192627 -20.04438400 49.61460114
v 92.97055054 -20.13250732 51.00258636
v 93.26222229 -19.89787865 50.87795258
v 93.60582733 -19.69813347 50.95476151
v 93.37570190 -20.18956757 51.00188446
v 93.72944641 -20.00855064 51.07912445
v 93.46536255 -20.48542213 51.12997437
v 93.83162689 -20.33374214 51.21186447
v 93.49804688 -20.63506699 51.19646835
v 93.87030792 -20.50091171 51.28183746
v 93.52172089 -20.78555107 51.26463699
v 93.89927673 -20.66996574 51.35383224
v 93.53588867 -20.93645477 51.33441162
v 93.91791534 -20.84058380 51.42781830
v 93.54014587 -21.08737373 51.40578079
v 93.92565918 -21.01228142 51.50379562
v 93.56053162 -21.25649834 51.49065781
v 93.93399811 -21.20201302 51.59851456
v 94.21920776 -20.87397385 51.74560928
v 94.22052002 -21.08117485 51.83808517
v 94.22894287 -20.65373230 51.69487381
v 94.20664978 -20.68816376 51.66692734
v 94.18265533 -20.50427437 51.59051132
v 93.29827118 -19.09055328 50.71746826
v 92.89045715 -18.51428223 50.51557922
v 92.75344086 -18.34645462 50.46162033
v 92.26741028 -17.76049042 50.27464294
v 92.00192261 -18.02369118 50.18841553
v 91.70834351 -18.25979042 50.26099777
v 92.45657349 -17.51801682 50.50403214
v 92.95350647 -18.08555412 50.69758224
v 93.09307098 -18.25236511 50.74821472
v 93.52637482 -18.84976578 50.94933701
v 93.85468292 -19.47778320 51.18561172
v 93.98873138 -19.80007744 51.30952072
v 94.10316467 -20.14423180 51.44451523
v 94.14792633 -20.32287979 51.51636887
v 92.53504181 -17.34031487 50.83488846
v 92.82339478 -17.67071724 50.93780136
v 93.07365417 -17.96137428 51.02633286
v 93.27568054 -18.20835304 51.07990646
v 93.56560516 -18.64309883 51.15712357
v 94.02359009 -19.62733459 51.41344452
v 94.17955017 -20.21108627 51.56643677
v 93.17115021 -21.23433304 51.53505707
v 93.15635681 -20.78396988 51.30586624
v 93.07942963 -20.43962479 51.14247894
v 91.56051636 -18.39183235 50.34945297
v 91.52786255 -18.35334587 50.33615112
v 91.47559357 -18.29224205 50.31538010
v 91.42283630 -18.23110771 50.29503250
v 91.16872406 -17.93748283 50.20281982
v 91.18209076 -17.62228012 50.06574631
v 90.87374878 -17.59189606 50.10638046
v 90.53623199 -16.82900620 49.88359451
v 90.16823578 -16.74666977 49.92770004
v 90.16187286 -16.36455727 49.80841827
v 89.39974976 -15.79735184 49.82108688
v 89.74791718 -15.84797573 49.75181198
v 89.29111481 -15.27442551 49.72186279
v 88.64735413 -14.83623886 49.80999756
v 88.78881836 -14.63919926 49.72832108
v 91.34058380 -18.26897621 50.47246933
v 91.23705292 -18.28248024 50.64180756
v 91.39675140 -18.42025566 50.80279541
v 91.34992981 -18.36173820 50.79528046
v 91.42948914 -18.34227753 51.07620239
v 91.43732452 -18.21481133 51.39853668
v 89.85623932 -15.51971245 53.13648605
v 89.50610352 -15.63822269 51.63499451
v 89.16962433 -15.81545067 50.17634201
v 90.53977966 -17.48123169 50.41559219
v 89.84939575 -16.65769386 50.25932312
v 90.18565369 -15.44032478 54.66310883
v 90.47097015 -15.42306805 56.17099762
v 90.61240387 -15.46173859 57.09522247
v 88.61207581 -13.01505756 57.02465057
v 88.58467102 -12.95776749 58.02230835
v 90.70925140 -15.54904175 57.96174240
v 90.75339508 -15.69152832 58.75547791
v 92.82995605 -18.11731529 57.83089447
v 92.89102173 -18.26411247 58.61573029
v 90.74320984 -15.88999557 59.47102737
v 92.88005829 -18.54316521 59.49579620
v 90.63404083 -16.27454758 60.37015152
v 92.78810120 -18.87038803 60.15119934
v 90.43155670 -16.73320580 61.06861496
v 92.61055756 -19.28622437 60.72008133
v 90.11987305 -17.29901314 61.65687180
v 92.39680481 -19.68329239 61.10452271
v 89.68308258 -17.98872566 62.15154648
v 92.03562927 -20.26473427 61.51163864
v 86.19198608 -15.51049042 63.29670715
v 86.54338837 -15.05779266 63.03292084
v 87.01436615 -14.49650574 62.59558105
v 87.43502808 -14.03776932 62.08740616
v 87.80516815 -13.65433693 61.48366165
v 88.08993530 -13.36157894 60.82391357
v 88.31193542 -13.14081669 60.06706619
v 88.47817230 -12.99790096 59.16139221
v 88.58967590 -13.17535400 55.75922394
v 88.51951599 -13.40604877 54.46531296
v 88.45443726 -13.63276196 53.45649338
v 88.39046478 -13.88457298 52.49135208
v 88.34049988 -14.09003353 51.77252960
v 88.24003601 -14.61051655 50.18517685
v 88.32760620 -14.72665215 50.17874908
v 88.41554260 -14.84256554 50.17329025
v 88.50370026 -14.95835209 50.16883850
v 58.24037552 5.85697651 66.69200897
v 57.98530579 5.85238457 66.23914337
v 58.29750443 5.97682953 66.65290833
v 58.06601334 6.03990412 66.20457458
v 58.31135178 6.11214113 66.62727356
v 58.06541443 6.24427891 66.23777771
v 57.75006104 6.35408592 65.95648193
v 57.38814926 6.55857038 65.82292938
v 57.12146759 6.75737095 65.83707428
v 57.04224396 6.82237530 65.86022186
v 56.97570801 7.02111959 66.06813049
v 56.77216339 7.09988594 66.06190491
v 56.88554001 7.14351988 66.19981384
v 56.82645416 7.21947861 66.28491974
v 56.62460709 7.34311867 66.39311218
v 56.77708054 7.29499245 66.38710022
v 56.75831223 7.35847044 66.50619507
v 56.77135849 7.40493250 66.63361359
v 56.62508392 7.51001596 66.79656982
v 56.81398010 7.42914343 66.76071167
v 56.93051529 7.48512268 67.09760284
v 56.77351379 7.57172012 67.20251465
v 57.15155029 7.44338226 67.37975311
v 57.04423523 7.51756191 67.54075623
v 57.43725586 7.31144476 67.55632019
v 57.39043045 7.35690546 67.75281525
v 56.90244293 7.49073124 67.68923950
v 57.29691315 7.30767345 67.93087006
v 56.76961899 7.36819744 67.79031372
v 57.18175888 7.17693996 68.04276276
v 57.70669174 6.16502237 65.88404846
v 57.60988998 5.98310709 65.90426636
v 57.29431152 6.39801979 65.73188019
v 57.17903900 6.22654104 65.74527740
v 56.90017700 6.69860888 65.77436829
v 56.76725006 6.54059410 65.78967285
v 56.59243393 7.01481533 66.00418091
v 56.44572449 6.87096453 66.02976990
v 56.42430115 7.29196405 66.38156891
v 56.27006149 7.16052723 66.42406464
v 56.42484665 7.48213339 66.84127808
v 56.27062988 7.35921478 66.90436554
v 56.59397507 7.55244160 67.30383301
v 56.44733429 7.43267202 67.38763428
v 56.51848984 6.25312567 68.42569733
v 56.41255569 6.07592106 68.44145203
v 56.34422302 5.89972639 68.35684204
v 56.33181000 5.77175379 68.19454956
v 55.66772461 5.86776876 67.27081299
v 55.70853424 5.88945293 67.39894104
v 55.57887650 6.05283737 67.40059662
v 55.82506561 5.94543219 67.73583221
v 55.72730637 6.11454153 67.80654144
v 56.04610443 5.90369177 68.01798248
v 55.99802780 6.06038284 68.14479065
v 56.01808167 6.25897884 68.19982910
v 55.70961380 6.32068920 67.81441498
v 55.54048920 6.25038099 67.35186005
v 55.57839966 5.88593960 66.99713898
v 55.53994370 6.06021166 66.89215088
v 55.72595596 5.64270687 66.66593170
v 55.70807648 5.78306293 66.51476288
v 55.99603653 5.36519623 66.46424866
v 56.01581573 5.46685648 66.28495789
v 56.34194183 5.10139132 66.42695618
v 56.40995026 5.16626740 66.24246216
v 56.70385742 4.89690685 66.56050873
v 56.82233047 4.93326998 66.39463806
v 57.01920700 4.78709984 66.84180450
v 57.18165207 4.80815172 66.71515656
v 57.36472702 4.79366398 67.17380524
v 57.48353577 4.84311771 67.12284851
v 57.32203674 4.92857027 66.62208557
v 57.57710648 4.93316221 67.07495117
v 56.10634995 6.44438314 68.17324829
v 55.78406525 6.50885773 67.77057648
v 55.60736084 6.43540049 67.28730774
v 55.60679245 6.23671293 66.80699921
v 55.78245544 5.94714975 66.41271210
v 56.10398102 5.61677980 66.17260742
v 56.51576996 5.30272675 66.12821198
v 56.94662094 5.05929279 66.28720093
v 56.07401276 5.29845190 66.44182587
v 55.72397232 5.68391895 66.92144012
v 55.67654419 5.76215172 67.02249908
v 55.65723419 5.82488012 67.14192200
v 57.97668076 7.88344383 65.13727570
v 58.81558990 8.88864136 64.26587677
v 59.63867188 9.76033592 63.23175049
v 60.43712616 10.46561813 62.06229019
v 56.82792282 7.22147989 66.28388214
v 57.08268738 7.56592083 66.09556580
v 57.50302505 7.72899294 65.65920258
v 57.59486771 8.23654842 65.66808319
v 58.03502655 8.41395950 65.17577362
v 58.10524368 8.87065029 65.17700195
v 58.55730057 9.05471039 64.63169861
v 58.60120010 9.44905186 64.63656616
v 59.06817245 9.64674187 64.03144836
v 59.07692337 9.96706963 64.05985260
v 59.56438828 10.45785427 63.41137695
v 59.74926758 10.35638046 63.12594223
v 59.83082962 10.70457935 63.03409576
v 60.11997604 10.95192719 62.60793686
v 60.41309738 10.90845776 62.13701248
v 60.43769073 11.19657326 62.12124634
v 60.88616562 11.48381138 61.40296555
v 61.06760025 11.28948021 61.07023239
v 61.15041351 11.61862659 60.96251297
v 61.44574356 11.74195766 60.45503616
v 61.70325089 11.51348972 59.94508743
v 62.05006790 11.91785717 59.36521530
v 62.31680679 11.61341000 58.76838684
v 62.62134933 12.00645924 58.26489639
v 62.92707443 11.63594437 57.49935532
v 63.16050720 12.03262234 57.14343643
v 63.53140259 11.59036255 56.10988998
v 63.67176819 12.00381851 55.98248672
v 64.12001801 11.46843433 54.59576416
v 64.20536041 11.90379333 54.64383316
v 64.47039032 11.81992435 53.92006683
v 64.74410248 11.70286942 53.12191391
v 64.66429901 11.47387409 53.17107010
v 64.58485413 11.24473572 53.22014999
v 64.07996368 11.17583370 54.51768875
v 63.61219025 11.27560616 55.75739288
v 64.50577545 11.01545429 53.26915359
v 63.10631180 11.31382847 56.97395325
v 62.56717682 11.29285431 58.15759659
v 61.99413300 11.20279121 59.31978607
v 61.40398407 11.02241898 60.43359375
v 60.88348007 10.77169132 61.34091568
v 56.95991135 7.59296036 66.73006439
v 56.87965775 7.55220890 66.54460907
v 56.86799240 7.46127748 66.35997009
v 57.08293152 7.75893831 66.63846588
v 57.20579910 7.92323446 66.54340363
v 57.32852173 8.08572483 66.44485474
v 57.24298096 8.03800774 66.26346588
v 57.48438263 8.35256004 66.05901337
v 57.46294022 8.24885178 65.88214874
v 57.69958115 8.55017090 65.66790771
v 58.16980743 9.12631035 65.20110321
v 58.63492203 9.66321182 64.68454742
v 59.09349442 10.15945244 64.12255859
v 59.54545593 10.61338139 63.51927567
v 59.99355698 11.01876450 62.87762833
v 60.44133377 11.37583256 62.20540237
v 60.05610275 11.16815948 63.00516129
v 60.51112366 11.52346420 62.31748962
v 60.63611221 11.61630535 62.43991852
v 60.18046951 11.25990772 63.14158630
v 59.71826172 10.84279728 63.80258942
v 59.25319290 10.37515068 64.42376709
v 58.78163147 9.86376953 65.00237274
v 58.30238342 9.30970955 65.53508759
v 58.67560196 9.79058743 64.84144592
v 58.20295334 9.24457073 65.36666870
v 57.57345200 8.40481758 66.23742676
v 57.81748581 8.71544552 66.01653290
v 57.22549438 7.93938875 66.08329010
v 57.12203217 7.87782860 66.36059570
v 56.98734665 7.62237310 66.27108002
v 57.10650635 7.78177881 66.17885590
v 57.00092316 7.71585655 66.45430756
v 57.72492981 8.65880585 65.84126282
v 59.14110184 10.29485893 64.27052307
v 59.60017014 10.75619793 63.65750122
v 86.26682281 -5.85539627 64.45841980
v 86.49421692 -6.67673111 64.43624878
v 86.72745514 -7.42768431 64.23097229
v 86.94754791 -8.03637695 63.90420151
v 87.14816284 -8.49621010 63.50918961
v 87.28372192 -8.74894619 63.18940735
v 87.40386963 -8.92633915 62.86367035
v 87.50638580 -9.03323746 62.54328537
v 87.59036255 -9.07627392 62.23495483
v 87.70472717 -8.99018288 61.64894867
v 87.73297882 -8.85504341 61.36323547
v 87.73603821 -8.64723301 61.08562088
v 87.69046021 -8.25102615 60.75255203
v 87.36664581 -6.97228813 60.31560135
v 87.08455658 -6.15046597 60.31039047
v 86.79042053 -5.39754629 60.46326065
v 86.52405548 -4.78032732 60.72260284
v 86.31861877 -4.34386873 61.01308441
v 86.14437103 -4.00607586 61.34599304
v 86.00586700 -3.76990724 61.70387650
v 85.90390015 -3.63180232 62.07184219
v 85.83394623 -3.69753480 62.06069183
v 85.83611298 -3.58614755 62.44734955
v 85.76199341 -3.64991999 62.46034241
v 85.80133057 -3.63361526 62.83165359
v 85.73033142 -3.70927715 62.85993958
v 85.80170441 -3.78318524 63.21821594
v 85.73825073 -3.86944342 63.23540497
v 85.83963013 -4.04502010 63.59399414
v 85.77894592 -4.10969162 63.56413651
v 85.84420776 -4.40817022 63.83834839
v 85.93013763 -4.48771000 63.98044586
v 85.94367981 -3.84756327 61.68034744
v 86.11463928 -4.14336252 61.27219009
v 86.32563782 -4.55864191 60.91773224
v 86.54637146 -5.03346205 60.65295792
v 86.76749420 -5.54350138 60.47130966
v 86.98291016 -6.07732582 60.36638641
v 87.18909454 -6.62777424 60.33840561
v 87.37502289 -7.18161631 60.39184570
v 74.53044891 7.86761570 61.97737885
v 74.41898346 8.09914970 63.81270218
v 74.61687469 8.79927063 64.87728882
v 74.47503662 8.52413750 65.02989197
v 74.52690887 8.86666870 66.03649139
v 74.30124664 8.30990314 65.83391571
v 74.35667419 8.64770699 66.79382324
v 74.09517670 7.99260664 66.71987915
v 74.15491486 8.32880211 67.62854767
v 73.89630127 7.61220694 67.54032135
v 73.96001434 7.95067644 68.40178680
v 73.79884338 7.39276695 67.94028473
v 73.86431122 7.73380184 68.77883911
v 73.70656586 7.15907145 68.32395935
v 73.77349091 7.50354719 69.14061737
v 73.54190826 6.65216732 69.04419708
v 73.61060333 7.00593758 69.81996155
v 73.42369843 6.16447783 69.63089752
v 73.49234009 6.52887106 70.37362671
v 73.33475494 5.64454412 70.17312622
v 73.40160370 6.02153873 70.88556671
v 73.27786255 5.09695482 70.67329407
v 73.34101868 5.48827124 71.35807800
v 73.25558472 4.52529192 71.13436127
v 73.31297302 4.93242025 71.79392242
v 73.28601837 4.25415039 71.77996826
v 73.33844757 4.65933371 72.40287781
v 74.37100983 7.66475391 62.59835434
v 74.39394379 7.88304234 63.20520401
v 74.21331787 7.67937422 64.09334564
v 74.24069977 7.89167929 64.67291260
v 73.99891663 7.36725950 65.07156372
v 74.02915192 7.57751751 65.62049866
v 73.79230499 6.98493528 65.97694397
v 73.82521057 7.19552279 66.49768829
v 73.69137573 6.76196432 66.41809082
v 73.72548676 6.97356939 66.92517090
v 73.59614563 6.52314043 66.84112549
v 73.63128662 6.73629761 67.33515167
v 73.42767334 6.00157833 67.63475800
v 73.46418762 6.21930933 68.10445404
v 73.30899048 5.49654818 68.28070831
v 73.34575653 5.71978664 68.73077393
v 73.22269440 4.95566559 68.87714386
v 73.25867462 5.18561792 69.30925751
v 73.17189789 4.38398504 69.42676544
v 73.20594025 4.62170172 69.84252167
v 73.15946960 3.78551054 69.93282318
v 73.19033813 4.03190088 70.33370972
v 73.21051025 3.61193371 70.80603790
v 73.24420929 3.90973806 71.25654602
v 74.18795776 7.46516705 63.51432800
v 73.97060394 7.15541601 64.52306366
v 73.76123047 6.77306795 65.45650482
v 73.65904236 6.54923391 65.91125488
v 73.56272125 6.30901241 66.34728241
v 73.39276123 5.78317833 67.16513062
v 73.27371979 5.27290106 67.83058929
v 73.18810272 4.72556114 68.44485474
v 73.13912964 4.14636755 69.01071167
v 73.12976837 3.53946590 69.53150940
v 73.37356567 5.33909369 72.45279694
v 73.40402222 5.13945103 73.15185547
v 73.50316620 6.14818478 73.76821899
v 73.72766876 7.27226925 76.44945526
v 73.71086884 7.33278656 75.72092438
v 73.81739807 7.91147232 76.69351959
v 73.88201904 8.30365658 76.45762634
v 73.98960114 8.82086468 77.46948242
v 74.06856537 9.15462112 77.26345062
v 74.12918091 9.49043083 78.84436798
v 74.19753265 9.74536610 78.70516205
v 73.91467285 8.39644527 77.96758270
v 73.92425537 8.47827911 77.66241455
v 74.02804565 9.01534081 78.68516541
v 74.35984039 10.23447800 78.40152740
v 74.27465820 9.99382114 78.55783844
v 74.16025543 9.47832775 77.04294586
v 73.96340179 8.68466949 76.20442963
v 73.77136993 7.76723289 75.44314575
v 74.59978485 10.79013443 77.96911621
v 74.57727051 10.74363995 78.01016235
v 74.52025604 10.62137699 78.11328888
v 74.46485138 10.49564362 78.21278381
v 74.46173096 10.28639507 76.36734009
v 74.39295959 10.12590313 76.51953125
v 74.31282043 9.78452969 75.28337860
v 74.17171478 9.40612602 75.64001465
v 74.06663513 8.98102379 74.47451019
v 73.95073700 8.59368610 74.82159424
v 73.71759033 7.59824753 72.60364532
v 73.62112427 7.13474703 73.02256775
v 73.47201538 6.39636087 71.59799194
v 73.40756226 5.87827349 72.04249573
v 74.53271484 10.44154930 76.20918274
v 74.70222473 10.89674950 76.90546417
v 74.67460632 10.72498035 75.88593292
v 74.77864838 10.92881775 75.76911926
v 74.80937958 10.91552353 75.11630249
v 74.83314514 10.87613106 74.39685822
v 74.78391266 10.73582649 74.06115723
v 74.62313080 10.45166302 74.49472809
v 74.46650696 10.13759518 74.89734650
v 74.38834381 9.96441650 75.09415436
v 74.84832764 10.80558872 73.60446167
v 74.71973419 10.41392708 72.59336090
v 74.54732513 10.11293507 73.11051941
v 74.35432434 9.28792953 70.36663055
v 74.17119598 8.92299461 70.99562836
v 74.02787781 8.28335571 69.26471710
v 73.93386078 8.06952286 69.61865997
v 74.85331726 10.69884396 72.73278809
v 74.84558105 10.55092049 71.77684784
v 74.82255554 10.35309219 70.72204590
v 74.78607941 10.09225845 69.53688049
v 74.70278168 9.83294964 69.07327271
v 74.54319000 9.60527992 69.68827820
v 74.73824310 9.75517368 68.18916321
v 74.58325195 9.20075226 67.04565430
v 74.41648865 8.97786808 67.75596619
v 74.68114471 9.32859325 66.64669800
v 74.64978027 9.07760239 65.79237366
v 73.56469727 6.89023590 71.11666870
v 73.68315887 7.35582781 70.59639740
v 73.84442902 7.84318495 69.95833588
v 74.21894073 8.65828514 68.53906250
v 73.54901886 6.65050888 73.40999603
v 73.85178375 8.18817902 75.14397430
v 74.06040955 9.05293179 75.93232727
v 74.26361084 9.79008198 76.80683136
v 73.83630371 8.03746891 72.15138245
v 73.99414062 8.50050735 71.59732819
v 74.08067322 8.71712112 71.30260468
v 74.21570587 9.39378166 74.05030823
v 74.29609680 9.58896351 73.82499695
v 74.37957001 9.77608013 73.59050751
v 68.90998840 6.84658527 67.31114197
v 68.52623749 7.51279259 66.58149719
v 68.40472412 7.80478477 66.19790649
v 68.33275604 8.05908489 65.81559753
v 68.32737732 8.44794369 65.07845306
v 68.47794342 8.70581913 64.36555481
v 68.78349304 8.84752464 63.65388489
v 69.25012207 8.87850380 62.92252731
v 69.87356567 8.79390240 62.16029358
v 69.99414825 9.00425625 62.97341156
v 70.74806213 8.82100296 62.22806549
v 70.12146759 9.21453476 63.80267334
v 70.85778809 9.05871391 63.11786652
v 70.25588989 9.42154789 64.64021301
v 70.97545624 9.29434967 64.02161407
v 70.38635254 9.60663891 65.41241455
v 71.09125519 9.50565529 64.85663605
v 70.52341461 9.78384972 66.17903900
v 71.21442413 9.70785046 65.68495178
v 70.66694641 9.95159721 66.93618774
v 71.34463501 9.89872456 66.50084686
v 70.81660461 10.10870838 67.68093872
v 71.48123169 10.07668972 67.30011749
v 70.97200012 10.25397301 68.41023254
v 71.62351990 10.24010372 68.07830811
v 71.13275146 10.38622665 69.12111664
v 71.77079010 10.38739300 68.83113098
v 71.29854584 10.50497055 69.81266022
v 71.92240143 10.51799107 69.55733490
v 71.46915436 10.61013031 70.48523712
v 72.07784271 10.63197803 70.25756073
v 71.61703491 10.68854141 71.03942108
v 72.21203613 10.71574402 70.83024597
v 71.76862335 10.75775528 71.58238983
v 72.34907532 10.78870201 71.38801575
v 72.08374023 10.86977291 72.63977051
v 72.63234711 10.90455532 72.46676636
v 72.63441467 10.97821331 74.29830933
v 73.12227631 11.01277828 74.14810944
v 72.92993927 10.99546337 75.10640717
v 73.38246155 11.02778244 74.96692657
v 73.24075317 10.98551464 75.90345001
v 73.65406036 11.01450062 75.77665710
v 73.93884277 10.96942139 76.57522583
v 74.36435699 10.95765305 76.46520996
v 74.23794556 10.88883877 77.35701752
v 74.60694122 10.87700558 77.26215363
v 74.66621399 10.92941380 76.39820862
v 74.13071442 11.00178051 75.65355682
v 74.46907043 10.96986771 75.57915497
v 74.27648163 10.97701359 74.75190735
v 74.67550659 10.91769981 74.67494202
v 74.51933289 10.88742638 73.83857727
v 74.21032715 10.73899269 72.11917877
v 74.73388672 10.62045765 72.03350067
v 74.57952881 10.45310020 70.90210724
v 74.50195312 10.34842300 70.30393219
v 74.42411041 10.22759247 69.67818451
v 73.93049622 10.49419975 70.40837860
v 73.83826447 10.38462925 69.79412842
v 73.39845276 10.60044289 70.51686096
v 73.29299927 10.50023365 69.91409302
v 72.90461731 10.67072201 70.63261414
v 72.78705597 10.57815266 70.04145050
v 71.63460541 8.51006794 61.46881866
v 71.72325897 8.78110695 62.42230225
v 71.82071686 9.05140018 63.39592361
v 71.91873169 9.29449558 64.29731750
v 72.02492523 9.52716732 65.19077301
v 72.13874817 9.74652481 66.06863403
v 72.25923920 9.95052910 66.92524719
v 72.38533783 10.13706970 67.75466919
v 72.51596069 10.30412960 68.55116272
v 72.65014648 10.45107555 69.31310272
v 72.26969147 8.23743057 60.98173523
v 72.95611572 7.90201426 60.49297714
v 73.69583893 7.49797583 59.99726486
v 73.84026337 8.53015232 63.23716354
v 73.78455353 8.20814610 62.19881821
v 73.73487854 7.85195303 61.08124924
v 73.07999420 8.54990768 62.60027313
v 73.01305389 8.22537518 61.53218079
v 72.42598724 8.82919407 62.99768448
v 72.34313965 8.53322029 61.97750854
v 73.98029327 9.13023567 65.27026367
v 73.90584564 8.83896923 64.26495361
v 73.23133850 9.12348843 64.57312012
v 73.15102386 8.84281445 63.59151840
v 72.60491943 9.35122681 64.88022614
v 72.51109314 9.09586525 63.94334030
v 74.06191254 9.40094852 66.24438477
v 74.14888763 9.64799309 67.17810822
v 74.23935699 9.86840057 68.06259155
v 74.33160400 10.06139469 68.89540100
v 73.72964478 10.23372459 69.02967072
v 74.28799438 10.75570011 78.19960785
v 74.06313324 10.71926403 78.27710724
v 73.88138580 10.66057301 78.35292053
v 73.64699554 10.82181263 77.54766846
v 73.42962646 10.74689293 77.64019012
v 73.25934601 10.88645744 76.79807281
v 73.01088715 10.79650402 76.90695190
v 72.61869812 10.81421375 76.15202332
v 72.41381073 10.67592812 76.27840424
v 72.25203705 10.80354881 75.38201141
v 72.03110504 10.64857674 75.52342224
v 71.90707397 10.76804543 74.59772491
v 71.67260742 10.59766197 74.75290680
v 71.27383423 10.63173008 72.98962402
v 71.01869202 10.43488026 73.17380524
v 70.91697693 10.51012993 71.97623444
v 70.65264893 10.30059719 72.18386841
v 70.74677277 10.43945980 71.46245575
v 70.47872925 10.22509193 71.68489075
v 70.58168793 10.36248493 70.94388580
v 70.31047821 10.14456654 71.18385315
v 70.39241791 10.26345730 70.32347107
v 70.11813354 10.04327774 70.58844757
v 70.20956421 10.15621758 69.69625092
v 69.93280792 9.93612194 69.99139404
v 70.03285217 10.04109764 69.06234741
v 69.75404358 9.82353401 69.39302826
v 69.86206818 9.91847134 68.42210388
v 69.58139801 9.70582962 68.79342651
v 69.69703674 9.78878593 67.77616119
v 69.41445923 9.58315086 68.19228363
v 69.53758240 9.65249538 67.12519836
v 69.25282288 9.45562363 67.58922577
v 69.38352966 9.51004505 66.46984100
v 69.09609222 9.32338428 66.98394775
v 69.23468018 9.36192894 65.81088257
v 68.94394684 9.18646145 66.37592316
v 69.07877350 9.19543457 65.09288788
v 68.78376007 9.03233528 65.71179962
v 68.92846680 9.02371311 64.37340546
v 68.62850189 8.87220955 65.04209137
v 73.74349213 10.58047962 78.42900085
v 73.26586914 10.64603233 77.73357391
v 72.82513428 10.67625618 77.01744843
v 72.27821350 10.50134373 76.41397095
v 71.88716125 10.45287609 75.67617035
v 71.52237701 10.38218021 74.92181396
v 70.86109161 10.18422318 73.37653351
v 70.49337006 10.03177547 72.41244507
v 70.31933594 9.94858837 71.92911530
v 70.15140533 9.86155415 71.44614410
v 69.95998383 9.75432396 70.87586212
v 69.77607727 9.64334297 70.30847931
v 69.59906006 9.52913380 69.74450684
v 69.42827606 9.41195774 69.18382263
v 69.26312256 9.29168224 68.62522125
v 69.10299683 9.16814613 68.06747437
v 68.94731903 9.04120731 67.50941467
v 68.79563141 8.91048622 66.94935608
v 68.63531494 8.76332474 66.33607483
v 68.47929382 8.60953331 65.71364594
v 73.64838409 10.47802734 78.50902557
v 73.15436554 10.51802158 77.83248138
v 72.70044708 10.52425575 77.13517761
v 72.21220398 10.28578758 76.56597900
v 71.82054901 10.21108055 75.84858704
v 71.45675659 10.11554432 75.11386108
v 70.80149841 9.87231731 73.60936737
v 70.43968201 9.69537354 72.67484283
v 70.26914978 9.60123062 72.20867157
v 70.10505676 9.50430679 71.74494171
v 69.91859436 9.38695049 71.20069885
v 69.74002838 9.26773167 70.66326904
v 69.56857300 9.14724350 70.13335419
v 69.40341949 9.02569771 69.61061096
v 69.24378204 8.90272045 69.09310913
v 69.08889771 8.77789879 68.57883453
v 68.93801880 8.65084743 68.06590271
v 68.79059601 8.52083111 67.55163574
v 68.63431549 8.37468624 66.98702240
v 68.48175049 8.22141743 66.41022491
v 73.59623718 10.35061932 78.59703064
v 73.09533691 10.35957050 77.94200897
v 72.63706207 10.33652878 77.26631927
v 72.20870972 10.15925217 76.64961243
v 71.82015991 10.06900120 75.94385529
v 71.46009827 9.95864487 75.22045898
v 70.81388092 9.68799400 73.73941040
v 70.45848083 9.49580956 72.82132721
v 70.29135895 9.39465332 72.36442566
v 70.13082123 9.29120827 71.91090393
v 69.94872284 9.16685295 71.38016510
v 69.77466583 9.04149532 70.85798645
v 69.60778809 8.91575527 70.34512329
v 69.44722748 8.78982258 69.84114838
v 69.29211426 8.66321468 69.34381104
v 69.14161682 8.53540516 68.85074615
v 68.99491119 8.40590191 68.35975647
v 68.85140991 8.27381134 67.86772156
v 68.69911194 8.12554741 67.32680511
v 68.55026245 7.96996498 66.77236938
v 73.58816528 10.27567005 78.64483643
v 73.08789825 10.26654148 78.00179291
v 72.63126373 10.22637939 77.33817291
v 72.22593689 10.02091217 76.73584747
v 71.84291840 9.91360569 76.04231262
v 71.48890686 9.78693390 75.33089447
v 70.85607147 9.48587322 73.87458801
v 70.50958252 9.27658081 72.97358704
v 70.34709167 9.16745186 72.52619934
v 70.19128418 9.05649757 72.08303833
v 70.01491547 8.92393017 71.56588745
v 69.84670258 8.79116058 71.05886078
v 69.68572235 8.65883732 70.56279755
v 69.53105164 8.52712440 70.07718658
v 69.38175201 8.39544106 69.59947968
v 69.23693085 8.26315689 69.12701416
v 69.09569550 8.12967968 68.65727997
v 68.95743561 7.99397326 68.18677521
v 68.81054688 7.84191942 67.66883087
v 68.66685486 7.68238878 67.13617706
v 73.59268188 10.19361401 78.69380188
v 73.63810730 10.01359367 78.78793335
v 73.72422791 9.82451153 78.86713409
v 73.15660095 9.94205284 78.18151093
v 73.26689911 9.70899010 78.28147125
v 72.72068787 9.84267712 77.55501556
v 72.85558319 9.56801510 77.67625427
v 72.47977448 9.40382195 77.04550934
v 72.68810272 9.09328938 77.15959930
v 72.13987732 9.22121525 76.39762115
v 72.37797546 8.87415123 76.52970123
v 71.82988739 9.02235508 75.73147583
v 72.09752655 8.64040852 75.88170624
v 71.28728485 8.58587742 74.36894226
v 71.61333466 8.13868713 74.55715942
v 70.99738312 8.29936886 73.53170013
v 71.35889435 7.81489468 73.74545288
v 70.86344147 8.15368462 73.11918640
v 71.24257660 7.65143538 73.34668732
v 70.73635101 8.00776005 72.71349335
v 71.13303375 7.48836470 72.95555878
v 70.59419250 7.83605003 72.24467468
v 71.01155853 7.29721451 72.50521851
v 70.46032715 7.66677523 71.79077911
v 70.89826965 7.10947657 72.07126617
v 70.33367920 7.50064373 71.35279846
v 70.79204559 6.92586422 71.65476227
v 70.21315002 7.33773661 70.93002319
v 70.69175720 6.74642086 71.25490570
v 70.09761810 7.17715931 70.51898193
v 70.59622192 6.57014656 70.86796570
v 69.98599243 7.01795387 70.11608124
v 70.50430298 6.39597416 70.49005890
v 69.87721252 6.85921764 69.71794128
v 70.41490936 6.22289610 70.11753845
v 69.77055359 6.69947577 69.31987762
v 70.32727814 6.04930115 69.74538422
v 69.65705109 6.52191782 68.87944794
v 70.23404694 5.85702229 69.33280182
v 69.54582977 6.33659458 68.42086029
v 70.14270782 5.65704441 68.90111542
v 69.43682861 6.13999987 67.93441772
v 70.05322266 5.44559002 68.43997192
v 70.71178436 4.79554319 68.83595276
v 71.37017822 4.21356821 69.13371277
v 72.00099945 3.70167470 69.35248566
v 72.87728119 3.04040718 69.57603455
v 72.89550018 3.30090785 69.98619080
v 72.91452026 3.55230427 70.37033844
v 72.93434143 3.79802728 70.73767090
v 72.07441711 4.18671703 70.15864563
v 72.11270905 4.41732407 70.52840424
v 71.47502136 4.67751217 69.95822906
v 71.52936554 4.89678955 70.33604431
v 70.85309601 5.23490143 69.68888855
v 70.92609406 5.44137812 70.08074188
v 73.84165955 9.63558865 78.92940521
v 73.41491699 9.47728825 78.36051941
v 73.03390503 9.29610634 77.77277374
v 72.93011475 8.79711819 77.24789429
v 72.65218353 8.54451466 76.63296509
v 72.40324402 8.27901936 76.00035095
v 71.98022461 7.71834135 74.70825958
v 71.76229858 7.36100245 73.91811371
v 71.66395569 7.18152952 73.53076172
v 71.57220459 7.00296545 73.15154266
v 71.47158813 6.79415274 72.71602631
v 71.37891388 6.58950090 72.29776001
v 71.29308319 6.38971329 71.89782715
v 71.21292114 6.19479847 71.51538086
v 71.13724518 6.00368452 71.14654541
v 71.06489563 5.81523037 70.78725433
v 70.99476624 5.62835979 70.43372345
v 73.98209381 9.45247173 78.97617340
v 73.78313446 9.04468822 78.46382904
v 73.71156311 8.56839466 77.94142914
v 73.47126007 8.79284573 77.90124512
v 73.46647644 8.27093506 77.36393738
v 73.19245911 8.52278805 77.31398010
v 72.94717407 8.24089432 76.71154022
v 73.72628021 7.58928108 76.84619904
v 73.58113098 7.24528742 76.25566864
v 73.34990692 6.54377794 75.05398560
v 72.75899506 6.99492359 74.92586517
v 72.60835266 6.58590412 74.16999817
v 72.18389893 6.95096350 74.05603790
v 72.10266876 6.75792027 73.67808533
v 73.24084473 6.10831451 74.32055664
v 72.54257965 6.38179064 73.79998779
v 72.02774811 6.56619692 73.30844879
v 73.07501984 5.18015718 72.81433105
v 73.11119843 5.42596531 73.20387268
v 73.15356445 5.67675877 73.60880280
v 72.41909027 5.94298077 73.02317047
v 72.48273468 6.17929888 73.43815613
v 71.94671631 6.34230518 72.88450623
v 73.01744080 4.70502377 72.08361053
v 73.04408264 4.93987179 72.44116211
v 72.31211090 5.48590183 72.24562073
v 72.36256409 5.71163750 72.62530518
v 71.80634308 5.90924358 72.09016418
v 71.87327576 6.12309551 72.47804260
v 72.97300720 4.24734831 71.40113831
v 72.99407196 4.47455454 71.73815918
v 72.22499847 5.04998875 71.53441620
v 72.26663208 5.26572418 71.88327789
v 71.68736267 5.49643755 71.36363983
v 71.74475861 5.70072794 71.72000885
v 72.95330811 4.02235746 71.06916809
v 69.03669739 7.02858067 67.82890320
v 69.16603088 7.19977474 68.32128906
v 69.29807281 7.36327839 68.79697418
v 69.42221069 7.50979471 69.22795105
v 69.54887390 7.65473509 69.65863037
v 69.67874908 7.79938221 70.09317780
v 69.81280518 7.94449997 70.53459930
v 69.95207214 8.09090137 70.98609161
v 70.09757996 8.23934078 71.45071411
v 70.25035858 8.38969707 71.92910004
v 70.41142273 8.54128361 72.42031860
v 70.55444336 8.66933346 72.84346771
v 70.70428467 8.79640388 73.27229309
v 71.02590179 9.04374027 74.13951874
v 71.61971283 9.41169453 75.54632568
v 71.95505524 9.57404709 76.23379517
v 72.32009125 9.71855736 76.90306854
v 72.64362335 10.10597229 77.41209412
v 73.09592438 10.16480255 78.06316376
v 69.38505554 9.06928730 63.68743515
v 69.52598572 9.25766659 64.45996857
v 69.67325592 9.44173050 65.23563385
v 69.81482697 9.60584736 65.94918060
v 69.96228027 9.76323318 66.65819550
v 70.11564636 9.91287613 67.36040497
v 70.27487183 10.05398273 68.05408478
v 70.43985748 10.18574142 68.73743439
v 70.61051941 10.30736160 69.40871429
v 70.78681946 10.41840839 70.06730652
v 70.96878815 10.51867199 70.71331024
v 71.12703705 10.59489536 71.24949646
v 71.28975677 10.66342258 71.77783203
v 71.62956238 10.77750778 72.81349182
v 72.22825623 10.89555740 74.44771576
v 72.55216217 10.91976452 75.24436188
v 72.89479065 10.91792011 76.02821350
v 73.56938171 10.94480705 76.68779755
v 73.91702271 10.86971378 77.45352936
v 70.78166962 5.02092981 69.27752686
v 71.42196655 4.45108461 69.56101990
v 72.03718567 3.94944453 69.77012634
v 72.14892578 4.62719345 70.86139679
v 72.18611908 4.83751631 71.19503784
v 71.58058929 5.09588575 70.67618561
v 71.63300323 5.29519415 71.01697540
v 72.70678711 9.59191799 65.79933167
v 72.81547546 9.81559277 66.69402313
v 72.92971039 10.01982212 67.55731964
v 73.04814911 10.20228481 68.38251495
v 73.16960144 10.36230087 69.16770935
v 73.32009888 9.38808060 65.53464508
v 73.41586304 9.63392258 66.46843719
v 73.51707458 9.85825062 67.36644745
v 73.62214661 10.05842781 68.22090912
v 73.19462585 5.89160204 73.96099854
v 73.02405548 10.75076389 71.20484161
v 73.26903534 10.87691689 72.30357361
v 73.68666840 10.99523544 74.00451660
v 73.90515900 11.01316261 74.83248138
v 73.50511932 10.68696022 71.09795380
v 73.72238159 10.82346344 72.20828247
v 74.08792114 10.95422363 73.91931152
v 74.02323151 10.58887100 70.99806213
v 72.36669922 7.33675003 74.82793427
v 72.72974396 7.94788313 76.09204865
v 73.06579590 7.64782333 76.16466522
v 73.25301361 7.96401930 76.77238464
v 73.24291992 9.03559494 77.84674835
v 73.59012604 9.25409889 78.42046356
v 85.37830353 -15.64724541 63.69919205
v 85.95202637 -14.87338257 63.31954193
v 86.44439697 -14.20666599 62.88623810
v 86.87492371 -13.68877697 62.39480591
v 87.25592804 -13.31886864 61.85113144
v 87.59370422 -13.08339214 61.26841736
v 87.89846802 -12.96079350 60.65136337
v 88.16485596 -12.91997051 60.00734329
v 88.38896942 -12.93991184 59.34409332
v 87.64624786 -12.20292473 60.10826111
v 87.82545471 -12.17496300 59.41010284
v 87.20847321 -11.48107338 60.27068710
v 87.34906769 -11.39960575 59.54032135
v 86.78255463 -10.61198616 60.53923035
v 86.88457489 -10.45975780 59.77360535
v 86.60605621 -10.17126274 60.70390320
v 86.69159698 -9.98067760 59.92177582
v 86.45480347 -9.72881222 60.88794327
v 86.52584076 -9.49809361 60.09014511
v 85.54882812 -14.44942188 63.53760147
v 84.97058868 -15.26212597 63.92180634
v 85.19378662 -14.04259968 63.80533600
v 84.59814453 -14.87934780 64.20010376
v 84.82736206 -13.57677269 64.18553162
v 84.26536560 -14.50332260 64.53089142
v 83.97571564 -14.13826084 64.90978241
v 83.73242188 -13.78856945 65.33209991
v 84.51839447 -13.12829971 64.63197327
v 84.66536713 -13.34990597 64.40090942
v 85.35153961 -12.79020023 63.72968674
v 85.70503998 -13.30015373 63.35582733
v 86.13285065 -12.68828297 62.84415054
v 86.47735596 -13.18063259 62.59269714
v 86.84261322 -12.75906563 62.03283310
v 85.05676270 -12.29800415 64.17208099
v 85.50086975 -11.56350803 63.64601898
v 85.85590363 -10.93884468 63.04579163
v 86.12693024 -10.43304253 62.37927246
v 86.32402802 -10.03545380 61.65588760
v 86.54088593 -9.28747463 59.00176239
v 86.47711182 -9.15309715 57.89763260
v 86.35308075 -9.07674313 56.79780197
v 86.18212891 -9.03588867 55.71190643
v 85.97354889 -9.00959301 54.64119339
v 85.74597931 -9.00408173 53.59432602
v 85.62866974 -9.00949001 53.08161163
v 85.90447235 -9.68687630 52.95732117
v 85.79136658 -9.70633888 52.44938278
v 86.10720062 -10.38721752 52.35916901
v 85.88559723 -10.44821167 51.36122513
v 86.63843536 -11.81482697 51.29885483
v 85.89241028 -10.80006027 50.68689346
v 86.34774780 -11.66735172 50.55893707
v 85.50799561 -9.01660728 52.57371902
v 85.55545044 -9.74545860 51.44739914
v 85.45357513 -9.91754818 50.75092316
v 85.25792694 -9.03356266 51.56974030
v 87.23471832 -13.17053223 50.32016373
v 87.37355804 -12.92919731 51.36310577
v 86.83116150 -11.71133137 52.28262711
v 87.54162598 -12.79112053 52.32841110
v 86.92052460 -11.65594006 52.78450394
v 87.61699677 -12.71634769 52.82271194
v 87.00525665 -11.59948063 53.29438782
v 87.68692780 -12.63926029 53.32629013
v 87.18334198 -11.52465343 54.34263992
v 87.84389496 -12.53054810 54.36502075
v 87.35373688 -11.49127293 55.40527344
v 88.00010681 -12.47130775 55.41359329
v 87.46036530 -11.43808270 56.46448517
v 88.07837677 -12.38099384 56.45084000
v 87.50020599 -11.39045429 57.51334763
v 88.07854462 -12.28688240 57.46804047
v 87.46928406 -11.37598324 58.54006577
v 88.00111389 -12.21823215 58.45324707
v 88.21323395 -14.01548386 51.54259872
v 88.35616302 -13.84380531 52.48288345
v 88.41693115 -13.75010872 52.96630478
v 85.19649506 -12.54137802 63.94275284
v 85.63462830 -11.83862209 63.41934586
v 85.98693085 -11.25284863 62.82473755
v 86.25980377 -10.78932095 62.16774368
v 86.46394348 -10.43541336 61.45706177
v 86.05018616 -13.74451923 63.09526825
v 85.78494263 -12.11854744 63.20957184
v 86.48847198 -12.21120739 62.27017593
v 87.15378571 -12.47035217 61.42801666
v 86.13643646 -11.57043648 62.62122345
v 86.41336823 -11.14757633 61.97435379
v 86.62689972 -10.83550739 61.27693939
v 86.78015137 -11.86419201 61.64515686
v 87.42201996 -12.29465580 60.78387833
v 87.01934814 -11.62958908 60.97575760
v 86.72948456 -9.82038784 58.85346985
v 86.68731689 -9.72578335 57.76593399
v 86.58301544 -9.68214417 56.67570114
v 86.42774200 -9.66553974 55.59317398
v 86.22927094 -9.65390587 54.52120972
v 86.01396942 -9.66844654 53.47089767
v 86.94766235 -10.34754181 58.72673798
v 86.92855072 -10.29110718 57.65768433
v 86.84490967 -10.27912331 56.57917786
v 86.70561981 -10.28633881 55.50223923
v 86.51691437 -10.28958321 54.43120575
v 86.31398773 -10.32424927 53.37950516
v 86.21253204 -10.35556030 52.86611938
v 83.22927856 -14.92381191 65.37625122
v 83.39353180 -15.12135124 65.13520813
v 83.57363129 -15.32299232 64.90937042
v 82.75043488 -15.94830608 65.35498810
v 82.94733429 -16.13882637 65.11775208
v 82.13816071 -16.70857048 65.43803406
v 82.36085510 -16.88769150 65.18647003
v 81.56694031 -17.40910339 65.37661743
v 81.82357788 -17.57747269 65.11125183
v 81.04684448 -18.05002975 65.17744446
v 81.34324646 -18.20934868 64.90158844
v 80.57437134 -18.63853073 64.85740662
v 80.91471100 -18.79156876 64.57487488
v 80.13916016 -19.17848206 64.43756104
v 80.52479553 -19.32792282 64.15214539
v 79.73433685 -19.67089272 63.93854904
v 80.16484070 -19.81913376 63.65324020
v 79.23580170 -20.25774002 63.17994690
v 79.72459412 -20.40799141 62.89698410
v 78.75524902 -20.77373886 62.34551620
v 79.29200745 -20.92745018 62.06664658
v 78.29294586 -21.22873497 61.46197891
v 78.86881256 -21.38840485 61.18418503
v 77.83653259 -21.63155365 60.55331039
v 78.44085693 -21.79766846 60.27389908
v 77.37127686 -21.99150848 59.63537598
v 77.99239349 -22.16271782 59.35284042
v 76.92938995 -22.32164764 58.71588516
v 77.57195282 -22.50033569 58.42671967
v 76.72130585 -22.47738075 58.25922775
v 77.37802887 -22.66044235 57.96672058
v 76.51468658 -22.62709236 57.80527878
v 77.18516541 -22.81401634 57.51030731
v 76.10274506 -22.91138840 56.90492249
v 76.79882812 -23.10445404 56.60747147
v 75.96387482 -23.13499832 56.22980499
v 76.86302948 -23.37636948 55.90000916
v 78.23269653 -23.52251434 56.15190887
v 77.73310089 -23.66601562 55.53260803
v 79.27313995 -24.25959206 54.91678619
v 79.48967743 -23.91003036 55.91486359
v 80.80407715 -24.33510780 55.82027817
v 81.04527283 -24.02656174 56.70382690
v 81.15970612 -23.85812187 57.15626526
v 79.91812897 -23.43949318 57.26765442
v 80.05737305 -23.26585960 57.73121262
v 78.73130035 -23.06206512 57.51255798
v 78.89608002 -22.89411354 57.97622299
v 83.97847748 -15.73530388 64.50699615
v 83.38694000 -16.52884674 64.69418335
v 82.85214233 -17.25772476 64.73827362
v 82.38199615 -17.93080139 64.64105225
v 81.97965240 -18.55042839 64.41672516
v 81.63690186 -19.12637329 64.08331299
v 81.33535767 -19.66127396 63.66152954
v 81.06306458 -20.15487671 63.16954422
v 80.73686981 -20.75302315 62.42702484
v 80.39902496 -21.28112793 61.61321640
v 80.05406189 -21.75374222 60.74052048
v 79.68419647 -22.17357063 59.83328629
v 79.27146149 -22.54449081 58.91056824
v 84.36835480 -16.09360504 64.21914673
v 83.80744934 -16.86824608 64.39011383
v 83.31644440 -17.58321190 64.41764832
v 82.90226746 -18.24726295 64.30779266
v 82.56424713 -18.86275673 64.07778931
v 82.29183960 -19.44007874 63.74578857
v 82.06266022 -19.97986221 63.33194733
v 81.86228943 -20.48058510 62.85293961
v 81.62989807 -21.09219360 62.13166809
v 81.37089539 -21.62943840 61.34070206
v 81.09208679 -22.11164665 60.48437500
v 80.77259827 -22.53793526 59.58639908
v 80.39234161 -22.90921974 58.66717529
v 84.80907440 -16.46531105 63.97942734
v 84.28035736 -17.22078896 64.13565063
v 83.83373260 -17.92461395 64.15064240
v 83.47534943 -18.58453751 64.03385162
v 83.20079041 -19.20194435 63.80467224
v 82.99732208 -19.78720474 63.48103714
v 82.83901978 -20.33790588 63.08221436
v 82.70919800 -20.85081863 62.62331009
v 75.42432404 -22.73000526 57.24717331
v 75.86134338 -22.45266914 58.14321899
v 76.08139038 -22.30713844 58.59373474
v 76.30329132 -22.15605354 59.04606247
v 76.76580048 -21.83433723 59.95729065
v 77.24702454 -21.48088646 60.87059021
v 77.73136139 -21.08525658 61.77555466
v 78.23256683 -20.63626862 62.65761948
v 78.76123047 -20.12313843 63.49334717
v 79.31856537 -19.53653717 64.25126648
v 79.76871490 -19.04133415 64.74815369
v 80.24970245 -18.49589157 65.16289520
v 80.76657867 -17.89905167 65.47407532
v 81.32672882 -17.24717331 65.66071320
v 81.93196106 -16.53434944 65.70652771
v 82.56986237 -15.76181126 65.60789490
v 79.77806854 -23.60435867 56.81069946
v 78.56662750 -23.22234344 57.05415726
v 78.76655579 -20.42946625 65.81761932
v 79.14326477 -20.31222343 65.85162354
v 79.41397858 -20.18743324 65.91790009
v 79.60117340 -20.07236671 65.99452972
v 79.89611053 -19.80467987 66.21013641
v 80.07270813 -19.50332832 66.49953461
v 80.12619019 -19.19892502 66.83496857
v 80.07272339 -18.91451263 67.18840027
v 79.93328857 -18.66010094 67.54220581
v 79.72531128 -18.43974304 67.88501740
v 79.15074158 -18.10352898 68.51058197
v 78.41647339 -17.90498161 69.02074432
v 77.59123230 -17.84134483 69.36851501
v 78.94398499 -20.43330002 65.80233002
v 79.41638947 -20.23501396 65.88896942
v 79.68998718 -20.05749702 66.00685883
v 79.89479065 -19.86802673 66.15802002
v 80.13029480 -19.46681786 66.54203033
v 80.16976929 -19.25183105 66.77908325
v 80.15193939 -19.02697945 67.05057526
v 80.06914520 -18.79755592 67.35474396
v 79.91413879 -18.57191277 67.68575287
v 79.58412170 -18.29231644 68.15547943
v 79.09576416 -18.05725861 68.63713074
v 78.43836975 -17.89707947 69.08728790
v 77.65876007 -17.84488487 69.42828369
v 76.19525146 -18.04666901 69.60089111
v 75.64698029 -18.24156189 69.47872925
v 75.27683258 -18.44244576 69.29475403
v 75.01303864 -18.65977669 69.06027985
v 74.85060120 -18.88699913 68.78984070
v 74.78335571 -19.12072945 68.49229431
v 74.81074524 -19.36270905 68.16738129
v 74.93936157 -19.61265373 67.81520844
v 75.17716980 -19.86191177 67.44560242
v 75.52604675 -20.09857750 67.07230377
v 76.06344604 -20.33830261 66.65647888
v 76.76468658 -20.52419472 66.26856995
v 77.57564545 -20.60939980 65.96843719
v 61.49470520 -11.86676693 73.07684326
v 61.79057312 -10.86312675 75.47294617
v 61.93861771 -10.43389130 76.47779083
v 61.34997940 -12.45515442 71.66649628
v 62.08255768 -10.04910374 77.36180115
v 62.30752182 -9.49682903 78.59431458
v 62.47584534 -9.11578941 79.41001129
v 62.62828827 -8.79067039 80.07711792
v 62.89185715 -8.26405907 81.09786987
v 63.17790222 -7.72922564 82.06391907
v 63.36930847 -7.38750839 82.64566040
v 63.69793701 -6.82569361 83.54038239
v 63.99494171 -6.34125519 84.24755859
v 64.27548218 -5.89992237 84.84114075
v 64.41068268 -5.69183207 85.10520935
v 64.63148499 -5.35740566 85.50959778
v 64.92932129 -4.91553307 86.00810242
v 65.17270660 -4.56141090 86.37956238
v 65.35326385 -4.30262709 86.63537598
v 65.76396179 -3.69245100 87.25357819
v 65.53450012 -4.04678726 86.87424469
v 65.72333527 -3.78685403 87.09779358
v 65.85022736 -3.62355375 87.21298218
v 65.88797760 -3.58189487 87.22763824
v 65.90919495 -3.56245232 87.22487640
v 65.92847443 -3.54875374 87.21143341
v 65.95290375 -3.53786778 87.17670441
v 66.01280975 -3.53444433 87.02897644
v 66.09261322 -3.55197477 86.77613831
v 66.26927185 -3.53498125 86.38209534
v 66.21640778 -3.59780693 86.34411621
v 66.32792664 -3.65064144 85.93487549
v 66.52774811 -3.48998260 85.88648987
v 66.43228912 -3.70830560 85.53880310
v 66.55745697 -3.78753257 85.04759979
v 66.78969574 -3.47214723 85.34069824
v 66.70768738 -3.89509439 84.43951416
v 67.33371735 -3.51564670 84.08637238
v 66.89311218 -4.04008389 83.67702484
v 67.11878967 -4.23231840 82.73295593
v 67.72904205 -4.07585382 81.94243622
v 67.29306030 -4.39851093 81.97254944
v 67.40310669 -4.51122236 81.47825623
v 67.60319519 -4.72498560 80.56896210
v 67.74689484 -4.88183069 79.91693878
v 67.99751282 -5.16382313 78.77528381
v 68.22001648 -5.42392969 77.75411224
v 68.21257782 -4.80981445 79.27356720
v 68.38613129 -4.32383490 80.15489197
v 68.53726196 -5.80322313 76.30572510
v 68.86608124 -5.53693485 76.42405701
v 68.71944427 -6.02585173 75.47593689
v 68.40364075 -5.64239120 76.91447449
v 61.52077866 -12.01829147 72.56043243
v 61.59836578 -11.71539879 73.28692627
v 61.68658066 -11.39430809 74.05660248
v 61.93450928 -10.82991314 75.11785889
v 61.78178406 -11.07236576 74.82522583
v 61.88460922 -10.74874115 75.59231567
v 61.99546814 -10.42267895 76.35744476
v 62.11486435 -10.09333229 77.12006378
v 62.17404938 -10.12139416 76.77509308
v 62.24362183 -9.75957108 77.87947845
v 62.42305374 -9.47572136 78.23762512
v 62.40190887 -9.37543869 78.73114777
v 62.70283127 -8.83214951 79.61693573
v 62.57715988 -8.97950554 79.57474518
v 62.77220535 -8.56834507 80.40705872
v 62.93195343 -8.24925041 81.02273560
v 63.10337830 -7.92064857 81.63037109
v 63.07673645 -8.06761932 81.11669922
v 63.25510406 -7.72855997 81.73505402
v 61.37929916 -12.62682819 71.10742950
v 61.44794464 -12.32191181 71.83383942
v 61.58948517 -12.09653759 72.09624481
v 61.68214417 -11.71912098 72.99822235
v 61.31467056 -12.93325615 70.38125610
v 61.50118256 -12.48694515 71.16755676
v 62.91748428 -8.38295269 80.51627350
v 63.28681183 -7.58213043 82.22914124
v 63.58584595 -7.13167620 82.75567627
v 63.48327255 -7.23271322 82.81771851
v 63.69430161 -6.87090588 83.39402008
v 63.92141342 -6.49528408 83.95555878
v 64.16522980 -6.10515928 84.50028229
v 64.42535400 -5.70061302 85.02693176
v 64.70107269 -5.28205538 85.53462982
v 64.99128723 -4.85021639 86.02315521
v 65.29416656 -4.40622663 86.49349213
v 65.60567474 -3.95171714 86.95075989
v 65.76647949 -3.78315353 86.94803619
v 65.87261200 -3.63091850 87.11285400
v 63.76159286 -6.82907915 83.23826599
v 63.94088745 -6.52945948 83.69203186
v 64.21946716 -6.07954502 84.32923889
v 64.47457886 -5.68085384 84.85295868
v 64.60684204 -5.47825766 85.10552216
v 64.92256927 -5.00393438 85.66440582
v 65.09548187 -4.74893570 85.94788361
v 65.25221252 -4.52030182 86.19321442
v 65.44091034 -4.24780846 86.47648621
v 65.57778931 -4.05178070 86.67578888
v 65.90190125 -3.58690214 87.16926575
v 65.90365601 -3.58436537 87.17245483
v 65.90528870 -3.58280873 87.17263794
v 65.90512848 -3.58284354 87.17301941
v 65.90495300 -3.58294082 87.17325592
v 65.90423584 -3.58362937 87.17314911
v 65.90437317 -3.58347464 87.17324829
v 65.90470123 -3.58314133 87.17336273
v 65.90483093 -3.58302927 87.17333221
v 65.90581512 -3.58341408 87.16885376
v 65.90715027 -3.58888721 87.14599609
v 65.92962646 -3.61458635 86.99842834
v 65.98762512 -3.64798880 86.74205780
v 66.09838867 -3.70337725 86.30180359
v 66.30857086 -3.65657544 85.96485138
v 66.17531586 -3.74416733 85.99988556
v 66.29190063 -3.81257081 85.53593445
v 66.47930145 -3.76270580 85.28786469
v 66.42869568 -3.90479279 84.97412872
v 66.64271545 -3.88264823 84.61135864
v 66.57620239 -4.01804781 84.34714508
v 66.80111694 -4.01310635 83.93569946
v 66.75798035 -4.17152500 83.55767822
v 66.95718384 -4.15098715 83.26061249
v 66.97649384 -4.37594128 82.58033752
v 67.10862732 -4.29678059 82.58557892
v 67.10443115 -4.50906372 81.98261261
v 67.28807068 -4.48742723 81.75127411
v 67.23803711 -4.65763569 81.34045410
v 67.46191406 -4.68641710 80.91791534
v 67.39469910 -4.83888054 80.57859039
v 67.63489532 -4.89026356 80.08561707
v 67.56638336 -5.04158258 79.74484253
v 67.80752563 -5.09840012 79.25417328
v 67.76400757 -5.28184462 78.78121185
v 67.97877502 -5.31103420 78.42354584
v 67.98670959 -5.56050920 77.69269562
v 68.15003967 -5.52735615 77.59398651
v 68.32254028 -5.74677753 76.76550293
v 68.49595642 -5.96939278 75.93801117
v 68.65620422 -6.17835426 75.17368317
v 68.44802094 -6.14878941 75.47206116
v 68.24871826 -5.89239168 76.42741394
v 62.19992065 -10.93637276 73.62519836
v 62.32061005 -10.45151234 74.83458710
v 62.38687897 -10.20921612 75.43874359
v 62.45737076 -9.96672344 76.04240417
v 62.93718719 -9.43809414 76.02642059
v 62.99420547 -9.22095585 76.59527588
v 63.03073502 -9.31596565 76.11035919
v 63.08538437 -9.10279369 76.67407990
v 63.39714432 -8.86102676 76.40191650
v 63.44232559 -8.66247749 76.94737244
v 63.77793121 -8.42583466 76.65045929
v 63.81298065 -8.24100304 77.17961884
v 64.17264557 -8.01283646 76.85961151
v 64.19692230 -7.84070158 77.37428284
v 64.58084106 -7.62447643 77.03302002
v 64.59372711 -7.46390915 77.53485107
v 65.04414368 -7.22880983 77.18646240
v 65.04383850 -7.07952929 77.67588043
v 65.74680328 -6.71160936 77.34877014
v 65.72602081 -6.57603788 77.82290649
v 66.47877502 -6.26791954 77.44859314
v 66.43617249 -6.14268255 77.91031647
v 66.69870758 -6.15204525 77.46774292
v 66.64946747 -6.02918482 77.92629242
v 67.35855103 -5.84953070 77.50151825
v 67.28918457 -5.73189640 77.95175934
v 62.78791046 -10.08991623 74.31781769
v 62.88812256 -9.95600700 74.41723633
v 63.28124237 -9.45765305 74.76391602
v 62.97976685 -9.52909946 75.54624939
v 63.35535812 -9.05962372 75.85614014
v 63.69071579 -8.98176479 75.06165314
v 63.74598694 -8.61079979 76.12102509
v 64.11603546 -8.53112507 75.31458282
v 64.15118408 -8.18518829 76.34472656
v 64.55669403 -8.10851669 75.52684021
v 65.05771637 -7.67948580 75.71785736
v 65.81906891 -7.12188530 75.92651367
v 66.61377716 -6.64791679 76.06408691
v 66.85282898 -6.52512741 76.09291840
v 67.57067108 -6.20756006 76.15206909
v 67.42865753 -5.96799040 77.05149078
v 67.11280823 -5.43080568 79.11863708
v 67.20043182 -5.58070850 78.53515625
v 66.58746338 -5.87092924 78.52025604
v 66.38301086 -5.98124743 78.50833130
v 65.70192719 -6.40087080 78.43675995
v 65.04707336 -6.88626003 78.30929565
v 64.61460876 -7.25578308 78.18418121
v 64.23305511 -7.61737728 78.04010773
v 63.86356735 -8.00101471 77.86405945
v 63.50653839 -8.40450859 77.65277100
v 63.16236877 -8.82566738 77.40299988
v 63.07439041 -8.93863583 77.33080292
v 62.55581284 -9.65121746 76.82279205
v 66.94051361 -5.13464880 80.28511047
v 66.85563660 -4.98829269 80.86775970
v 66.77143097 -4.84312010 81.44977570
v 66.60420227 -4.55798292 82.61115265
v 66.43758392 -4.28236008 83.76724243
v 66.27108002 -4.01892042 84.91488647
v 66.09954834 -3.77810049 86.05062866
v 65.98338318 -3.85086155 86.07933807
v 66.05286407 -4.14990330 84.95848846
v 66.12853241 -4.45997810 83.81436920
v 66.21474457 -4.77212572 82.65274811
v 66.30999756 -5.08581161 81.47978210
v 66.36094666 -5.24281597 80.89028931
v 66.41421509 -5.39963245 80.29927826
v 66.52754211 -5.71342659 79.11395264
v 65.94442749 -3.87717938 86.08815765
v 65.97974396 -4.19756031 84.97145844
v 66.02505493 -4.52503633 83.82762146
v 66.08445740 -4.85115051 82.66321564
v 66.15576172 -5.17609215 81.48538971
v 66.19566345 -5.33789444 80.89290619
v 66.23844910 -5.49904251 80.29859161
v 66.33225250 -5.82038498 79.10594940
v 65.81381226 -3.97282553 86.11402130
v 65.73476410 -4.37173748 85.00734711
v 65.67869568 -4.76432228 83.86038208
v 65.64881134 -5.14383507 82.68235779
v 65.64059448 -5.51293612 81.48387909
v 65.64389801 -5.69398785 80.87913513
v 65.65198517 -5.87279749 80.27152252
v 65.68133545 -6.22566032 79.04982758
v 65.68676758 -4.07742786 86.13227081
v 65.49684143 -4.56361055 85.02820587
v 65.34288788 -5.03004456 83.87066650
v 65.22719574 -5.47169590 82.67159271
v 65.14294434 -5.89369583 81.44503784
v 65.11138916 -6.09836769 80.82431030
v 65.08653259 -6.29920864 80.19969177
v 65.05490875 -6.69233179 78.94151306
v 65.60192108 -4.15413332 86.13963318
v 65.52633667 -4.22739697 86.14223480
v 65.45239258 -4.30366182 86.14047241
v 65.19700623 -4.84054518 85.02796936
v 65.05907440 -4.98199749 85.01500702
v 64.92065430 -5.41637278 83.84300995
v 64.72685242 -5.61463785 83.81062317
v 64.69838715 -5.95208693 82.60279083
v 64.45624542 -6.19985867 82.54444885
v 64.52034760 -6.45605373 81.32587433
v 64.23595428 -6.74756718 81.23719025
v 64.44603729 -6.69800425 80.67742920
v 64.14249420 -7.00962400 80.57236481
v 64.38091278 -6.93404436 80.02373505
v 64.05941010 -7.26477814 79.90164185
v 64.27523041 -7.39258814 78.70420837
v 63.92087936 -7.75917864 78.54652405
v 65.38014984 -4.38263083 86.13391876
v 65.30965424 -4.46400595 86.12211609
v 65.29148102 -4.48568201 86.11811066
v 64.55831146 -5.57380819 84.86785889
v 64.75962830 -5.32074976 84.94935608
v 64.30719757 -6.09118176 83.68309784
v 64.35442352 -6.03423166 83.70206451
v 63.99215698 -6.72609043 82.36949158
v 64.22075653 -6.45825005 82.46726227
v 63.95988083 -7.05233955 81.12497711
v 64.02610016 -6.44829035 83.54047394
v 63.93343735 -6.79766655 82.34026337
v 63.69239426 -7.36890888 80.98706055
v 63.84809875 -7.33582115 80.44142151
v 63.58464813 -7.24710464 82.12601471
v 63.21707916 -7.98612070 80.65350342
v 62.91309738 -8.67715645 79.14085388
v 63.05760193 -8.33700562 79.90136719
v 63.49010086 -7.76577663 80.23554993
v 63.62378311 -7.45360088 80.94641113
v 63.56314468 -7.67498922 80.28222656
v 62.66363144 -9.33237743 77.60021973
v 62.88392639 -9.65517235 75.45716858
v 64.57047272 -7.78534651 76.53103638
v 65.04665375 -7.37848568 76.69695282
v 65.76932526 -6.84771299 76.87463379
v 66.52265930 -6.39382458 76.98696136
v 66.74909210 -6.27561426 77.00931549
v 63.16284943 -8.65359783 78.06378174
v 63.36948395 -8.06880856 79.51734161
v 63.24744797 -8.54592419 78.12943268
v 63.44664764 -7.97218513 79.57020569
v 63.57815933 -8.14430523 78.35594177
v 63.74787903 -7.61140919 79.75133514
v 64.64083862 -7.04657650 78.83203888
v 64.71207428 -6.62095976 80.12023163
v 64.75843811 -6.40256977 80.75901794
v 64.81279755 -6.17925978 81.39320374
v 64.94699097 -5.71610546 82.64402008
v 65.11930847 -5.22696877 83.86253357
v 65.33818054 -4.70502424 85.03233337
v 64.53804779 -5.82088423 83.76407623
v 64.92449951 -5.12879181 84.99256897
v 64.79338837 -5.28034019 84.95977020
v 85.68181610 -16.84535027 65.25141907
v 86.37195587 -15.85546398 64.91764832
v 85.49230194 -16.58110619 65.31733704
v 85.75682068 -15.29736328 65.19859314
v 85.24666595 -16.38102913 65.43369293
v 85.01331329 -16.17874527 65.57565308
v 84.60733795 -17.29366493 65.62117004
v 84.35227966 -17.09869766 65.77407837
v 84.02091980 -18.17085266 65.64445496
v 83.73446655 -17.97866058 65.80880737
v 83.50395203 -19.00318527 65.50434875
v 83.17697906 -18.80945778 65.67797852
v 83.06098175 -19.77897263 65.21882629
v 82.68707275 -19.58047676 65.39741516
v 82.68949890 -20.49838829 64.81179810
v 82.26383972 -20.29194832 64.99059296
v 82.38241577 -21.15652657 64.31193542
v 81.90219116 -20.93997955 64.48624420
v 82.12096405 -21.75399017 63.74271011
v 81.58574677 -21.52644348 63.90892410
v 81.90487671 -22.29735374 63.12135315
v 81.31429291 -22.05719376 63.27703094
v 81.69377899 -22.77877426 62.46752930
v 81.05261993 -22.52902794 62.61075592
v 81.80998993 -23.11333847 62.06270981
v 81.26746368 -23.60394096 61.07232666
v 81.46124268 -23.72113037 60.97948074
v 81.03538513 -23.95545006 60.34868240
v 81.11808014 -24.34834480 59.67394638
v 80.76594543 -24.26527214 59.61957550
v 80.49689484 -24.55266190 58.88631058
v 79.97756195 -23.99249458 59.73373032
v 79.68422699 -24.27807045 58.99962616
v 79.19320679 -23.73690796 59.91679382
v 78.87620544 -24.01911354 59.18420029
v 78.42093658 -23.50123215 60.16730118
v 78.08113861 -23.77853584 59.43857193
v 77.66925812 -23.28799057 60.48216629
v 77.30779266 -23.55891800 59.75959015
v 76.94577789 -23.09907532 60.85704422
v 76.56397247 -23.36224747 60.14282227
v 76.19973755 -23.60665321 59.43642807
v 75.97587585 -23.75414658 58.99077606
v 76.76548767 -23.96637344 58.59082794
v 76.56298828 -24.11384392 58.14304352
v 77.40350342 -24.35301399 57.80632782
v 77.05408478 -24.62927628 56.95472717
v 77.95399475 -24.89444160 56.69061279
v 77.66807556 -24.88716316 56.56652069
v 78.61730957 -25.25581169 56.15721512
v 84.79492188 -15.97638798 65.74211121
v 85.24380493 -14.74540710 65.64157867
v 84.59382629 -15.77602768 65.93152618
v 84.41217804 -15.57987976 66.14167786
v 83.89074707 -16.71126556 66.15568542
v 83.68920898 -16.52292061 66.38034821
v 83.21018219 -17.60092735 66.22092438
v 82.97794342 -17.41940689 66.46434021
v 82.57003021 -18.43597794 66.11904144
v 82.29652405 -18.26020432 66.38180542
v 81.98318481 -19.20638275 65.85988617
v 81.66069794 -19.03477097 66.13889313
v 81.45228577 -19.91143990 65.46557617
v 81.07502747 -19.74142456 65.75674438
v 80.97661591 -20.54842186 64.96450806
v 80.54111481 -20.37759399 65.26342773
v 80.54542542 -21.12062645 64.38326263
v 80.05140686 -20.94668579 64.68638611
v 80.15844727 -21.63305473 63.74278259
v 79.60549164 -21.45360374 64.04794312
v 79.79193878 -22.08951950 63.06342697
v 79.18584442 -21.90445328 63.36809921
v 79.10291290 -22.86791801 61.63051224
v 78.40886688 -22.66829872 61.93745422
v 78.76731873 -23.20077515 60.89849854
v 78.03967285 -22.99353600 61.20902634
v 84.25158691 -15.38994598 66.37002563
v 83.50975037 -16.34078598 66.62407684
v 82.76866913 -17.24529266 66.72885132
v 82.04660797 -18.09413910 66.66860199
v 81.36216736 -18.87574768 66.44534302
v 80.72190094 -19.58713531 66.07907867
v 80.12974548 -20.22560120 65.59740448
v 79.58158875 -20.79426765 65.02856445
v 79.07679749 -21.29815102 64.39630127
v 78.60430145 -21.74482346 63.71995544
v 77.74073792 -22.49488831 62.29890060
v 77.33898926 -22.81194687 61.57714844
v 75.75473785 -23.89609909 58.54806519
v 75.33673859 -24.15540886 57.70682526
v 75.46099854 -24.26818275 57.40769958
v 76.17871857 -24.38215828 57.29506302
v 76.20564270 -24.43365288 57.16181946
v 76.85233307 -24.61166573 56.91878510
v 78.86852264 -25.17478371 56.50601578
v 79.17235565 -25.48238373 55.94867706
v 79.78829193 -25.46735954 56.40233994
v 79.78256989 -25.73988533 55.74557877
v 80.44908905 -26.03035545 55.55498886
v 80.59236908 -25.51957703 56.86579895
v 80.03017426 -25.17449760 57.24554062
v 79.14636993 -24.88618279 57.35521317
v 79.28971100 -24.72488785 57.80762863
v 78.43119812 -24.45419121 57.99530411
v 78.59490204 -24.28931046 58.45428467
v 77.77107239 -24.04098320 58.71384430
v 80.70049286 -25.23362541 57.58337784
v 80.15339661 -25.00967598 57.69589233
v 79.43241882 -24.55504227 58.26728821
v 80.27500153 -24.83537102 58.15431595
v 80.92030334 -24.74014664 58.77679825
v 82.13464355 -22.56995773 62.87570572
v 82.56526947 -21.87574577 63.71272278
v 82.99760437 -21.19215775 64.34251404
v 82.86742401 -21.38370705 64.18264771
v 83.45537567 -20.46545219 64.82968140
v 83.12231445 -20.71258926 64.67405701
v 83.44412231 -19.98223114 65.07732391
v 83.99518585 -19.58741760 65.20802307
v 83.84181976 -19.19881248 65.36394501
v 84.51399994 -18.72291946 65.39075470
v 84.31935883 -18.36255646 65.50979614
v 85.06455231 -17.81491280 65.40908051
v 84.87482452 -17.48674202 65.49529266
v 84.11256409 -16.90389824 65.95281219
v 83.46326447 -17.78803253 66.00156403
v 82.86457825 -18.61973190 65.88351440
v 82.32655334 -19.38894653 65.61175537
v 81.84999847 -20.09560966 65.20919037
v 81.43196869 -20.73655701 64.70442200
v 81.05875397 -21.31456757 64.12307739
v 80.73014832 -21.83496666 63.48477936
v 80.41648865 -22.29845047 62.80995941
v 79.81586456 -23.09202957 61.38223648
v 79.51456451 -23.43185425 60.64982605
v 80.53985596 -23.33824921 61.19566345
v 80.27318573 -23.68431282 60.46605682
v 76.96998596 -23.81273460 59.04274750
v 77.58669281 -24.20044136 58.25745392
v 78.26780701 -24.61138916 57.54262543
v 85.66333008 -13.42364502 65.55495453
v 85.80688477 -13.63731289 65.33644867
v 85.97033691 -13.85880470 65.13679504
v 86.57183075 -12.97700787 64.60776520
v 86.75048065 -13.22975922 64.42980194
v 87.08723450 -12.20090103 63.98250961
v 87.26752472 -12.48938656 63.80517197
v 87.51292419 -11.55142212 63.26525879
v 87.70079803 -11.88375854 63.09132385
v 87.84885406 -11.03655624 62.47333908
v 88.05025482 -11.41685486 62.30717468
v 88.10325623 -10.64782524 61.62563324
v 88.32425690 -11.07813454 61.47127151
v 88.52904510 -10.85160923 60.60692596
v 88.80810547 -11.32128334 60.49911118
v 88.98045349 -11.22695160 59.63959122
v 89.32366180 -11.72193336 59.58423233
v 89.10363007 -11.20805454 58.77985764
v 89.48282623 -11.74263763 58.74622345
v 89.16834259 -11.22528458 57.92514420
v 89.57976532 -11.79501915 57.91455460
v 89.76688385 -12.03081417 57.46879578
v 89.71753693 -12.00834560 58.49772263
v 89.58953094 -12.09221077 59.65726471
v 89.11770630 -11.77547550 60.42331314
v 88.57521820 -11.50133991 61.34672165
v 88.27788544 -11.79349041 62.16955948
v 87.91127014 -12.21544647 62.94463730
v 87.46725464 -12.77956581 63.65368271
v 86.94645691 -13.48547554 64.27632904
v 86.15225220 -14.08587456 64.95845795
v 86.35069275 -14.31601620 64.80351257
v 87.15765381 -13.74153709 64.14875031
v 87.68426514 -13.06847572 63.52942276
v 88.14207458 -12.54311562 62.82652664
v 88.52925873 -12.16265297 62.06172180
v 88.85340881 -11.91317749 61.25306702
v 89.39811707 -12.27738476 60.64717102
v 89.45410156 -12.20964718 60.37982559
v 86.56353760 -14.54687214 64.67339325
v 86.78831482 -14.77600002 64.56909180
v 87.06365204 -14.92069530 64.45361328
v 87.38161469 -13.99524212 64.04799652
v 87.70427704 -14.13824272 63.88503265
v 87.91599274 -13.35309219 63.43328094
v 88.25639343 -13.51043606 63.23008347
v 88.39045715 -12.86337852 62.73778915
v 88.72582245 -12.99849129 62.47678757
v 88.80135345 -12.52057076 61.98432922
v 89.12960052 -12.56226540 61.55366516
v 89.15546417 -12.30948830 61.19081497
v 89.76634216 -12.15361595 56.18453217
v 89.62398529 -11.96480465 56.24768829
v 89.15835571 -11.33423710 56.21977234
v 88.73300171 -10.67206287 56.23392487
v 88.79493713 -10.62878132 57.97266006
v 88.35253143 -9.98486900 56.29024506
v 88.46360016 -10.01145458 58.05683899
v 88.02095032 -9.28039646 56.38791656
v 88.17781830 -9.38024998 58.17658234
v 87.74097443 -8.56634712 56.52525711
v 87.93987274 -8.74204350 58.33005905
v 89.57757568 -12.05771542 55.41684723
v 89.70608521 -12.38679695 54.71566010
v 89.47923279 -12.12923336 54.58895874
v 89.64609528 -12.58667946 53.73895645
v 89.36047363 -12.20729160 53.76892090
v 89.25653076 -12.32571507 52.96882629
v 88.73006439 -11.60510540 52.89929199
v 88.65693665 -11.67802811 52.39945984
v 88.15882111 -10.90537262 52.37906265
v 88.06935120 -10.95960617 51.88370132
v 87.60628510 -10.14237881 51.91575241
v 87.40505219 -10.21224499 50.97859573
v 86.97429657 -9.34586048 51.06223297
v 87.29890442 -10.06146526 50.88745499
v 86.98159027 -9.42468834 50.94032288
v 89.55955505 -12.89453125 52.46859360
v 89.19585419 -12.41516781 52.47523117
v 88.57884979 -11.74844170 51.90937042
v 87.88760376 -11.05871677 50.95544052
v 87.72640991 -10.87770557 50.75934219
v 89.12931824 -12.50102997 51.99214935
v 89.50771332 -13.10209560 51.71852112
v 88.98700714 -12.65520477 51.09146118
v 88.98501587 -12.92251778 50.43254089
v 88.60015869 -12.35114384 50.50553131
v 89.42425537 -13.52956009 50.37317657
v 88.41680908 -11.87574863 50.99331284
v 88.26499176 -11.81831264 50.58712006
v 86.63784790 -8.70083427 50.95474243
v 86.59906006 -8.46901608 51.20452118
v 87.19457245 -9.30595875 52.00489426
v 86.83773804 -8.45946980 52.14929199
v 87.30580139 -9.28560734 52.50537109
v 86.95912933 -8.45644569 52.64959335
v 87.41402435 -9.26606846 53.01287842
v 87.07789612 -8.45532703 53.15591812
v 87.58230591 -9.24837685 53.82760239
v 87.26078033 -8.46351624 53.96701813
v 87.74724579 -9.25117207 54.66363907
v 87.43728638 -8.48628521 54.79976654
v 87.89715576 -9.26383495 55.51780701
v 87.59991455 -8.52031898 55.65299988
v 87.97271729 -9.10692978 60.18394470
v 87.98213196 -8.89461613 59.25480270
v 88.19719696 -9.48689747 59.08752060
v 88.45735931 -10.07416344 58.95140457
v 88.76056671 -10.65003967 58.84841537
v 87.90266418 -9.39932060 61.10970306
v 87.75957489 -9.78491402 62.01586914
v 87.53243256 -10.28167629 62.88293839
v 87.21226501 -10.89930344 63.68620682
v 86.79200745 -11.64150143 64.40597534
v 86.27356720 -12.49128532 65.02838898
v 86.41239929 -12.73001194 64.80811310
v 86.92827606 -11.91730118 64.18360901
v 87.34963226 -11.22212982 63.46438599
v 87.67578888 -10.65683174 62.66607666
v 87.91454315 -10.21521854 61.80795288
v 88.28356171 -10.37116718 60.74584579
v 88.67069244 -10.71251202 59.72832489
v 88.07421875 -9.88533497 60.91418457
v 88.39774323 -10.18376255 59.84972763
v 88.16447449 -9.64663601 60.00230408
v 89.09175110 -11.40164375 55.37466049
v 88.98068237 -11.45276642 54.53577805
v 88.85064697 -11.51090050 53.70739365
v 88.64662933 -10.71253681 55.37742615
v 88.52264404 -10.74268532 54.53044128
v 88.38106537 -10.78056145 53.69657135
v 88.24409485 -10.84973145 52.88332748
v 88.24702454 -9.99724770 55.42538834
v 88.11003876 -10.00605488 54.57329559
v 87.95678711 -10.02354622 53.73686600
v 87.80386353 -10.06711578 52.92141342
v 87.70684052 -10.10489559 52.41458511
v 85.99937439 -7.67074728 50.56119919
v 86.36241913 -8.39439678 50.66381836
v 86.65717316 -9.05961895 50.65234756
v 86.80890656 -9.38907146 50.63380432
v 86.96352386 -9.71617126 50.60646439
v 86.67626953 -9.83752060 50.33557510
v 86.79676819 -10.09112740 50.31026459
v 86.43534088 -10.26354313 50.20938873
v 86.55754089 -10.51696014 50.18115616
v 86.16648865 -10.54967213 50.26969528
v 86.61928558 -10.64303112 50.16488266
v 86.68144989 -10.76865864 50.14715958
v 86.98075867 -10.46844006 50.26178360
v 87.04291534 -10.59334755 50.24278641
v 87.27548218 -10.35141277 50.52647781
v 87.33911133 -10.47720337 50.50622559
v 87.40312195 -10.60255527 50.48453903
v 87.46749878 -10.72746086 50.46141815
v 87.16839600 -10.84180927 50.20050049
v 87.54738617 -10.90756989 50.41043472
v 87.25847626 -11.01701069 50.16705322
v 87.08703613 -9.97149658 50.57868958
v 86.91900635 -10.34309387 50.27935791
v 87.21225739 -10.22519398 50.54529953
v 86.91486359 -11.18512344 50.07567215
v 86.80697632 -11.01853657 50.10735321
v 87.10546875 -10.71780682 50.22235870
v 86.74401855 -10.89383221 50.12798309
v 86.58216858 -11.37980556 50.15373993
v 85.85256958 -9.88328838 50.31674957
v 86.31494904 -10.00850677 50.23192596
v 86.52556610 -9.51260757 50.35979843
v 86.16448975 -9.68184471 50.25249481
v 85.52388763 -9.14368534 50.32546997
v 86.01714325 -9.35297680 50.26416779
v 85.73193359 -8.68963432 50.26168823
v 86.09134674 -8.52473354 50.38071060
v 85.74686432 -7.79840279 50.32410049
v 85.08600616 -8.08491707 50.26627350
v 85.42431641 -7.94466257 50.21994781
v 86.37783813 -9.18536663 50.37526321
v 85.13353729 -5.84302759 50.34010315
v 85.31440735 -6.13187408 50.42617416
v 85.46646118 -6.44386292 50.46532440
v 85.58826447 -6.70254469 50.49410248
v 85.34296417 -6.85305834 50.23786926
v 85.45723724 -7.10863733 50.26514435
v 85.12796021 -7.27482986 50.15353394
v 85.18234253 -7.40077734 50.16722488
v 84.84873199 -7.51189518 50.20592499
v 85.23596954 -7.52713442 50.18022919
v 85.28883362 -7.65389395 50.19256592
v 85.56847382 -7.36591387 50.28956223
v 85.62291718 -7.49517632 50.30072403
v 85.82265472 -7.22515583 50.54266357
v 85.87928009 -7.35687304 50.55297852
v 85.70701599 -6.96298933 50.51986313
v 85.51323700 -7.23706627 50.27770615
v 85.76522827 -7.09386015 50.53162766
v 85.97187042 -7.57733822 50.56859589
v 85.93510437 -7.48900747 50.56258392
v 85.67658234 -7.62484741 50.31119537
v 85.34092712 -7.78104973 50.20423508
v 85.71191406 -7.71153116 50.31780243
v 85.37522888 -7.86604786 50.21165085
v 84.30185699 -6.33820152 50.03282166
v 85.01697540 -7.02418613 50.12406921
v 85.22570801 -6.59921980 50.20767593
v 84.61835480 -6.17540312 50.00159073
v 84.76083374 -6.47503519 50.04862976
v 84.90308380 -6.77524948 50.09177780
v 84.91094971 -6.00119352 50.10969543
v 85.07926178 -6.29308891 50.16694641
v 84.44303131 -5.87592363 49.94687271
v 83.83296204 -5.47458410 49.87701035
v 84.33760071 -5.68109465 49.91244507
v 84.23081970 -5.48707771 49.87765884
v 84.53115082 -5.29747486 49.98807907
v 84.42156219 -5.10204363 49.95312119
v 84.64425659 -4.92944384 50.19586182
v 84.53181458 -4.73302937 50.16062164
v 84.30307770 -4.34279346 50.08889389
v 84.06925964 -3.95598507 50.01544952
v 83.71136475 -3.38572645 49.90262222
v 83.85439301 -4.13761616 49.77223587
v 83.50129700 -3.57267857 49.65925217
v 83.56311035 -4.34024048 49.66070938
v 83.21467590 -3.78163338 49.54732513
v 82.50151062 -3.31597161 49.43711472
v 82.85536194 -3.23086953 49.43006516
v 82.10449219 -2.15413260 49.18355560
v 82.37625885 -1.92643702 49.29598999
v 80.93367767 -0.11049317 48.81682587
v 81.10556793 0.10077882 49.03923798
v 84.12271881 -5.29387569 49.84249496
v 83.37532043 -4.68888474 49.72594452
v 84.01332855 -5.10149240 49.80694199
v 83.79071808 -4.71920013 49.73464966
v 84.08506012 -4.52084303 49.84584427
v 81.68449402 -2.15900135 49.16522217
v 80.69433594 -0.34568548 48.71169281
v 80.42359924 -0.56831914 48.73972321
v 82.57127380 -1.72367489 49.53923035
v 83.13716888 -3.01561403 49.54227829
v 83.34232330 -2.82335782 49.78570938
v 84.86521912 -5.32487106 50.26515961
v 84.75540161 -5.12672520 50.23070526
v 84.97367859 -5.52387810 50.29924011
v 84.74634552 -5.69087029 50.05686951
v 84.63942719 -5.49375105 50.02265930
v 84.31066895 -4.90746117 49.91776657
v 76.40148163 2.47800636 47.69328690
v 77.05237579 2.02971268 47.88300705
v 76.26705170 2.29076242 47.77090454
v 78.26345062 0.79579425 48.35464096
v 78.32466888 1.10655904 48.23122406
v 79.42462921 0.25391713 48.50809479
v 80.16902161 -0.80817288 48.84570312
v 80.75653839 -1.42657995 49.01295090
v 81.70038605 -2.66599441 49.33090210
v 82.58424377 -3.95453954 49.62525177
v 83.38400269 -5.25098944 49.89025497
v 84.12361145 -6.58647156 50.13573456
v 76.29491425 2.54903555 47.68005371
v 76.33003235 2.52420115 47.68097305
v 76.16310120 2.36544895 47.75615311
v 76.21170807 2.32426667 47.76121140
v 76.36564636 2.50046635 47.68539810
v 76.23108673 2.31458640 47.76251984
v 76.24933624 2.30287051 47.76610947
v 74.04010773 4.05092812 47.77043152
v 76.31579590 2.59741139 47.66296387
v 76.31966400 2.64380121 47.65002823
v 76.29729462 2.75532246 47.62571335
v 76.13474274 3.05643344 47.58190918
v 75.78510284 3.47748327 47.54682159
v 75.51492310 3.74100828 47.53584671
v 75.15599060 4.04309940 47.53379059
v 74.91563416 4.22894144 47.53670502
v 74.67440033 4.41363239 47.54011154
v 75.45527649 4.42691183 47.62924194
v 75.57336426 4.41394186 47.69393158
v 75.92488861 4.13477039 47.72093964
v 75.65136719 4.35037613 47.69383621
v 75.79650116 4.22661066 47.69508743
v 75.70848846 4.12437725 47.57800674
v 75.84798431 3.99808502 47.58112717
v 75.70379639 3.84143114 47.51287460
v 75.83528137 3.71477604 47.51780319
v 75.96257782 3.58367324 47.52478409
v 76.20177460 3.30589867 47.54610825
v 76.42756653 3.26090837 47.60092163
v 76.40972137 2.99708891 47.58221054
v 76.50601959 2.81664801 47.61510086
v 76.48616028 2.66053081 47.63958359
v 75.93812561 4.09838867 47.69825363
v 76.18258667 3.77103829 47.64989471
v 75.98383331 3.86722159 47.58621597
v 76.11576843 3.73134089 47.59345627
v 75.42977142 4.08222055 47.50865555
v 75.56854248 3.96388173 47.50985336
v 75.35517883 4.14300871 47.50874710
v 75.31295776 4.24535894 47.51691437
v 75.48862457 4.30896568 47.57686996
v 75.56548309 4.24632883 47.57677460
v 76.61708832 2.77441978 47.64466476
v 76.92957306 2.56114745 47.73656464
v 77.54708862 2.12908721 47.91287231
v 78.15937042 1.68623495 48.08072281
v 77.75243378 2.45721769 48.01089096
v 78.37039948 2.01040173 48.17985153
v 77.89123535 2.74659944 48.24856567
v 78.51538849 2.29565501 48.41881943
v 76.81463623 3.10779238 47.74099731
v 76.50135040 3.31806922 47.64722443
v 76.62790680 3.61536384 47.88195419
v 76.30922699 3.82568884 47.78483963
v 77.26194763 3.18648791 48.06962204
v 76.94487762 3.40271974 47.97669601
v 79.80803680 1.31218600 48.74837494
v 80.66989899 0.80048639 49.15300751
v 80.66703796 0.76800150 49.10282135
v 80.66474152 0.75096750 49.07831573
v 80.66194153 0.73339766 49.05428314
v 80.63223267 0.56026059 48.87905884
v 79.64997101 1.03598011 48.50708008
v 80.59537506 0.34989488 48.75415802
v 80.54953766 0.09306491 48.67650604
v 79.42684937 0.72062862 48.40602112
v 80.49270630 -0.21423496 48.66169357
v 77.12928772 2.89309263 47.83336258
v 81.04878235 0.18049154 49.03015900
v 80.95907593 0.28712216 49.00558090
v 80.87284851 0.39105749 48.98678970
v 80.81459045 0.46249458 48.97767639
v 80.67554474 0.19460578 48.74771118
v 80.59967041 0.28785113 48.73626709
v 80.86675262 -0.03451311 48.79489899
v 80.61503601 -0.27563009 48.68833542
v 80.51528168 -0.15688650 48.66071701
v 80.77074432 0.07973158 48.76845932
v 80.75634766 0.53429830 48.97017288
v 80.65921783 0.66477394 48.98281860
v 80.68511200 0.62612629 48.97060013
v 80.72505188 0.57226062 48.96489334
v 80.73677826 0.76955420 49.21739960
v 68.30715179 11.47331715 55.12874985
v 69.32859802 11.12886715 55.62617874
v 68.33659363 11.45182610 55.07119370
v 70.37622070 10.71990871 55.99923706
v 71.43727112 10.24790478 56.23714828
v 72.49324799 9.71933842 56.34869385
v 73.52955627 9.13852692 56.33866501
v 74.52898407 8.51165009 56.20936584
v 75.47934723 7.84225416 55.96027756
v 76.36445618 7.13780642 55.59168243
v 77.17045593 6.40776825 55.10853958
v 77.88858795 5.66239834 54.52156830
v 78.51551819 4.91144085 53.84574509
v 79.05559540 4.16183853 53.09907913
v 79.51902008 3.41676998 52.30035019
v 79.92104340 2.67525506 51.46792603
v 80.59085083 1.19151342 49.74874878
v 66.07161713 11.80842018 52.49460983
v 66.40216064 11.82816696 53.15874100
v 66.82936859 11.79458618 53.76980972
v 66.39820099 11.85774994 53.34358978
v 67.04885864 11.78342533 54.17615128
v 66.00804901 11.83603477 52.52841949
v 65.94284058 11.85802555 52.56322861
v 67.40669250 11.69998360 54.40899277
v 67.56560516 11.68042278 54.67379379
v 68.06730652 11.53950787 54.94899750
v 65.80447388 11.79074192 52.35811234
v 65.93909454 11.79020023 52.36164093
v 65.98127747 11.71599007 52.26101685
v 65.81983948 11.68636894 52.23482895
v 65.81629944 11.55383205 52.14494705
v 65.71146393 11.52807617 52.16869736
v 65.68243408 11.33232117 52.14488220
v 65.65222168 11.34890366 52.16232300
v 65.62099457 11.36274719 52.18035126
v 65.67517090 11.61381817 52.22498322
v 65.58893585 11.37376785 52.19886017
v 65.57810211 11.57031822 52.24495697
v 65.38878632 11.43136978 52.31441879
v 65.51068878 11.58972359 52.28387451
v 65.47198486 11.67197800 52.34210968
v 65.60028839 11.75319004 52.35835266
v 65.59893799 11.84946823 52.47612762
v 65.70686340 11.86174965 52.48933792
v 65.73634338 11.91728210 52.68131256
v 65.80525208 11.89788628 52.64189911
v 65.77537537 11.84202671 52.44977951
v 65.87408447 11.87812996 52.60253906
v 65.66835785 11.73359394 52.31904984
v 66.78916931 10.03255081 51.50590515
v 66.16773224 10.40920830 51.86469269
v 65.31317139 11.21088791 52.35807419
v 65.23792267 10.99024010 52.40151978
v 65.50393677 10.67229557 52.24793625
v 65.39053345 10.70575619 52.31340790
v 68.20615387 9.68435287 50.68780899
v 69.72854614 7.76362562 49.80885696
v 70.63147736 7.84992552 49.28754807
v 72.55644989 5.29136848 48.17616272
v 65.27690125 10.73813438 52.37901688
v 65.16303253 10.76942825 52.44475555
v 65.16972351 11.50877476 52.47080231
v 64.90552521 11.33677197 52.70848083
v 64.99096680 11.57919693 52.65769958
v 64.83455658 11.65096951 52.90118408
v 64.85447693 11.18696594 52.73795319
v 64.75869751 10.90396214 52.79317856
v 65.58735657 11.96036720 52.78545380
v 65.57431793 11.89851189 52.56722260
v 65.45993042 11.79174137 52.44144440
v 65.36614990 11.62979221 52.37036514
v 65.12628174 11.70076466 52.57075119
v 65.02389526 11.73380184 52.68965912
v 64.93482208 11.76485538 52.81934738
v 65.05752563 11.91805077 52.85873413
v 65.01934814 11.93243027 52.92525482
v 65.18458557 12.02368832 52.99361801
v 65.15415192 12.03597164 53.05409241
v 65.35257721 12.03919506 53.07190704
v 65.28051758 12.07076550 53.23592758
v 65.12718964 12.04769325 53.11623383
v 65.05450439 12.04292107 53.16629791
v 64.95447540 11.95937252 53.06451416
v 64.86107635 11.91025925 53.12518692
v 64.82443237 11.80901146 53.04092789
v 64.85707855 11.79495144 52.96491241
v 64.89392090 11.78022099 52.89096069
v 65.21836090 12.01087570 52.93502808
v 65.42317200 12.01318645 52.96109772
v 65.29190063 11.98499107 52.82886887
v 65.37641144 11.95747852 52.73147583
v 65.23617554 11.85808563 52.62773895
v 65.14064789 11.88899231 52.73824310
v 64.98495483 11.94621563 52.99393082
v 65.49962616 12.09345341 53.80397034
v 64.99526978 12.19767094 54.05315018
v 65.66602325 12.15231037 54.88647079
v 64.71958923 12.29042435 54.79430389
v 64.64379883 12.36026096 56.26064301
v 64.16622925 12.40691185 56.16567612
v 63.63794327 12.45033741 57.35679245
v 63.08169174 12.43867493 58.50980377
v 63.24439621 12.43690968 58.42548752
v 63.66865540 12.44458008 57.57950211
v 64.79869843 12.34324932 57.29319382
v 64.89833069 12.30851650 58.01693726
v 66.00002289 12.13586617 57.74140167
v 66.11469269 12.01487923 59.18067169
v 67.22962189 11.77570343 58.93011475
v 67.23822784 11.69444561 59.66060638
v 67.23651886 11.58957767 60.38111115
v 67.23061371 11.51426983 60.81043243
v 66.22576904 11.71758938 60.98530579
v 65.28781891 11.86146641 61.15848923
v 64.34647369 11.95930004 61.34261322
v 63.87341690 11.99025726 61.43922424
v 63.39836121 12.00777054 61.53928757
v 63.29829025 12.10260582 61.16616440
v 62.31933212 12.08647060 61.38765717
v 62.12654495 12.20926189 60.77364349
v 61.55069351 12.07647133 61.31881714
v 61.86061096 12.19921112 60.78297424
v 62.49041748 12.36451626 59.64516068
v 62.98977280 12.32804489 59.89635849
v 63.51168060 12.31413460 59.77436066
v 63.64551926 12.21498299 60.42388153
v 64.14971161 12.18335438 60.31208038
v 64.27057648 12.05337620 60.95827103
v 65.23762512 11.95216084 60.76126099
v 61.39543533 11.99583626 61.61042786
v 61.27180481 11.93887424 61.78684616
v 61.53728104 11.90861893 61.96831894
v 62.44183731 11.99389648 61.75164795
v 67.17798615 11.87328529 57.44087982
v 65.92774963 12.16634464 57.00207901
v 67.13360596 11.89193726 56.68270493
v 65.80856323 12.17706966 55.95395279
v 67.05093384 11.88600445 55.61650467
v 66.94380951 11.84443665 54.54157639
v 64.03297424 12.28384781 59.65372849
v 63.79581833 12.41155243 58.28962708
v 65.07416534 12.17856503 59.41574097
v 65.15582275 12.07890224 60.09413147
v 66.16078949 11.92112446 59.88237000
v 63.14030838 12.23136044 60.53787994
v 63.78521729 12.08505440 61.06071854
v 66.20237732 11.80228806 60.57352066
v 64.56040955 11.98830700 53.90108871
v 63.96706009 12.14683628 55.45629501
v 63.30463409 12.20958996 56.98883820
v 62.57445145 12.17618847 58.49066544
v 61.78602219 12.02409363 59.95740509
v 62.18631744 12.11802387 59.22893143
v 62.29766464 12.27554512 59.30164337
v 62.69279861 12.33120728 58.55745316
v 62.45780182 12.36640739 59.39434814
v 62.85793304 12.41832352 58.64483643
v 61.35166168 11.87614441 60.71485138
v 61.13137817 11.77993298 61.08675766
v 60.90961838 11.66685009 61.45291519
v 60.67493820 11.52811432 61.83139420
v 60.75186920 11.68520546 61.94048691
v 60.88712311 11.78182125 62.06241226
v 60.99232101 11.82577515 61.55490112
v 61.13180923 11.92313671 61.67133713
v 61.21947861 11.93992424 61.18235397
v 61.36290741 12.03738308 61.29381561
v 61.44498062 12.03655720 60.80461502
v 61.59220123 12.13352013 60.91146851
v 61.88916016 12.18369865 60.03731918
v 62.04345703 12.27812576 60.13616562
v 63.60868073 12.43911457 57.12163162
v 63.43489456 12.35929394 57.04468536
v 64.10737610 12.29107952 55.50104904
v 64.28831482 12.36395645 55.56772232
v 64.70928955 12.12699795 53.93423462
v 64.89608002 12.19332790 53.99081802
v 55.33124924 4.70781183 66.91425323
v 55.20162582 4.01830482 66.73950195
v 54.78472900 3.89033628 67.05339050
v 54.36514664 2.69001341 66.83543396
v 54.25067902 3.05955410 67.11907196
v 53.73385239 2.21992278 67.11203766
v 53.93543625 2.95047545 67.33035278
v 53.47619629 2.16625762 67.29343414
v 53.01938629 1.34184122 67.19013214
v 53.07550812 1.06359851 66.97967529
v 52.77997208 0.88399732 67.10491180
v 52.53161621 0.38269857 66.98908234
v 52.51515961 -0.08977810 66.69738007
v 52.27531433 -0.17215386 66.83379364
v 51.95193863 -0.95996916 66.56114197
v 52.06933212 -1.24171317 66.26576996
v 51.78461838 -1.42624414 66.36985016
v 51.61552429 -1.94977629 66.13051605
v 51.72924042 -2.37713456 65.70390320
v 51.31645584 -3.03213954 65.56227112
v 51.46797943 -3.49605632 65.03220367
v 51.07512283 -4.07536507 64.93111420
v 51.23872757 -4.64315081 64.24779510
v 50.86697388 -5.09006500 64.24111176
v 51.02265167 -5.83169031 63.33192825
v 50.68082047 -6.09024191 63.48281479
v 50.82145309 -7.05392170 62.27373886
v 50.50127792 -7.18353796 62.55588913
v 50.42042923 -7.74915552 62.03181458
v 50.52613449 -8.21805477 61.33374405
v 50.34495544 -8.35256386 61.43526459
v 53.57859421 1.31976807 66.73059845
v 52.87635803 -0.06517447 66.42749786
v 52.53503418 -0.85619807 66.16088867
v 52.20405960 -1.79142809 65.74517059
v 51.88721085 -2.87434149 65.15502167
v 51.62349701 -3.94973612 64.47593689
v 51.39781570 -4.99400854 63.73385620
v 51.19796753 -6.01518154 62.92474747
v 51.02751160 -7.00389385 62.05352402
v 50.70754623 -8.08386803 61.23221588
v 50.88919830 -7.95000362 61.13068771
v 54.42538834 3.74527407 67.30156708
v 54.93972778 4.53841829 67.20102692
v 55.46201706 5.30861568 67.03125763
v 55.72247314 5.68178892 66.92211151
v 55.51206970 5.57208443 67.54938507
v 55.45154953 5.55890894 67.35276794
v 55.46083832 5.49725246 67.15627289
v 55.23929214 5.17608547 67.24012756
v 55.01884842 4.85111237 67.31195068
v 54.79994965 4.52254534 67.37160492
v 54.77992249 4.56817484 67.57164001
v 54.34095764 3.89031243 67.65558624
v 54.38551712 3.87933183 67.85655975
v 53.95078278 3.18004894 67.89007568
v 53.52957535 2.47270250 67.87258911
v 53.12320709 1.75966179 67.80690002
v 52.37456894 0.31521949 67.53276825
v 52.10771179 -0.26222569 67.36379242
v 52.35764694 0.37474442 67.33612823
v 52.09491730 -0.19880477 67.17658997
v 52.15386581 -0.16712403 66.99017334
v 52.41736221 0.39751619 67.14013672
v 53.14443588 1.79774904 67.40583038
v 53.53870392 2.49071574 67.46966553
v 53.94701385 3.17763829 67.48666382
v 54.36813736 3.85572028 67.45419312
v 54.83080673 4.56695318 67.77140045
v 55.00239182 4.90216112 67.51100159
v 55.05646133 4.90577555 67.70989227
v 55.28374100 5.24095154 67.63582611
v 55.22644424 5.23251486 67.43798828
v 53.91259003 3.20092320 67.68858337
v 53.49741364 2.50308871 67.67124939
v 53.09667206 1.79934037 67.60636139
v 51.98318481 -0.57791817 66.84960175
v 51.82289505 -0.98931080 66.69915771
v 51.68375397 -1.37890053 66.54136658
v 51.55636597 -1.76692915 66.37018585
v 51.48782730 -1.83198750 66.55344391
v 51.26471329 -2.61427212 66.17140198
v 51.27925873 -2.71449947 66.35090637
v 51.10362244 -3.44796157 65.94972229
v 51.20638657 -3.35211682 66.15999603
v 50.95068741 -4.16636944 65.51952362
v 50.97276306 -4.42689466 65.50090027
v 50.77247238 -5.46895838 64.78467560
v 50.68769455 -5.55753708 64.58159637
v 50.59474564 -6.49573326 64.00117493
v 50.46786499 -6.88548899 63.54699326
v 50.42535782 -7.61887980 63.04708099
v 50.29321671 -8.14588928 62.42181396
v 50.35007858 -8.20045662 62.50855637
v 50.28075027 -8.82122421 61.89604950
v 50.19196701 -8.65793514 61.74718857
v 50.25702667 -8.00245762 62.27830124
v 50.21511841 -8.48893833 61.58103180
v 50.30543900 -7.86631632 62.13121414
v 50.48833847 -6.62660456 63.23825455
v 50.71788406 -5.32149220 64.25582123
v 50.99206543 -3.95599318 65.17777252
v 51.15101624 -3.25216174 65.60018158
v 51.33222198 -2.53616452 65.99292755
v 51.50345612 -2.22645068 66.76268005
v 51.50028992 -1.92273414 66.73806763
v 51.61559677 -1.43657315 66.72721863
v 51.67638397 -1.67667615 67.01975250
v 51.62778854 -1.52192307 66.91442108
v 51.75579834 -1.03905272 66.88767242
v 51.85009766 -1.18387306 67.22647095
v 51.76829529 -1.11858642 67.07740021
v 51.91791534 -0.61891544 67.04083252
v 51.93133545 -0.69201255 67.23307037
v 51.08593369 -3.34041190 65.77479553
v 50.92974854 -4.05264473 65.34891510
v 50.66086197 -5.43267775 64.41983032
v 50.43596649 -6.75078821 63.39429474
v 50.33514786 -9.28322983 61.59132004
v 50.39303207 -9.45320225 61.53977966
v 50.87836456 -9.67467022 62.18150711
v 50.42243958 -9.52761364 61.52317047
v 50.45214081 -9.60186958 61.50640106
v 50.48215866 -9.67596149 61.48945618
v 51.44450378 -9.78089142 63.00016785
v 50.54705811 -8.73279190 62.43683624
v 50.28829193 -9.06699181 61.69922638
v 51.94190979 -9.95798874 63.58493423
v 51.58095551 -9.55326366 63.41132355
v 50.94356918 -8.35343742 63.38648605
v 51.96644592 -9.12397575 64.32553101
v 52.67026901 -8.33335972 65.81690979
v 52.36967850 -8.67156792 65.20666504
v 51.77974701 -7.53929234 65.17043304
v 51.35451126 -7.95483112 64.29899597
v 51.29269791 -6.46818924 65.09088898
v 50.85371780 -6.84684944 64.22235107
v 53.29875183 -7.62749863 66.97310638
v 53.62894440 -7.26084709 67.51792908
v 53.97169495 -6.88594627 68.03955841
v 53.45627213 -5.95075083 67.93248749
v 53.68272018 -5.75263691 68.22704315
v 53.25651169 -4.89598846 68.10476685
v 54.18493652 -6.65602207 68.34236145
v 52.87203217 -4.02254725 67.96738434
v 52.69575119 -3.57822800 67.89265442
v 52.53135300 -3.12802911 67.81335449
v 52.44724274 -3.70671368 67.60670471
v 52.28009415 -3.24376965 67.52752686
v 52.05767441 -3.92480993 67.11412811
v 51.88742828 -3.44188571 67.03473663
v 51.69210434 -4.14841986 66.59839630
v 51.52028656 -3.64689779 66.51827240
v 51.59505844 -2.45921445 66.85400391
v 51.99114990 -2.29883504 67.35063171
v 51.78747940 -1.38632357 67.15758514
v 52.04313278 -1.31502867 67.44976807
v 52.24599075 -2.20709133 67.63822174
v 50.86788177 -5.38460112 64.97003174
v 51.00781250 -4.60646057 65.49028015
v 51.19596481 -5.13778734 65.56415558
v 51.87810135 -4.64570856 66.67134857
v 51.61632538 -6.19094038 65.68530273
v 52.28876495 -5.62921095 66.79739380
v 52.09460449 -7.23189306 65.76969910
v 52.74989700 -6.59988451 66.89683533
v 50.27778625 -8.95729160 61.77534103
v 53.09514999 -6.27697229 67.42581940
v 52.64465714 -5.34691238 67.31745911
v 53.01967621 -5.06525421 67.81529999
v 52.24127960 -4.40296078 67.18741608
v 52.62686539 -4.16422987 67.68077087
v 50.62804413 -9.46407986 60.83653641
v 50.47282028 -9.46863365 60.96599197
v 50.54192734 -9.24764061 60.88625336
v 50.44381332 -9.39573765 60.98274231
v 50.37929916 -9.34942818 61.05587387
v 50.36582565 -9.46568775 61.15397644
v 50.32490921 -9.42451382 61.29459000
v 50.36109924 -9.51214504 61.34921646
v 50.39058304 -9.58623409 61.33219528
v 50.41320801 -9.64653492 61.24426270
v 50.39511871 -9.53929996 61.13706207
v 50.46651459 -9.56911850 61.00570679
v 51.99188232 -10.57742310 60.04912186
v 50.64336395 -9.49841309 60.82769012
v 50.66093063 -9.53127956 60.81754684
v 51.55617142 -9.94207764 60.30068207
v 50.71555328 -9.12098312 60.78601456
v 50.88938141 -8.99470615 60.68564987
v 51.06341934 -8.86880970 60.58517075
v 51.11115265 -8.99221039 60.55761337
v 51.15976715 -9.11515141 60.52954483
v 51.20925903 -9.23762417 60.50097275
v 54.46752548 -13.49223995 58.61980820
v 57.09555435 -16.24289322 57.10251617
v 50.49383926 -9.80587673 61.27896118
v 50.55023193 -9.81009102 61.45588684
v 50.46728134 -9.75926876 61.29429626
v 50.51393127 -9.74449444 61.47395325
v 50.44309998 -9.71096706 61.30825806
v 50.44311905 -9.65809536 61.11258316
v 50.51658630 -9.57749176 60.94146729
v 50.53374481 -9.61176968 60.93156052
v 50.55259323 -9.64484596 60.92067719
v 50.48802567 -9.74209023 61.08665848
v 50.46451950 -9.70084190 61.10022736
v 50.89631653 -9.76878643 62.11104202
v 51.30663300 -9.82588291 62.73185349
v 51.83719254 -9.98561382 63.39802551
v 52.42122650 -10.25274086 63.98223495
v 52.64369202 -10.40557766 64.13149261
v 52.63425446 -10.35622501 64.17750549
v 64.26466370 -21.54787445 59.17463303
v 63.34788513 -20.40813065 61.03639984
v 62.85410309 -19.79441833 61.92179871
v 62.32152939 -19.14566612 62.76045227
v 61.73691177 -18.45809746 63.53282547
v 61.09236908 -17.73167992 64.21881866
v 60.38576126 -16.97027397 64.79914093
v 59.62139130 -16.18225479 65.25823975
v 58.80761719 -15.37845516 65.58565521
v 57.95613480 -14.57134724 65.77765656
v 57.07949448 -13.77345848 65.83606720
v 56.18563461 -12.99424839 65.76385498
v 55.28570175 -12.24835873 65.56221771
v 54.38734818 -11.54974842 65.23037720
v 53.50020218 -10.91728973 64.76467896
v 64.45120239 -21.86846161 58.44909668
v 64.49825287 -21.86841583 58.55703354
v 64.43717957 -21.86466980 58.42163086
v 64.49312592 -21.85494614 58.59567261
v 64.52394867 -21.87325096 58.57775497
v 64.47882843 -21.87298203 58.50049591
v 64.95758820 -21.77538872 57.63846588
v 65.34170532 -21.57529640 57.44747543
v 65.04440308 -21.76581955 57.60369873
v 65.24731445 -21.86062241 57.63003540
v 64.98021698 -21.96812057 57.86563492
v 65.17734528 -22.05623245 57.91374588
v 64.95133209 -22.07001877 58.24554825
v 65.14287567 -22.13239098 58.25530243
v 64.81434631 -22.02282333 58.25036240
v 64.83142090 -21.91698647 57.87081146
v 64.75692749 -21.89019394 57.87585068
v 64.71140289 -21.86560059 57.86679077
v 64.74727631 -21.99865341 58.25492477
v 64.68128204 -21.97401619 58.26127625
v 64.55081940 -21.92170715 58.28211975
v 64.48171997 -21.89077568 58.30095673
v 64.53527832 -21.89459801 58.13476944
v 66.37158966 -22.18655586 57.63702011
v 67.33563995 -22.14438057 57.44953537
v 67.50135040 -22.49368286 57.61466980
v 68.73397827 -22.49167442 57.38580322
v 68.79671478 -22.81202316 57.54681015
v 69.44656372 -22.95812416 57.49632645
v 69.41971588 -23.18577194 57.78919983
v 70.07769775 -23.32605743 57.72615814
v 70.09250641 -23.42309952 58.08490372
v 70.53855133 -23.51431274 58.03582001
v 70.98492432 -23.60140800 57.98188782
v 71.20825195 -23.64338493 57.95311356
v 70.96167755 -23.50018120 57.62475204
v 71.18288422 -23.54112053 57.59642029
v 70.97205353 -23.26563454 57.33631134
v 71.19086456 -23.30561066 57.30868530
v 71.24411774 -23.00859451 57.14518356
v 71.40974426 -23.34452438 57.27989197
v 71.62866211 -23.38234711 57.24993896
v 71.62551117 -23.61976814 57.53619003
v 71.84692383 -23.65742302 57.50429916
v 71.87873840 -23.76277733 57.85957336
v 72.22694397 -23.81960106 57.79172897
v 70.34415436 -22.83896446 57.24949265
v 70.09748840 -23.09541702 57.43507385
v 70.51952362 -23.41516685 57.67785263
v 70.53461456 -23.18256187 57.38804626
v 72.21643829 -23.17103004 57.01034546
v 71.84762573 -23.41905212 57.21881866
v 72.18998718 -23.48589325 57.17711258
v 72.19368744 -23.71406937 57.45201492
v 71.65516663 -23.72409630 57.89195251
v 71.43167114 -23.68428993 57.92313385
v 69.42817688 -23.27963829 58.14899063
v 68.76479340 -23.12724113 58.20201874
v 67.44205475 -22.79596138 58.27405930
v 66.28807831 -22.47714806 58.29903412
v 66.31045532 -22.39900780 57.93609238
v 67.45294952 -22.71191025 57.91191483
v 68.76273346 -23.03660011 57.84130859
v 71.40415955 -23.58099174 57.56689835
v 60.81513977 -19.23097992 56.69207001
v 60.94957733 -19.04373550 56.61445236
v 61.51676559 -19.60860634 56.85249329
v 63.20433807 -20.17885590 57.04902649
v 62.92014313 -20.34918404 57.12503052
v 64.17131042 -20.99122620 57.31460190
v 65.48383331 -21.26200867 57.32419968
v 66.29765320 -21.56521988 57.36079407
v 67.83173370 -21.98254395 57.33797455
v 69.37596893 -22.35130310 57.25105286
v 70.88385773 -22.66144753 57.10721588
v 72.39468384 -22.92276001 56.90743256
v 60.70856857 -19.15995026 56.67883301
v 60.84037781 -18.97636414 56.60273361
v 60.74369049 -19.18478394 56.67975616
v 60.89611435 -19.00761032 56.60367203
v 60.77930069 -19.20851898 56.68417740
v 60.91235352 -19.02166557 56.60679626
v 60.93069077 -19.03326416 56.61033630
v 58.58520126 -17.47498703 56.69332504
v 60.66949463 -19.19508553 56.69635773
v 60.62695694 -19.21332932 56.71021652
v 60.51477051 -19.22690773 56.73775864
v 60.17983246 -19.16589546 56.79347992
v 59.67312622 -18.96361542 56.84907532
v 59.33988953 -18.78792000 56.87450790
v 58.94245529 -18.53944969 56.89468002
v 58.69182968 -18.36790848 56.90352249
v 58.44201660 -18.19516563 56.91188049
v 58.19301605 -18.02122688 56.91975021
v 60.92860794 -18.92759514 56.64406204
v 59.79799271 -18.07245827 56.74589539
v 60.97335815 -18.84671211 56.68910980
v 60.49998093 -18.30689430 56.81314850
v 61.02387238 -18.76291656 56.73700714
v 61.07241440 -18.67460823 56.78588867
v 59.45947266 -17.84533119 56.75903702
v 59.93093109 -17.93313217 56.83711624
v 59.36612701 -17.55333519 56.85842133
v 58.80835342 -17.39914322 56.78187943
v 58.80540085 -17.16740799 56.87704086
v 63.36773300 -20.04433632 57.15310287
v 62.20033264 -19.25011826 57.02649689
v 63.34015274 -19.81637001 57.22746658
v 64.02121735 -20.36097527 57.24703979
v 64.48098755 -20.36743927 57.38711929
v 65.30287933 -20.96651649 57.39275742
v 65.63193512 -20.90740585 57.50719452
v 65.81680298 -21.19638443 57.43458176
v 66.28620911 -21.36139297 57.45132446
v 71.80030823 -22.63658905 57.09452820
v 70.11286926 -22.31628609 57.28684235
v 68.40600586 -21.92962646 57.40843582
v 74.00142670 -23.14189720 56.58496475
v 73.89187622 -22.94801140 56.72064209
v 73.59573364 -23.09083748 56.68107224
v 73.18832397 -23.03646660 56.76761627
v 72.96591949 -22.82042885 56.91590500
v 72.79213715 -22.98090935 56.84217453
v 73.48907471 -23.33386803 56.76442719
v 74.09030914 -23.39994621 56.61463928
v 74.89513397 -23.50144005 56.38528824
v 75.82338715 -23.45640373 56.05129623
v 75.61226654 -23.62607574 56.15481949
v 76.24282074 -23.76574707 55.92940903
v 76.70135498 -23.68391418 55.72910690
v 77.43663788 -24.11789131 55.43391418
v 77.54986572 -23.96019363 55.36854553
v 73.88043976 -24.06909370 57.48047256
v 74.01799011 -24.08739090 57.44288635
v 74.10958862 -24.09935379 57.41724777
v 73.94435120 -23.96568871 57.08472824
v 74.03419495 -23.97644615 57.05986404
v 73.90898895 -23.70365715 56.80444336
v 73.99728394 -23.71344948 56.78068542
v 74.08621216 -23.73661423 56.76600647
v 73.46654510 -24.01175880 57.58686066
v 73.60471344 -24.03126526 57.55246353
v 73.74267578 -24.05038071 57.51699829
v 73.53898621 -23.91500473 57.19097137
v 73.67430878 -23.93230247 57.15658951
v 73.51062775 -23.65735435 56.90586853
v 73.64360809 -23.67318535 56.87306213
v 73.77639771 -23.68862343 56.83924866
v 73.18962097 -23.97162056 57.65242386
v 72.91194153 -23.93004799 57.71363831
v 72.57347870 -23.87769890 57.78211594
v 72.52775574 -23.77504349 57.41349030
v 72.51699829 -23.52847290 57.11758804
v 72.84304810 -23.57269859 57.05462265
v 73.11058807 -23.60762215 56.99820328
v 73.37745667 -23.64114380 56.93766403
v 73.40347290 -23.89731979 57.22431564
v 74.12395477 -23.98703957 57.03459167
v 74.19718170 -24.10909462 57.37520218
v 73.80942535 -23.94920158 57.12117386
v 73.13189697 -23.86083412 57.28785706
v 72.85961151 -23.82292366 57.34716797
v 77.50077057 -24.90070152 56.21084976
v 77.33444977 -24.84106445 56.31187439
v 77.21126556 -24.79806137 56.36894608
v 77.08733368 -24.75616264 56.42522430
v 76.97802734 -24.61212921 56.05398560
v 76.85424805 -24.57304382 56.10855865
v 76.82798767 -24.28068352 55.81797791
v 76.70242310 -24.24350166 55.87109756
v 76.44918823 -24.17260361 55.97498703
v 76.19326782 -24.10633659 56.07577515
v 75.86399841 -24.02872086 56.19957733
v 76.22491455 -24.39458656 56.36990356
v 75.89832306 -24.31464005 56.49567795
v 76.32893372 -24.52830887 56.74647903
v 76.00006104 -24.44391251 56.87442398
v 76.58447266 -24.59975624 56.64248276
v 76.83730316 -24.67571068 56.53541183
v 76.96267700 -24.71537590 56.48071289
v 76.72975922 -24.53508759 56.16235733
v 74.99047852 -24.23353195 57.22954559
v 75.66721344 -24.36673164 56.99753952
v 75.56782532 -24.24196243 56.61666489
v 75.53092957 -23.95853996 56.31848145
v 74.89608765 -24.11790466 56.84453583
v 74.85459137 -23.83997154 56.54182434
v 77.37284088 -24.47545624 55.58476257
v 77.20026398 -24.39908600 55.65387344
v 77.07692719 -24.35848618 55.70936584
v 76.95283508 -24.31901550 55.76406860
v 77.10107422 -24.65233421 55.99863052
v 77.22336578 -24.69364738 55.94249344
v 77.39566803 -24.75413322 55.86134720
v 76.47868347 -24.46256828 56.26765060
v 80.00826263 -25.90972137 55.28936386
v 80.14450836 -25.96851921 55.25106430
v 80.24629974 -26.01268768 55.22331619
v 80.10138702 -25.83246040 54.86348724
v 80.20591736 -25.87719917 54.83524323
v 80.14397430 -25.55186272 54.56352615
v 80.25096893 -25.59719086 54.53509140
v 80.43897247 -25.38715744 54.38326645
v 80.34259796 -25.70508957 54.55479431
v 79.33017731 -25.62271309 55.49979019
v 79.60074615 -25.73608398 55.41186523
v 79.73637390 -25.79349518 55.36977005
v 79.54305267 -25.59702110 55.02725983
v 79.68229675 -25.65517044 54.98437500
v 79.57246399 -25.31329536 54.72866440
v 79.71501160 -25.37222290 54.68538284
v 79.71981049 -25.06698799 54.57804871
v 79.85778046 -25.43163300 54.64342880
v 80.00077820 -25.49151802 54.60280609
v 79.96147919 -25.77290154 54.90248108
v 78.51894379 -25.29260063 55.79500580
v 79.06056213 -25.51132584 55.59264755
v 78.98850250 -25.36937523 55.21153641
v 79.26527405 -25.48219109 55.11687088
v 79.00476837 -25.08257675 54.91487503
v 79.28810883 -25.19692230 54.81916809
v 79.06109619 -24.78198814 54.78771591
v 77.98187256 -25.08279037 56.01656342
v 77.88163757 -24.93528366 55.64402771
v 77.87155914 -24.64241791 55.35307312
v 77.92061615 -24.30947495 55.22201538
v 78.46175385 -24.53016853 55.00461960
v 78.43568420 -24.85798264 55.12382126
v 78.43264771 -25.14783478 55.41793442
v 80.31047058 -25.94202042 54.84223557
v 80.34813690 -26.05706024 55.19598389
v 79.87221527 -25.85137749 55.32893753
v 79.82177734 -25.71380043 54.94277954
v 80.81785583 -26.25964355 55.08655167
v 80.90973663 -26.22952652 55.44576263
v 80.66365051 -26.19422340 55.13723373
v 80.75569153 -26.16354752 55.48080444
v 80.52104950 -26.13276291 55.17098999
v 80.60213470 -26.09715462 55.51721191
v 80.37917328 -26.07109451 55.20582962
v 80.33863068 -25.95428467 54.83518219
v 80.37413025 -25.70428658 54.53701019
v 80.59838104 -25.45878410 54.34479904
v 80.51975250 -25.76724243 54.50144577
v 80.75831604 -25.52999496 54.30774307
v 80.66610718 -25.82999611 54.46698761
v 80.82279205 -25.91591072 54.44491577
v 80.62775421 -26.07905769 54.76559067
v 80.78713226 -26.14879227 54.73279190
v 80.48282623 -26.01677513 54.79983521
v 92.15785980 -20.71862221 63.20707321
v 90.71138000 -19.50283241 63.63471603
v 91.75367737 -21.27301025 63.40426254
v 88.81768799 -18.90331078 64.28671265
v 88.36601257 -19.51066971 64.44065857
v 89.26490784 -18.28704262 64.06236267
v 87.81842804 -17.07125282 64.49000549
v 87.91236115 -20.10432243 64.51503754
v 87.45884705 -20.68019867 64.50324249
v 87.00850677 -21.23386002 64.40270233
v 90.57747650 -22.78840065 63.55855179
v 90.03234100 -23.43571854 63.39741135
v 86.56291962 -21.76281738 64.21131897
v 89.58614349 -23.93837929 63.15000153
v 86.12458801 -22.26426506 63.93102264
v 88.95937347 -24.60397339 62.62718582
v 85.69576263 -22.73626518 63.56619263
v 85.14212036 -23.31731796 62.95687103
v 84.61154938 -23.84313965 62.22129059
v 84.10552979 -24.31561852 61.37774658
v 83.62279510 -24.74202347 60.45320511
v 83.03327942 -25.23587036 59.19056320
v 82.47655487 -25.68172646 57.89497757
v 85.55744934 -27.40767670 56.34940338
v 81.95062256 -26.08911896 56.60102081
v 85.06509399 -27.74461937 55.14766693
v 82.10748291 -26.71733475 55.23406601
v 84.38726044 -27.52942085 55.11709595
v 83.58537292 -27.26011086 55.11770630
v 82.64048004 -26.92032051 55.17422867
v 86.07697296 -27.04137039 57.57151794
v 86.40042114 -26.80742264 58.30723953
v 87.34509277 -26.08197403 60.27708817
v 87.94638062 -25.57164192 61.32358551
v 88.31347656 -25.23677635 61.86292648
v 91.11933899 -22.10899925 63.56771088
v 91.36928558 -21.78459358 63.52489853
v 89.69454193 -17.68200684 63.78046036
v 90.09002686 -17.10942268 63.44529343
v 92.54199219 -20.17502785 62.94912720
v 92.87039185 -19.69381714 62.65822983
v 93.06434631 -19.39995193 62.44475937
v 90.44501495 -16.57679176 63.05281067
v 90.75452423 -16.08991051 62.60048676
v 91.01505280 -15.65345478 62.08951950
v 93.42852020 -18.81740189 61.91249847
v 93.71050262 -18.31269073 61.27381897
v 91.22436523 -15.27025318 61.52003098
v 93.87744141 -17.96137619 60.67242050
v 91.38172150 -14.94201756 60.89581299
v 94.01563263 -17.56151009 59.70795441
v 91.48789978 -14.66885567 60.22210312
v 91.55207825 -14.38939762 59.25608063
v 91.53368378 -14.20183754 58.22478867
v 91.44136810 -14.09811020 57.14239883
v 91.29032135 -14.06253052 56.02635574
v 91.03586578 -14.08970261 54.57026672
v 90.74169922 -14.16986179 53.12309265
v 92.86374664 -17.23131561 52.13111115
v 90.42735291 -14.28255081 51.70697784
v 89.73441315 -13.93833447 50.35083389
v 92.07743835 -16.81837273 50.67716980
v 91.81803894 -16.51715469 50.59998703
v 94.03330994 -17.27007484 58.56058121
v 93.98522949 -17.16060257 57.83705139
v 93.81646729 -17.06850243 56.54083633
v 93.37148285 -17.09798622 54.28249359
v 93.18521881 -17.14085197 53.46757126
v 91.23106384 -15.81999779 50.46120453
v 90.54078674 -14.97126007 50.36509705
v 89.63069916 -13.80224705 50.35681534
v 89.52731323 -13.66598511 50.36426163
v 89.28106689 -13.61508465 50.03855133
v 89.30855560 -13.63406372 50.05044937
v 89.40393829 -13.76049137 50.04244995
v 89.49980164 -13.88704205 50.03567505
v 89.59758759 -14.03105736 50.01757431
v 89.25672913 -14.06044483 49.78364944
v 89.36650085 -14.19926357 49.77949142
v 89.08063507 -14.41421890 49.67724991
v 88.95435333 -14.28595352 49.68176651
v 88.67874146 -14.49826717 49.73488617
v 88.85617065 -14.15609932 49.68841171
v 88.56899261 -14.35714912 49.74296188
v 88.75849915 -14.02636623 49.69629288
v 88.45960236 -14.21585655 49.75255585
v 88.75318909 -13.99064064 49.69893646
v 89.06262970 -13.80331993 49.79838181
v 89.04372406 -13.77816010 49.80008698
v 89.15943146 -13.93182182 49.79039764
v 87.82098389 -11.37870407 50.33601379
v 88.13030243 -11.90574074 50.24595261
v 88.45574188 -12.42555618 50.16840363
v 88.62265015 -12.67998600 50.13484192
v 88.79336548 -12.93243790 50.10456848
v 88.51696014 -13.09803581 49.84627533
v 88.60549164 -13.22683525 49.83267593
v 88.27189636 -13.45404339 49.74508667
v 88.36319733 -13.58514977 49.73285294
v 87.97608948 -13.56746864 49.81128311
v 88.45545197 -13.71570015 49.72152328
v 88.54865265 -13.84568405 49.71110916
v 88.61881256 -13.94230652 49.70393753
v 88.87673950 -13.61002541 49.79713821
v 88.94551849 -13.70457172 49.78954315
v 89.14596558 -13.43111897 50.05413055
v 89.21336365 -13.52319527 50.04624176
v 88.88013458 -13.05789948 50.09068298
v 88.96782684 -13.18284035 50.07764435
v 89.05644226 -13.30725002 50.06546021
v 88.78538513 -13.48284054 49.80810165
v 87.55127716 -12.95668697 49.88590622
v 88.00384521 -13.05749416 49.78716278
v 88.18157196 -13.32239151 49.75822067
v 87.18035126 -12.38672161 49.97093582
v 87.49128723 -12.24519157 49.89559555
v 87.83008575 -12.79053497 49.81960678
v 88.17252350 -12.57775593 49.90924835
v 88.34279633 -12.83889389 49.87606430
v 87.16926575 -11.69241428 49.98506546
v 86.85872650 -11.86028576 50.06159592
v 87.52511597 -11.50373936 50.07647705
v 87.84057617 -12.04435730 49.98637390
v 88.69496918 -13.35510635 49.81994629
v 87.36480713 -13.04221153 49.97124863
v 88.37847900 -14.48428726 49.82753754
v 86.46894836 -11.53750134 50.21910858
v 86.97514343 -12.58880424 50.21923065
v 88.08434296 -14.24559307 50.02689362
v 84.82135773 -8.07167721 50.33807755
v 85.27423859 -9.32572937 50.58290482
v 85.60947418 -9.82613373 50.40129471
v 85.74497986 -10.31110859 50.55333328
v 86.03096008 -10.68944836 50.34265518
v 86.22698975 -11.25968361 50.44726562
v 84.65399170 -7.68866491 50.29658508
v 84.47977448 -7.30950165 50.24849701
v 84.30467987 -6.94599915 50.19540787
v 84.26171875 -7.08740664 50.39427567
v 84.66159821 -7.94771242 50.50273895
v 81.90360260 -3.12989950 49.61560059
v 82.85371399 -4.57056284 49.93090820
v 83.71485901 -6.04174662 50.21565628
v 79.98941040 -0.91001654 49.21790314
v 80.28163147 -1.04946637 49.08330917
v 80.61056519 -1.41013348 49.18115616
v 76.17050171 2.30163050 47.84415054
v 78.24924469 0.68294626 48.56125641
v 78.80605316 0.23164940 48.71101379
v 78.07074738 0.70071048 48.72275543
v 79.03981781 -0.08959873 48.98157501
v 79.87134552 -0.67525345 48.98165131
v 77.07457733 1.46703768 48.43884659
v 76.13496399 2.27069283 47.93555069
v 76.06117249 2.20204830 48.13212204
v 76.10019684 2.23570681 48.03268433
v 75.03887939 3.15536714 47.94656372
v 74.71854401 3.40782309 47.94920731
v 74.09360504 3.89047384 47.95693588
v 74.46879578 3.48197818 48.13888931
v 73.92881012 3.89679790 48.14553452
v 75.53518677 2.63445234 48.13256836
v 75.00420380 3.06123519 48.13455963
v 73.47985840 4.36927557 48.00793457
v 73.20609283 4.47277451 48.24782562
v 73.06799316 4.71198368 48.11548233
v 72.54174042 5.05759335 48.52669907
v 72.67700958 5.05686808 48.28162766
v 73.26774597 4.66533756 47.87934494
v 67.15667725 9.75550842 52.31192398
v 66.80677032 9.77849293 51.85472870
v 68.88167572 8.79405499 52.27829742
v 69.73426056 7.51538944 50.15617371
v 70.80399323 7.60266209 52.17801285
v 72.64328766 6.36884212 52.10655975
v 75.50487518 4.25062418 52.04722595
v 78.24016571 1.97317958 52.05645370
v 75.89924622 4.73050690 53.99997711
v 78.63288116 2.45444226 54.00919724
v 78.50136566 2.99530339 55.01157379
v 78.77072144 2.64860201 54.75396729
v 79.17678833 2.05949974 54.23036575
v 79.40068054 1.68244207 53.83215714
v 79.57216644 1.35228026 53.43842316
v 79.78911591 0.84076744 52.73539352
v 79.92681122 0.39208126 52.01458359
v 80.03041840 -0.20661639 50.88881302
v 80.04061890 -0.56544375 50.10438156
v 77.99325562 3.58548117 55.37257385
v 76.09643555 4.97044802 54.97635269
v 73.23744965 7.08675575 55.03562927
v 74.75585175 6.36471939 55.93741989
v 74.21046448 6.73318481 55.87651062
v 77.60475922 3.99482679 55.56964874
v 77.13980865 4.44843817 55.74007797
v 76.59457397 4.93998575 55.87027359
v 75.80854797 5.58750582 55.95807266
v 73.26551056 7.32344389 55.70254517
v 72.39867401 7.81585121 55.47388458
v 73.03939819 6.84745121 54.05927277
v 71.61051941 8.22515106 55.21076584
v 71.20119476 8.08050632 54.13069153
v 71.39980316 8.31942844 55.10702896
v 70.89778137 8.56439781 54.92640305
v 70.38134766 8.79185009 54.69139099
v 69.28988647 9.21937943 54.10364532
v 68.41590118 9.50330734 53.52150726
v 67.95109558 9.62416458 53.14445114
v 67.53512573 9.70563221 52.74093246
v 70.68254089 6.84073544 49.43191147
v 69.07833862 8.16930771 50.36047363
v 67.43922424 9.43463039 51.30917740
v 66.39832306 10.16248608 51.91011047
v 66.21920013 10.13379955 52.19121170
v 65.67114258 10.48797321 52.32847977
v 65.59175110 10.38200951 52.55095291
v 66.11180878 10.35063267 53.17209244
v 66.34612274 10.13037777 52.36680222
v 66.69217682 10.10644341 52.80654144
v 66.59794617 10.28744125 53.66301346
v 67.06439209 10.05931377 53.22380066
v 67.46614075 9.98603344 53.61726379
v 68.20527649 9.71575356 53.85731888
v 67.89374542 9.88478851 53.97866440
v 67.13423920 10.18476295 54.12371063
v 67.97763824 9.89270210 54.20248032
v 65.36923218 10.44665527 52.68022919
v 65.25763702 10.47738266 52.74505997
v 65.19435120 10.60215473 53.66577911
v 64.93653107 10.57120228 53.02329636
v 64.73551941 10.64768314 53.40163422
v 64.33581543 10.80873585 54.59696198
v 65.50215912 10.69920444 55.71878052
v 64.42880249 10.86872578 56.01172638
v 64.57326508 10.86278629 56.99924469
v 63.89829636 10.91273880 55.78409576
v 63.53145981 10.95465565 57.28149414
v 63.41973877 10.96257591 56.96080017
v 63.61076355 10.94017506 57.75561523
v 62.90143967 10.95826817 58.12332535
v 63.68593597 10.91721630 58.21857071
v 63.75315475 10.88778782 58.64150238
v 64.69660187 10.82345390 57.95209503
v 64.74833679 10.79312420 58.38521576
v 65.71156311 10.66483402 57.68717575
v 65.74838257 10.63679409 58.13192749
v 66.79639435 10.42308903 57.40539932
v 66.81845856 10.40142822 57.86431503
v 66.83560944 10.37176323 58.31837463
v 66.85669708 10.28720570 59.21076584
v 66.86154175 10.23163033 59.64860916
v 65.86505890 10.44108486 59.84272766
v 65.89112854 10.36876678 60.25391769
v 64.98521423 10.51083660 60.42560577
v 65.03673553 10.42367744 60.81108856
v 64.15817261 10.51736164 60.97368622
v 65.48060608 10.41486359 52.61552429
v 66.64497375 10.42891884 55.40141296
v 66.73242188 10.44324303 56.41113663
v 65.61814117 10.69902134 56.71592712
v 65.66748810 10.68625450 57.20503616
v 64.63729858 10.84739017 57.48025131
v 66.76730347 10.43755817 56.91049194
v 66.86309814 10.16674709 60.08049393
v 65.91744995 10.28610897 60.65854645
v 66.86164093 10.09223938 60.50603867
v 63.28361893 10.56401157 61.14699554
v 62.41857910 10.55320072 61.33345032
v 61.49032593 10.45882511 61.55686569
v 60.94437408 10.32009983 61.80113602
v 61.17716599 10.46674728 61.41854477
v 61.36092758 10.53549099 61.23192215
v 61.44377899 10.60714531 60.95833206
v 62.30478668 10.63681221 60.99811172
v 62.19728470 10.70748425 60.65319824
v 63.09759903 10.72654438 60.43855286
v 63.01226807 10.78995895 60.07028961
v 63.94617462 10.74885178 59.84827042
v 63.81797409 10.85039902 59.05381012
v 64.79695892 10.75492191 58.80955887
v 61.74464798 10.73161221 60.41716385
v 62.09479141 10.76608562 60.29754639
v 62.34526825 10.89100647 59.27155685
v 62.84942627 10.88540840 59.30176926
v 62.76836014 10.91928673 58.89999771
v 65.78125763 10.60086536 58.56978989
v 65.83862305 10.50353622 59.42503357
v 64.88966370 10.65251255 59.63301468
v 64.01284027 10.68302059 60.23167801
v 63.18764496 10.65149498 60.79718399
v 64.93647766 10.58691502 60.03298950
v 64.08314514 10.60609436 60.60665131
v 65.53278351 10.53166580 52.40816879
v 65.32306671 10.59239483 52.52961731
v 64.95600128 10.70109558 52.78799820
v 64.91766357 10.78099537 52.72381592
v 64.72743225 10.84919548 52.95519257
v 64.59031677 10.90900040 53.22332382
v 64.64633179 10.81829929 53.26069641
v 64.77608490 10.76359463 53.00696945
v 64.23077393 10.98466206 54.49486542
v 63.82822800 11.08218193 55.58398438
v 63.41658401 11.13126469 56.60645294
v 62.99931335 11.13918114 57.56593323
v 62.58019257 11.11141396 58.46565247
v 62.16415024 11.04629803 59.30708694
v 61.47912979 10.83994961 60.59802246
v 60.82191467 10.48987293 61.72117233
v 52.88506317 -0.56473994 66.30352020
v 53.10538864 -0.59820551 66.32697296
v 52.93617630 -1.01147699 66.17648315
v 52.44658279 -1.74077070 65.81296539
v 52.75805664 -1.49050844 65.97303772
v 52.57826614 -2.03551984 65.70938110
v 52.08204651 -2.99626827 65.12799072
v 52.27212143 -3.13908315 65.08728790
v 51.89163971 -3.77582645 64.63668823
v 52.02617264 -4.18903065 64.40216827
v 51.71365356 -4.57972193 64.08171082
v 51.81402206 -5.20210934 63.66136169
v 51.54423523 -5.40479136 63.46095657
v 51.62749100 -6.17829847 62.86865234
v 51.38544083 -6.24839306 62.76782990
v 51.46740723 -7.11464500 62.02653885
v 51.24081421 -7.10801888 61.99462128
v 51.33828354 -8.01226807 61.13653183
v 51.59735489 -9.10967922 60.63062286
v 51.54893875 -8.98945522 60.65897369
v 52.02045059 -9.23266315 61.25892258
v 51.50138474 -8.86877346 60.68683243
v 51.45469284 -8.74763966 60.71419144
v 51.34809494 -8.35505104 60.86857986
v 51.64868927 -8.26452541 61.48637009
v 52.38535309 -9.37024021 61.73282623
v 52.97267151 -8.61414909 63.29512024
v 52.76475143 -9.53801155 62.16781616
v 53.35069275 -8.19510555 64.13707733
v 53.54525375 -7.97838783 64.54424286
v 52.80709076 -7.14447355 64.11238861
v 53.00969315 -6.94378662 64.51301575
v 52.36122131 -6.14640665 64.04987335
v 52.56891251 -5.96170998 64.44793701
v 51.97734833 -5.13814926 63.95226288
v 52.18777466 -4.97000265 64.35067749
v 52.39987183 -4.80224943 64.73458099
v 52.28156281 -3.68694425 64.95455170
v 52.60025787 -4.64620161 65.08062744
v 52.80273819 -4.49185276 65.41345978
v 53.17864609 -5.42730284 65.51739502
v 53.59234619 -5.08262300 66.15551758
v 54.01490021 -5.96479321 66.25146484
v 54.22567749 -5.77048588 66.56272888
v 54.72307587 -6.67507887 66.65675354
v 54.93125153 -6.45217896 66.96934509
v 55.14420700 -6.22804117 67.27109528
v 54.66573715 -5.38550568 67.15472412
v 54.25988388 -4.58654308 67.03310394
v 53.89576340 -3.77634072 66.89868927
v 53.57700348 -2.95556545 66.75111389
v 53.31548309 -2.12577748 66.58912659
v 53.11352921 -1.20855308 66.39321136
v 52.88332367 -1.27229714 66.12647247
v 53.08176804 -2.20920038 66.32302094
v 52.85813522 -2.30027962 66.04515839
v 53.34181976 -3.06197858 66.48167419
v 53.11640930 -3.17546511 66.20119476
v 53.66158676 -3.90927148 66.62354279
v 53.43649292 -4.04793310 66.33793640
v 54.02968216 -4.74825335 66.75078583
v 53.80747986 -4.91378880 66.45832062
v 54.44241714 -5.57723665 66.86383057
v 52.41006088 -7.53574228 63.27750778
v 51.95161057 -6.50977373 63.21543884
v 52.48365784 -3.55224800 65.28644562
v 53.21928406 -4.19178343 66.04144287
v 52.64293289 -2.39865994 65.75457764
v 54.12446976 -7.33257246 65.65715027
v 54.51943970 -6.89638567 66.33368683
v 53.74347305 -7.75729704 64.94150543
v 53.93237686 -7.54657173 65.30410004
v 53.41022873 -6.54804182 65.25536346
v 53.60805511 -6.35422850 65.59799194
v 52.97752762 -5.60150146 65.18109894
v 53.21514893 -6.74043131 64.90198517
v 52.77880096 -5.77590561 64.83283997
v 52.89934158 -3.29554009 65.90899658
v 51.39668274 -9.15738487 60.56964874
v 51.30627060 -8.93049717 60.62222290
v 51.45957947 -9.30619431 60.53353119
v 51.92575455 -9.77440548 60.44353485
v 51.87185669 -10.07027721 60.29697037
v 52.33798981 -10.37392426 60.20828247
v 52.65494156 -10.44280624 60.68450165
v 52.03999329 -9.79553223 60.62644958
v 52.35009766 -9.86953545 61.08694458
v 52.68342590 -9.97297382 61.52891541
v 53.03962708 -10.10754013 61.94640732
v 53.41961288 -10.27511311 62.33529663
v 53.52445984 -10.23798943 62.54702759
v 53.64183807 -10.56851196 62.26552582
v 53.78611374 -10.87337208 61.96801758
v 53.36943054 -10.68548107 61.56317902
v 52.99594498 -10.54484844 61.13513184
v 54.80352783 -13.28045177 58.77643967
v 57.59888458 -14.58532047 60.79244995
v 57.41243744 -16.01481628 57.26160812
v 60.49374390 -16.65719414 60.71390533
v 58.07018280 -16.60883713 56.98654556
v 63.49916458 -18.55838966 60.56717300
v 65.48603821 -19.72132301 60.35196686
v 65.63871765 -20.25167847 59.19786835
v 54.13231659 -11.74916649 60.79384613
v 55.85860825 -13.21358204 60.80673599
v 58.03450775 -14.05167103 62.72234726
v 60.92762375 -16.12228584 62.64384842
v 61.14456177 -15.85483074 63.60881805
v 63.20082474 -17.01772499 63.91298676
v 62.77086258 -16.66613960 64.13400269
v 62.26408386 -16.27077675 64.32858276
v 61.67960358 -15.83389854 64.48143768
v 60.85376358 -15.24182892 64.59222412
v 59.77555847 -14.50014591 64.58629608
v 58.25231934 -13.78484631 63.68729782
v 59.22834778 -14.13422012 64.52643585
v 58.29707336 -13.52490616 64.34457397
v 57.46016693 -12.99081230 64.09863281
v 56.71244049 -12.52521038 63.81217957
v 56.29529953 -12.68074226 62.73661804
v 56.51364136 -12.41432190 63.70155716
v 56.04616928 -12.12124157 63.50098801
v 54.57306290 -11.27851963 62.60040665
v 55.56880951 -11.83936882 63.24341583
v 63.77338409 -17.51814079 63.51478195
v 63.93122482 -18.02233124 62.49720383
v 64.08233643 -17.80968857 63.23431015
v 64.55692291 -18.30335045 62.67114639
v 64.82443237 -18.61966896 62.24776077
v 65.03321838 -18.89787483 61.83248901
v 65.30490875 -19.33313179 61.09785080
v 65.67133331 -20.57928276 58.40048981
v 54.06394577 -12.74305058 59.02903748
v 52.68419647 -11.11648655 59.82799911
v 55.49105453 -14.31828785 58.20272446
v 57.76620102 -16.60066605 56.94997406
v 57.37921906 -16.25021362 57.11381149
v 57.80030060 -16.87804031 56.80947495
v 58.18013000 -16.94050598 56.84123993
v 57.82063293 -17.74892616 56.95090485
v 57.38822174 -17.40559769 57.04114914
v 57.08758545 -17.14702034 57.14294434
v 56.83002853 -17.36082840 57.63440704
v 56.88584137 -17.41196632 57.60948944
v 56.99939728 -17.51371574 57.56312561
v 56.87344360 -17.33626366 57.42159271
v 56.99089050 -17.44141769 57.37368011
v 56.91903687 -17.21278572 57.26731873
v 57.03884506 -17.31998825 57.21849823
v 57.16129684 -17.42633629 57.17462540
v 57.36490631 -17.59651947 57.11419296
v 57.57444000 -17.76368904 57.06708145
v 57.51578140 -17.87672043 57.22490692
v 57.94120407 -18.19419098 57.17193222
v 57.91784668 -18.24250793 57.36766052
v 58.01092529 -18.29684830 57.29216766
v 56.66667557 -17.20653915 57.71603012
v 56.72042847 -17.25809860 57.68769073
v 56.77488708 -17.30953217 57.66048050
v 56.70239258 -17.17722702 57.50242233
v 56.75870514 -17.23039246 57.47429657
v 56.74457169 -17.05063057 57.34970856
v 56.80200195 -17.10484123 57.32103729
v 56.64681625 -17.12392998 57.53172302
v 56.68788910 -16.99628639 57.37958145
v 58.00868225 -18.08718872 57.01342773
v 58.07253265 -18.19904518 57.06195831
v 57.50676346 -17.93506813 57.41908264
v 57.30832291 -17.77627754 57.46396637
v 57.11543274 -17.61467552 57.52144241
v 57.11091232 -17.54573822 57.33060837
v 56.86016464 -17.15889740 57.29357147
v 56.81572723 -17.28341103 57.44734955
v 57.31045914 -17.71269798 57.27124405
v 59.22955704 -19.11883926 57.35999298
v 60.00183868 -19.54174805 57.48107147
v 60.33952332 -19.72553635 57.56385040
v 60.45667267 -19.67589188 57.18535995
v 60.67966461 -19.90964127 57.64345932
v 60.79436874 -19.85849762 57.26441956
v 61.36193466 -20.27574158 57.79181671
v 61.47033310 -20.22080612 57.41145706
v 62.04854965 -20.63968277 57.92601013
v 62.15057373 -20.58088875 57.54446411
v 63.50476074 -21.39566422 58.16125488
v 63.59317780 -21.32855988 57.77768707
v 63.73912048 -21.12988281 57.46348190
v 59.66462708 -19.35724068 57.39465714
v 59.52257156 -19.26718330 57.25059509
v 59.83687592 -19.38255310 57.12906265
v 60.12643433 -19.44365120 57.01238632
v 60.12277603 -19.49432564 57.10348892
v 60.53998184 -19.42112732 56.83308792
v 60.62957001 -19.49332237 56.87508392
v 60.70088959 -19.34576607 56.75513458
v 60.96504211 -19.67457962 56.95371246
v 61.63514328 -20.03340340 57.09966278
v 62.30940628 -20.38992691 57.23173141
v 60.54486847 -19.39533806 56.81175613
v 60.26342010 -19.35887527 56.86244202
v 59.97453308 -19.26993561 56.90102768
v 59.94643402 -19.39550591 57.05540085
v 59.69749832 -19.15509415 56.93031693
v 59.65715408 -19.27561760 57.08599091
v 59.42905426 -19.02254677 56.95314789
v 59.37951279 -19.13854027 57.10960770
v 59.29766464 -18.95078468 56.96252441
v 59.24406052 -19.06455994 57.11927414
v 59.16821289 -18.87577057 56.97063828
v 59.11085510 -18.98736954 57.12762451
v 59.08839798 -18.82737160 56.97508240
v 59.02874374 -18.93757820 57.13219452
v 59.00931549 -18.77777100 56.97905350
v 58.94740677 -18.88656044 57.13628006
v 58.93098450 -18.72698593 56.98255539
v 58.86683655 -18.83432579 57.13988113
v 58.82543564 -18.71880913 57.03599167
v 58.76591492 -18.81838226 57.26485062
v 58.84341431 -18.88217735 57.33350372
v 58.92546844 -18.93537331 57.32983398
v 59.00830460 -18.98732948 57.32567596
v 59.36577606 -19.19212723 57.30265427
v 59.22761536 -19.11666679 57.31251526
v 59.09193420 -19.03804207 57.32102203
v 58.22623062 -18.24301910 57.00725174
v 58.16381454 -18.19936371 57.00920868
v 58.09544373 -18.30403519 57.16756821
v 58.06958389 -18.34962463 57.36240768
v 58.13228607 -18.39348221 57.36043930
v 58.19504166 -18.43726349 57.35844040
v 58.25784302 -18.48096657 57.35641479
v 58.28335571 -18.43513680 57.16158676
v 58.39887619 -18.51523781 57.15777969
v 58.46640396 -18.40997887 56.99944687
v 58.51456451 -18.59507751 57.15386963
v 58.58176804 -18.48959732 56.99554825
v 58.74645615 -18.75399208 57.14573669
v 58.81301498 -18.64806938 56.98743820
v 58.35120773 -18.33010101 57.00324249
v 58.28869629 -18.28660011 57.00526428
v 58.22066879 -18.39151382 57.16361237
v 58.15803146 -18.34781265 57.16560745
v 58.72179031 -18.80040741 57.34053421
v 58.48947525 -18.64120102 57.34868240
v 58.37357330 -18.56121445 57.35260010
v 66.30638885 -20.81243134 58.47596359
v 66.27055359 -20.46026039 59.34027481
v 66.17172241 -20.08172989 60.18850327
v 66.00515747 -19.67279625 61.02133560
v 65.75383759 -19.22775650 61.82636261
v 65.40498352 -18.74511147 62.58354568
v 64.95398712 -18.22760773 63.27075195
v 64.40563202 -17.68248749 63.86618805
v 63.77453995 -17.12010384 64.35463715
v 63.08005524 -16.55073357 64.73012543
v 62.34198380 -15.98296833 64.99483490
v 61.57728195 -15.42239285 65.15734100
v 60.79851913 -14.87203217 65.22828674
v 60.01416397 -14.33340549 65.21735382
v 59.23028946 -13.80769062 65.13250732
v 58.45122528 -13.29581642 64.98026276
v 57.68005371 -12.79880047 64.76549530
v 56.60181427 -12.12125683 64.35729980
v 55.55234909 -11.48618221 63.83079529
v 54.54020691 -10.90613651 63.18473434
v 51.16212463 -8.51130772 60.75189972
v 51.05657196 -8.52502251 60.72652054
v 50.91455841 -8.37844849 60.78609848
v 51.00615692 -8.26208782 60.87717819
v 50.99651337 -8.02474022 61.07171249
v 51.10866928 -8.03723431 61.07666779
v 51.11619568 -8.26218891 60.89351273
v 50.69149017 -8.53953838 60.91495895
v 50.57346344 -8.62522507 60.98310471
v 50.44601059 -8.99872494 60.97154236
v 50.38247681 -8.76781940 61.09191513
v 50.34644318 -8.52837658 61.26589966
v 50.38405609 -9.23762226 61.02024078
v 50.30777359 -9.31249046 61.18937683
v 50.30571747 -9.36787415 61.38245010
v 50.23648453 -9.12965584 61.47241211
v 50.21455383 -9.01497078 61.53367996
v 50.20136642 -8.90501499 61.60499954
v 50.19094086 -8.78835583 61.44181061
v 50.18731689 -8.72584057 61.48838425
v 50.25598907 -8.60781765 61.34214020
v 50.25520706 -8.54285717 61.39527130
v 50.25735855 -8.48033142 61.45119858
v 50.18828201 -8.60718918 61.58964539
v 50.19849014 -8.74520302 61.73523712
v 50.19703674 -8.79651546 61.68950272
v 50.19799042 -8.84985352 61.64603806
v 50.25971222 -8.67496681 61.29199219
v 50.27503967 -8.80873871 61.20487976
v 50.30103683 -8.94817448 61.13006973
v 50.22998428 -9.04280472 61.29140472
v 50.20550156 -8.91292572 61.36089706
v 50.18643570 -8.66537571 61.53771973
v 80.51271057 -1.02562320 50.27396393
v 80.50395966 -0.63571936 51.12263489
v 80.44260406 -0.20499775 51.94923019
v 80.32359314 0.27017570 52.75460815
v 80.13107300 0.79712403 53.52568436
v 79.85174561 1.37659514 54.24273682
v 79.47831726 2.00215197 54.88515472
v 79.01115417 2.66035748 55.43371964
v 78.45936584 3.33320284 55.87638474
v 77.83712769 4.00320101 56.21015930
v 77.16021729 4.65616226 56.43955612
v 76.44301605 5.28290415 56.57464218
v 75.69673920 5.87851286 56.62683105
v 74.92938232 6.44082689 56.60607910
v 74.14713287 6.96880960 56.52029037
v 73.35475922 7.46214581 56.37573242
v 72.55604553 7.92080116 56.17686844
v 71.41600800 8.51228428 55.80434799
v 70.28157806 9.02901459 55.32689285
v 69.16632080 9.46544361 54.74036407
v 75.23079681 4.21896029 47.50862503
v 75.00884247 4.39037275 47.51137161
v 74.89758301 4.47571230 47.51290131
v 75.01674652 4.63048267 47.56344604
v 74.90499115 4.71581888 47.56508255
v 75.00279236 4.84175062 47.68870926
v 74.94188690 4.88809299 47.68964386
v 74.88092041 4.93436670 47.69060898
v 74.81990051 4.98056793 47.69160843
v 74.78334045 4.80826521 47.56697845
v 74.72242737 4.85438108 47.56797409
v 74.66482544 4.65300035 47.51642227
v 74.60408783 4.69898844 47.51741409
v 74.78613281 4.56081104 47.51453400
v 74.84419250 4.76207638 47.56601715
v 74.72550964 4.60693979 47.51546478
v 75.11476135 4.75625801 47.68707275
v 75.22653198 4.67052269 47.68553543
v 75.44951630 4.49831629 47.68277740
v 75.35089111 4.37301445 47.55916214
v 75.12831879 4.54490519 47.56191254
v 70.97207642 8.20421791 49.37957764
v 70.78945160 8.05447674 49.27369308
v 68.35231018 9.89783859 50.68077469
v 68.52629852 10.05412006 50.79165268
v 73.23143768 9.84065056 48.68200302
v 73.19766235 10.10007381 49.24933624
v 73.45061493 9.48936176 48.21417236
v 73.82559967 9.09364986 47.90902710
v 74.30573273 8.70695972 47.80777740
v 74.82617950 8.38151455 47.92410278
v 75.31665039 8.16126823 48.24228668
v 75.71089935 8.07596588 48.71936417
v 75.95568848 8.13712788 49.29089737
v 76.01794434 8.33649540 49.87969589
v 75.88927460 8.64714050 50.40624619
v 75.58705139 9.02711010 50.79943085
v 75.15208435 9.42508793 51.00614548
v 74.64312744 9.78732300 50.99847794
v 74.12892151 10.06489468 50.77745819
v 73.67889404 10.22031593 50.37294006
v 73.35384369 10.23259449 49.83955383
v 88.48634338 -14.78059578 49.99406815
v 88.32250977 -14.56504726 50.00531006
v 81.01517487 -25.18658829 54.30754852
v 80.66230774 -25.23153305 54.28247452
v 80.77197266 -25.08158684 54.36461258
v 79.09145355 -24.56551170 54.74787140
v 80.41508484 -24.92750359 54.45474243
v 78.64149475 -24.19608307 55.03066254
v 77.29979706 -23.69366264 55.60138321
v 76.34245300 -23.40714073 55.98188400
v 75.33119202 -23.17461395 56.32352829
v 88.01599884 -26.84187698 53.97793579
v 87.66987610 -27.51539993 54.06293488
v 88.42734528 -26.64136505 53.96301270
v 88.02294159 -27.48241043 54.06184387
v 88.85949707 -26.37842751 53.93645096
v 88.40354919 -27.40378380 54.04990387
v 88.87342072 -27.22029686 54.01634979
v 89.42348480 -26.11313057 53.90887070
v 89.28404236 -27.00238228 53.97962952
v 89.79089355 -26.71524620 53.95654297
v 90.00489807 -25.95792770 53.91272354
v 90.21715546 -26.43614388 53.95576859
v 90.57451630 -25.78137970 53.92621231
v 90.80493164 -26.00084496 53.95785522
v 91.12953186 -25.58796883 53.93252563
v 91.32698059 -25.56723785 53.93754196
v 91.56208801 -25.35168457 53.91075134
v 91.17235565 -25.06279182 53.84197998
v 91.68367767 -25.02630615 53.84439087
v 91.19426727 -24.81383705 53.78140640
v 91.69116211 -24.85891342 53.80107880
v 91.21695709 -24.56821823 53.70989990
v 91.69874573 -24.69316864 53.75226212
v 91.24043274 -24.32593346 53.62745667
v 91.70642853 -24.52906990 53.69793320
v 91.31290436 -24.11650467 53.54638672
v 92.17682648 -24.66552734 53.71848297
v 89.77534485 -25.68549728 53.86220551
v 90.65245819 -25.09300995 53.81793976
v 90.59658051 -24.93879128 53.77775192
v 90.97487640 -24.53823853 53.69049835
v 92.00859833 -24.88126755 53.79834747
v 91.76826477 -25.14731026 53.87177277
v 87.20059967 -27.86858368 54.18073273
v 87.53968811 -27.86833191 54.18185425
v 87.87578583 -27.84996223 54.17726135
v 88.20762634 -27.80849648 54.16552353
v 88.37114716 -27.77590752 54.15647888
v 88.53247070 -27.73467445 54.14517593
v 88.61243439 -28.03357697 54.40618134
v 88.79099274 -27.98147202 54.38784409
v 88.85794067 -28.13795853 54.75500488
v 89.04871368 -28.07554817 54.73079300
v 88.84716797 -28.14958191 54.80204391
v 89.25817871 -27.99282837 54.70309448
v 88.96691895 -27.91890907 54.36671829
v 89.16504669 -27.84431076 54.35187149
v 89.02809143 -27.56937599 54.10746384
v 88.84629059 -27.62507248 54.11577988
v 88.69101715 -27.68448257 54.13159180
v 88.66515350 -28.18915939 54.77603531
v 88.40525055 -28.25279617 54.89997101
v 88.47112274 -28.22965240 54.79386902
v 88.27632904 -28.25997353 54.80863571
v 88.24990845 -28.10807037 54.43446350
v 87.88658905 -28.14659691 54.45249176
v 87.79452515 -28.30331421 55.00979996
v 87.89131165 -28.29269409 54.82986450
v 87.53045654 -28.16002655 54.46237183
v 86.68833923 -28.22189522 55.12771606
v 87.51734161 -28.30265236 55.03340912
v 87.52117157 -28.29922104 54.84226227
v 86.18204498 -28.09482956 55.17728424
v 86.01552582 -28.08300018 55.01793289
v 86.76712799 -28.24910736 55.03786087
v 87.14480591 -28.28704453 55.03867340
v 86.77565765 -28.25230217 54.84685898
v 87.15122223 -28.28697014 54.84756088
v 86.81005096 -28.12747955 54.46343613
v 87.17256165 -28.15473366 54.46567917
v 85.87067413 -27.99383545 55.18497849
v 85.80207825 -28.01808739 55.01026917
v 85.81364441 -28.03010368 54.81977844
v 85.06907654 -27.80747604 54.76920700
v 85.87461090 -27.92742348 54.43310547
v 85.12092590 -27.71426773 54.40066910
v 85.21121979 -27.48192024 54.10902786
v 85.58087158 -27.90483665 55.17238235
v 86.08977509 -27.98641205 54.44194794
v 86.02775574 -28.09308815 54.82737350
v 88.43190002 -28.07562637 54.42169189
v 84.72675323 -27.70103455 54.76919556
v 84.89722443 -27.75481796 54.77780914
v 84.94796753 -27.66022682 54.39047623
v 85.04191589 -27.41327858 54.08762741
v 84.86702728 -27.35803223 54.07880783
v 84.65235901 -27.28933716 54.07025528
v 84.43754578 -27.21955681 54.06436157
v 84.56224060 -27.53756905 54.37322998
v 84.34976196 -27.46856689 54.36738205
v 84.51808167 -27.63432693 54.76084518
v 84.30959320 -27.56665039 54.75509644
v 84.10136414 -27.49798393 54.75207138
v 83.89343262 -27.42832375 54.75180054
v 83.92542267 -27.32750893 54.36402893
v 83.50226593 -27.18240356 54.37201309
v 83.58041382 -26.93016624 54.06902313
v 83.15398407 -26.77943039 54.08868027
v 82.30727386 -26.46620369 54.16327667
v 81.47167969 -26.13804054 54.28511810
v 81.41825867 -26.39870071 54.58634186
v 81.43694305 -26.51714516 54.96997833
v 82.24575043 -26.83589363 54.85139465
v 83.06551361 -27.13982773 54.77878952
v 83.47862244 -27.28603554 54.75963974
v 84.00844574 -27.07690620 54.06097794
v 84.22288513 -27.14874649 54.06125641
v 84.77470398 -27.60552597 54.38172531
v 84.13747406 -27.39854622 54.36430359
v 83.08074188 -27.03332138 54.39151382
v 82.24396515 -26.72347260 54.46549988
v 85.72414398 -27.71786880 55.75443649
v 85.87338257 -27.62233734 56.10451889
v 86.29997253 -27.33690262 57.09786987
v 86.97950745 -27.44914246 57.41540146
v 86.99130249 -27.65721321 56.98528671
v 87.41217041 -27.83686066 56.91223145
v 86.55176544 -27.91388321 56.00005341
v 86.96730042 -28.06161880 55.92617798
v 86.39586639 -27.99415588 55.65209579
v 86.80741882 -28.12889290 55.57833862
v 87.31683350 -28.23003197 55.47027588
v 87.83194733 -28.27524185 55.34898376
v 88.54866028 -28.24363136 55.15878677
v 88.73246002 -28.22472191 55.50391769
v 88.96719360 -28.15075302 55.03148651
v 89.15699768 -28.14097977 55.37539291
v 89.73464966 -27.98641777 55.56066895
v 89.98628998 -27.96112633 56.06626129
v 89.49140167 -27.99590111 55.10806656
v 89.65160370 -28.07206726 56.36230469
v 90.24397278 -27.91562843 56.63128662
v 89.85425568 -28.02494049 56.76098633
v 89.48741913 -28.07368851 56.87150955
v 89.21640778 -28.13153076 56.49230194
v 88.84846497 -28.05687141 57.04161835
v 88.46824646 -28.09939003 56.68626404
v 88.00471497 -28.23818588 55.69584656
v 87.48251343 -28.17841148 55.81789398
v 88.33172607 -27.96834373 57.16233063
v 87.93436432 -27.99854851 56.80736160
v 87.87129211 -27.83742905 57.25881195
v 94.97195435 -23.48936081 61.39698792
v 94.80536652 -23.22004509 61.75815964
v 94.96140289 -23.50399780 61.40305328
v 94.69342804 -23.85022736 61.54496002
v 94.34100342 -23.89871407 61.93200684
v 94.44421387 -24.13463593 61.65782928
v 94.03452301 -24.54542732 61.80477142
v 93.75280762 -24.52047539 62.08688354
v 93.75743866 -24.79387283 61.87535095
v 93.55129242 -24.97241211 61.90693665
v 93.10276031 -25.13285637 62.09785080
v 93.30828857 -25.20898628 61.89076614
v 93.19887543 -25.37939644 61.80702591
v 92.41229248 -25.69546318 61.93645477
v 92.57561493 -25.95579147 61.57389069
v 91.70967102 -26.17426872 61.61320877
v 91.86708069 -26.42627335 61.25814056
v 91.01273346 -26.56255150 61.16294479
v 91.16213989 -26.79950523 60.82175827
v 90.66970062 -26.72406769 60.89902496
v 90.81448364 -26.95140648 60.56745911
v 90.33056641 -26.86603165 60.61285019
v 90.47032166 -27.08263969 60.29267120
v 89.99500275 -26.99063110 60.30689621
v 90.12930298 -27.19561577 59.99978256
v 89.66269684 -27.10005569 59.98364639
v 89.79109955 -27.29273796 59.69119263
v 89.00621033 -27.28190422 59.29474258
v 89.12146759 -27.44870949 59.03583145
v 88.35696411 -27.42796898 58.56396484
v 88.45734406 -27.56808472 58.34259415
v 87.88889313 -27.51995850 58.01792908
v 87.97751617 -27.64075470 57.82513046
v 87.42382050 -27.60361671 57.46539307
v 87.32277679 -27.49500656 57.60837936
v 87.20339966 -27.38648987 57.73012543
v 87.77113342 -27.39063454 58.18526459
v 87.63234711 -27.26157951 58.32653427
v 88.22312164 -27.27753639 58.75514984
v 88.06560516 -27.12741470 58.91536713
v 88.85172272 -27.10210419 59.51703262
v 88.66999054 -26.92235565 59.70163345
v 89.48961639 -26.89155006 60.23335648
v 89.28573608 -26.68238258 60.43894577
v 89.81346130 -26.76838875 60.56840515
v 89.59932709 -26.54493332 60.78275681
v 90.14111328 -26.63074493 60.88474274
v 89.91726685 -26.39356613 61.10662842
v 90.47289276 -26.47667313 61.17985153
v 90.23984528 -26.22659302 61.40805435
v 90.80912018 -26.30423737 61.45122528
v 90.56735992 -26.04232407 61.68454361
v 91.49414062 -25.89861870 61.91207886
v 91.23648834 -25.61720085 62.15238190
v 92.18773651 -25.40974426 62.24139023
v 91.91685486 -25.11559868 62.48603439
v 92.59363556 -24.54478264 62.65491104
v 92.19601440 -24.16382599 62.90849686
v 92.83313751 -23.54425621 62.91120911
v 91.76711273 -23.78242493 63.11818314
v 92.38343811 -23.14817047 63.12619019
v 90.88191223 -23.03863144 63.45514679
v 91.44409180 -22.37046432 63.46538925
v 91.98981476 -21.68980217 63.33989334
v 93.02551270 -21.45448494 62.93467331
v 92.97076416 -22.50939560 62.99202347
v 93.87496185 -22.21382713 62.57409668
v 93.43394470 -22.92221069 62.76874542
v 94.24839783 -22.57692528 62.34495163
v 93.84812164 -23.32194138 62.49774551
v 94.56379700 -22.91537476 62.07475662
v 94.12415314 -23.62129402 62.23933029
v 90.31378937 -23.67468071 63.28886795
v 91.13615417 -24.38299751 62.94414902
v 91.53881836 -24.74776268 62.73538589
v 89.74935150 -24.26600266 62.96786880
v 90.50735474 -24.92750359 62.60956192
v 90.88168335 -25.26957321 62.39922714
v 89.19579315 -24.80706024 62.50524139
v 89.89179993 -25.40915489 62.13712311
v 90.23752594 -25.72208977 61.92690659
v 88.92524719 -25.05707169 62.22398758
v 88.65945435 -25.29334259 61.91183853
v 88.39862823 -25.51622009 61.57100677
v 89.29631042 -25.82702255 61.54492569
v 89.00637054 -26.01397514 61.20963669
v 89.61356354 -26.10611534 61.33971405
v 89.30923462 -26.27514458 61.00910950
v 88.14298248 -25.72605133 61.20371246
v 88.72148895 -26.18767548 60.85138702
v 89.00970459 -26.43068314 60.65710068
v 87.64737701 -26.10918808 60.40050125
v 87.17080688 -26.45170784 59.52949905
v 86.83596802 -26.68013382 58.87202072
v 86.50961304 -26.89497757 58.20333481
v 87.24221039 -26.95889664 58.61810684
v 86.86476135 -27.13089180 57.98309708
v 87.44255829 -27.10718536 58.47961807
v 87.03913879 -27.25626564 57.86280441
v 88.06814575 -27.83970070 57.39495087
v 88.03654480 -27.74817848 57.61468506
v 88.52355194 -27.69203949 58.10039139
v 89.19647980 -27.59538269 58.75168991
v 89.87358856 -27.46134758 59.36920547
v 90.21505737 -27.37463570 59.66105652
v 90.55903625 -27.27149582 59.93888092
v 90.90591431 -27.14934731 60.20040131
v 91.25607300 -27.00559998 60.44333649
v 91.96540070 -26.64520073 60.86294937
v 92.67727661 -26.18197250 61.16944122
v 93.23258209 -25.69108963 61.38763046
v 93.17298126 -25.51356697 61.67999649
v 89.19004059 -27.97001648 57.55831528
v 88.56638336 -27.88396835 57.59047699
v 88.55802917 -27.79677582 57.84733200
v 89.85422516 -27.88318634 58.01292038
v 89.24085236 -27.81918144 58.15267944
v 89.91794586 -27.71584702 58.68872452
v 89.23402405 -27.71818542 58.45444489
v 89.91327667 -27.60157013 59.03172684
v 89.61853027 -28.05714798 56.89300537
v 89.73093414 -27.99599266 57.36078644
v 90.05535126 -27.93518639 57.54116821
v 90.18865204 -27.81899261 58.23081970
v 90.38214874 -27.85686302 57.71540451
v 90.52546692 -27.73736763 58.44055176
v 90.71202087 -27.75825500 57.88193512
v 90.86527252 -27.63546944 58.64033508
v 91.04563904 -27.63659286 58.03919983
v 91.20867157 -27.51045418 58.82839584
v 91.72441101 -27.31512833 58.31743622
v 91.90618134 -27.18187904 59.16014099
v 92.41021729 -26.88251305 58.52309036
v 92.60903168 -26.74144936 59.40790939
v 93.08251953 -26.34638786 58.61979294
v 93.29627991 -26.19603920 59.53446960
v 93.70602417 -25.75139999 58.59978104
v 93.93287659 -25.58840752 59.53108978
v 94.25527191 -25.14783859 58.49826050
v 94.46215057 -25.00427246 59.44041061
v 94.59779358 -24.82679749 59.12057877
v 94.74244690 -24.63146591 58.95607376
v 94.48003387 -24.68819237 57.65286255
v 94.86192322 -24.46743584 58.87497330
v 94.86688232 -24.46053696 58.87209702
v 90.10932159 -27.96087456 56.68948364
v 90.25259399 -27.91871452 57.19413376
v 89.93441010 -27.99669647 57.04604340
v 90.73653412 -27.74011230 56.91694641
v 90.42112732 -27.86171722 56.80644608
v 90.08099365 -27.88607407 55.79887390
v 90.37526703 -27.75957680 55.86209106
v 90.97367859 -27.43643379 55.96927261
v 91.37876892 -27.42157173 57.11120605
v 91.57914734 -27.01547241 56.03168488
v 92.02890778 -26.99657631 57.24748230
v 92.17469788 -26.50639343 56.02072525
v 92.66771698 -26.47386742 57.29221725
v 92.72856140 -25.95405579 55.93269348
v 93.26084900 -25.89925575 57.23935318
v 93.21707153 -25.40839386 55.79910278
v 93.78335571 -25.32389832 57.12307739
v 93.99983978 -24.83940887 56.45634842
v 89.55908203 -27.97503090 55.13531113
v 89.83554077 -27.86298561 55.17057419
v 89.77272034 -27.71756172 54.59977341
v 90.11446381 -27.73069763 55.20229340
v 90.26329803 -27.39573288 54.54382324
v 90.68029022 -27.40066338 55.25036621
v 90.75372314 -27.03062439 54.52366638
v 91.25162506 -26.98061371 55.26179123
v 91.30860138 -26.56941986 54.51386642
v 91.81350708 -26.48077202 55.21245575
v 91.90528107 -26.01739311 54.48072815
v 92.33679962 -25.94417381 55.10063934
v 92.35230255 -25.55158615 54.40390396
v 92.79912567 -25.41873360 54.95514297
v 92.64986420 -25.20168686 54.30614471
v 93.44961548 -24.92233658 55.30326843
v 92.84655762 -24.94275475 54.20948029
v 94.35686493 -25.11626816 59.81562042
v 94.19232178 -25.25830078 60.17787933
v 93.95429993 -25.44730759 60.48070145
v 93.69409943 -25.62915802 60.72646713
v 93.41232300 -25.96814537 60.44320679
v 93.41649628 -25.81225395 60.89233398
v 93.56774902 -25.69992638 60.84669876
v 93.39472198 -25.75796127 61.05077362
v 92.72154236 -26.36963654 60.73972702
v 93.29439545 -25.74314499 61.22822189
v 93.52562714 -24.23566055 62.39633942
v 92.87353516 -24.84469414 62.40613174
v 93.24346924 -23.93472099 62.65002060
v 89.92292023 -25.92222214 61.64646149
v 89.59141541 -25.62576675 61.85488129
v 88.42364502 -26.70710373 59.89915466
v 88.16590118 -26.50012398 60.07644653
v 87.85121918 -26.94798470 59.08805084
v 87.62591553 -26.77575684 59.24385452
v 92.00862122 -26.82624435 60.44466019
v 92.71819305 -26.52205276 60.29685211
v 92.00646973 -26.97260666 60.01552582
v 91.29824066 -27.17592812 60.04432297
v 91.29798889 -27.31352043 59.63660049
v 90.94757080 -27.31304169 59.81403732
v 90.94848633 -27.44540215 59.41990662
v 90.60014343 -27.42787743 59.56707764
v 90.60230255 -27.55455399 59.18835449
v 90.25551605 -27.52314949 59.30559158
v 90.25894928 -27.64377022 58.94395065
v 90.57379150 -27.82055664 57.33586884
v 90.89871979 -27.69957733 57.46985245
v 91.56024170 -27.38057137 57.70658493
v 92.22946167 -26.95225525 57.87826538
v 92.88637543 -26.42282677 57.94967270
v 93.49596405 -25.83778000 57.91381454
v 94.03292847 -25.24809265 57.80560684
v 92.96584320 -20.33036804 62.77638245
v 93.92220306 -21.18420982 62.44271088
v 94.37492371 -21.61158752 62.22547150
v 94.78061676 -22.02313614 61.95936584
v 95.05158997 -22.32954407 61.70387268
v 95.26362610 -22.61367416 61.39933395
v 95.22290802 -23.11274910 61.23926163
v 95.40782166 -22.79249954 61.10148621
v 94.98244476 -23.47469330 61.39090729
v 95.64988708 -22.29551315 60.87213898
v 95.61858368 -21.92177773 61.00967407
v 95.39699554 -21.62918091 61.31590271
v 95.12062073 -21.32018280 61.56624603
v 94.72084808 -20.91501427 61.82133865
v 94.28467560 -20.50008392 62.02851105
v 93.37709045 -19.67814064 62.34936905
v 93.72341919 -19.08092117 61.81459808
v 93.98506165 -18.56125641 61.16925812
v 94.78614044 -19.29921341 60.83682632
v 94.88690186 -18.82757950 60.08103180
v 95.24942780 -19.18609619 59.87751389
v 95.21733093 -18.78610802 59.05181122
v 95.53266907 -19.12653732 58.81782150
v 95.46454620 -18.94951248 58.39157104
v 95.68752289 -19.21362495 58.16918182
v 95.58547974 -19.04771805 57.74143600
v 95.76349640 -19.29893303 57.47614670
v 95.63107300 -19.14059830 57.05291367
v 95.74942017 -19.36779976 56.75500870
v 95.59165192 -19.21360207 56.34223938
v 95.65364838 -19.41076279 56.03208542
v 95.28648376 -19.11309242 55.23562241
v 95.30074310 -19.26833153 54.95182419
v 94.89050293 -18.97678185 54.19128036
v 94.87734222 -19.09393501 53.94684601
v 94.57688141 -18.77419472 53.63713074
v 94.70683289 -19.08896446 53.48166275
v 94.45034790 -18.67397881 53.46038818
v 95.77843475 -21.97899055 60.70853043
v 95.86132812 -21.75494576 60.57323837
v 95.89074707 -21.24970055 60.48820877
v 95.96242523 -21.51224518 60.35839844
v 96.03534698 -21.42869949 60.16938782
v 96.09465027 -21.44421196 59.99317169
v 96.20118713 -20.90601540 59.48066711
v 96.04401398 -20.63713074 59.83967972
v 95.66509247 -20.95655441 60.79442596
v 96.16577148 -21.60568237 59.69415665
v 96.29054260 -21.14933395 59.08332062
v 96.29972839 -20.60825539 58.36052322
v 96.32305145 -20.81701088 57.95372009
v 96.20308685 -20.34435463 57.21250916
v 96.17625427 -20.51897049 56.82013321
v 96.07608795 -20.30356407 56.45948410
v 96.02399445 -20.80356598 56.04826736
v 95.93046570 -20.58055878 55.71594238
v 95.70780945 -20.80001450 54.99761581
v 95.60466766 -20.58283806 54.70018387
v 95.42301941 -20.71723747 54.20898438
v 95.31336975 -20.50476646 53.94049835
v 95.20566559 -20.57138252 53.67134476
v 95.18795776 -20.29993439 53.67749405
v 95.14344788 -20.19585800 53.60599899
v 95.34465027 -20.17708778 54.11970520
v 94.94059753 -19.57162476 53.52432632
v 95.18182373 -19.62453651 54.09895706
v 95.28289795 -19.40369987 54.66430664
v 96.17787933 -21.72696495 59.56343842
v 96.31587982 -21.36336708 58.66453552
v 96.29539490 -20.99890709 57.53931808
v 96.13272858 -21.29505920 56.71994400
v 95.78952789 -21.02920723 55.30031586
v 95.51442719 -20.93913460 54.48339081
v 95.22514343 -20.83545113 53.73586273
v 95.21848297 -20.98702049 53.75925064
v 95.30330658 -21.06171036 53.98771667
v 95.36149597 -21.29837608 54.24672699
v 95.58512878 -21.17224693 54.76415253
v 95.65448761 -21.67802048 55.34277344
v 95.87814331 -21.52972603 55.91927719
v 95.84929657 -22.09249306 56.53753662
v 96.11872101 -21.85308266 57.38158798
v 95.96654510 -22.47684097 57.99279404
v 96.28805542 -21.54987144 58.23579025
v 96.13830566 -22.17133331 58.86935806
v 96.16570282 -21.98309898 59.30507660
v 96.05935669 -22.33477783 59.36088181
v 96.11284637 -22.15506172 59.37728882
v 96.16692352 -21.89678955 59.45024490
v 95.91911316 -22.71067429 59.34631348
v 95.74403381 -23.09704590 59.28200150
v 95.69586945 -23.13286972 58.51322556
v 95.55937195 -23.44139099 59.12135315
v 95.37265015 -23.73610115 58.91473007
v 95.16156006 -24.04157829 58.79508972
v 95.41780853 -23.36719894 57.61148453
v 95.68867493 -22.71648026 57.11513138
v 95.44103241 -22.86464310 56.47473907
v 95.61086273 -22.24256516 55.92601395
v 95.34805298 -22.37360764 55.33117294
v 95.40876007 -21.80852127 54.78449249
v 94.86099243 -22.02210045 53.72492981
v 94.86540985 -21.50561523 53.26970673
v 94.50662994 -21.61319733 52.66647720
v 94.49951935 -21.36689758 52.47782516
v 94.14996338 -21.62084007 52.07256699
v 95.08200073 -23.99635315 58.02095032
v 94.99356079 -24.28170395 58.81109238
v 94.87183380 -24.45362854 58.86924744
v 94.83648682 -24.12887955 57.34167480
v 94.56314087 -24.23779869 56.67286682
v 94.89055634 -23.62937355 56.29844666
v 94.26918793 -23.80823708 55.04321289
v 94.55484772 -23.19126892 54.64654160
v 94.10741425 -23.28577042 53.88806915
v 94.33162689 -22.69072914 53.48355103
v 93.74001312 -23.18290329 53.11009216
v 93.92012024 -22.62039948 52.69554520
v 93.94771576 -24.39073753 55.37726212
v 93.81486511 -23.88549232 54.24727631
v 93.49063873 -23.80927467 53.56542206
v 93.49621582 -24.44780540 54.55267334
v 93.24101257 -24.31377602 53.89080811
v 93.02450562 -24.67988396 54.08984756
v 94.46282196 -22.13227654 53.06652069
v 94.04718018 -22.12547112 52.35919952
v 94.47489166 -21.12818527 52.29716492
v 94.45671844 -21.08010674 52.24134064
v 94.70293427 -21.06649590 52.69223022
v 94.83628845 -21.26279640 53.05340195
v 94.95764923 -21.03691292 53.19604492
v 93.82825470 -17.91007423 53.46127701
v 94.15018463 -18.23500061 53.58192825
v 94.56421661 -18.65629768 53.84593201
v 94.87722778 -18.84251595 54.43209839
v 93.71303558 -17.59246826 54.02923965
v 93.84513092 -17.77673340 53.93336105
v 93.97304535 -17.95758438 53.82166672
v 94.09278107 -17.84462166 54.64011002
v 94.24399567 -18.05273628 54.50929642
v 94.33089447 -17.92295837 55.34701157
v 94.50607300 -18.15699959 55.19696045
v 94.63469696 -18.05622292 56.31320190
v 94.84403229 -18.32301903 56.13705063
v 94.89480591 -18.23378754 57.25933075
v 95.13942719 -18.52923965 57.05931473
v 95.00313568 -18.34456444 57.72173691
v 95.26572418 -18.65265846 57.51126099
v 95.09429169 -18.47244453 58.17541504
v 95.37483215 -18.79215240 57.95569992
v 95.16634369 -18.61907578 58.61917114
v 93.45181274 -17.22573662 54.19525528
v 93.63181305 -17.21473312 54.94843674
v 93.79960632 -17.21898270 55.70236206
v 93.93750000 -17.63355255 54.75257874
v 94.15164948 -17.68658447 55.47622299
v 94.00075531 -17.26007271 56.73237610
v 94.42083740 -17.78811836 56.46516037
v 94.15082550 -17.35820007 57.73508072
v 94.64442444 -17.93808556 57.43177414
v 94.20127106 -17.43417931 58.22085190
v 94.23328400 -17.52998924 58.69378281
v 94.24571991 -17.64660072 59.15221024
v 94.80576324 -18.15334511 58.36404419
v 94.85861969 -18.28949165 58.81385803
v 94.23741150 -17.78498650 59.59445953
v 94.89069366 -18.44659233 59.25101089
v 94.15548706 -18.12903976 60.42398453
v 94.06888580 -18.09888268 53.71351242
v 94.35797882 -18.21634293 54.38234711
v 94.63858795 -18.34194946 55.05118179
v 95.00257874 -18.53507233 55.96583939
v 95.32421875 -18.76499367 56.86474609
v 95.46356964 -18.89879608 57.30631256
v 94.45481110 -18.37480545 54.22709274
v 94.75122833 -18.52190781 54.87223816
v 95.13726807 -18.74244499 55.75497818
v 95.48089600 -18.99634361 56.62450409
v 94.58187866 -19.86197090 61.49308014
v 94.99932098 -20.25931931 61.29000473
v 95.38874817 -20.65170097 61.04115677
v 94.73380280 -18.03669548 57.90290451
v 95.17955780 -19.67686844 60.63340759
v 95.59619904 -19.54490280 59.63529968
v 95.76729584 -19.39838028 58.58861542
v 95.87555695 -19.47324371 57.89342499
v 95.88925171 -19.53503990 57.16405106
v 95.81563568 -19.57402992 56.42755890
v 95.66936493 -19.58436203 55.70844650
v 95.55168152 -20.05293083 60.38746643
v 95.82108307 -20.34915352 60.14368057
v 95.85115051 -19.83008575 59.39656067
v 95.96463776 -19.66543388 58.30396271
v 96.00837708 -19.71723747 57.56875992
v 95.95967865 -19.74937439 56.82081985
v 95.83236694 -19.75559235 56.08579636
v 95.64743805 -19.73569107 55.38079834
v 95.52666473 -19.98250008 54.73793793
v 96.06414032 -20.10926628 59.09915161
v 96.21457672 -20.37098503 58.74811172
v 96.10404968 -19.91630936 57.96854401
v 96.08291626 -19.93871880 57.21146011
v 95.97759247 -19.93805313 56.46240616
v 95.80878448 -19.91385078 55.73975754
v 95.67898560 -20.17193985 55.06097412
v 95.23271942 -18.93682671 55.50749969
v 94.83142090 -18.69013405 54.66251755
v 94.52407074 -18.52257156 54.04547119
v 96.18248749 -20.14398384 57.59907150
v 96.10212708 -20.13366508 56.83805084
v 95.95263672 -20.10249901 56.09933853
v 95.81452942 -20.37065506 55.38690948
v 95.48273468 -20.37581635 54.40766907
v 95.16761780 -23.50946236 56.94868088
v 95.16748810 -22.99213600 55.84897614
v 94.76028442 -22.58471680 54.19505310
v 94.35757446 -20.64292526 51.91935349
v 94.31880951 -20.20757675 51.82756042
v 94.13391113 -19.49773026 51.71054077
v 93.93785095 -19.00814056 51.64762878
v 94.08100128 -18.98790932 52.00825882
v 93.81938934 -18.51788712 51.97012329
v 94.14900970 -18.45364952 53.02271652
v 93.85769653 -18.09231949 53.02069473
v 93.35638428 -17.50858688 53.02384949
v 93.08293152 -17.58071899 51.94208145
v 92.98268127 -17.60801888 51.56371689
v 93.44113922 -18.17631531 51.58332825
v 93.69174194 -18.54026794 51.60367584
v 94.45274353 -18.91961098 53.04397202
v 94.70352173 -19.41476631 53.08632278
v 94.95351410 -20.14095879 53.18002701
v 95.02630615 -20.58607101 53.25921631
v 94.54440308 -20.63728905 52.26497269
v 94.49595642 -20.19780922 52.17650223
v 94.29194641 -19.48120308 52.06591415
v 93.55652618 -18.15338707 51.95490265
v 92.50202179 -20.59365082 51.38792801
v 92.48612976 -20.98820686 51.61967468
v 92.42109680 -21.41775513 51.88016129
v 93.13246918 -21.64220428 51.75773621
v 92.40498352 -21.96046638 52.18751526
v 93.07713318 -22.13810730 52.05923462
v 92.50042725 -22.48214912 52.47195435
v 93.00514984 -22.55297089 52.34612274
v 92.57651520 -22.99300575 52.77038956
v 92.86407471 -23.13282967 52.76900864
v 92.63004303 -23.49808884 53.06624222
v 92.69097137 -23.66744423 53.15004349
v 92.58953857 -23.92063522 53.31755447
v 92.48205566 -24.15312386 53.45966339
v 92.33654022 -24.11707687 53.46749878
v 92.16783905 -23.67634392 53.26727676
v 92.32323456 -24.44302750 53.61669159
v 92.18169403 -24.17575645 53.51790237
v 91.94308472 -23.77091026 53.34910583
v 91.98283386 -23.24009895 53.04987717
v 91.81565857 -23.24082756 53.07391357
v 92.16146088 -22.36206245 52.48457718
v 92.02633667 -24.23692322 53.56314468
v 91.87048340 -24.30058098 53.60322571
v 91.49141693 -23.97630310 53.48253632
v 91.59115601 -23.67987442 53.33469009
v 91.71760559 -23.87089729 53.42085648
v 90.01641846 -14.56747246 50.01660919
v 90.56047058 -15.25498199 50.05088043
v 91.11238861 -15.93196297 50.13291168
v 91.39076233 -16.26584053 50.19155884
v 91.17501068 -16.49563408 49.94213486
v 91.46028900 -16.83278465 50.01375580
v 91.17241669 -17.09877205 49.92485046
v 91.31707001 -17.26782036 49.96542358
v 91.46192169 -17.43584633 50.00882721
v 91.60694885 -17.60283089 50.05501175
v 91.74658203 -17.16611481 50.09680939
v 91.89002228 -17.33128166 50.14252090
v 91.95121002 -16.92324829 50.34319687
v 92.09193420 -17.08530807 50.38806915
v 92.23281860 -17.24642563 50.43555832
v 92.34793854 -17.37730598 50.47613144
v 92.15053558 -17.62833595 50.23205948
v 91.67044067 -16.59633636 50.26173401
v 91.60332489 -16.99994278 50.05387497
v 91.81070709 -16.76025200 50.30107117
v 91.87008667 -17.90284729 50.14537430
v 90.88387299 -16.75775337 49.85236359
v 90.89105225 -16.15495300 49.88221359
v 90.59664917 -16.41312408 49.79165268
v 90.02703857 -15.71395016 49.70626450
v 89.46570587 -15.00379181 49.66976166
v 89.77301025 -14.76202297 49.76270676
v 90.32796478 -15.46390915 49.79818726
v 91.75193024 -17.76858521 50.10380173
v 92.03350067 -17.49532318 50.19084167
v 89.50566101 -16.08310699 50.01852036
v 90.28200531 -17.03182030 50.14992905
v 91.04821777 -17.93357658 50.36765289
v 92.24165344 -20.10487175 51.51354218
v 92.36643982 -20.22051239 51.37715149
v 92.37556458 -20.31725883 51.43279648
v 92.26719666 -20.41835213 51.69805527
v 92.46070099 -19.65691376 52.56250763
v 92.97259521 -19.03241539 54.95569229
v 93.32270050 -18.80761337 56.56736755
v 92.98241425 -19.13689232 54.98085403
v 92.47052002 -19.76139069 52.58766937
v 93.50308228 -18.91059494 57.47607422
v 92.81824493 -18.15213013 57.04048920
v 92.92639923 -18.28750038 56.98350525
v 93.22717285 -18.65858650 56.82138062
v 93.44650269 -18.84009743 57.81190491
v 93.09165192 -18.43273544 57.99023438
v 92.96315765 -18.28372955 58.05285645
v 93.01739502 -18.45196342 58.78139877
v 93.01479340 -18.67433739 59.42461014
v 92.95725250 -18.94732475 59.98274231
v 93.13269043 -19.12097359 59.91998672
v 93.03617096 -19.44433212 60.39731979
v 93.54103851 -19.93140793 60.21855545
v 93.41387939 -20.31554413 60.61995316
v 93.59040833 -20.03068352 60.24336243
v 93.44999695 -20.43526077 60.65132141
v 93.55568695 -18.96536446 57.79034805
v 93.61111450 -19.04943275 58.17024231
v 93.56060028 -19.04089165 58.53172302
v 93.68817139 -19.32725143 59.03397751
v 93.61438751 -19.29175568 59.17461395
v 93.69088745 -19.50298882 59.42313385
v 93.60713196 -19.59090424 59.73818970
v 93.67175293 -19.68160439 59.74816895
v 93.21951294 -20.76021957 60.96416092
v 93.25460052 -20.88781548 60.98171997
v 92.96218872 -21.26018906 61.25335312
v 93.00675964 -21.36148453 61.24791718
v 92.37600708 -20.73114204 61.44942093
v 92.15332794 -20.53303146 61.51629257
v 92.45192719 -20.04795837 61.21179199
v 92.68338776 -19.62433052 60.86023331
v 92.84810638 -19.26365089 60.45860672
v 93.16252136 -18.61001587 58.71664810
v 93.17581177 -18.84045601 59.36005783
v 92.88270569 -19.81185341 60.79906082
v 92.66234589 -20.24161720 61.14883423
v 87.64190674 -26.80093765 54.10485840
v 87.54306793 -26.64916229 54.22627258
v 87.74742126 -26.76343536 54.10485840
v 87.88487244 -26.52214050 54.22819138
v 91.07075500 -23.82533836 53.82939529
v 90.73979187 -24.24373245 53.97148132
v 90.71168518 -24.55379105 53.87126923
v 90.36711884 -24.64988899 54.05841827
v 90.32471466 -24.95038605 53.94159698
v 89.57727051 -25.39725304 54.14055634
v 89.86691284 -25.37538528 53.98713303
v 89.12344360 -25.98625565 54.04336548
v 88.19207001 -26.56922531 54.09882736
v 88.76441956 -26.03550148 54.19876480
v 91.34819794 -23.39633369 53.62022018
v 91.56578064 -23.36418724 53.37815857
v 91.77757263 -22.92681122 53.10279083
v 91.97724152 -22.43607521 52.76873398
v 91.93730164 -22.11015129 52.77799225
v 92.22773743 -21.66252899 52.25109863
v 92.18480682 -21.27150917 52.22399902
v 92.38112640 -20.73462296 51.68027878
v 91.57955170 -22.96119308 53.35842133
v 87.87676239 -26.08640289 56.57296753
v 88.48654175 -25.44308090 58.92091370
v 87.97837067 -26.06303596 56.54513931
v 84.82677460 -26.59893036 53.95960617
v 83.68450165 -26.22095490 53.95899963
v 82.52877808 -25.80065536 54.04662323
v 92.42514038 -24.80990982 53.79988861
v 92.52076721 -24.65065002 53.72619247
v 92.54378510 -24.86470222 53.87310028
v 92.76444244 -24.73617744 53.88578796
v 92.65766144 -24.90691185 53.96877289
v 92.75960541 -24.93316650 54.08200455
v 92.96352386 -24.75993538 54.11385727
v 93.07712555 -24.57800484 54.02021408
v 93.18023682 -24.39746475 53.91668320
v 93.27377319 -24.21875572 53.80481720
v 92.96397400 -24.39727783 53.70351028
v 93.05036926 -24.22797966 53.59934998
v 92.70487976 -24.33383942 53.55857468
v 92.78514099 -24.17329025 53.46212769
v 92.30165863 -24.74293900 53.74788284
v 92.61698914 -24.49314308 53.64694214
v 92.94550323 -23.79913139 53.21387100
v 92.86935425 -23.98668098 53.34196854
v 93.14052582 -24.03304100 53.47034073
v 93.37111664 -24.01481628 53.66708374
v 93.07742310 -23.42093658 52.93936157
v 93.21675110 -22.91881371 52.55987549
v 93.32602692 -22.39747429 52.17495346
v 93.39794159 -21.83654404 51.80404282
v 93.69667053 -21.84840775 51.85681534
v 93.96557617 -21.80652046 51.99152756
v 93.88440704 -22.37102509 52.38889313
v 93.76328278 -22.90205574 52.80335236
v 93.60775757 -23.41649818 53.21680832
v 93.45836639 -23.81351089 53.52213287
v 92.86894226 -24.56683922 53.79942322
v 93.22158813 -23.83888054 53.33370209
v 93.36100006 -23.45152283 53.04333115
v 93.50697327 -22.94275284 52.64568329
v 93.62113190 -22.41484642 52.24406052
v 92.30074310 -24.95708656 53.85321045
v 92.17617035 -25.10709763 53.90143585
v 92.52460480 -25.07019043 54.02422714
v 92.39067841 -25.23293877 54.07551575
v 92.70272827 -25.12315941 54.26440430
v 92.55905914 -25.29956245 54.31929779
v 92.06956482 -25.82762909 54.41851807
v 92.25384521 -25.63932037 54.39365387
v 92.40900421 -25.47163963 54.36193466
v 92.10229492 -25.54843521 54.14668655
v 92.24951172 -25.39236259 54.11597443
v 91.90418243 -25.40028381 53.97073746
v 92.04361725 -25.25483513 53.94034195
v 91.49359131 -26.36114120 54.43740463
v 91.88105011 -26.01040840 54.43277359
v 91.74405670 -25.89677811 54.18672180
v 91.92595673 -25.72467041 54.17153549
v 91.56056976 -25.72807312 54.01345062
v 91.73574066 -25.56556892 53.99644089
v 90.97043610 -26.79197884 54.41578674
v 90.41942596 -27.19710922 54.38938522
v 89.83041382 -27.56604576 54.37894821
v 89.71392822 -27.39561081 54.15622711
v 89.56902313 -27.16952515 54.01466370
v 90.14925385 -26.82212257 54.00905228
v 90.30320740 -27.03608131 54.15963745
v 90.84973907 -26.64376640 54.17980957
v 90.68620300 -26.44338799 54.02087784
v 91.36620331 -26.22987938 54.19499588
v 91.19319153 -26.04530334 54.02720642
v 95.47205353 -23.96525955 61.11511993
v 95.74594116 -23.29279137 60.97488403
v 95.27176666 -23.75434685 61.27702713
v 95.58347321 -23.33006287 61.08742142
v 95.37486267 -23.38329506 61.20748901
v 95.68020630 -23.06685829 61.01420212
v 95.44256592 -23.21535110 61.15914536
v 95.73184204 -22.80376816 60.95290375
v 95.48172760 -23.04713631 61.11934662
v 95.72139740 -22.55653000 60.91009903
v 95.48154449 -22.88862419 61.09223557
v 95.92192078 -23.24558067 60.81704712
v 95.58149719 -24.13410759 60.89735031
v 95.99889374 -23.24108124 60.71963120
v 96.06008911 -23.26641273 60.60641861
v 96.22663116 -22.78282928 60.45330811
v 96.27655029 -22.83493614 60.30557251
v 96.36026764 -22.35098648 60.14102173
v 96.39040375 -22.44997406 59.96260452
v 96.35684967 -22.01141167 59.80223846
v 96.35163116 -22.20118141 59.61583710
v 96.28038025 -22.47391701 59.51250076
v 96.11897278 -22.86727905 59.46695709
v 95.96215057 -23.17045021 59.40419388
v 95.81133270 -23.41511154 59.29705048
v 95.65431213 -23.62814331 59.14572525
v 95.48519897 -23.82333374 58.99020004
v 95.29439545 -24.02654076 58.88117218
v 95.53356934 -23.93041420 59.09310532
v 95.33181763 -24.09899712 58.96572113
v 95.52106476 -24.06738281 59.20436096
v 95.32587433 -24.19426155 59.05459976
v 95.46601868 -24.21904945 59.31592178
v 95.28959656 -24.30155754 59.14191055
v 95.20375824 -24.51297379 59.32909012
v 95.08851624 -24.38420296 58.99471283
v 96.09991455 -23.31775284 60.47928238
v 95.61026001 -24.27458572 60.60827637
v 96.11658478 -23.38773918 60.34163666
v 96.10374451 -23.48105240 60.20332336
v 96.28562927 -23.04119873 59.99156952
v 96.22306061 -23.20856857 59.88432693
v 96.30921173 -22.82308578 59.68566132
v 96.16005707 -23.13895988 59.61694717
v 96.05438232 -23.60181808 60.09466934
v 95.56497955 -24.39508247 60.23915482
v 95.95532227 -23.77522469 59.97549438
v 95.85383606 -23.91581154 59.84313583
v 95.96797943 -23.64329720 59.68423080
v 95.83660889 -23.80286789 59.54695511
v 95.86787415 -23.58965302 59.41358566
v 95.70968628 -23.76755333 59.25593185
v 95.43580627 -24.48344421 59.80224991
v 95.74397278 -24.03267670 59.68603897
v 95.68936157 -23.94203568 59.37876511
v 95.61611176 -24.13265228 59.50448227
v 95.08460999 -24.24458313 58.84581757
v 96.31954956 -21.89533806 59.99884033
v 96.30261993 -22.29780388 60.30851746
v 96.15317535 -22.77340126 60.58598709
v 96.25765991 -21.83999252 60.18463898
v 96.22273254 -22.30502129 60.46100998
v 96.06305695 -22.81150818 60.70069122
v 96.17868042 -21.86326790 60.35649109
v 96.12762451 -22.37774086 60.59469223
v 95.86245728 -22.95070648 60.88373566
v 96.08860016 -21.96973610 60.50989532
v 95.91971588 -22.60935020 60.80566788
v 95.89566040 -22.28924179 60.74929428
v 95.10587311 -24.32847786 58.94594574
v 95.10687256 -24.28003883 58.89524841
v 96.09506989 -23.45053673 59.79085159
v 96.01384735 -23.38662338 59.53383255
v 96.37914276 -22.60477448 59.79109573
v 96.29954529 -22.91864777 60.14695740
v 95.05099487 -24.79710388 59.55553436
v 94.99119568 -24.71717072 59.31418991
v 94.93138885 -24.60305977 59.08543396
v 94.88319397 -24.81083107 59.31017685
v 94.87351227 -24.65211296 59.08010101
v 94.77308655 -24.87721062 59.28830719
v 94.81478882 -24.68684959 59.06388092
v 94.66703796 -24.90033340 59.24337769
v 94.75852203 -24.69876480 59.03408432
v 95.13107300 -24.88633537 60.03989792
v 95.10237122 -24.84819984 59.80109024
v 94.92429352 -25.00763321 59.82047653
v 94.90397644 -24.92687416 59.56063461
v 94.74038696 -25.11762047 59.81555939
v 94.75302887 -25.01756096 59.54374695
v 94.56132507 -25.15047836 59.77676010
v 94.60678864 -25.04680443 59.49734879
v 95.02929688 -25.02957344 60.68650055
v 95.09629822 -24.97169113 60.47145081
v 95.12976837 -24.92430496 60.26117325
v 94.80920410 -25.24151421 60.53324509
v 94.88619995 -25.15002251 60.30879593
v 94.50798035 -25.44000816 60.57077408
v 94.63255310 -25.31051826 60.33132172
v 94.20787811 -25.52909279 60.57032776
v 94.38274384 -25.37028694 60.31606674
v 94.95842743 -25.00084114 61.01029587
v 94.98405457 -25.04058075 60.84977722
v 94.60578156 -25.38092804 60.96142960
v 94.68605042 -25.34935188 60.77172089
v 94.20002747 -25.63988495 61.04920578
v 94.32141876 -25.59172058 60.83330917
v 93.78403473 -25.77737999 61.09823990
v 93.95197296 -25.71697426 60.85680771
v 94.92118073 -24.74213600 61.34184647
v 94.92660522 -24.84514809 61.26083374
v 94.94094086 -24.93199158 61.14841461
v 94.52584076 -25.15172958 61.43526077
v 94.53748322 -25.25713921 61.30961990
v 94.09155273 -25.37742043 61.58507919
v 94.10015106 -25.49892616 61.44590378
v 93.64075470 -25.48487091 61.69551086
v 93.64638519 -25.61857414 61.54219055
v 94.95684052 -24.39186859 61.43047333
v 94.92943573 -24.62793732 61.39006042
v 94.57388306 -24.88566208 61.56046677
v 94.53604889 -25.02577209 61.51963806
v 94.19245911 -25.07307625 61.71195984
v 94.12041473 -25.23317528 61.67478180
v 93.80014801 -25.15713882 61.83113480
v 93.69046021 -25.32890701 61.79306412
v 94.97156525 -23.94501305 61.44033432
v 94.96505737 -24.19140625 61.44446564
v 94.75286102 -24.35848427 61.54960632
v 94.67888641 -24.59921074 61.56707001
v 94.52742767 -24.48129845 61.64826965
v 94.38311768 -24.74955559 61.69282150
v 94.29785919 -24.53926468 61.73197937
v 94.08145142 -24.81610870 61.79673004
v 94.55142975 -24.18410492 61.62923431
v 93.69032288 -25.72540665 61.34175873
v 94.49449158 -25.24924088 60.05733109
v 94.83792877 -24.05750656 61.50823593
v 94.69596100 -24.14156532 61.57300568
v 94.92247009 -25.07610130 60.07473373
v 94.70613861 -25.20775223 60.08432007
v 94.56172180 -25.33913231 61.15029526
v 94.13317108 -25.59388924 61.26581573
v 76.06517792 8.06551075 63.73870087
v 76.13561249 8.33755112 64.12255096
v 76.09821320 8.35988331 64.67509460
v 76.16430664 8.57234573 64.87727356
v 76.19687653 8.81594086 65.67907715
v 76.10935211 8.09879971 63.36907196
v 76.03546906 7.75670624 62.77618408
v 76.08588409 7.85681534 62.61657715
v 76.06536102 7.61180687 61.86494446
v 76.26626587 9.28232861 67.28906250
v 76.23107910 9.05291176 66.48292542
v 76.30181122 9.50349522 68.09767151
v 76.33699799 9.71555424 68.90891266
v 76.37094116 9.91725731 69.72306824
v 76.26220703 9.50089169 68.64128876
v 76.32551575 9.88792133 70.21103668
v 76.39788818 10.07934093 70.41885376
v 76.42170715 10.23043156 71.11759186
v 76.44100952 10.36831951 71.81951904
v 76.45469666 10.49131870 72.52451324
v 76.46234894 10.59896755 73.23223114
v 76.46352386 10.69075394 73.94235229
v 76.45769501 10.76589108 74.65453339
v 76.44396210 10.82249355 75.36689758
v 76.42075348 10.85819626 76.08404541
v 76.38666534 10.86986256 76.80017853
v 76.33273315 10.73015976 76.53759766
v 76.28298950 10.72278404 77.36435699
v 76.34062195 10.85603428 77.51586914
v 76.22768402 10.68911266 78.06729889
v 76.28210449 10.81645870 78.22990417
v 76.19581604 10.66310787 78.41462708
v 76.21088409 10.75144482 78.94112396
v 76.11212158 10.58111286 79.20411682
v 76.12719727 10.66213226 79.64794159
v 76.06237793 10.52598190 79.61614227
v 76.01531982 10.47077179 79.97913361
v 76.03145599 10.55071545 80.35202789
v 75.95674896 10.39886856 80.40516663
v 75.91347504 10.34397507 80.70847321
v 75.85430908 10.26737881 81.12382507
v 75.82418060 10.22982979 81.36731720
v 75.81800842 10.22446060 81.44419861
v 75.81765747 10.22406769 81.44860077
v 75.81703186 10.22248268 81.45008850
v 75.81713867 10.22280598 81.45031738
v 75.81642151 10.22028542 81.44696808
v 75.81352997 10.20893097 81.42654419
v 75.79209137 10.12206173 81.30433655
v 75.75263977 9.95292377 81.10422516
v 75.68755341 9.65261173 80.76549530
v 75.61061859 9.29951477 80.59430695
v 75.64569092 9.44636726 80.53216553
v 75.58558655 9.13186455 80.17021942
v 75.52853394 8.84125710 80.06328583
v 75.51909637 8.75650597 79.72578430
v 75.45552826 8.39201927 79.52327728
v 75.45168304 8.34389973 79.22289276
v 75.38982391 7.94941807 78.97701263
v 75.37450409 7.82975340 78.58292389
v 75.32971954 7.51045990 78.42672729
v 75.28869629 7.20147276 77.78128815
v 75.27458191 7.07692194 77.87096405
v 75.24089813 6.82357740 77.28502655
v 75.21231079 6.54961634 77.17621613
v 75.19277954 6.42188787 76.74778748
v 75.15529633 6.02909327 76.47613525
v 75.13919830 5.94782305 76.10729980
v 75.10246277 5.51071787 75.77421570
v 75.08437347 5.42963266 75.40432739
v 75.05343628 4.99385834 75.07074738
v 75.02577972 4.83250046 74.58862305
v 75.00798798 4.47940683 74.36522675
v 74.96556854 4.15979385 73.66344452
v 74.96606445 3.96615338 73.65875244
v 74.92764282 3.45294499 72.95204926
v 74.89263916 2.94004440 72.24488831
v 74.86318207 2.46684718 71.59008789
v 74.86229706 2.78514242 71.76877594
v 74.90357971 3.37663722 72.58522797
v 75.81723785 10.22309780 81.45040131
v 75.81750488 10.22377586 81.44972229
v 75.81745911 10.22368336 81.44992828
v 75.81729126 10.22325325 81.45037079
v 75.81734467 10.22339916 81.45029449
v 76.35789490 10.71531868 75.96578979
v 76.37680817 10.68384457 75.37081146
v 76.39607239 10.57446098 74.14810944
v 76.39710236 10.48527145 73.42618561
v 76.39170837 10.38422298 72.73693085
v 76.37322998 10.20826244 71.72432709
v 76.18738556 9.02178478 66.88896179
v 75.60736847 7.76529074 66.91650391
v 75.56745911 7.70404100 67.09681702
v 75.41856384 7.44746733 67.75643158
v 75.49396515 7.84727859 68.84791565
v 75.35739899 7.56181765 69.41717529
v 75.39917755 7.76048183 69.94092560
v 75.27503204 7.45079756 70.44964600
v 75.31954193 7.65111589 70.95263672
v 75.20987701 7.32248926 71.40560913
v 75.26994324 7.58518982 72.03231812
v 75.16783142 7.21014357 72.46607208
v 75.22886658 7.47816992 73.06757355
v 75.11360168 6.91179800 73.60410309
v 75.23286438 7.47164631 74.73999786
v 75.15246582 6.91659021 75.15208435
v 75.20833588 7.21514368 75.68943787
v 75.19079590 7.05558062 75.79237366
v 75.24531555 7.35948086 76.32097626
v 75.20768738 6.90707684 76.57910156
v 75.30966949 7.56717348 77.58504486
v 75.41812897 8.22592545 78.58232880
v 75.53401184 8.88268089 79.56693268
v 75.66299438 9.54206657 80.52916718
v 75.68984985 9.66851711 80.47530365
v 75.70021057 9.71087646 80.45565796
v 75.73992157 9.85246849 80.38317871
v 75.78595734 9.98893929 80.30149841
v 75.85466766 8.08224392 65.74163055
v 75.67665863 8.16281891 68.07127380
v 75.63807678 8.10166264 68.23797607
v 75.67552185 8.29595566 68.80989075
v 75.53373718 8.04307556 69.39485168
v 75.57476044 8.23583317 69.94270325
v 75.44218445 7.95639801 70.46549225
v 75.49907684 8.20516396 71.14629364
v 75.37842560 7.90612173 71.60533142
v 75.43779755 8.15486908 72.25949097
v 75.33065033 7.84241104 72.66027069
v 75.45057678 8.33584976 73.92035675
v 75.35044861 7.99659538 74.27381134
v 75.40954590 8.24511814 74.87866974
v 75.29189301 7.74393511 75.30886078
v 75.34986115 8.01032925 75.87823486
v 75.26412964 7.51022625 76.22667694
v 75.37535095 8.08940029 77.29911041
v 75.35508728 7.95873547 77.37557220
v 75.46568298 8.54500771 78.42356110
v 75.91561127 8.48389530 66.98550415
v 75.94831848 8.67944050 67.60904694
v 75.98232269 8.87111378 68.23377228
v 75.75151825 8.54769230 69.22983551
v 75.80191803 8.78852558 69.98255920
v 75.76546478 8.72819138 70.12659454
v 75.81675720 8.96086884 70.87253571
v 75.68351746 8.71628952 71.36691284
v 75.78827667 9.15870476 72.79980469
v 75.66748810 8.90319824 73.19971466
v 75.71927643 9.11475658 73.88850403
v 75.60922241 8.85030746 74.23236847
v 75.66096497 9.06083488 74.89383698
v 75.56291962 8.79374218 75.18661499
v 75.66220856 9.20828152 76.45758820
v 75.57293701 8.93806839 76.69847870
v 75.66507721 9.34691525 77.91114807
v 75.56594086 9.00683403 78.15197754
v 75.65826416 9.44991779 79.27801514
v 75.59266663 9.19151592 79.42143250
v 76.02740479 9.11229897 69.04496002
v 75.85231781 9.02056122 70.73751068
v 75.91423035 9.39292717 72.37203979
v 75.83616638 9.36141205 73.52011108
v 75.76714325 9.31331062 74.57965851
v 75.75178528 9.44331646 76.22110748
v 75.74282837 9.56968307 77.72904205
v 75.73635101 9.69820118 79.11641693
v 76.07225800 9.34343719 69.85874939
v 76.15517426 9.76667976 71.49553680
v 76.19019318 9.95433712 72.31926727
v 76.21894073 10.12314320 73.14687347
v 76.02728271 9.82225800 73.78524780
v 76.08122253 10.12202644 75.32672882
v 76.05346680 10.07315350 75.40589142
v 76.07568359 10.29138279 76.93479156
v 75.98742676 10.12604237 77.15377808
v 75.98213196 10.27250767 78.60844421
v 75.91747284 10.14180279 78.74591064
v 75.89021301 10.23435211 80.11419678
v 75.85469055 10.15815449 80.17915344
v 76.25244904 10.39687634 74.81224823
v 76.24333191 10.56813145 76.48684692
v 76.17441559 10.60533905 78.16130066
v 76.06611633 10.42716217 78.42155457
v 75.97463226 10.39403439 79.95018768
v 75.96466827 10.37652588 79.97044373
v 75.92700195 10.30724907 80.04468536
v 75.82083130 10.07897568 80.23974609
v 75.85531616 10.00457668 78.87438965
v 75.90176392 9.95001698 77.35878754
v 75.94894409 9.87700748 75.69599152
v 75.99623871 9.76814175 73.88343048
v 75.99018860 9.64460659 73.01862335
v 75.15866852 6.57635307 76.07399750
v 75.13648224 6.74892044 75.26347351
v 75.04170227 6.31032181 74.07754517
v 75.05445099 6.62552404 73.03707886
v 75.10760498 6.93749285 71.86556244
v 75.16448212 7.11664677 70.92254639
v 75.23171997 7.24802303 69.94737244
v 75.27788544 7.15708876 68.37179565
v 75.11070251 6.24496222 75.56805420
v 75.02947235 6.12823105 74.20536041
v 74.98752594 6.00330114 73.54051208
v 74.99635315 6.33587313 72.47068024
v 75.06211090 6.72442579 71.40258026
v 75.12027740 6.90863848 70.44010925
v 75.14905548 6.83588982 68.94466400
v 75.01826477 5.58008623 74.55441284
v 74.97738647 5.81472254 73.67633820
v 74.93463135 5.69415188 73.00373077
v 74.95254517 6.11034822 72.03382874
v 75.01778412 6.50951195 70.94011688
v 75.03569794 6.48685503 69.47679138
v 74.97409821 5.24661064 74.04703522
v 74.92665100 5.49945116 73.14746094
v 74.89490509 5.45424032 72.58953857
v 74.90988159 5.88344336 71.59732819
v 74.93285370 6.07481623 70.01644135
v 74.93148041 4.91245031 73.53948212
v 74.89974213 4.65400028 73.14761353
v 74.86907196 4.39517641 72.75576019
v 74.85164642 5.00978994 72.33130646
v 74.78106689 4.51748657 71.51554871
v 74.78240204 4.72951508 71.34793091
v 74.81091309 3.87679362 71.97191620
v 74.82809448 5.42607450 70.72515106
v 74.85627747 5.21341515 72.17554474
v 75.71345520 8.35695839 68.65003967
v 75.71422577 8.48691845 69.38281250
v 75.62904358 8.47996902 70.65383911
v 75.55631256 8.44689178 71.82880402
v 75.55416107 8.62828732 73.57286072
v 75.50810242 8.56978607 74.55269623
v 75.46661377 8.48532200 75.48467255
v 75.46172333 8.52379036 77.01686859
v 75.48547363 8.65163612 78.36564636
v 75.57598114 9.11408615 79.46031952
v 74.88860321 5.25500917 72.73930359
v 75.94779205 9.45052910 72.25524902
v 75.95780182 9.58854866 73.12616730
v 75.87953186 9.54960155 74.24315643
v 75.84787750 9.66664410 75.96748352
v 75.81984711 9.76424980 77.55035400
v 75.79644012 9.86146069 78.99424744
v 76.09908295 10.33280945 76.87504578
v 76.04853058 10.39605904 78.46160889
f 1 2 3
f 3 2 4
f 3 4 5
f 3 5 6
f 6 5 7
f 6 7 8
f 8 9 6
f 6 9 10
f 6 10 3
f 3 10 11
f 3 11 12
f 12 1 3
f 13 14 15
f 15 14 16
f 15 16 17
f 17 16 18
f 17 18 19
f 19 18 20
f 20 18 1
f 13 21 14
f 22 23 24
f 24 23 25
f 24 25 26
f 26 25 27
f 26 27 28
f 28 27 29
f 28 29 30
f 30 29 31
f 30 31 32
f 32 31 33
f 32 33 34
f 34 33 35
f 34 35 36
f 36 35 1
f 36 1 18
f 37 38 22
f 22 38 39
f 22 39 23
f 23 39 25
f 38 37 40
f 40 37 41
f 40 41 42
f 42 41 43
f 42 43 44
f 44 43 45
f 44 45 2
f 44 2 35
f 35 2 1
f 36 18 34
f 34 18 16
f 34 16 14
f 21 30 14
f 14 30 32
f 14 32 34
f 30 21 28
f 28 21 13
f 28 13 26
f 26 13 15
f 26 15 24
f 35 33 44
f 44 33 42
f 33 31 42
f 42 31 40
f 31 29 40
f 40 29 38
f 29 27 38
f 38 27 39
f 27 25 39
f 22 24 46
f 46 24 47
f 46 47 48
f 48 47 49
f 48 49 50
f 50 51 48
f 48 51 52
f 48 52 53
f 53 52 54
f 53 54 55
f 55 54 56
f 55 56 57
f 57 56 58
f 57 58 59
f 59 58 60
f 59 60 22
f 22 60 61
f 22 61 37
f 37 61 62
f 37 62 63
f 63 62 64
f 63 64 65
f 65 64 66
f 65 66 67
f 67 66 68
f 67 68 69
f 54 70 56
f 56 70 71
f 56 71 72
f 72 71 66
f 72 66 64
f 70 73 71
f 71 73 74
f 71 74 66
f 66 74 68
f 67 69 75
f 75 69 76
f 75 76 77
f 77 76 78
f 77 78 79
f 79 78 80
f 79 80 45
f 45 80 2
f 2 80 4
f 4 80 8
f 4 8 5
f 5 8 7
f 76 81 78
f 78 81 80
f 81 8 80
f 45 43 79
f 79 43 82
f 79 82 77
f 77 82 75
f 82 43 83
f 83 43 41
f 83 41 84
f 84 41 63
f 84 63 65
f 41 37 63
f 59 22 46
f 46 48 85
f 85 48 53
f 85 53 57
f 57 53 55
f 57 59 85
f 85 59 46
f 61 60 58
f 61 58 72
f 72 58 56
f 62 61 64
f 64 61 72
f 65 67 86
f 86 67 75
f 86 75 82
f 83 84 86
f 86 84 65
f 83 86 82
f 51 50 87
f 87 50 49
f 87 49 15
f 15 49 47
f 15 47 24
f 88 89 90
f 90 89 91
f 90 91 92
f 93 94 92
f 92 94 95
f 92 95 90
f 90 95 88
f 96 97 93
f 93 97 98
f 93 98 94
f 94 98 88
f 94 88 95
f 99 100 96
f 96 100 101
f 96 101 97
f 97 101 102
f 97 102 103
f 9 104 99
f 99 104 105
f 99 105 100
f 100 105 106
f 100 106 107
f 9 8 104
f 104 8 106
f 104 106 105
f 100 107 101
f 101 107 102
f 97 103 98
f 98 103 88
f 108 109 110
f 110 109 111
f 111 109 112
f 111 112 113
f 109 114 112
f 113 115 111
f 116 117 118
f 118 117 119
f 119 117 120
f 120 117 121
f 120 121 122
f 122 123 120
f 120 123 124
f 124 123 125
f 126 127 128
f 128 127 129
f 128 129 130
f 130 129 131
f 130 131 132
f 132 131 133
f 132 133 134
f 134 133 135
f 134 135 136
f 136 135 137
f 136 137 138
f 138 137 139
f 138 139 140
f 140 139 124
f 140 124 125
f 126 141 127
f 127 141 142
f 127 142 129
f 129 142 131
f 141 143 142
f 142 143 144
f 142 144 131
f 131 144 133
f 143 145 144
f 144 145 146
f 144 146 133
f 133 146 135
f 145 147 146
f 146 147 148
f 146 148 135
f 135 148 137
f 147 149 148
f 148 149 150
f 148 150 137
f 137 150 139
f 150 149 139
f 139 149 124
f 140 125 138
f 138 125 123
f 138 123 136
f 136 123 122
f 136 122 134
f 134 122 132
f 122 121 132
f 132 121 117
f 132 117 130
f 130 117 116
f 130 116 128
f 149 151 124
f 124 151 152
f 124 152 153
f 153 152 154
f 153 154 155
f 154 152 155
f 155 152 156
f 155 156 157
f 157 156 158
f 157 158 159
f 159 158 160
f 159 160 161
f 161 160 162
f 161 162 163
f 163 162 164
f 163 164 165
f 165 164 147
f 165 147 145
f 152 151 156
f 156 151 166
f 156 166 158
f 158 166 167
f 158 167 160
f 160 167 162
f 151 149 166
f 166 149 164
f 166 164 167
f 167 164 162
f 149 147 164
f 143 168 145
f 145 168 169
f 145 169 170
f 170 169 171
f 170 171 172
f 172 171 173
f 172 173 174
f 174 173 175
f 174 175 176
f 141 177 143
f 143 177 178
f 143 178 168
f 168 178 179
f 168 179 180
f 180 179 181
f 180 181 182
f 182 181 183
f 182 183 184
f 126 185 141
f 141 185 186
f 141 186 177
f 177 186 178
f 126 128 185
f 185 128 187
f 185 187 188
f 188 187 189
f 188 189 190
f 191 192 128
f 128 192 187
f 193 194 192
f 192 194 187
f 194 189 187
f 183 181 190
f 190 181 195
f 190 195 188
f 188 195 186
f 188 186 185
f 182 184 173
f 173 184 175
f 176 196 174
f 174 196 161
f 174 161 163
f 196 159 161
f 165 145 170
f 170 172 165
f 165 172 163
f 172 174 163
f 180 182 171
f 171 182 173
f 168 180 169
f 169 180 171
f 186 195 179
f 179 195 181
f 179 178 186
f 197 194 198
f 198 194 193
f 198 193 192
f 198 192 199
f 199 192 191
f 199 191 128
f 128 116 199
f 199 116 200
f 199 200 201
f 201 202 199
f 199 202 198
f 202 197 198
f 203 204 205
f 205 204 206
f 205 206 207
f 208 209 207
f 207 209 210
f 207 210 205
f 205 210 203
f 211 212 208
f 208 212 213
f 208 213 209
f 209 213 214
f 209 214 203
f 212 211 215
f 215 211 216
f 215 216 217
f 217 216 218
f 217 218 219
f 219 218 220
f 219 220 221
f 221 220 197
f 197 220 194
f 194 220 218
f 219 221 217
f 217 221 222
f 217 222 215
f 215 222 212
f 222 214 212
f 212 214 213
f 209 203 210
f 223 224 225
f 225 224 226
f 225 226 227
f 227 226 228
f 227 228 229
f 223 230 224
f 224 230 231
f 224 231 232
f 233 234 224
f 224 234 235
f 224 235 236
f 236 237 224
f 224 237 226
f 229 238 227
f 227 238 239
f 227 240 225
f 241 242 243
f 243 242 244
f 243 244 245
f 245 244 246
f 247 248 242
f 242 248 244
f 223 249 230
f 230 249 231
f 250 251 252
f 252 251 253
f 252 253 254
f 254 253 255
f 254 255 256
f 253 257 255
f 255 257 258
f 254 256 259
f 259 256 260
f 259 260 261
f 261 262 259
f 263 264 265
f 265 264 266
f 267 263 268
f 268 263 265
f 267 269 270
f 270 269 271
f 270 271 272
f 268 273 267
f 267 273 269
f 270 274 275
f 275 274 276
f 275 276 277
f 272 278 270
f 270 278 274
f 275 277 279
f 279 277 280
f 279 280 281
f 279 281 282
f 282 281 283
f 282 283 284
f 282 285 286
f 286 285 287
f 286 287 288
f 284 289 282
f 282 289 285
f 239 238 290
f 290 238 229
f 290 229 291
f 291 229 228
f 291 228 226
f 239 292 227
f 227 292 293
f 227 293 294
f 290 295 239
f 239 295 292
f 227 296 240
f 240 296 297
f 240 297 298
f 294 299 227
f 227 299 296
f 240 300 225
f 225 300 301
f 225 301 302
f 298 303 240
f 240 303 300
f 225 304 223
f 223 304 305
f 223 305 306
f 302 307 225
f 225 307 304
f 306 249 223
f 265 266 291
f 291 266 308
f 291 308 290
f 290 308 295
f 295 308 309
f 295 309 292
f 292 309 310
f 292 310 293
f 293 310 311
f 293 311 294
f 294 311 312
f 294 312 313
f 294 313 299
f 299 313 314
f 299 314 296
f 296 314 315
f 296 315 297
f 297 315 316
f 297 316 298
f 298 316 317
f 298 317 303
f 303 317 318
f 303 318 319
f 303 319 300
f 300 319 320
f 300 320 321
f 300 321 301
f 301 321 322
f 301 322 302
f 302 322 323
f 302 323 324
f 302 324 307
f 307 324 325
f 307 325 304
f 304 325 326
f 304 326 305
f 305 326 327
f 305 327 306
f 306 327 288
f 306 288 287
f 306 287 328
f 328 287 285
f 328 285 329
f 329 285 289
f 329 289 284
f 329 284 330
f 330 284 283
f 330 283 331
f 331 283 281
f 331 281 280
f 331 280 332
f 332 280 277
f 332 277 333
f 333 277 276
f 333 276 334
f 334 276 274
f 334 274 278
f 334 278 335
f 335 278 272
f 335 272 336
f 336 272 271
f 336 271 337
f 337 271 269
f 337 269 338
f 338 269 273
f 338 273 268
f 265 339 268
f 268 339 340
f 268 340 338
f 339 265 291
f 286 326 341
f 341 326 325
f 341 325 324
f 288 327 286
f 286 327 326
f 341 322 342
f 342 322 321
f 342 321 320
f 324 323 341
f 341 323 322
f 316 343 317
f 317 343 344
f 317 344 318
f 318 344 319
f 319 344 342
f 319 342 320
f 343 314 345
f 345 314 313
f 345 313 312
f 316 315 343
f 343 315 314
f 345 310 346
f 346 310 309
f 346 309 308
f 312 311 345
f 345 311 310
f 346 308 264
f 264 308 266
f 331 232 330
f 330 232 231
f 330 231 329
f 329 231 328
f 328 231 249
f 328 249 306
f 232 333 224
f 224 333 334
f 224 334 335
f 331 332 232
f 232 332 333
f 224 337 233
f 233 337 338
f 233 338 340
f 335 336 224
f 224 336 337
f 237 236 339
f 339 236 235
f 339 235 340
f 340 235 234
f 340 234 233
f 237 339 226
f 226 339 291
f 347 348 349
f 349 348 350
f 351 347 352
f 352 347 349
f 353 351 354
f 354 351 352
f 353 355 356
f 356 355 357
f 356 357 358
f 354 359 353
f 353 359 355
f 349 350 352
f 352 350 360
f 352 360 361
f 361 362 352
f 352 362 363
f 352 363 364
f 364 365 352
f 352 365 354
f 354 365 366
f 354 366 367
f 368 355 367
f 367 355 359
f 367 359 354
f 355 368 357
f 357 368 369
f 357 369 358
f 370 356 369
f 369 356 358
f 370 367 371
f 371 367 366
f 371 366 365
f 369 368 370
f 370 368 367
f 371 363 372
f 372 363 362
f 372 362 361
f 365 364 371
f 371 364 363
f 372 361 373
f 373 361 360
f 373 360 348
f 348 360 350
f 262 374 259
f 259 374 375
f 259 375 254
f 254 375 376
f 254 376 377
f 377 376 378
f 378 376 379
f 254 377 252
f 252 377 380
f 252 380 250
f 381 382 383
f 383 382 384
f 383 384 385
f 385 384 386
f 381 387 382
f 388 378 389
f 389 378 379
f 389 379 376
f 378 388 377
f 377 388 390
f 377 390 380
f 380 390 391
f 380 391 250
f 250 391 251
f 251 391 392
f 251 392 253
f 253 392 393
f 253 393 257
f 257 393 394
f 257 394 258
f 258 394 255
f 255 394 395
f 255 395 256
f 256 395 396
f 256 396 260
f 260 396 261
f 261 396 397
f 261 397 262
f 262 397 374
f 374 397 398
f 374 398 375
f 375 398 399
f 375 399 376
f 376 399 389
f 400 386 401
f 401 386 384
f 402 389 403
f 403 389 399
f 403 399 382
f 382 399 398
f 382 398 397
f 389 402 388
f 388 402 404
f 388 404 390
f 390 404 405
f 390 405 406
f 390 406 391
f 391 406 407
f 391 407 392
f 392 407 408
f 392 408 409
f 392 409 393
f 393 409 410
f 393 410 394
f 394 410 401
f 394 401 395
f 395 401 384
f 395 384 396
f 396 384 397
f 397 384 382
f 411 412 403
f 403 412 402
f 402 412 413
f 402 413 414
f 402 414 404
f 404 414 415
f 404 415 405
f 405 415 416
f 405 416 417
f 405 417 406
f 406 417 418
f 406 418 419
f 406 419 407
f 407 419 420
f 407 420 421
f 407 421 408
f 408 421 422
f 408 422 423
f 408 423 409
f 409 423 424
f 409 424 410
f 410 424 425
f 410 425 426
f 400 401 426
f 426 401 410
f 411 403 387
f 387 403 382
f 427 428 429
f 429 428 430
f 429 430 431
f 431 430 432
f 431 432 433
f 433 432 434
f 433 434 435
f 435 434 436
f 435 436 437
f 428 427 438
f 438 427 439
f 438 439 440
f 440 439 441
f 440 441 442
f 442 441 443
f 444 445 446
f 446 445 447
f 447 445 448
f 447 448 449
f 449 448 450
f 449 450 451
f 451 450 452
f 451 452 453
f 453 452 454
f 453 454 455
f 455 454 456
f 455 456 457
f 457 456 458
f 457 458 459
f 459 458 460
f 459 460 461
f 461 460 462
f 461 462 463
f 463 462 464
f 463 464 465
f 465 464 466
f 465 466 467
f 467 466 468
f 467 468 469
f 469 468 470
f 469 470 471
f 471 470 472
f 471 472 473
f 473 472 474
f 473 474 475
f 475 474 476
f 477 478 479
f 479 478 480
f 480 478 481
f 481 478 482
f 481 482 483
f 483 482 484
f 483 484 485
f 485 484 486
f 485 486 487
f 487 486 488
f 487 488 489
f 489 488 490
f 489 490 491
f 491 490 492
f 491 492 493
f 493 492 494
f 493 494 495
f 495 494 496
f 495 496 497
f 497 496 498
f 497 498 499
f 499 498 500
f 499 500 501
f 499 501 502
f 502 501 503
f 502 503 504
f 502 504 505
f 505 504 506
f 505 506 507
f 507 506 508
f 509 510 511
f 511 510 512
f 511 512 513
f 513 512 514
f 513 514 515
f 515 514 516
f 515 516 517
f 517 516 518
f 517 518 519
f 519 518 520
f 519 520 521
f 521 520 522
f 521 522 523
f 523 522 524
f 523 524 525
f 525 524 526
f 525 526 527
f 527 526 528
f 527 528 529
f 529 528 530
f 529 530 531
f 531 530 532
f 531 532 533
f 533 532 534
f 533 534 535
f 535 534 536
f 535 536 537
f 537 536 538
f 537 538 539
f 539 538 540
f 539 540 541
f 541 540 542
f 541 542 543
f 543 542 544
f 543 544 545
f 545 544 546
f 545 546 547
f 547 546 548
f 547 548 549
f 549 548 550
f 549 550 551
f 551 550 552
f 551 552 553
f 553 552 554
f 553 554 555
f 555 554 556
f 555 556 557
f 557 556 558
f 557 558 559
f 559 558 560
f 559 560 561
f 561 560 562
f 561 562 563
f 563 562 564
f 563 564 565
f 565 564 566
f 565 566 567
f 567 566 568
f 567 568 569
f 569 568 570
f 569 570 571
f 571 570 572
f 571 572 573
f 573 572 574
f 573 574 575
f 575 574 576
f 575 576 577
f 577 576 115
f 577 115 578
f 578 115 113
f 578 113 579
f 579 113 112
f 579 112 580
f 580 112 114
f 580 114 581
f 581 114 582
f 581 582 583
f 583 582 584
f 583 584 585
f 585 584 586
f 585 586 587
f 587 586 588
f 587 588 589
f 589 588 590
f 589 590 591
f 591 590 592
f 591 592 593
f 593 592 594
f 593 594 595
f 595 594 596
f 595 596 597
f 597 596 598
f 597 598 599
f 599 598 600
f 599 600 531
f 531 600 529
f 601 602 509
f 509 602 603
f 509 603 604
f 604 603 605
f 604 605 606
f 606 605 607
f 606 607 608
f 608 607 609
f 608 609 610
f 610 609 611
f 610 611 612
f 612 611 613
f 612 613 614
f 614 613 615
f 614 615 616
f 616 615 617
f 616 617 618
f 618 617 619
f 618 619 620
f 620 619 621
f 620 621 622
f 622 621 623
f 622 623 624
f 624 623 625
f 624 625 626
f 626 625 627
f 626 627 628
f 628 627 629
f 628 629 630
f 630 629 631
f 630 631 632
f 632 631 633
f 632 633 634
f 634 633 635
f 634 635 636
f 636 635 637
f 636 637 638
f 638 637 639
f 638 639 640
f 640 639 641
f 640 641 642
f 642 641 643
f 642 643 644
f 602 601 645
f 645 601 646
f 645 646 647
f 647 646 648
f 647 648 649
f 649 648 650
f 649 650 651
f 651 650 652
f 651 652 653
f 653 652 654
f 653 654 655
f 655 654 656
f 655 656 657
f 657 656 658
f 657 658 659
f 659 658 660
f 659 660 661
f 661 660 662
f 661 662 663
f 663 662 664
f 663 664 665
f 665 664 666
f 665 666 667
f 667 666 668
f 667 668 669
f 669 668 670
f 669 670 671
f 671 670 672
f 671 672 673
f 673 672 674
f 673 674 675
f 675 674 676
f 675 676 677
f 677 676 678
f 677 678 679
f 679 678 680
f 679 680 681
f 681 680 682
f 681 682 683
f 683 682 684
f 683 684 643
f 652 685 654
f 654 685 656
f 685 686 656
f 656 686 658
f 686 687 658
f 658 687 660
f 687 688 660
f 660 688 662
f 688 689 662
f 662 689 690
f 662 690 664
f 664 690 691
f 664 691 666
f 666 691 692
f 666 692 668
f 668 692 693
f 668 693 670
f 670 693 694
f 670 694 695
f 670 695 672
f 672 695 696
f 672 696 674
f 674 696 697
f 674 697 676
f 676 697 698
f 676 698 678
f 678 698 699
f 678 699 700
f 678 700 680
f 680 700 701
f 680 701 702
f 680 702 682
f 682 702 684
f 642 644 703
f 703 644 704
f 703 704 705
f 705 704 706
f 705 706 707
f 707 706 708
f 707 708 709
f 709 708 554
f 709 554 552
f 708 706 556
f 556 706 558
f 710 711 558
f 558 711 712
f 558 712 560
f 560 712 562
f 713 714 710
f 710 714 715
f 710 715 711
f 711 715 716
f 711 716 717
f 717 716 718
f 717 718 564
f 564 718 566
f 719 720 713
f 713 720 721
f 713 721 714
f 714 721 722
f 714 722 715
f 715 722 716
f 108 723 719
f 719 723 724
f 719 724 720
f 720 724 725
f 720 725 721
f 721 725 726
f 721 726 722
f 722 726 727
f 722 727 716
f 716 727 718
f 110 728 108
f 108 728 729
f 108 729 723
f 723 729 730
f 723 730 724
f 724 730 725
f 728 110 731
f 731 110 111
f 731 111 732
f 732 111 576
f 732 576 574
f 111 115 576
f 114 733 582
f 582 733 734
f 582 734 584
f 584 734 586
f 734 733 735
f 735 733 736
f 735 736 737
f 737 736 738
f 737 738 739
f 739 738 740
f 739 740 741
f 741 740 742
f 741 742 743
f 743 742 744
f 743 744 745
f 745 744 746
f 745 746 747
f 747 746 748
f 747 748 749
f 749 748 750
f 749 750 751
f 751 750 752
f 751 752 525
f 525 752 523
f 736 753 738
f 738 753 740
f 753 754 740
f 740 754 742
f 742 754 755
f 755 754 756
f 755 756 757
f 757 756 758
f 757 758 759
f 760 761 759
f 759 761 762
f 759 762 757
f 757 762 746
f 757 746 744
f 761 760 763
f 763 760 764
f 763 764 765
f 765 764 766
f 765 766 767
f 767 766 519
f 767 519 521
f 766 517 519
f 643 641 768
f 768 641 639
f 768 639 769
f 769 639 637
f 769 637 770
f 770 637 635
f 770 635 771
f 771 635 633
f 771 633 772
f 772 633 631
f 772 631 773
f 773 631 629
f 773 629 774
f 774 629 627
f 774 627 775
f 775 627 625
f 775 625 776
f 776 625 623
f 776 623 777
f 777 623 621
f 777 621 778
f 778 621 619
f 778 619 779
f 779 619 617
f 779 617 780
f 780 617 615
f 780 615 781
f 781 615 613
f 781 613 782
f 782 613 611
f 782 611 783
f 783 611 609
f 783 609 784
f 784 609 607
f 784 607 785
f 785 607 605
f 785 605 786
f 786 605 603
f 786 603 602
f 509 604 510
f 510 604 606
f 510 606 787
f 787 606 608
f 787 608 788
f 788 608 610
f 788 610 789
f 789 610 612
f 789 612 790
f 790 612 614
f 790 614 791
f 791 614 616
f 791 616 792
f 792 616 618
f 792 618 793
f 793 618 620
f 793 620 794
f 794 620 622
f 794 622 795
f 795 622 624
f 795 624 796
f 796 624 626
f 796 626 797
f 797 626 628
f 797 628 798
f 798 628 630
f 798 630 799
f 799 630 632
f 799 632 800
f 800 632 634
f 800 634 801
f 801 634 636
f 801 636 802
f 802 636 638
f 802 638 803
f 803 638 640
f 803 640 804
f 804 640 642
f 804 642 703
f 510 787 512
f 512 787 805
f 512 805 514
f 514 805 806
f 514 806 516
f 516 806 807
f 516 807 518
f 518 807 520
f 787 788 805
f 805 788 808
f 805 808 806
f 806 808 809
f 806 809 807
f 807 809 810
f 807 810 520
f 520 810 522
f 788 789 808
f 808 789 811
f 808 811 809
f 809 811 812
f 809 812 810
f 810 812 813
f 810 813 522
f 522 813 524
f 789 790 811
f 811 790 814
f 811 814 812
f 812 814 815
f 812 815 813
f 813 815 816
f 813 816 524
f 524 816 526
f 790 791 814
f 814 791 817
f 814 817 815
f 815 817 818
f 815 818 816
f 816 818 819
f 816 819 526
f 526 819 528
f 791 792 817
f 817 792 820
f 817 820 818
f 818 820 821
f 818 821 819
f 819 821 822
f 819 822 528
f 528 822 530
f 792 793 820
f 820 793 823
f 820 823 821
f 821 823 824
f 821 824 822
f 822 824 825
f 822 825 530
f 530 825 532
f 793 794 823
f 823 794 826
f 823 826 824
f 824 826 827
f 824 827 825
f 825 827 828
f 825 828 532
f 532 828 534
f 794 795 826
f 826 795 829
f 826 829 827
f 827 829 830
f 827 830 828
f 828 830 831
f 828 831 534
f 534 831 536
f 795 796 829
f 829 796 832
f 829 832 830
f 830 832 833
f 830 833 831
f 831 833 834
f 831 834 536
f 536 834 538
f 796 797 832
f 832 797 835
f 832 835 833
f 833 835 836
f 833 836 834
f 834 836 837
f 834 837 538
f 538 837 540
f 797 798 835
f 835 798 838
f 835 838 836
f 836 838 839
f 836 839 837
f 837 839 840
f 837 840 540
f 540 840 542
f 798 799 838
f 838 799 841
f 838 841 839
f 839 841 842
f 839 842 840
f 840 842 843
f 840 843 542
f 542 843 544
f 799 800 841
f 841 800 844
f 841 844 842
f 842 844 845
f 842 845 843
f 843 845 846
f 843 846 544
f 544 846 546
f 800 801 844
f 844 801 847
f 844 847 845
f 845 847 848
f 845 848 846
f 846 848 849
f 846 849 546
f 546 849 548
f 801 802 847
f 847 802 850
f 847 850 848
f 848 850 851
f 848 851 849
f 849 851 852
f 849 852 548
f 548 852 550
f 802 803 850
f 850 803 853
f 850 853 851
f 851 853 854
f 851 854 852
f 852 854 855
f 852 855 550
f 550 855 552
f 803 804 853
f 853 804 856
f 853 856 854
f 854 856 857
f 854 857 855
f 855 857 709
f 855 709 552
f 804 703 856
f 856 703 705
f 856 705 857
f 857 705 707
f 857 707 709
f 643 768 683
f 683 768 769
f 683 769 681
f 681 769 770
f 681 770 679
f 679 770 771
f 679 771 677
f 677 771 772
f 677 772 675
f 675 772 773
f 675 773 673
f 673 773 774
f 673 774 671
f 671 774 775
f 671 775 669
f 669 775 776
f 669 776 667
f 667 776 777
f 667 777 665
f 665 777 778
f 665 778 663
f 663 778 779
f 663 779 661
f 661 779 780
f 661 780 659
f 659 780 781
f 659 781 657
f 657 781 782
f 657 782 655
f 655 782 783
f 655 783 653
f 653 783 784
f 653 784 651
f 651 784 785
f 651 785 649
f 649 785 786
f 649 786 647
f 647 786 602
f 647 602 645
f 556 554 708
f 555 557 858
f 858 557 559
f 858 559 561
f 553 555 859
f 859 555 858
f 859 858 860
f 860 858 561
f 860 561 563
f 551 553 861
f 861 553 859
f 861 859 862
f 862 859 860
f 862 860 863
f 863 860 563
f 863 563 565
f 549 551 864
f 864 551 861
f 864 861 865
f 865 861 862
f 865 862 866
f 866 862 863
f 866 863 867
f 867 863 565
f 867 565 567
f 547 549 868
f 868 549 864
f 868 864 869
f 869 864 865
f 869 865 870
f 870 865 866
f 870 866 871
f 871 866 867
f 871 867 872
f 872 867 567
f 872 567 569
f 545 547 873
f 873 547 868
f 873 868 874
f 874 868 869
f 874 869 875
f 875 869 870
f 875 870 876
f 876 870 871
f 876 871 877
f 877 871 872
f 877 872 878
f 878 872 569
f 878 569 571
f 543 545 879
f 879 545 873
f 879 873 880
f 880 873 874
f 880 874 881
f 881 874 875
f 881 875 882
f 882 875 876
f 882 876 883
f 883 876 877
f 883 877 884
f 884 877 878
f 884 878 885
f 885 878 571
f 885 571 573
f 541 543 886
f 886 543 879
f 886 879 887
f 887 879 880
f 887 880 888
f 888 880 881
f 888 881 889
f 889 881 882
f 889 882 890
f 890 882 883
f 890 883 891
f 891 883 884
f 891 884 892
f 892 884 885
f 892 885 893
f 893 885 573
f 893 573 575
f 539 541 894
f 894 541 886
f 894 886 895
f 895 886 887
f 895 887 896
f 896 887 888
f 896 888 897
f 897 888 889
f 897 889 898
f 898 889 890
f 898 890 899
f 899 890 891
f 899 891 900
f 900 891 892
f 900 892 901
f 901 892 893
f 901 893 902
f 902 893 575
f 902 575 577
f 537 539 903
f 903 539 894
f 903 894 904
f 904 894 895
f 904 895 905
f 905 895 896
f 905 896 906
f 906 896 897
f 906 897 907
f 907 897 898
f 907 898 908
f 908 898 899
f 908 899 909
f 909 899 900
f 909 900 910
f 910 900 901
f 910 901 911
f 911 901 902
f 911 902 578
f 578 902 577
f 535 537 912
f 912 537 903
f 912 903 913
f 913 903 904
f 913 904 914
f 914 904 905
f 914 905 915
f 915 905 906
f 915 906 916
f 916 906 907
f 916 907 917
f 917 907 908
f 917 908 918
f 918 908 909
f 918 909 919
f 919 909 910
f 919 910 920
f 920 910 911
f 920 911 579
f 579 911 578
f 599 531 533
f 533 535 921
f 921 535 912
f 921 912 922
f 922 912 913
f 922 913 923
f 923 913 914
f 923 914 924
f 924 914 915
f 924 915 925
f 925 915 916
f 925 916 926
f 926 916 917
f 926 917 927
f 927 917 918
f 927 918 928
f 928 918 919
f 928 919 929
f 929 919 920
f 929 920 580
f 580 920 579
f 751 525 527
f 527 529 930
f 930 529 600
f 930 600 931
f 931 600 598
f 931 598 932
f 932 598 596
f 932 596 933
f 933 596 594
f 933 594 934
f 934 594 592
f 934 592 935
f 935 592 590
f 935 590 936
f 936 590 588
f 936 588 937
f 937 588 586
f 937 586 734
f 521 523 938
f 938 523 752
f 938 752 939
f 939 752 750
f 939 750 940
f 940 750 748
f 940 748 762
f 762 748 746
f 742 755 744
f 744 755 757
f 743 934 741
f 741 934 935
f 741 935 739
f 739 935 936
f 739 936 737
f 737 936 937
f 737 937 735
f 735 937 734
f 934 743 933
f 933 743 745
f 933 745 932
f 932 745 747
f 932 747 931
f 931 747 749
f 931 749 930
f 930 749 751
f 930 751 527
f 591 925 589
f 589 925 926
f 589 926 587
f 587 926 927
f 587 927 585
f 585 927 928
f 585 928 583
f 583 928 929
f 583 929 581
f 581 929 580
f 925 591 924
f 924 591 593
f 924 593 923
f 923 593 595
f 923 595 922
f 922 595 597
f 922 597 921
f 921 597 599
f 921 599 533
f 566 718 941
f 941 718 727
f 941 727 942
f 942 727 726
f 942 726 943
f 943 726 725
f 943 725 730
f 566 941 568
f 568 941 944
f 568 944 570
f 570 944 945
f 570 945 572
f 572 945 946
f 572 946 574
f 574 946 732
f 944 941 942
f 945 947 948
f 948 947 949
f 948 949 728
f 728 949 729
f 947 943 949
f 949 943 730
f 949 730 729
f 945 944 947
f 947 944 942
f 947 942 943
f 945 948 946
f 946 948 731
f 946 731 732
f 731 948 728
f 940 762 761
f 712 711 717
f 712 717 562
f 562 717 564
f 939 940 763
f 763 940 761
f 938 939 765
f 765 939 763
f 765 767 938
f 938 767 521
f 950 951 952
f 952 951 953
f 952 953 954
f 954 953 955
f 954 955 956
f 956 955 957
f 957 955 958
f 957 958 959
f 959 958 960
f 959 960 961
f 961 960 962
f 961 962 963
f 963 962 964
f 963 964 965
f 965 964 966
f 965 966 967
f 967 966 968
f 967 968 969
f 969 968 970
f 969 970 971
f 971 970 972
f 972 970 973
f 972 973 974
f 974 973 975
f 974 975 976
f 976 975 977
f 976 977 978
f 978 977 979
f 978 979 980
f 980 979 981
f 980 981 982
f 982 981 983
f 982 983 984
f 984 983 985
f 984 985 986
f 986 985 987
f 986 987 988
f 988 987 989
f 988 989 990
f 990 989 991
f 990 991 992
f 992 991 993
f 992 993 994
f 994 993 498
f 994 498 995
f 995 498 496
f 995 496 494
f 951 950 996
f 996 950 997
f 996 997 998
f 998 997 999
f 998 999 1000
f 1000 999 1001
f 1000 1001 1002
f 1002 1001 1003
f 1002 1003 1004
f 1004 1003 1005
f 1004 1005 1006
f 1006 1005 1007
f 1006 1007 1008
f 1008 1007 1009
f 1008 1009 1010
f 1010 1009 1011
f 1010 1011 1012
f 1012 1011 1013
f 1012 1013 1014
f 1014 1013 1015
f 1014 1015 1016
f 1016 1015 1017
f 1016 1017 1018
f 1018 1017 1019
f 1018 1019 1020
f 1020 1019 1021
f 1020 1021 1022
f 1022 1021 1023
f 1022 1023 1024
f 1024 1023 1025
f 1024 1025 1026
f 1026 1025 1027
f 1026 1027 1028
f 1028 1027 1029
f 1028 1029 1030
f 1030 1029 1031
f 1030 1031 1032
f 1032 1031 1033
f 1032 1033 1034
f 1034 1033 1035
f 1034 1035 1036
f 1036 1035 1037
f 1036 1037 1038
f 1038 1037 1039
f 1038 1039 1040
f 1040 1039 1041
f 1040 1041 1042
f 1042 1041 1043
f 1042 1043 1044
f 1044 1043 1045
f 1044 1045 1046
f 1046 1045 1047
f 1046 1047 1048
f 1048 1047 1049
f 1048 1049 1050
f 1050 1049 1051
f 1050 1051 1052
f 1052 1051 1053
f 1052 1053 1054
f 1054 1053 1055
f 1054 1055 1056
f 1056 1055 1057
f 1056 1057 1058
f 1058 1057 1021
f 1058 1021 1019
f 1003 1059 1005
f 1005 1059 1060
f 1005 1060 1007
f 1007 1060 1061
f 1007 1061 1009
f 1009 1061 1062
f 1009 1062 1011
f 1011 1062 1063
f 1011 1063 1013
f 1013 1063 1064
f 1013 1064 1015
f 1015 1064 1065
f 1015 1065 1017
f 1017 1065 1066
f 1017 1066 1019
f 1019 1066 1058
f 1060 1059 1067
f 1067 1059 1068
f 1067 1068 1069
f 1069 1068 1070
f 1069 1070 1071
f 1071 1070 1072
f 1071 1072 1073
f 1073 1072 1074
f 1073 1074 1075
f 1075 1074 1076
f 1075 1076 1077
f 1077 1076 1078
f 1077 1078 1079
f 1079 1078 1080
f 1079 1080 1081
f 1081 1080 1082
f 1082 1080 1083
f 1082 1083 1084
f 1084 1083 1085
f 1084 1085 1086
f 1086 1085 1087
f 1086 1087 1088
f 1088 1087 1089
f 1088 1089 1090
f 1090 1089 1091
f 1090 1091 1092
f 1092 1091 1093
f 1092 1093 1094
f 1094 1093 1095
f 1094 1095 1096
f 1096 1095 1097
f 1096 1097 1098
f 1098 1097 1099
f 1098 1099 1100
f 1100 1099 1101
f 1100 1101 1102
f 1102 1101 1103
f 1102 1103 1104
f 1104 1103 1105
f 1104 1105 1106
f 1106 1105 1107
f 1106 1107 1108
f 1070 1109 1072
f 1072 1109 1110
f 1072 1110 1074
f 1074 1110 1111
f 1074 1111 1076
f 1076 1111 1112
f 1076 1112 1078
f 1078 1112 1113
f 1078 1113 1080
f 1080 1113 1083
f 1110 1114 1111
f 1111 1114 1112
f 1112 1114 1115
f 1115 1114 1116
f 1115 1116 1117
f 1117 1116 1118
f 1117 1118 1119
f 1120 1121 1119
f 1119 1121 1122
f 1119 1122 1117
f 1117 1122 1115
f 1121 1120 1123
f 1123 1120 1124
f 1123 1124 1125
f 1123 1125 1126
f 1126 1125 1127
f 1126 1127 1128
f 1129 1130 1128
f 1128 1130 1131
f 1128 1131 1126
f 1126 1131 1091
f 1126 1091 1089
f 1129 1132 1130
f 1130 1132 1133
f 1130 1133 1131
f 1131 1133 1134
f 1131 1134 1093
f 1093 1134 1095
f 1132 1135 1133
f 1133 1135 1136
f 1133 1136 1137
f 1137 1136 1138
f 1137 1138 1139
f 1135 1138 1136
f 1137 1139 1140
f 1140 1139 1141
f 1140 1141 1142
f 1142 1141 1143
f 1142 1143 1144
f 1144 1145 1142
f 1142 1145 1146
f 1142 1146 1147
f 1147 1146 1148
f 1147 1148 1149
f 1149 1148 1150
f 1149 1150 1151
f 1151 1150 1152
f 1151 1152 1153
f 1153 1152 1154
f 1153 1154 1099
f 1099 1154 1101
f 1146 1145 1155
f 1155 1145 1156
f 1155 1156 1157
f 1157 1156 959
f 1157 959 961
f 1156 957 959
f 370 282 356
f 356 282 286
f 356 286 341
f 282 370 279
f 279 370 371
f 279 371 1158
f 1158 371 372
f 1158 372 373
f 348 1159 373
f 373 1159 1160
f 373 1160 1158
f 1158 1160 1161
f 1158 1161 1162
f 1162 1161 1163
f 1163 1161 969
f 1163 969 971
f 347 416 348
f 348 416 415
f 348 415 1164
f 1164 415 1165
f 1164 1165 1166
f 1166 1165 1167
f 1166 1167 1168
f 1168 1167 1157
f 1168 1157 961
f 351 353 347
f 347 353 341
f 347 341 342
f 353 356 341
f 1162 279 1158
f 347 342 418
f 418 342 344
f 418 344 419
f 418 417 347
f 347 417 416
f 415 414 1165
f 1165 414 413
f 1165 413 412
f 1165 412 1169
f 1169 412 411
f 1169 411 387
f 381 1170 387
f 387 1170 1171
f 387 1171 1172
f 1172 1171 1173
f 1172 1173 1174
f 1174 1173 1155
f 1174 1155 1167
f 1167 1155 1157
f 381 383 1170
f 1170 383 1175
f 1170 1175 1176
f 1176 1175 1177
f 1176 1177 1178
f 1178 1177 1179
f 1178 1179 1180
f 1180 1179 1103
f 1180 1103 1101
f 1177 1181 1179
f 1179 1181 1105
f 1179 1105 1103
f 1181 1107 1105
f 1106 1108 1182
f 1182 1108 1183
f 1182 1183 1184
f 1184 1183 1185
f 1184 1185 1186
f 1186 1185 1187
f 1186 1187 1188
f 1188 1187 1189
f 1188 1190 1186
f 1186 1190 1191
f 1186 1191 1192
f 1193 1194 1192
f 1192 1194 1195
f 1192 1195 1186
f 1186 1195 1196
f 1186 1196 1184
f 1184 1196 1182
f 1193 1197 1194
f 1194 1197 1198
f 1194 1198 1199
f 1199 1198 1200
f 1199 1200 1201
f 1201 1200 1202
f 1201 1202 1203
f 1203 1202 1204
f 1203 1204 1205
f 1205 1204 1206
f 1205 1206 1098
f 1098 1206 1096
f 1198 1207 1200
f 1200 1207 1208
f 1200 1208 1202
f 1202 1208 1209
f 1202 1209 1204
f 1204 1209 1210
f 1204 1210 1206
f 1206 1210 1211
f 1206 1211 1096
f 1096 1211 1094
f 1212 1213 1207
f 1207 1213 1214
f 1207 1214 1208
f 1208 1214 1209
f 1215 1216 1212
f 1212 1216 1217
f 1212 1217 1213
f 1213 1217 1218
f 1213 1218 1219
f 1219 1218 1220
f 1219 1220 1210
f 1210 1220 1211
f 1216 1215 1221
f 1221 1215 1222
f 1221 1222 1223
f 1223 1222 1224
f 1223 1224 1225
f 1225 1224 1226
f 1225 1226 1227
f 1227 1226 1088
f 1227 1088 1090
f 1224 1228 1226
f 1226 1228 1229
f 1226 1229 1086
f 1086 1229 1084
f 1228 1230 1229
f 1229 1230 1084
f 1230 1082 1084
f 1079 1231 1077
f 1077 1231 1232
f 1077 1232 1233
f 1233 1232 1234
f 1233 1234 1235
f 1235 1234 1236
f 1235 1236 1237
f 1237 1236 1238
f 1237 1238 1239
f 1239 1238 1236
f 1232 1236 1234
f 1240 1241 1239
f 1239 1241 1242
f 1239 1242 1237
f 1237 1242 1243
f 1237 1243 1244
f 1244 1243 1245
f 1244 1245 1071
f 1071 1245 1069
f 1240 1246 1241
f 1241 1246 1242
f 1246 1247 1242
f 1242 1247 1248
f 1242 1248 1243
f 1243 1248 1249
f 1243 1249 1250
f 1250 1249 1251
f 1250 1251 1252
f 1250 1252 1253
f 1253 1252 1254
f 1253 1254 1255
f 1256 1257 1255
f 1255 1257 1060
f 1255 1060 1067
f 1257 1256 1258
f 1258 1256 1259
f 1258 1259 1260
f 1261 1063 1260
f 1260 1063 1062
f 1260 1062 1258
f 1258 1062 1061
f 1258 1061 1257
f 1257 1061 1060
f 1063 1261 1064
f 1064 1261 1262
f 1064 1262 1263
f 1263 1262 1264
f 1263 1264 1265
f 1263 1265 1266
f 1266 1265 1267
f 1266 1267 1268
f 1268 1267 1269
f 1268 1269 1270
f 1270 1271 1268
f 1268 1271 1272
f 1268 1272 1273
f 1273 1272 1056
f 1273 1056 1058
f 1272 1271 1274
f 1274 1271 1275
f 1274 1275 1276
f 1274 1276 1277
f 1277 1276 1278
f 1277 1278 1050
f 1050 1278 1048
f 1278 1279 1048
f 1048 1279 1280
f 1048 1280 1046
f 1044 1281 1042
f 1042 1281 1282
f 1042 1282 1040
f 1040 1282 1283
f 1040 1283 1284
f 1284 1283 1285
f 1284 1285 1286
f 1286 1285 1283
f 1281 1283 1282
f 1286 1287 1284
f 1284 1287 1038
f 1284 1038 1040
f 1287 1036 1038
f 1034 1288 1032
f 1032 1288 1289
f 1032 1289 1030
f 1030 1289 1290
f 1030 1290 1028
f 1028 1290 1291
f 1028 1291 1026
f 1026 1291 1292
f 1026 1292 1024
f 1024 1292 1293
f 1024 1293 1022
f 1022 1293 1294
f 1022 1294 1020
f 1020 1294 1295
f 1020 1295 1018
f 1018 1295 1296
f 1018 1296 1016
f 1016 1296 1297
f 1016 1297 1014
f 1014 1297 1298
f 1014 1298 1012
f 1012 1298 1299
f 1012 1299 1010
f 1010 1299 1300
f 1010 1300 1008
f 1008 1300 1301
f 1008 1301 1006
f 1006 1301 1302
f 1006 1302 1004
f 1004 1302 1002
f 1288 1303 1289
f 1289 1303 1304
f 1289 1304 1290
f 1290 1304 1305
f 1290 1305 1291
f 1291 1305 1306
f 1291 1306 1307
f 1307 1306 1308
f 1308 1306 1309
f 1309 1306 1305
f 1309 1305 477
f 477 1305 1310
f 477 1310 478
f 478 1310 482
f 482 1310 1311
f 482 1311 484
f 484 1311 1312
f 484 1312 486
f 486 1312 488
f 488 1312 1313
f 488 1313 490
f 490 1313 492
f 492 1313 1314
f 492 1314 494
f 494 1314 995
f 1303 1315 1304
f 1304 1315 1316
f 1304 1316 1305
f 1305 1316 1310
f 1316 1315 1310
f 1310 1315 1317
f 1310 1317 1311
f 1311 1317 1318
f 1311 1318 1312
f 1312 1318 1319
f 1312 1319 1313
f 1313 1319 1320
f 1313 1320 1314
f 1314 1320 1321
f 1314 1321 1322
f 1322 1321 1323
f 1322 1323 1324
f 1324 1323 1325
f 1324 1325 990
f 990 1325 988
f 1323 1326 1325
f 1325 1326 1327
f 1325 1327 988
f 988 1327 986
f 1326 1328 1327
f 1327 1328 1329
f 1327 1329 986
f 986 1329 984
f 1328 1330 1329
f 1329 1330 1331
f 1329 1331 984
f 984 1331 982
f 1331 1330 1332
f 1332 1330 1333
f 1332 1333 1334
f 1334 1333 1335
f 1334 1335 1336
f 1336 1337 1334
f 1334 1337 980
f 1334 980 1332
f 1332 980 982
f 1332 982 1331
f 1337 978 980
f 1338 508 1339
f 1339 508 506
f 1339 506 1340
f 1340 506 1341
f 1340 1341 1342
f 1342 1341 993
f 1342 993 991
f 506 504 1341
f 1341 504 503
f 1341 503 1343
f 1343 503 501
f 1343 501 500
f 1343 500 993
f 993 500 498
f 1291 1307 1292
f 1292 1307 1344
f 1292 1344 1345
f 1292 1345 1293
f 1293 1345 1346
f 1293 1346 1347
f 1347 1346 1348
f 1347 1348 1349
f 1347 1349 1350
f 1350 1349 1351
f 1350 1351 1295
f 1295 1351 1352
f 1295 1352 1296
f 1296 1352 1353
f 1296 1353 1297
f 1297 1353 1354
f 1297 1354 1298
f 1298 1354 1355
f 1298 1355 1299
f 1299 1355 1356
f 1299 1356 1300
f 1300 1356 1357
f 1300 1357 1301
f 1301 1357 1358
f 1301 1358 1302
f 1302 1358 1359
f 1302 1359 1002
f 1002 1359 1000
f 1352 1351 1360
f 1360 1351 1361
f 1360 1361 1362
f 1363 1364 1362
f 1362 1364 1352
f 1362 1352 1360
f 1363 1365 1364
f 1364 1365 1366
f 1364 1366 1367
f 1367 1366 1368
f 1367 1368 1369
f 1369 1368 1370
f 1369 1370 1371
f 1371 1370 1372
f 1371 1372 1373
f 1373 1372 1374
f 1373 1374 1375
f 1375 1374 1376
f 1375 1376 1377
f 1377 1376 1378
f 1377 1378 1379
f 1379 1378 1380
f 1379 1380 998
f 998 1380 996
f 1365 1381 1366
f 1366 1381 1338
f 1366 1338 1339
f 387 1172 1169
f 1169 1172 1174
f 1169 1174 1165
f 1165 1174 1167
f 348 1164 1159
f 1159 1164 1382
f 1159 1382 1160
f 1160 1382 965
f 1160 965 967
f 1250 1253 1067
f 1067 1253 1255
f 1250 1067 1245
f 1245 1067 1069
f 1379 998 1000
f 1379 1000 1359
f 951 996 1383
f 1383 996 1380
f 1383 1380 1384
f 1384 1380 1378
f 1384 1378 1385
f 1385 1378 1376
f 1385 1376 1386
f 1386 1376 1374
f 1386 1374 1387
f 1387 1374 1372
f 1387 1372 1388
f 1388 1372 1370
f 1388 1370 1389
f 1389 1370 1368
f 1389 1368 1390
f 1390 1368 1366
f 1390 1366 1339
f 953 951 1391
f 1391 951 1383
f 1391 1383 1392
f 1392 1383 1384
f 1392 1384 1393
f 1393 1384 1385
f 1393 1385 1394
f 1394 1385 1386
f 1394 1386 1395
f 1395 1386 1387
f 1395 1387 1396
f 1396 1387 1388
f 1396 1388 1397
f 1397 1388 1389
f 1397 1389 1398
f 1398 1389 1390
f 1398 1390 1340
f 1340 1390 1339
f 955 953 1399
f 1399 953 1391
f 1399 1391 1400
f 1400 1391 1392
f 1400 1392 1401
f 1401 1392 1393
f 1401 1393 1402
f 1402 1393 1394
f 1402 1394 1403
f 1403 1394 1395
f 1403 1395 1404
f 1404 1395 1396
f 1404 1396 1405
f 1405 1396 1397
f 1405 1397 1406
f 1406 1397 1398
f 1406 1398 1407
f 1407 1398 1340
f 1407 1340 1342
f 1244 1071 1073
f 1243 1250 1245
f 1244 1073 1235
f 1235 1073 1075
f 1235 1075 1233
f 1233 1075 1077
f 1235 1237 1244
f 1113 1112 1115
f 1113 1115 1122
f 1180 1154 1408
f 1408 1154 1152
f 1408 1152 1409
f 1409 1152 1150
f 1409 1150 1171
f 1171 1150 1148
f 1171 1148 1173
f 1173 1148 1146
f 1173 1146 1155
f 1154 1180 1101
f 1153 1410 1151
f 1151 1410 1411
f 1151 1411 1149
f 1149 1411 1137
f 1149 1137 1147
f 1147 1137 1140
f 1147 1140 1142
f 1410 1134 1411
f 1411 1134 1133
f 1411 1133 1137
f 1099 1097 1153
f 1153 1097 1410
f 1097 1095 1410
f 1410 1095 1134
f 1091 1131 1093
f 1126 1089 1123
f 1123 1089 1087
f 1123 1087 1121
f 1121 1087 1085
f 1121 1085 1122
f 1122 1085 1083
f 1122 1083 1113
f 1176 1178 1408
f 1408 1178 1180
f 1176 1408 1409
f 1170 1176 1409
f 1170 1409 1171
f 1377 1379 1359
f 1377 1359 1358
f 955 1399 958
f 958 1399 1412
f 958 1412 960
f 960 1412 1413
f 960 1413 962
f 962 1413 1414
f 962 1414 964
f 964 1414 1415
f 964 1415 966
f 966 1415 1416
f 966 1416 968
f 968 1416 1417
f 968 1417 970
f 970 1417 973
f 1412 1399 1400
f 965 1382 963
f 963 1382 1168
f 963 1168 961
f 1166 1168 1382
f 1413 1418 1419
f 1419 1418 1420
f 1419 1420 1421
f 1421 1420 1422
f 1421 1422 1423
f 1423 1422 1424
f 1423 1424 1425
f 1425 1424 1426
f 1425 1426 1427
f 1427 1426 1428
f 1427 1428 1429
f 1429 1428 1430
f 1429 1430 1431
f 1431 1430 1432
f 1431 1432 989
f 989 1432 991
f 1418 1401 1420
f 1420 1401 1402
f 1420 1402 1422
f 1422 1402 1403
f 1422 1403 1424
f 1424 1403 1404
f 1424 1404 1426
f 1426 1404 1405
f 1426 1405 1428
f 1428 1405 1406
f 1428 1406 1430
f 1430 1406 1407
f 1430 1407 1432
f 1432 1407 1342
f 1432 1342 991
f 1413 1412 1418
f 1418 1412 1400
f 1418 1400 1401
f 1375 1357 1373
f 1373 1357 1356
f 1373 1356 1371
f 1371 1356 1355
f 1371 1355 1369
f 1369 1355 1354
f 1369 1354 1367
f 1367 1354 1353
f 1367 1353 1364
f 1364 1353 1352
f 1377 1358 1375
f 1375 1358 1357
f 1065 1064 1263
f 1413 1419 1414
f 1414 1419 1433
f 1414 1433 1415
f 1415 1433 1434
f 1415 1434 1416
f 1416 1434 1435
f 1416 1435 1417
f 1417 1435 1436
f 1417 1436 973
f 973 1436 975
f 1433 1419 1421
f 1161 1160 967
f 1382 1164 1166
f 981 979 1437
f 1437 979 977
f 1437 977 1438
f 1438 977 975
f 1438 975 1436
f 983 981 1439
f 1439 981 1437
f 1439 1437 1440
f 1440 1437 1438
f 1440 1438 1441
f 1441 1438 1436
f 1441 1436 1435
f 985 983 1442
f 1442 983 1439
f 1442 1439 1443
f 1443 1439 1440
f 1443 1440 1444
f 1444 1440 1441
f 1444 1441 1445
f 1445 1441 1435
f 1445 1435 1434
f 1431 989 987
f 987 985 1446
f 1446 985 1442
f 1446 1442 1447
f 1447 1442 1443
f 1447 1443 1448
f 1448 1443 1444
f 1448 1444 1449
f 1449 1444 1445
f 1449 1445 1450
f 1450 1445 1434
f 1450 1434 1433
f 1341 1343 993
f 995 1314 994
f 994 1314 1322
f 994 1322 992
f 992 1322 1324
f 992 1324 990
f 1447 1429 1446
f 1446 1429 1431
f 1446 1431 987
f 1429 1447 1427
f 1427 1447 1448
f 1427 1448 1425
f 1425 1448 1449
f 1425 1449 1423
f 1423 1449 1450
f 1423 1450 1421
f 1421 1450 1433
f 1350 1295 1294
f 1021 1057 1023
f 1023 1057 1451
f 1023 1451 1025
f 1025 1451 1452
f 1025 1452 1027
f 1027 1452 1453
f 1027 1453 1029
f 1029 1453 1454
f 1029 1454 1031
f 1031 1454 1455
f 1031 1455 1033
f 1033 1455 1035
f 1057 1055 1451
f 1451 1055 1456
f 1451 1456 1452
f 1452 1456 1457
f 1452 1457 1453
f 1453 1457 1458
f 1453 1458 1454
f 1454 1458 1459
f 1454 1459 1455
f 1455 1459 1037
f 1455 1037 1035
f 1055 1053 1456
f 1456 1053 1460
f 1456 1460 1457
f 1457 1460 1461
f 1457 1461 1458
f 1458 1461 1462
f 1458 1462 1459
f 1459 1462 1039
f 1459 1039 1037
f 1053 1051 1460
f 1460 1051 1463
f 1460 1463 1461
f 1461 1463 1464
f 1461 1464 1462
f 1462 1464 1041
f 1462 1041 1039
f 1051 1049 1463
f 1463 1049 1045
f 1463 1045 1464
f 1464 1045 1043
f 1464 1043 1041
f 1049 1047 1045
f 1347 1350 1294
f 1347 1294 1293
f 1273 1058 1066
f 1056 1272 1054
f 1054 1272 1274
f 1054 1274 1052
f 1052 1274 1277
f 1052 1277 1050
f 1161 967 969
f 1273 1066 1266
f 1266 1066 1065
f 1266 1065 1263
f 1266 1268 1273
f 1104 1106 1465
f 1465 1106 1182
f 1465 1182 1196
f 1102 1104 1466
f 1466 1104 1465
f 1466 1465 1467
f 1467 1465 1196
f 1467 1196 1195
f 1205 1098 1100
f 1100 1102 1468
f 1468 1102 1466
f 1468 1466 1469
f 1469 1466 1467
f 1469 1467 1470
f 1470 1467 1195
f 1470 1195 1194
f 1092 1094 1471
f 1471 1094 1211
f 1471 1211 1220
f 1090 1092 1472
f 1472 1092 1471
f 1472 1471 1473
f 1473 1471 1220
f 1473 1220 1474
f 1474 1220 1218
f 1474 1218 1217
f 1226 1086 1088
f 1203 1205 1468
f 1468 1205 1100
f 1203 1468 1469
f 1090 1472 1227
f 1227 1472 1475
f 1227 1475 1225
f 1225 1475 1223
f 1475 1472 1473
f 1201 1203 1469
f 1201 1469 1470
f 1219 1210 1209
f 1475 1473 1476
f 1476 1473 1474
f 1476 1474 1216
f 1216 1474 1217
f 1199 1201 1470
f 1199 1470 1194
f 1213 1219 1214
f 1214 1219 1209
f 1221 1223 1476
f 1476 1223 1475
f 1221 1476 1216
f 1477 1478 1479
f 1479 1478 1480
f 1479 1480 1481
f 1481 1480 1482
f 1481 1482 1483
f 1483 1482 1484
f 1483 1484 1485
f 1485 1484 1486
f 1485 1486 1487
f 1487 1486 1488
f 1487 1488 644
f 644 1488 704
f 704 1488 1489
f 704 1489 706
f 706 1489 1490
f 706 1490 558
f 558 1490 1491
f 558 1491 710
f 710 1491 1492
f 710 1492 1493
f 1493 1492 1494
f 1493 1494 1495
f 1495 1494 1496
f 1495 1496 1497
f 1497 1496 1498
f 1497 1498 1499
f 1499 1498 1500
f 1499 1500 1501
f 1501 1500 1502
f 1501 1502 1503
f 1503 1502 1504
f 1503 1504 1505
f 1505 1504 1506
f 1505 1506 1507
f 1507 1506 1508
f 1507 1508 1509
f 1509 1508 1510
f 1509 1510 1511
f 1511 1510 758
f 1511 758 756
f 1478 1477 1512
f 1512 1477 1513
f 1512 1513 1514
f 1514 1513 1515
f 1514 1515 1516
f 1516 1515 1517
f 1516 1517 1518
f 1518 1517 1519
f 1518 1519 1520
f 1520 1519 601
f 1520 601 509
f 511 1521 509
f 509 1521 1522
f 509 1522 1520
f 1520 1522 1523
f 1520 1523 1518
f 1518 1523 1524
f 1518 1524 1516
f 1516 1524 1525
f 1516 1525 1514
f 1514 1525 1526
f 1514 1526 1512
f 1512 1526 1527
f 1512 1527 1478
f 1478 1527 1528
f 1478 1528 1480
f 1480 1528 1529
f 1480 1529 1482
f 1482 1529 1484
f 513 1530 511
f 511 1530 1531
f 511 1531 1521
f 1521 1531 1532
f 1521 1532 1533
f 1533 1532 1534
f 1533 1534 1535
f 1535 1534 1536
f 1535 1536 1537
f 1537 1536 1538
f 1537 1538 1539
f 1539 1538 1540
f 1539 1540 1541
f 1541 1540 1542
f 1541 1542 1543
f 1543 1542 1544
f 1543 1544 1545
f 1545 1544 1546
f 1545 1546 1547
f 1547 1546 1548
f 1547 1548 1486
f 1486 1548 1488
f 1530 513 1549
f 1549 513 515
f 1549 515 517
f 1549 517 1550
f 1550 517 766
f 1550 766 764
f 760 1510 764
f 764 1510 1551
f 764 1551 1550
f 1550 1551 1549
f 760 759 1510
f 1510 759 758
f 756 754 1511
f 1511 754 1509
f 1509 754 1552
f 1552 754 753
f 1552 753 736
f 736 733 1552
f 1552 733 1553
f 1552 1553 1509
f 1509 1553 1507
f 1553 733 1554
f 1554 733 114
f 1554 114 1555
f 1555 114 1556
f 1555 1556 1557
f 1557 1556 1558
f 1557 1558 1505
f 1505 1558 1503
f 1556 114 1559
f 1559 114 109
f 1559 109 1560
f 1560 109 1561
f 1560 1561 1562
f 1562 1561 1563
f 1562 1563 1499
f 1499 1563 1497
f 109 108 1561
f 1561 108 1564
f 1561 1564 1563
f 1563 1564 1565
f 1563 1565 1497
f 1497 1565 1495
f 108 719 1564
f 1564 719 1565
f 1565 719 1566
f 1566 719 713
f 1566 713 1493
f 1493 713 710
f 644 643 1487
f 1487 643 1567
f 1487 1567 1485
f 1485 1567 1568
f 1485 1568 1483
f 1483 1568 1569
f 1483 1569 1481
f 1567 643 1570
f 1570 643 684
f 1570 684 1571
f 1570 1571 1568
f 1568 1571 1569
f 1567 1570 1568
f 1521 1533 1522
f 1522 1533 1523
f 1533 1535 1523
f 1523 1535 1524
f 1535 1537 1524
f 1524 1537 1525
f 1537 1539 1525
f 1525 1539 1526
f 1539 1541 1526
f 1526 1541 1527
f 1541 1543 1527
f 1527 1543 1528
f 1543 1545 1528
f 1528 1545 1529
f 1545 1547 1529
f 1529 1547 1484
f 1547 1486 1484
f 1488 1548 1489
f 1489 1548 1572
f 1489 1572 1490
f 1490 1572 1573
f 1490 1573 1491
f 1491 1573 1574
f 1491 1574 1492
f 1492 1574 1494
f 1548 1546 1572
f 1572 1546 1575
f 1572 1575 1573
f 1573 1575 1576
f 1573 1576 1574
f 1574 1576 1577
f 1574 1577 1494
f 1494 1577 1496
f 1546 1544 1575
f 1575 1544 1578
f 1575 1578 1576
f 1576 1578 1579
f 1576 1579 1577
f 1577 1579 1580
f 1577 1580 1496
f 1496 1580 1498
f 1544 1542 1578
f 1578 1542 1581
f 1578 1581 1579
f 1579 1581 1582
f 1579 1582 1580
f 1580 1582 1583
f 1580 1583 1498
f 1498 1583 1500
f 1542 1540 1581
f 1581 1540 1584
f 1581 1584 1582
f 1582 1584 1585
f 1582 1585 1583
f 1583 1585 1586
f 1583 1586 1500
f 1500 1586 1502
f 1540 1538 1584
f 1584 1538 1587
f 1584 1587 1585
f 1585 1587 1588
f 1585 1588 1586
f 1586 1588 1589
f 1586 1589 1502
f 1502 1589 1504
f 1538 1536 1587
f 1587 1536 1590
f 1587 1590 1588
f 1588 1590 1591
f 1588 1591 1589
f 1589 1591 1592
f 1589 1592 1504
f 1504 1592 1506
f 1536 1534 1590
f 1590 1534 1593
f 1590 1593 1591
f 1591 1593 1594
f 1591 1594 1592
f 1592 1594 1595
f 1592 1595 1506
f 1506 1595 1508
f 1534 1532 1593
f 1593 1532 1596
f 1593 1596 1594
f 1594 1596 1597
f 1594 1597 1595
f 1595 1597 1551
f 1595 1551 1508
f 1508 1551 1510
f 1532 1531 1596
f 1596 1531 1530
f 1596 1530 1597
f 1597 1530 1549
f 1597 1549 1551
f 1557 1505 1507
f 1557 1507 1553
f 1562 1499 1501
f 1501 1503 1598
f 1598 1503 1558
f 1598 1558 1559
f 1559 1558 1556
f 1566 1493 1495
f 1566 1495 1565
f 1555 1557 1553
f 1554 1555 1553
f 1560 1562 1598
f 1598 1562 1501
f 1560 1598 1559
f 1337 1599 978
f 978 1599 1600
f 978 1600 1601
f 1601 1600 1602
f 1601 1602 1603
f 1603 1602 1604
f 1603 1604 1605
f 1605 1604 1606
f 1605 1606 1607
f 1607 1606 1608
f 1607 1608 1609
f 1609 1608 1610
f 1609 1610 1611
f 1611 1610 1612
f 1611 1612 1613
f 1613 1612 1614
f 1613 1614 1615
f 1615 1614 1616
f 1615 1616 1617
f 1617 1616 1618
f 1617 1618 1619
f 1599 1337 1620
f 1620 1337 1336
f 1620 1336 1335
f 1335 1621 1620
f 1620 1621 1622
f 1620 1622 1599
f 1599 1622 1623
f 1599 1623 1600
f 1600 1623 1602
f 1621 1624 1622
f 1622 1624 1625
f 1622 1625 1623
f 1623 1625 1626
f 1623 1626 1602
f 1602 1626 1604
f 1625 1624 1627
f 1627 1624 1628
f 1627 1628 1629
f 1629 1628 1630
f 1629 1630 1631
f 1631 1630 1632
f 1631 1632 1633
f 1633 1632 1634
f 1633 1634 1635
f 1635 1634 1636
f 1635 1636 1612
f 1612 1636 1614
f 1632 1637 1634
f 1634 1637 1638
f 1634 1638 1636
f 1636 1638 1639
f 1636 1639 1640
f 1640 1639 1641
f 1641 1639 1642
f 1642 1639 1638
f 1642 1638 1643
f 1643 1638 1644
f 1643 1644 1645
f 1645 1644 1646
f 1646 1644 1647
f 1646 1647 1648
f 1648 1647 1649
f 1649 1647 1650
f 1649 1650 1651
f 1651 1650 1652
f 1651 1652 1653
f 1653 1652 1654
f 1653 1654 444
f 444 1654 445
f 445 1654 1655
f 445 1655 448
f 448 1655 450
f 450 1655 1656
f 450 1656 1657
f 1657 1656 1658
f 1657 1658 1659
f 1659 1658 1660
f 1659 1660 1661
f 1661 1660 1662
f 1661 1662 1663
f 1663 1662 1664
f 1663 1664 1665
f 1665 1664 1666
f 1665 1666 1667
f 1667 1666 1668
f 1667 1668 1669
f 1669 1668 1670
f 1669 1670 1671
f 1671 1670 1672
f 1671 1672 1673
f 1637 1674 1638
f 1638 1674 1644
f 1674 1675 1644
f 1644 1675 1647
f 1675 1676 1647
f 1647 1676 1650
f 1650 1676 1652
f 1652 1676 1677
f 1652 1677 1678
f 1678 1677 1679
f 1678 1679 1680
f 1680 1679 1681
f 1680 1681 1682
f 1682 1681 1683
f 1682 1683 1656
f 1656 1683 1658
f 1679 1684 1681
f 1681 1684 1685
f 1681 1685 1683
f 1683 1685 1686
f 1683 1686 1658
f 1658 1686 1660
f 1684 1687 1685
f 1685 1687 1688
f 1685 1688 1686
f 1686 1688 1689
f 1686 1689 1660
f 1660 1689 1662
f 1688 1687 1690
f 1690 1687 1691
f 1690 1691 1692
f 1692 1691 1693
f 1692 1693 1664
f 1664 1693 1666
f 1691 1694 1693
f 1693 1694 1695
f 1693 1695 1666
f 1666 1695 1668
f 1694 1696 1695
f 1695 1696 1697
f 1695 1697 1698
f 1698 1697 1696
f 1672 1670 1698
f 1698 1670 1668
f 1698 1668 1695
f 1699 1700 1673
f 1673 1700 1701
f 1673 1701 1671
f 1671 1701 1702
f 1671 1702 1669
f 1669 1702 1703
f 1669 1703 1667
f 1667 1703 1704
f 1667 1704 1665
f 1665 1704 1705
f 1665 1705 1663
f 1663 1705 1706
f 1663 1706 1661
f 1661 1706 1707
f 1661 1707 1659
f 1659 1707 1708
f 1659 1708 1657
f 1657 1708 454
f 1657 454 452
f 1709 1710 1699
f 1699 1710 1711
f 1699 1711 1700
f 1700 1711 1712
f 1700 1712 1713
f 1713 1712 1714
f 1713 1714 1715
f 1715 1714 1716
f 1715 1716 1717
f 1717 1716 1718
f 1717 1718 1719
f 1719 1718 1720
f 1719 1720 1721
f 1721 1720 1722
f 1721 1722 1723
f 1723 1722 1724
f 1723 1724 1725
f 1725 1724 1726
f 1725 1726 1727
f 1727 1726 462
f 1727 462 460
f 1709 1728 1710
f 1710 1728 1729
f 1710 1729 1730
f 1730 1729 1731
f 1730 1731 1732
f 1732 1731 1733
f 1732 1733 1734
f 1729 1733 1731
f 1734 1735 1732
f 1732 1735 1736
f 1732 1736 1737
f 1737 1736 1738
f 1737 1738 1714
f 1714 1738 1716
f 1736 1735 1739
f 1739 1735 1740
f 1739 1740 1741
f 1741 1742 1739
f 1739 1742 1743
f 1739 1743 1736
f 1736 1743 1744
f 1736 1744 1738
f 1738 1744 1745
f 1738 1745 1716
f 1716 1745 1718
f 1742 1746 1743
f 1743 1746 1747
f 1743 1747 1748
f 1748 1747 1749
f 1748 1749 1750
f 1746 1751 1747
f 1747 1751 1749
f 1748 1750 1752
f 1752 1750 1753
f 1752 1753 1754
f 1754 1753 1755
f 1754 1755 1756
f 1756 1755 1757
f 1756 1757 1758
f 1758 1757 1759
f 1758 1759 1760
f 1760 1759 1761
f 1760 1761 1762
f 1762 1761 1763
f 1762 1763 1764
f 1764 1763 1765
f 1764 1765 1766
f 1766 1765 1767
f 1766 1767 1768
f 1768 1767 1769
f 1768 1769 1770
f 1770 1769 1767
f 1770 1767 1771
f 1771 1767 1772
f 1771 1772 1773
f 1753 1774 1755
f 1755 1774 1757
f 1757 1775 1759
f 1759 1775 1761
f 1775 1776 1761
f 1761 1776 1777
f 1761 1777 1763
f 1763 1777 1778
f 1763 1778 1779
f 1763 1779 1765
f 1765 1779 1780
f 1765 1780 1772
f 1771 1773 1781
f 1781 1773 1782
f 1781 1782 1770
f 1766 1768 1783
f 1783 1768 1784
f 1783 1784 1785
f 1785 1784 1786
f 1785 1786 1787
f 1787 1786 1788
f 1787 1788 1789
f 1789 1788 1790
f 1789 1790 1791
f 1791 1790 1792
f 1791 1792 648
f 648 1792 650
f 650 1792 652
f 652 1792 1790
f 652 1790 1793
f 1793 1790 1794
f 1793 1794 685
f 685 1794 1795
f 685 1795 686
f 686 1795 1796
f 686 1796 687
f 687 1796 688
f 688 1796 1797
f 688 1797 1798
f 1798 1797 1799
f 1798 1799 1800
f 1800 1799 1801
f 1800 1801 1802
f 1802 1801 1803
f 1802 1803 1804
f 1804 1803 1805
f 1804 1805 1806
f 1806 1805 1807
f 1806 1807 1808
f 1808 1807 1809
f 1808 1809 1810
f 1810 1809 1811
f 1810 1811 1812
f 1812 1811 1813
f 1812 1813 1814
f 1814 1813 1815
f 1814 1815 1816
f 1816 1815 1817
f 1816 1817 1818
f 1818 1817 1819
f 1818 1819 1820
f 1820 1819 1821
f 1820 1821 1822
f 1822 1821 1823
f 1822 1823 1824
f 1824 1823 1825
f 1824 1825 1826
f 1826 1825 1827
f 1826 1827 1828
f 1828 1827 1829
f 1828 1829 1830
f 1830 1829 1831
f 1830 1831 1832
f 1832 1831 1833
f 1832 1833 701
f 701 1833 1834
f 701 1834 702
f 702 1834 684
f 684 1834 1835
f 684 1835 1836
f 1836 1835 1837
f 1836 1837 1838
f 1838 1837 1839
f 1838 1839 1840
f 1840 1839 1841
f 1840 1841 1842
f 1842 1841 1843
f 1842 1843 1844
f 1844 1843 1845
f 1844 1845 1846
f 1846 1845 1847
f 1846 1847 1848
f 1848 1847 1849
f 1848 1849 1850
f 1850 1849 470
f 1850 470 468
f 1784 1851 1786
f 1786 1851 1852
f 1786 1852 1853
f 1853 1852 1854
f 1853 1854 1855
f 1855 1854 1856
f 1855 1856 1857
f 1857 1856 1858
f 1857 1858 1859
f 1859 1858 1860
f 1859 1860 1861
f 1852 1862 1854
f 1854 1862 1856
f 1863 1864 1861
f 1861 1864 1865
f 1861 1865 1859
f 1859 1865 1866
f 1859 1866 1867
f 1867 1866 1868
f 1867 1868 1869
f 1869 1868 1799
f 1869 1799 1797
f 1863 1870 1864
f 1864 1870 1871
f 1864 1871 1872
f 1872 1871 1873
f 1872 1873 1874
f 1874 1873 1875
f 1874 1875 1807
f 1807 1875 1809
f 1871 1870 1873
f 1873 1870 1876
f 1873 1876 1875
f 1875 1876 1809
f 1876 1811 1809
f 1811 1877 1813
f 1813 1877 1878
f 1813 1878 1815
f 1815 1878 1879
f 1815 1879 1817
f 1817 1879 1880
f 1817 1880 1819
f 1819 1880 1881
f 1819 1881 1821
f 1821 1881 1882
f 1821 1882 1823
f 1823 1882 1883
f 1823 1883 1825
f 1825 1883 1884
f 1825 1884 1827
f 1827 1884 1885
f 1827 1885 1829
f 1829 1885 1886
f 1829 1886 1831
f 1831 1886 1887
f 1831 1887 1833
f 1833 1887 1888
f 1833 1888 1834
f 1834 1888 1889
f 1834 1889 1835
f 1835 1889 1890
f 1835 1890 1891
f 1891 1890 1892
f 1891 1892 1893
f 1893 1892 1894
f 1893 1894 1895
f 1895 1894 1896
f 1895 1896 1897
f 1897 1896 1898
f 1897 1898 1899
f 1899 1898 1900
f 1899 1900 1901
f 1901 1900 1902
f 1901 1902 1903
f 1903 1902 1904
f 1903 1904 1905
f 1905 1904 1906
f 1905 1906 1607
f 1607 1906 1605
f 1878 1877 1907
f 1907 1877 1908
f 1907 1908 1909
f 1909 1910 1907
f 1907 1910 1911
f 1907 1911 1879
f 1879 1911 1880
f 1911 1910 1912
f 1912 1910 1913
f 1912 1913 1914
f 1914 1915 1912
f 1912 1915 1187
f 1912 1187 1185
f 1915 1189 1187
f 1912 1185 1916
f 1916 1185 1183
f 1916 1183 1917
f 1917 1183 1108
f 1917 1108 1918
f 1918 1108 1107
f 1918 1107 1919
f 1919 1107 1181
f 1919 1181 1920
f 1920 1181 1177
f 1920 1177 1921
f 1921 1177 1922
f 1921 1922 1923
f 1923 1922 1924
f 1923 1924 1887
f 1887 1924 1888
f 1177 1175 1922
f 1922 1175 1925
f 1922 1925 1924
f 1924 1925 386
f 1924 386 1926
f 1926 386 1927
f 1926 1927 1889
f 1889 1927 1890
f 1175 383 1925
f 1925 383 385
f 1925 385 386
f 386 400 1927
f 1927 400 426
f 1927 426 1928
f 1928 426 425
f 1928 425 424
f 424 423 1928
f 1928 423 422
f 1928 422 1929
f 1929 422 264
f 1929 264 1930
f 1930 264 263
f 1930 263 1931
f 1931 263 1932
f 1931 1932 1933
f 1933 1932 1934
f 1933 1934 1935
f 1935 1934 1936
f 1935 1936 1937
f 1937 1936 1938
f 1937 1938 1939
f 1939 1938 1940
f 1939 1940 1941
f 1941 1940 1942
f 1941 1942 1603
f 1603 1942 1601
f 422 421 264
f 264 421 346
f 346 421 420
f 346 420 345
f 345 420 419
f 345 419 343
f 343 419 344
f 263 267 1932
f 1932 267 270
f 1932 270 1162
f 1162 270 275
f 1162 275 279
f 1932 1162 1934
f 1934 1162 1163
f 1934 1163 1936
f 1936 1163 971
f 1936 971 1938
f 1938 971 972
f 1938 972 1940
f 1940 972 974
f 1940 974 1942
f 1942 974 976
f 1942 976 1601
f 1601 976 978
f 1481 1943 1479
f 1479 1943 1944
f 1479 1944 1477
f 1477 1944 1945
f 1477 1945 1513
f 1513 1945 1946
f 1513 1946 1515
f 1515 1946 1947
f 1515 1947 1517
f 1517 1947 1948
f 1517 1948 1519
f 1519 1948 1949
f 1519 1949 1950
f 1950 1949 1951
f 1950 1951 1756
f 1756 1951 1952
f 1756 1952 1754
f 1754 1952 1752
f 1943 1481 1953
f 1953 1481 1569
f 1953 1569 1571
f 1953 1571 1954
f 1954 1571 684
f 1954 684 1836
f 701 700 1832
f 1832 700 699
f 1832 699 1830
f 1830 699 698
f 1830 698 1828
f 1828 698 697
f 1828 697 1955
f 1955 697 696
f 1955 696 1956
f 1956 696 695
f 1956 695 1957
f 1957 695 694
f 1957 694 693
f 692 1958 693
f 693 1958 1959
f 693 1959 1957
f 1957 1959 1960
f 1957 1960 1956
f 1956 1960 1824
f 1956 1824 1826
f 692 691 1958
f 1958 691 1961
f 1958 1961 1962
f 1962 1961 1800
f 1962 1800 1802
f 691 690 1961
f 1961 690 689
f 1961 689 1798
f 1798 689 688
f 685 652 1793
f 1791 648 1963
f 1963 648 646
f 1963 646 1760
f 1760 646 601
f 1760 601 1758
f 1758 601 1950
f 1758 1950 1756
f 601 1519 1950
f 1636 1640 1614
f 1614 1640 1964
f 1614 1964 1616
f 1616 1964 1965
f 1616 1965 1618
f 1619 1966 1617
f 1617 1966 1967
f 1617 1967 1968
f 1968 1967 1969
f 1968 1969 1970
f 1970 1969 1971
f 1970 1971 1972
f 1972 1971 1973
f 1972 1973 1974
f 1974 1973 1975
f 1974 1975 1897
f 1897 1975 1895
f 1967 1966 1976
f 1976 1966 476
f 1976 476 474
f 474 472 1976
f 1976 472 1849
f 1976 1849 1977
f 1977 1849 1847
f 1977 1847 1978
f 1978 1847 1845
f 1978 1845 1979
f 1979 1845 1843
f 1979 1843 1980
f 1980 1843 1841
f 1980 1841 1981
f 1981 1841 1839
f 1981 1839 1982
f 1982 1839 1837
f 1982 1837 1891
f 1891 1837 1835
f 472 470 1849
f 468 466 1850
f 1850 466 1983
f 1850 1983 1984
f 1984 1983 1985
f 1984 1985 1986
f 1986 1985 1987
f 1986 1987 1988
f 1988 1987 1989
f 1988 1989 1990
f 1990 1989 1991
f 1990 1991 1992
f 1992 1991 1993
f 1992 1993 1994
f 1994 1993 1995
f 1994 1995 1996
f 1996 1995 1997
f 1996 1997 1947
f 1947 1997 1948
f 1983 466 1998
f 1998 466 464
f 1998 464 462
f 1727 460 1999
f 1999 460 458
f 1999 458 456
f 1999 456 1708
f 1708 456 454
f 452 450 1657
f 1888 1924 1926
f 1606 1604 2000
f 2000 1604 1626
f 2000 1626 1627
f 1627 1626 1625
f 1608 1606 2001
f 2001 1606 2000
f 2001 2000 1629
f 1629 2000 1627
f 1610 1608 2002
f 2002 1608 2001
f 2002 2001 1631
f 1631 2001 1629
f 1612 1610 1635
f 1635 1610 2002
f 1635 2002 1633
f 1633 2002 1631
f 1652 1678 1654
f 1654 1678 1680
f 1654 1680 1682
f 1688 1690 1689
f 1689 1690 1692
f 1689 1692 1662
f 1662 1692 1664
f 1655 1654 1682
f 1655 1682 1656
f 1702 1701 1713
f 1713 1701 1700
f 1703 1702 1715
f 1715 1702 1713
f 1704 1703 1717
f 1717 1703 1715
f 1705 1704 1719
f 1719 1704 1717
f 1706 1705 1721
f 1721 1705 1719
f 1707 1706 1723
f 1723 1706 1721
f 1708 1707 1725
f 1725 1707 1723
f 1999 1708 1727
f 1727 1708 1725
f 1998 462 1983
f 1983 462 1726
f 1983 1726 1985
f 1985 1726 2003
f 1985 2003 1987
f 1987 2003 2004
f 1987 2004 1989
f 1989 2004 2005
f 1989 2005 1991
f 1991 2005 2006
f 1991 2006 1993
f 1993 2006 2007
f 1993 2007 1995
f 1995 2007 2008
f 1995 2008 1997
f 1997 2008 2009
f 1997 2009 1948
f 1948 2009 1949
f 1712 1711 1730
f 1730 1711 1710
f 1714 1712 1737
f 1737 1712 1730
f 1737 1730 1732
f 1720 1718 2010
f 2010 1718 1745
f 2010 1745 2011
f 2011 1745 1744
f 2011 1744 2012
f 2012 1744 1743
f 2012 1743 1748
f 1722 1720 2013
f 2013 1720 2010
f 2013 2010 2014
f 2014 2010 2011
f 2014 2011 2015
f 2015 2011 2012
f 2015 2012 2016
f 2016 2012 1748
f 2016 1748 2017
f 2017 1748 1752
f 2017 1752 1952
f 1724 1722 2018
f 2018 1722 2013
f 2018 2013 2019
f 2019 2013 2014
f 2019 2014 2020
f 2020 2014 2015
f 2020 2015 2021
f 2021 2015 2016
f 2021 2016 2022
f 2022 2016 2017
f 2022 2017 2023
f 2023 2017 1952
f 2023 1952 1951
f 1726 1724 2003
f 2003 1724 2018
f 2003 2018 2004
f 2004 2018 2019
f 2004 2019 2005
f 2005 2019 2020
f 2005 2020 2006
f 2006 2020 2021
f 2006 2021 2007
f 2007 2021 2022
f 2007 2022 2008
f 2008 2022 2023
f 2008 2023 2009
f 2009 2023 1951
f 2009 1951 1949
f 1850 1984 1848
f 1848 1984 2024
f 1848 2024 1846
f 1846 2024 2025
f 1846 2025 1844
f 1844 2025 2026
f 1844 2026 1842
f 1842 2026 2027
f 1842 2027 1840
f 1840 2027 2028
f 1840 2028 1838
f 1838 2028 1954
f 1838 1954 1836
f 2024 1984 1986
f 1978 2029 2030
f 2030 2029 1969
f 2030 1969 1967
f 1969 2029 1971
f 1971 2029 2031
f 1971 2031 1973
f 1973 2031 2032
f 1973 2032 1975
f 1975 2032 2033
f 1975 2033 1895
f 1895 2033 1893
f 2031 2029 1979
f 1979 2029 1978
f 1972 2034 2035
f 2035 2034 2036
f 2035 2036 2037
f 2037 2036 2038
f 2037 2038 1611
f 1611 2038 1609
f 2034 1901 2036
f 2036 1901 1903
f 2036 1903 2038
f 2038 1903 1905
f 2038 1905 1609
f 1609 1905 1607
f 1972 1974 2034
f 2034 1974 1899
f 2034 1899 1901
f 1902 1937 1904
f 1904 1937 1939
f 1904 1939 1906
f 1906 1939 1941
f 1906 1941 1605
f 1605 1941 1603
f 1937 1902 1935
f 1935 1902 1900
f 1935 1900 1933
f 1933 1900 1898
f 1933 1898 1931
f 1931 1898 1896
f 1931 1896 1930
f 1930 1896 1894
f 1930 1894 1929
f 1929 1894 1892
f 1929 1892 1928
f 1928 1892 1890
f 1928 1890 1927
f 1972 2035 1970
f 1970 2035 2039
f 1970 2039 1968
f 1968 2039 1615
f 1968 1615 1617
f 2039 2035 2037
f 1976 1977 2030
f 2030 1977 1978
f 1976 2030 1967
f 2024 1986 2040
f 2040 1986 1988
f 2040 1988 2041
f 2041 1988 1990
f 2041 1990 2042
f 2042 1990 1992
f 2042 1992 2043
f 2043 1992 1994
f 2043 1994 2044
f 2044 1994 1996
f 2044 1996 1946
f 1946 1996 1947
f 2032 2031 1980
f 1980 2031 1979
f 1897 1899 1974
f 2024 2040 2025
f 2025 2040 2045
f 2025 2045 2026
f 2026 2045 2046
f 2026 2046 2027
f 2027 2046 2047
f 2027 2047 2028
f 2028 2047 2048
f 2028 2048 1954
f 1954 2048 1953
f 2045 2040 2041
f 2033 2032 1981
f 1981 2032 1980
f 2045 2041 2049
f 2049 2041 2042
f 2049 2042 2050
f 2050 2042 2043
f 2050 2043 2051
f 2051 2043 2044
f 2051 2044 1945
f 1945 2044 1946
f 1893 2033 1982
f 1982 2033 1981
f 2045 2049 2046
f 2046 2049 2052
f 2046 2052 2047
f 2047 2052 2053
f 2047 2053 2048
f 2048 2053 1953
f 2052 2049 2050
f 1891 1893 1982
f 2052 2050 2054
f 2054 2050 2051
f 2054 2051 1944
f 1944 2051 1945
f 2052 2054 2053
f 2053 2054 1943
f 2053 1943 1953
f 1943 2054 1944
f 1926 1889 1888
f 1791 1963 1760
f 1791 1760 1762
f 1789 1791 1762
f 1789 1762 1764
f 1787 1789 1764
f 1787 1764 1766
f 1794 1790 1788
f 1765 1772 1767
f 1770 1771 1781
f 1785 1787 1766
f 1783 1785 1766
f 1786 1853 1788
f 1788 1853 1794
f 1797 1796 1795
f 1795 1794 2055
f 2055 1794 1853
f 2055 1853 1855
f 1869 1797 2055
f 2055 1797 1795
f 1869 2055 1855
f 1800 1961 1798
f 1959 1958 2056
f 2056 1958 1962
f 2056 1962 2057
f 2057 1962 1802
f 2057 1802 2058
f 2058 1802 1804
f 2058 1804 2059
f 2059 1804 1806
f 2059 1806 1808
f 1822 1824 1960
f 1960 1959 2060
f 2060 1959 2056
f 2060 2056 2061
f 2061 2056 2057
f 2061 2057 2062
f 2062 2057 2058
f 2062 2058 2063
f 2063 2058 2059
f 2063 2059 2064
f 2064 2059 1808
f 2064 1808 1810
f 1884 2065 1885
f 1885 2065 2066
f 1885 2066 1886
f 1886 2066 1923
f 1886 1923 1887
f 2065 1920 2066
f 2066 1920 1921
f 2066 1921 1923
f 2065 1884 2067
f 2067 1884 1883
f 2067 1883 2068
f 2068 1883 1882
f 2068 1882 2069
f 2069 1882 1881
f 2069 1881 2070
f 2070 1881 1880
f 2070 1880 1911
f 1920 2065 1919
f 1919 2065 2067
f 1919 2067 1918
f 1918 2067 2068
f 1918 2068 1917
f 1917 2068 2069
f 1917 2069 1916
f 1916 2069 2070
f 1916 2070 1912
f 1912 2070 1911
f 1955 1956 1826
f 1955 1826 1828
f 1867 1869 1855
f 1801 1799 1868
f 1820 1822 2060
f 2060 1822 1960
f 1820 2060 2061
f 1859 1867 1857
f 1857 1867 1855
f 1801 1868 2071
f 2071 1868 1866
f 2071 1866 1865
f 1818 1820 2061
f 1818 2061 2062
f 1801 2071 1803
f 1803 2071 2072
f 1803 2072 1805
f 1805 2072 1874
f 1805 1874 1807
f 2072 2071 1865
f 1816 1818 2062
f 1816 2062 2063
f 1864 1872 1865
f 1865 1872 2072
f 1872 1874 2072
f 1814 1816 2063
f 1814 2063 2064
f 1812 1814 2064
f 1812 2064 1810
f 1907 1879 1878
f 1611 1613 2037
f 2037 1613 2039
f 1613 1615 2039
f 2073 2074 2075
f 2075 2074 2076
f 2075 2076 2077
f 2077 2076 2078
f 2077 2078 2079
f 2079 2078 2080
f 2079 2080 2081
f 2081 2080 2082
f 2081 2082 2083
f 2083 2082 2084
f 2083 2084 2085
f 2085 2084 2086
f 2085 2086 2087
f 2087 2086 2088
f 2087 2088 2089
f 2089 2088 2090
f 2089 2090 2091
f 2091 2090 2092
f 2091 2092 2093
f 2093 2092 2094
f 2093 2094 2095
f 2095 2094 2096
f 2096 2094 2097
f 2096 2097 155
f 155 2097 153
f 153 2097 2098
f 2098 2097 2094
f 2098 2094 2092
f 2074 2073 2099
f 2099 2073 2100
f 2099 2100 2101
f 2101 2102 2099
f 2099 2102 2074
f 2102 2103 2074
f 2074 2103 2076
f 2103 2104 2076
f 2076 2104 2078
f 2104 2080 2078
f 2095 2105 2093
f 2093 2105 2091
f 2105 2106 2091
f 2091 2106 2089
f 2106 2107 2089
f 2089 2107 2087
f 2087 2107 2085
f 2085 2107 2108
f 2085 2108 2083
f 2083 2108 2081
f 2108 2109 2081
f 2081 2109 2079
f 2109 2077 2079
f 2110 2111 2112
f 2112 2111 2113
f 2112 2113 2114
f 2114 2113 2115
f 2114 2115 2116
f 2116 2115 2117
f 2116 2117 2118
f 2118 2117 2119
f 2118 2119 2120
f 2120 2119 2121
f 2120 2121 2122
f 2122 2121 2123
f 2122 2123 2124
f 2124 2123 2125
f 2124 2125 2126
f 2126 2125 2127
f 2126 2127 2128
f 2128 2127 2129
f 2128 2129 2130
f 2130 2129 2131
f 2130 2131 2132
f 2132 2131 2133
f 2132 2133 2134
f 2134 2133 2135
f 2134 2135 2136
f 2136 2135 2137
f 2136 2137 207
f 207 2137 2138
f 207 2138 208
f 208 2138 2139
f 208 2139 2140
f 2140 2139 2141
f 2140 2141 2142
f 2142 2141 2143
f 2142 2143 2144
f 2144 2143 2145
f 2144 2145 2146
f 2146 2145 2147
f 2146 2147 2148
f 2148 2147 2149
f 2148 2149 2150
f 2150 2149 2151
f 2150 2151 2152
f 2152 2151 2153
f 2152 2153 2154
f 2154 2153 2155
f 2154 2155 2156
f 2156 2155 2157
f 2156 2157 2158
f 2158 2157 2159
f 2158 2159 2160
f 2160 2159 2161
f 2160 2161 2162
f 2162 2161 2163
f 2162 2163 2164
f 2164 2163 2165
f 2164 2165 2166
f 2166 2165 2167
f 2166 2167 2168
f 2168 2167 2169
f 2168 2169 2170
f 2170 2169 2171
f 2170 2171 2172
f 2172 2171 2173
f 2172 2173 2174
f 2174 2173 2175
f 2174 2175 2176
f 2176 2175 2177
f 2176 2177 2178
f 2178 2177 2179
f 2178 2179 2180
f 2180 2179 2181
f 2180 2181 2182
f 2182 2181 2183
f 2182 2183 2184
f 2184 2183 2185
f 2184 2185 2186
f 2186 2185 2187
f 2186 2187 2188
f 2188 2187 2189
f 2188 2189 2190
f 2190 2189 2191
f 2190 2191 2192
f 2192 2191 2108
f 2192 2108 2193
f 2193 2108 2107
f 2193 2107 2194
f 2194 2107 2195
f 2194 2195 2196
f 2196 2195 2197
f 2196 2197 2198
f 2198 2197 2199
f 2198 2199 2200
f 2200 2199 2201
f 2200 2201 2202
f 2202 2201 2203
f 2202 2203 2204
f 2204 2203 2205
f 2204 2205 2206
f 2206 2205 159
f 2206 159 2207
f 2207 159 2208
f 2207 2208 2209
f 2209 2208 2210
f 2209 2210 2211
f 2211 2210 2212
f 2211 2212 2213
f 2213 2212 2214
f 2213 2214 2215
f 2215 2214 2216
f 2215 2216 2217
f 2217 2216 2218
f 2217 2218 2219
f 2219 2218 2220
f 2219 2220 2221
f 2221 2220 2222
f 2221 2222 2178
f 2178 2222 2176
f 2223 2224 2110
f 2110 2224 2225
f 2110 2225 2111
f 2111 2225 2226
f 2111 2226 2227
f 2227 2226 2228
f 2227 2228 2229
f 2229 2228 2230
f 2229 2230 2231
f 2231 2230 2232
f 2231 2232 2233
f 2233 2232 2234
f 2233 2234 2235
f 2235 2234 2236
f 2235 2236 2237
f 2237 2236 2238
f 2237 2238 2239
f 2239 2238 2240
f 2239 2240 2241
f 2241 2240 2242
f 2241 2242 2243
f 2243 2242 2147
f 2243 2147 2145
f 2224 2223 2244
f 2244 2223 2245
f 2244 2245 2246
f 2246 2245 2247
f 2246 2247 2248
f 2248 2247 2249
f 2248 2249 2250
f 2250 2249 2251
f 2250 2251 2252
f 2252 2251 2253
f 2252 2253 2254
f 2254 2253 2255
f 2254 2255 2256
f 2256 2255 2257
f 2256 2257 2258
f 2258 2257 2259
f 2258 2259 2260
f 2260 2259 2261
f 2260 2261 2262
f 2262 2261 2263
f 2262 2263 2264
f 2264 2263 2100
f 2264 2100 2073
f 2264 2073 2265
f 2265 2073 2075
f 2265 2075 2266
f 2266 2075 2267
f 2266 2267 2268
f 2268 2267 2269
f 2268 2269 2270
f 2270 2269 2271
f 2270 2271 2272
f 2272 2271 2273
f 2272 2273 2274
f 2274 2273 2275
f 2274 2275 2276
f 2276 2275 2277
f 2276 2277 2278
f 2278 2277 2279
f 2278 2279 2280
f 2280 2279 2177
f 2280 2177 2175
f 2267 2075 2281
f 2281 2075 2077
f 2281 2077 2282
f 2282 2077 2283
f 2282 2283 2284
f 2284 2283 2285
f 2284 2285 2286
f 2286 2285 2287
f 2286 2287 2288
f 2288 2287 2289
f 2288 2289 2290
f 2290 2289 2183
f 2290 2183 2181
f 2283 2077 2291
f 2291 2077 2109
f 2291 2109 2292
f 2292 2109 2293
f 2292 2293 2294
f 2294 2293 2189
f 2294 2189 2187
f 2109 2108 2293
f 2293 2108 2191
f 2293 2191 2189
f 2107 2106 2195
f 2195 2106 2295
f 2195 2295 2197
f 2197 2295 2296
f 2197 2296 2199
f 2199 2296 2297
f 2199 2297 2201
f 2201 2297 2298
f 2201 2298 2203
f 2203 2298 2299
f 2203 2299 2205
f 2205 2299 157
f 2205 157 159
f 2106 2105 2295
f 2295 2105 2300
f 2295 2300 2296
f 2296 2300 2301
f 2296 2301 2297
f 2297 2301 2302
f 2297 2302 2298
f 2298 2302 2303
f 2298 2303 2299
f 2299 2303 157
f 2300 2105 2304
f 2304 2105 2095
f 2304 2095 2305
f 2305 2095 2096
f 2305 2096 2306
f 2306 2096 155
f 2306 155 2307
f 2307 155 2308
f 2307 2308 2309
f 2309 2308 2302
f 2309 2302 2301
f 155 157 2308
f 2308 157 2303
f 2308 2303 2302
f 2208 159 2310
f 2310 159 196
f 2310 196 2311
f 2311 196 2312
f 2311 2312 2313
f 2313 2312 2314
f 2313 2314 2315
f 2315 2314 2316
f 2315 2316 2317
f 2317 2316 2318
f 2317 2318 2319
f 2319 2318 2320
f 2319 2320 2321
f 2321 2320 2322
f 2321 2322 2323
f 2323 2322 2324
f 2323 2324 2325
f 2325 2324 2326
f 2325 2326 2172
f 2172 2326 2170
f 2312 196 2327
f 2327 196 176
f 2327 176 2328
f 2328 176 2329
f 2328 2329 2330
f 2330 2329 2331
f 2330 2331 2332
f 2332 2331 2333
f 2332 2333 2334
f 2334 2333 2335
f 2334 2335 2336
f 2336 2335 2337
f 2336 2337 2338
f 2338 2337 2339
f 2338 2339 2340
f 2340 2339 2341
f 2340 2341 2342
f 2342 2341 2343
f 2342 2343 2166
f 2166 2343 2164
f 176 175 2329
f 2329 175 2344
f 2329 2344 2331
f 2331 2344 2345
f 2331 2345 2333
f 2333 2345 2346
f 2333 2346 2335
f 2335 2346 2347
f 2335 2347 2337
f 2337 2347 2348
f 2337 2348 2339
f 2339 2348 2349
f 2339 2349 2341
f 2341 2349 2350
f 2341 2350 2343
f 2343 2350 2351
f 2343 2351 2164
f 2164 2351 2162
f 2344 175 2352
f 2352 175 184
f 2352 184 2353
f 2353 184 2354
f 2353 2354 2355
f 2355 2354 2356
f 2355 2356 2357
f 2357 2356 2358
f 2357 2358 2359
f 2359 2358 2360
f 2359 2360 2361
f 2361 2360 2362
f 2361 2362 2363
f 2363 2362 2364
f 2363 2364 2365
f 2365 2364 2366
f 2365 2366 2367
f 2367 2366 2368
f 2367 2368 2158
f 2158 2368 2156
f 184 183 2354
f 2354 183 2369
f 2354 2369 2356
f 2356 2369 2370
f 2356 2370 2358
f 2358 2370 2371
f 2358 2371 2360
f 2360 2371 2372
f 2360 2372 2362
f 2362 2372 2373
f 2362 2373 2364
f 2364 2373 2374
f 2364 2374 2366
f 2366 2374 2375
f 2366 2375 2368
f 2368 2375 2376
f 2368 2376 2156
f 2156 2376 2154
f 2369 183 2377
f 2377 183 190
f 2377 190 2378
f 2378 190 2379
f 2378 2379 2380
f 2380 2379 2381
f 2380 2381 2382
f 2382 2381 2383
f 2382 2383 2384
f 2384 2383 2385
f 2384 2385 2386
f 2386 2385 2387
f 2386 2387 2388
f 2388 2387 2389
f 2388 2389 2390
f 2390 2389 2391
f 2390 2391 2392
f 2392 2391 2393
f 2392 2393 2150
f 2150 2393 2148
f 2379 190 2394
f 2394 190 189
f 2394 189 2395
f 2395 189 2396
f 2395 2396 2397
f 2397 2396 2398
f 2397 2398 2399
f 2399 2398 2400
f 2399 2400 2401
f 2401 2400 2402
f 2401 2402 2403
f 2403 2402 2404
f 2403 2404 2405
f 2405 2404 2406
f 2405 2406 2407
f 2407 2406 2408
f 2407 2408 2409
f 2409 2408 2410
f 2409 2410 2144
f 2144 2410 2142
f 189 194 2396
f 2396 194 2411
f 2396 2411 2398
f 2398 2411 2412
f 2398 2412 2400
f 2400 2412 2413
f 2400 2413 2402
f 2402 2413 2414
f 2402 2414 2404
f 2404 2414 2415
f 2404 2415 2406
f 2406 2415 2416
f 2406 2416 2408
f 2408 2416 2417
f 2408 2417 2410
f 2410 2417 2418
f 2410 2418 2142
f 2142 2418 2140
f 2411 194 2412
f 2412 194 218
f 2412 218 2413
f 2413 218 2414
f 218 216 2414
f 2414 216 2415
f 2415 216 2416
f 2416 216 211
f 2416 211 2417
f 2417 211 2418
f 211 208 2418
f 2418 208 2140
f 206 2419 207
f 207 2419 2420
f 207 2420 2421
f 2421 2420 2422
f 2421 2422 2423
f 2423 2422 2424
f 2423 2424 2425
f 2425 2424 2426
f 2425 2426 2427
f 2427 2426 2428
f 2427 2428 2128
f 2128 2428 2126
f 2419 206 2429
f 2429 206 2430
f 2429 2430 2431
f 2431 2430 2432
f 2431 2432 2433
f 2433 2432 2434
f 2433 2434 2422
f 2422 2434 2424
f 2430 2435 2432
f 2432 2435 2436
f 2432 2436 2434
f 2434 2436 2437
f 2434 2437 2424
f 2424 2437 2426
f 2435 2438 2436
f 2436 2438 2439
f 2436 2439 2437
f 2437 2439 2440
f 2437 2440 2426
f 2426 2440 2428
f 2438 2441 2439
f 2439 2441 2442
f 2439 2442 2440
f 2440 2442 2443
f 2440 2443 2428
f 2428 2443 2126
f 2441 2444 2442
f 2442 2444 2445
f 2442 2445 2443
f 2443 2445 2124
f 2443 2124 2126
f 2444 2446 2445
f 2445 2446 2447
f 2445 2447 2122
f 2122 2447 2120
f 2448 207 2449
f 2449 207 2450
f 2449 2450 2451
f 2451 2450 2423
f 2451 2423 2425
f 2269 2267 2281
f 2262 2264 2452
f 2452 2264 2265
f 2452 2265 2453
f 2453 2265 2266
f 2453 2266 2268
f 2260 2262 2454
f 2454 2262 2452
f 2454 2452 2455
f 2455 2452 2453
f 2455 2453 2456
f 2456 2453 2268
f 2456 2268 2270
f 2258 2260 2457
f 2457 2260 2454
f 2457 2454 2458
f 2458 2454 2455
f 2458 2455 2459
f 2459 2455 2456
f 2459 2456 2460
f 2460 2456 2270
f 2460 2270 2272
f 2256 2258 2461
f 2461 2258 2457
f 2461 2457 2462
f 2462 2457 2458
f 2462 2458 2463
f 2463 2458 2459
f 2463 2459 2464
f 2464 2459 2460
f 2464 2460 2465
f 2465 2460 2272
f 2465 2272 2274
f 2254 2256 2466
f 2466 2256 2461
f 2466 2461 2467
f 2467 2461 2462
f 2467 2462 2468
f 2468 2462 2463
f 2468 2463 2469
f 2469 2463 2464
f 2469 2464 2470
f 2470 2464 2465
f 2470 2465 2471
f 2471 2465 2274
f 2471 2274 2276
f 2252 2254 2472
f 2472 2254 2466
f 2472 2466 2473
f 2473 2466 2467
f 2473 2467 2474
f 2474 2467 2468
f 2474 2468 2475
f 2475 2468 2469
f 2475 2469 2476
f 2476 2469 2470
f 2476 2470 2477
f 2477 2470 2471
f 2477 2471 2478
f 2478 2471 2276
f 2478 2276 2278
f 2250 2252 2479
f 2479 2252 2472
f 2479 2472 2480
f 2480 2472 2473
f 2480 2473 2481
f 2481 2473 2474
f 2481 2474 2482
f 2482 2474 2475
f 2482 2475 2483
f 2483 2475 2476
f 2483 2476 2484
f 2484 2476 2477
f 2484 2477 2485
f 2485 2477 2478
f 2485 2478 2486
f 2486 2478 2278
f 2486 2278 2280
f 2248 2250 2487
f 2487 2250 2479
f 2487 2479 2488
f 2488 2479 2480
f 2488 2480 2489
f 2489 2480 2481
f 2489 2481 2490
f 2490 2481 2482
f 2490 2482 2491
f 2491 2482 2483
f 2491 2483 2492
f 2492 2483 2484
f 2492 2484 2493
f 2493 2484 2485
f 2493 2485 2494
f 2494 2485 2486
f 2494 2486 2495
f 2495 2486 2280
f 2495 2280 2175
f 2246 2248 2496
f 2496 2248 2487
f 2496 2487 2497
f 2497 2487 2488
f 2497 2488 2498
f 2498 2488 2489
f 2498 2489 2499
f 2499 2489 2490
f 2499 2490 2500
f 2500 2490 2491
f 2500 2491 2501
f 2501 2491 2492
f 2501 2492 2502
f 2502 2492 2493
f 2502 2493 2503
f 2503 2493 2494
f 2503 2494 2504
f 2504 2494 2495
f 2504 2495 2173
f 2173 2495 2175
f 2244 2246 2505
f 2505 2246 2496
f 2505 2496 2506
f 2506 2496 2497
f 2506 2497 2507
f 2507 2497 2498
f 2507 2498 2508
f 2508 2498 2499
f 2508 2499 2509
f 2509 2499 2500
f 2509 2500 2510
f 2510 2500 2501
f 2510 2501 2511
f 2511 2501 2502
f 2511 2502 2512
f 2512 2502 2503
f 2512 2503 2513
f 2513 2503 2504
f 2513 2504 2171
f 2171 2504 2173
f 2224 2244 2514
f 2514 2244 2505
f 2514 2505 2515
f 2515 2505 2506
f 2515 2506 2516
f 2516 2506 2507
f 2516 2507 2517
f 2517 2507 2508
f 2517 2508 2518
f 2518 2508 2509
f 2518 2509 2519
f 2519 2509 2510
f 2519 2510 2520
f 2520 2510 2511
f 2520 2511 2521
f 2521 2511 2512
f 2521 2512 2522
f 2522 2512 2513
f 2522 2513 2169
f 2169 2513 2171
f 2225 2224 2523
f 2523 2224 2514
f 2523 2514 2524
f 2524 2514 2515
f 2524 2515 2525
f 2525 2515 2516
f 2525 2516 2526
f 2526 2516 2517
f 2526 2517 2527
f 2527 2517 2518
f 2527 2518 2528
f 2528 2518 2519
f 2528 2519 2529
f 2529 2519 2520
f 2529 2520 2530
f 2530 2520 2521
f 2530 2521 2531
f 2531 2521 2522
f 2531 2522 2167
f 2167 2522 2169
f 2111 2227 2113
f 2113 2227 2532
f 2113 2532 2115
f 2115 2532 2533
f 2115 2533 2117
f 2117 2533 2534
f 2117 2534 2119
f 2119 2534 2535
f 2119 2535 2121
f 2121 2535 2123
f 2124 2445 2122
f 2419 2429 2431
f 2419 2431 2433
f 2225 2523 2226
f 2226 2523 2536
f 2226 2536 2228
f 2228 2536 2537
f 2228 2537 2230
f 2230 2537 2538
f 2230 2538 2232
f 2232 2538 2539
f 2232 2539 2234
f 2234 2539 2540
f 2234 2540 2236
f 2236 2540 2541
f 2236 2541 2238
f 2238 2541 2542
f 2238 2542 2240
f 2240 2542 2543
f 2240 2543 2242
f 2242 2543 2149
f 2242 2149 2147
f 2536 2523 2524
f 2227 2229 2532
f 2532 2229 2544
f 2532 2544 2533
f 2533 2544 2545
f 2533 2545 2534
f 2534 2545 2546
f 2534 2546 2535
f 2535 2546 2547
f 2535 2547 2123
f 2123 2547 2125
f 2420 2419 2433
f 2420 2433 2422
f 2125 2547 2548
f 2548 2547 2549
f 2548 2549 2550
f 2550 2549 2551
f 2550 2551 2552
f 2552 2551 2553
f 2552 2553 2554
f 2554 2553 2237
f 2554 2237 2239
f 2547 2546 2549
f 2549 2546 2555
f 2549 2555 2551
f 2551 2555 2556
f 2551 2556 2553
f 2553 2556 2235
f 2553 2235 2237
f 2546 2545 2555
f 2555 2545 2557
f 2555 2557 2556
f 2556 2557 2233
f 2556 2233 2235
f 2545 2544 2557
f 2557 2544 2231
f 2557 2231 2233
f 2544 2229 2231
f 2536 2524 2558
f 2558 2524 2525
f 2558 2525 2559
f 2559 2525 2526
f 2559 2526 2560
f 2560 2526 2527
f 2560 2527 2561
f 2561 2527 2528
f 2561 2528 2562
f 2562 2528 2529
f 2562 2529 2563
f 2563 2529 2530
f 2563 2530 2564
f 2564 2530 2531
f 2564 2531 2165
f 2165 2531 2167
f 2536 2558 2537
f 2537 2558 2565
f 2537 2565 2538
f 2538 2565 2566
f 2538 2566 2539
f 2539 2566 2567
f 2539 2567 2540
f 2540 2567 2568
f 2540 2568 2541
f 2541 2568 2569
f 2541 2569 2542
f 2542 2569 2570
f 2542 2570 2543
f 2543 2570 2151
f 2543 2151 2149
f 2565 2558 2559
f 2125 2548 2127
f 2127 2548 2571
f 2127 2571 2129
f 2129 2571 2572
f 2129 2572 2131
f 2131 2572 2573
f 2131 2573 2133
f 2133 2573 2574
f 2133 2574 2135
f 2135 2574 2575
f 2135 2575 2137
f 2137 2575 2138
f 2571 2548 2550
f 2128 2130 2427
f 2427 2130 2576
f 2427 2576 2425
f 2425 2576 2451
f 207 2421 2450
f 2450 2421 2423
f 207 2448 2136
f 2136 2448 2134
f 2134 2448 2577
f 2577 2448 2449
f 2577 2449 2451
f 2573 2578 2579
f 2579 2578 2580
f 2579 2580 2581
f 2581 2580 2582
f 2581 2582 2583
f 2583 2582 2243
f 2583 2243 2145
f 2578 2584 2580
f 2580 2584 2585
f 2580 2585 2582
f 2582 2585 2241
f 2582 2241 2243
f 2573 2572 2578
f 2578 2572 2586
f 2578 2586 2584
f 2584 2586 2552
f 2584 2552 2554
f 2584 2554 2585
f 2585 2554 2239
f 2585 2239 2241
f 2567 2587 2588
f 2588 2587 2589
f 2588 2589 2590
f 2590 2589 2591
f 2590 2591 2592
f 2592 2591 2593
f 2592 2593 2159
f 2159 2593 2161
f 2587 2594 2589
f 2589 2594 2595
f 2589 2595 2591
f 2591 2595 2596
f 2591 2596 2593
f 2593 2596 2597
f 2593 2597 2161
f 2161 2597 2163
f 2567 2566 2587
f 2587 2566 2598
f 2587 2598 2594
f 2594 2598 2560
f 2594 2560 2561
f 2594 2561 2595
f 2595 2561 2562
f 2595 2562 2596
f 2596 2562 2563
f 2596 2563 2597
f 2597 2563 2564
f 2597 2564 2163
f 2163 2564 2165
f 2273 2599 2600
f 2600 2599 2286
f 2600 2286 2288
f 2286 2599 2284
f 2284 2599 2601
f 2284 2601 2282
f 2282 2601 2281
f 2601 2599 2271
f 2271 2599 2273
f 2283 2291 2285
f 2285 2291 2602
f 2285 2602 2287
f 2287 2602 2603
f 2287 2603 2289
f 2289 2603 2185
f 2289 2185 2183
f 2273 2600 2275
f 2275 2600 2604
f 2275 2604 2277
f 2277 2604 2605
f 2277 2605 2279
f 2279 2605 2179
f 2279 2179 2177
f 2604 2600 2288
f 2567 2588 2568
f 2568 2588 2606
f 2568 2606 2569
f 2569 2606 2607
f 2569 2607 2570
f 2570 2607 2153
f 2570 2153 2151
f 2606 2588 2590
f 2573 2579 2574
f 2574 2579 2608
f 2574 2608 2575
f 2575 2608 2609
f 2575 2609 2138
f 2138 2609 2139
f 2608 2579 2581
f 2608 2581 2610
f 2610 2581 2583
f 2610 2583 2143
f 2143 2583 2145
f 2606 2590 2611
f 2611 2590 2592
f 2611 2592 2157
f 2157 2592 2159
f 2605 2604 2290
f 2290 2604 2288
f 2603 2602 2294
f 2294 2602 2292
f 2292 2602 2291
f 2185 2603 2187
f 2187 2603 2294
f 2179 2605 2181
f 2181 2605 2290
f 2606 2611 2607
f 2607 2611 2155
f 2607 2155 2153
f 2155 2611 2157
f 2608 2610 2609
f 2609 2610 2141
f 2609 2141 2139
f 2141 2610 2143
f 2190 2192 2612
f 2612 2192 2193
f 2612 2193 2613
f 2613 2193 2194
f 2613 2194 2196
f 2188 2190 2614
f 2614 2190 2612
f 2614 2612 2615
f 2615 2612 2613
f 2615 2613 2616
f 2616 2613 2196
f 2616 2196 2198
f 2186 2188 2617
f 2617 2188 2614
f 2617 2614 2618
f 2618 2614 2615
f 2618 2615 2619
f 2619 2615 2616
f 2619 2616 2620
f 2620 2616 2198
f 2620 2198 2200
f 2184 2186 2621
f 2621 2186 2617
f 2621 2617 2622
f 2622 2617 2618
f 2622 2618 2623
f 2623 2618 2619
f 2623 2619 2624
f 2624 2619 2620
f 2624 2620 2625
f 2625 2620 2200
f 2625 2200 2202
f 2182 2184 2626
f 2626 2184 2621
f 2626 2621 2627
f 2627 2621 2622
f 2627 2622 2628
f 2628 2622 2623
f 2628 2623 2629
f 2629 2623 2624
f 2629 2624 2630
f 2630 2624 2625
f 2630 2625 2631
f 2631 2625 2202
f 2631 2202 2204
f 2221 2178 2180
f 2180 2182 2632
f 2632 2182 2626
f 2632 2626 2633
f 2633 2626 2627
f 2633 2627 2634
f 2634 2627 2628
f 2634 2628 2635
f 2635 2628 2629
f 2635 2629 2636
f 2636 2629 2630
f 2636 2630 2637
f 2637 2630 2631
f 2637 2631 2638
f 2638 2631 2204
f 2638 2204 2206
f 2325 2172 2174
f 2174 2176 2639
f 2639 2176 2222
f 2639 2222 2640
f 2640 2222 2220
f 2640 2220 2641
f 2641 2220 2218
f 2641 2218 2642
f 2642 2218 2216
f 2642 2216 2643
f 2643 2216 2214
f 2643 2214 2644
f 2644 2214 2212
f 2644 2212 2645
f 2645 2212 2210
f 2645 2210 2310
f 2310 2210 2208
f 2342 2166 2168
f 2168 2170 2646
f 2646 2170 2326
f 2646 2326 2647
f 2647 2326 2324
f 2647 2324 2648
f 2648 2324 2322
f 2648 2322 2649
f 2649 2322 2320
f 2649 2320 2650
f 2650 2320 2318
f 2650 2318 2651
f 2651 2318 2316
f 2651 2316 2652
f 2652 2316 2314
f 2652 2314 2327
f 2327 2314 2312
f 2367 2158 2160
f 2160 2162 2653
f 2653 2162 2351
f 2653 2351 2654
f 2654 2351 2350
f 2654 2350 2655
f 2655 2350 2349
f 2655 2349 2656
f 2656 2349 2348
f 2656 2348 2657
f 2657 2348 2347
f 2657 2347 2658
f 2658 2347 2346
f 2658 2346 2659
f 2659 2346 2345
f 2659 2345 2352
f 2352 2345 2344
f 2392 2150 2152
f 2152 2154 2660
f 2660 2154 2376
f 2660 2376 2661
f 2661 2376 2375
f 2661 2375 2662
f 2662 2375 2374
f 2662 2374 2663
f 2663 2374 2373
f 2663 2373 2664
f 2664 2373 2372
f 2664 2372 2665
f 2665 2372 2371
f 2665 2371 2666
f 2666 2371 2370
f 2666 2370 2377
f 2377 2370 2369
f 2409 2144 2146
f 2146 2148 2667
f 2667 2148 2393
f 2667 2393 2668
f 2668 2393 2391
f 2668 2391 2669
f 2669 2391 2389
f 2669 2389 2670
f 2670 2389 2387
f 2670 2387 2671
f 2671 2387 2385
f 2671 2385 2672
f 2672 2385 2383
f 2672 2383 2673
f 2673 2383 2381
f 2673 2381 2394
f 2394 2381 2379
f 2407 2668 2405
f 2405 2668 2669
f 2405 2669 2403
f 2403 2669 2670
f 2403 2670 2401
f 2401 2670 2671
f 2401 2671 2399
f 2399 2671 2672
f 2399 2672 2397
f 2397 2672 2673
f 2397 2673 2395
f 2395 2673 2394
f 2668 2407 2667
f 2667 2407 2409
f 2667 2409 2146
f 2390 2661 2388
f 2388 2661 2662
f 2388 2662 2386
f 2386 2662 2663
f 2386 2663 2384
f 2384 2663 2664
f 2384 2664 2382
f 2382 2664 2665
f 2382 2665 2380
f 2380 2665 2666
f 2380 2666 2378
f 2378 2666 2377
f 2661 2390 2660
f 2660 2390 2392
f 2660 2392 2152
f 2365 2654 2363
f 2363 2654 2655
f 2363 2655 2361
f 2361 2655 2656
f 2361 2656 2359
f 2359 2656 2657
f 2359 2657 2357
f 2357 2657 2658
f 2357 2658 2355
f 2355 2658 2659
f 2355 2659 2353
f 2353 2659 2352
f 2654 2365 2653
f 2653 2365 2367
f 2653 2367 2160
f 2340 2647 2338
f 2338 2647 2648
f 2338 2648 2336
f 2336 2648 2649
f 2336 2649 2334
f 2334 2649 2650
f 2334 2650 2332
f 2332 2650 2651
f 2332 2651 2330
f 2330 2651 2652
f 2330 2652 2328
f 2328 2652 2327
f 2647 2340 2646
f 2646 2340 2342
f 2646 2342 2168
f 2323 2640 2321
f 2321 2640 2641
f 2321 2641 2319
f 2319 2641 2642
f 2319 2642 2317
f 2317 2642 2643
f 2317 2643 2315
f 2315 2643 2644
f 2315 2644 2313
f 2313 2644 2645
f 2313 2645 2311
f 2311 2645 2310
f 2640 2323 2639
f 2639 2323 2325
f 2639 2325 2174
f 2219 2633 2217
f 2217 2633 2634
f 2217 2634 2215
f 2215 2634 2635
f 2215 2635 2213
f 2213 2635 2636
f 2213 2636 2211
f 2211 2636 2637
f 2211 2637 2209
f 2209 2637 2638
f 2209 2638 2207
f 2207 2638 2206
f 2633 2219 2632
f 2632 2219 2221
f 2632 2221 2180
f 2309 2301 2304
f 2304 2301 2300
f 2307 2309 2305
f 2305 2309 2304
f 2306 2307 2305
f 2451 2576 2577
f 2577 2576 2132
f 2577 2132 2134
f 2576 2130 2132
f 2586 2572 2571
f 2552 2586 2550
f 2550 2586 2571
f 2598 2566 2565
f 2560 2598 2559
f 2559 2598 2565
f 2601 2271 2269
f 2269 2281 2601
f 2674 2675 2676
f 2676 2675 2677
f 2676 2677 2678
f 2678 2677 2679
f 2678 2679 2680
f 2680 2679 2681
f 2680 2681 2682
f 2682 2681 2683
f 2682 2683 2684
f 2684 2683 2685
f 2684 2685 2686
f 2686 2685 2687
f 2686 2687 2688
f 2688 2687 2689
f 2688 2689 2690
f 2690 2689 2691
f 2690 2691 2692
f 2692 2691 2693
f 2692 2693 2694
f 2694 2693 2695
f 2694 2695 2696
f 2696 2695 2697
f 2696 2697 2698
f 2698 2697 2699
f 2698 2699 2700
f 2700 2699 2701
f 2700 2701 2702
f 2702 2701 2703
f 2702 2703 2704
f 2704 2703 2705
f 2704 2705 2706
f 2706 2705 2707
f 2706 2707 2708
f 2708 2707 2709
f 2708 2709 2710
f 2710 2709 2711
f 2710 2711 2712
f 2674 2713 2675
f 2675 2713 2714
f 2675 2714 2715
f 2715 2716 2675
f 2675 2716 2717
f 2675 2717 2718
f 2718 2717 2719
f 2718 2719 2720
f 2720 2719 2721
f 2720 2721 2722
f 2717 2723 2719
f 2719 2723 2724
f 2719 2724 2721
f 2725 2726 2722
f 2722 2726 2727
f 2722 2727 2720
f 2720 2727 2728
f 2720 2728 2718
f 2718 2728 2729
f 2718 2729 2677
f 2677 2729 2679
f 2730 2731 2725
f 2725 2731 2732
f 2725 2732 2733
f 2733 2732 2734
f 2733 2734 2735
f 2735 2734 2736
f 2735 2736 2737
f 2737 2736 2685
f 2737 2685 2683
f 2738 2739 2730
f 2730 2739 2740
f 2730 2740 2731
f 2731 2740 2741
f 2731 2741 2742
f 2742 2741 2743
f 2742 2743 2744
f 2744 2743 2689
f 2744 2689 2687
f 2745 2746 2738
f 2738 2746 2747
f 2738 2747 2739
f 2739 2747 2748
f 2739 2748 2749
f 2749 2748 2750
f 2749 2750 2751
f 2751 2750 2693
f 2751 2693 2691
f 2746 2745 2752
f 2752 2745 2753
f 2752 2753 2754
f 2754 2753 2755
f 2754 2755 2756
f 2756 2755 2757
f 2756 2757 2758
f 2758 2757 2759
f 2758 2759 2705
f 2705 2759 2707
f 2757 2760 2759
f 2759 2760 2707
f 2760 2761 2707
f 2707 2761 2709
f 2762 2763 2712
f 2712 2763 2764
f 2712 2764 2710
f 2710 2764 2765
f 2710 2765 2708
f 2708 2765 2249
f 2708 2249 2706
f 2706 2249 2247
f 2706 2247 2704
f 2704 2247 2245
f 2704 2245 2702
f 2702 2245 2223
f 2702 2223 2766
f 2766 2223 2110
f 2766 2110 2767
f 2767 2110 2112
f 2767 2112 2114
f 2763 2762 2768
f 2768 2762 2769
f 2768 2769 2770
f 2770 2769 2771
f 2770 2771 2772
f 2772 2771 2773
f 2772 2773 2774
f 2774 2773 2775
f 2774 2775 2776
f 2776 2775 2777
f 2776 2777 2778
f 2778 2777 2779
f 2778 2779 2780
f 2771 2781 2773
f 2773 2781 2782
f 2773 2782 2783
f 2781 2784 2782
f 2783 2785 2773
f 2773 2785 2775
f 2785 2786 2775
f 2775 2786 2777
f 2778 2780 2787
f 2787 2780 2788
f 2787 2788 2789
f 2789 2790 2787
f 2787 2790 2791
f 2787 2791 2100
f 2100 2791 2792
f 2100 2792 2101
f 2101 2792 2793
f 2101 2793 2794
f 2794 2793 2795
f 2794 2795 2796
f 2796 2795 2797
f 2796 2797 2798
f 2798 2797 2799
f 2798 2799 2800
f 2800 2799 2801
f 2800 2801 2802
f 2802 2801 2803
f 2802 2803 2804
f 2804 2803 2805
f 2804 2805 2806
f 2806 2805 2807
f 2806 2807 2808
f 2808 2807 2809
f 2808 2809 2810
f 2810 2809 2811
f 2810 2811 2812
f 2812 2811 2813
f 2812 2813 2814
f 2814 2813 2815
f 2814 2815 2816
f 2816 2815 2817
f 2816 2817 2818
f 2818 2817 2819
f 2818 2819 2820
f 2820 2819 2821
f 2820 2821 2822
f 2822 2821 2823
f 2822 2823 2824
f 2824 2823 2825
f 2824 2825 2826
f 2790 2827 2791
f 2791 2827 2828
f 2791 2828 2829
f 2829 2828 2830
f 2829 2830 2831
f 2831 2830 2832
f 2831 2832 2833
f 2833 2832 2834
f 2833 2834 2835
f 2835 2834 2836
f 2835 2836 2837
f 2837 2836 2838
f 2837 2838 2839
f 2839 2838 2840
f 2839 2840 2841
f 2841 2840 2842
f 2841 2842 2843
f 2843 2842 2844
f 2843 2844 2845
f 2845 2844 2846
f 2845 2846 2847
f 2847 2846 2848
f 2847 2848 2849
f 2849 2848 2850
f 2849 2850 2851
f 2851 2850 2852
f 2851 2852 2853
f 2853 2852 2854
f 2853 2854 2855
f 2855 2854 2856
f 2856 2854 2857
f 2856 2857 2858
f 2858 2857 2859
f 2859 2857 2860
f 2860 2857 2861
f 2860 2861 2862
f 2862 2861 2863
f 2862 2863 2864
f 2864 2863 2865
f 2864 2865 2866
f 2866 2865 2867
f 2866 2867 2868
f 2868 2867 2844
f 2868 2844 2842
f 2828 2869 2830
f 2830 2869 2870
f 2830 2870 2871
f 2872 2873 2871
f 2871 2873 2832
f 2871 2832 2830
f 2872 2874 2873
f 2873 2874 2875
f 2873 2875 2834
f 2834 2875 2836
f 2875 2874 2876
f 2876 2874 2877
f 2876 2877 2878
f 2879 2880 2878
f 2878 2880 2876
f 2876 2880 2881
f 2881 2880 2882
f 2881 2882 2883
f 2883 2882 2884
f 2883 2884 2885
f 2885 2884 2866
f 2885 2866 2868
f 2884 2886 2866
f 2866 2886 2864
f 2853 2887 2851
f 2851 2887 2888
f 2851 2888 2849
f 2849 2888 2889
f 2849 2889 2847
f 2847 2889 2890
f 2847 2890 2845
f 2845 2890 2891
f 2845 2891 2843
f 2843 2891 2892
f 2843 2892 2841
f 2841 2892 2893
f 2841 2893 2839
f 2839 2893 2894
f 2839 2894 2837
f 2837 2894 2895
f 2837 2895 2835
f 2835 2895 2896
f 2835 2896 2833
f 2833 2896 2897
f 2833 2897 2831
f 2831 2897 2898
f 2831 2898 2829
f 2829 2898 2899
f 2829 2899 2791
f 2791 2899 2792
f 2887 2900 2888
f 2888 2900 2901
f 2888 2901 2889
f 2889 2901 2902
f 2889 2902 2890
f 2890 2902 2903
f 2890 2903 2891
f 2891 2903 2904
f 2891 2904 2892
f 2892 2904 2905
f 2892 2905 2893
f 2893 2905 2906
f 2893 2906 2894
f 2894 2906 2907
f 2894 2907 2895
f 2895 2907 2908
f 2895 2908 2896
f 2896 2908 2909
f 2896 2909 2897
f 2897 2909 2910
f 2897 2910 2898
f 2898 2910 2911
f 2898 2911 2899
f 2899 2911 2912
f 2899 2912 2792
f 2792 2912 2793
f 2901 2900 2913
f 2913 2900 2914
f 2913 2914 2915
f 2915 2914 2916
f 2915 2916 2917
f 2917 2916 2918
f 2917 2918 2919
f 2919 2918 2920
f 2919 2920 2921
f 2921 2920 2922
f 2921 2922 2923
f 2923 2922 2924
f 2923 2924 2925
f 2925 2924 2926
f 2925 2926 2927
f 2927 2926 2928
f 2927 2928 2929
f 2929 2928 2930
f 2929 2930 2931
f 2931 2930 2932
f 2931 2932 2933
f 2933 2932 2934
f 2933 2934 2935
f 2935 2934 2936
f 2935 2936 2937
f 2937 2936 2938
f 2937 2938 2797
f 2797 2938 2799
f 2914 2939 2916
f 2916 2939 2940
f 2916 2940 2941
f 2941 2940 2942
f 2942 2940 2943
f 2943 2940 2939
f 2943 2939 2944
f 2945 2946 2944
f 2944 2946 2947
f 2944 2947 2943
f 2948 2949 2945
f 2945 2949 2950
f 2945 2950 2946
f 2951 2952 2948
f 2948 2952 2953
f 2948 2953 2949
f 2954 2955 2951
f 2951 2955 2956
f 2951 2956 2957
f 2955 2954 2958
f 2958 2954 2959
f 2958 2959 2960
f 2960 2959 2961
f 2960 2961 2962
f 2962 2961 2963
f 2962 2963 2964
f 2964 2963 2819
f 2964 2819 2817
f 2959 2965 2961
f 2961 2965 2966
f 2961 2966 2963
f 2963 2966 2821
f 2963 2821 2819
f 2966 2965 2823
f 2823 2965 2825
f 2967 2968 2826
f 2826 2968 2969
f 2826 2969 2970
f 2970 2969 2971
f 2970 2971 2972
f 2972 2971 2973
f 2972 2973 2974
f 2974 2973 2975
f 2974 2975 2976
f 2976 2975 2977
f 2976 2977 2978
f 2978 2977 2979
f 2978 2979 2980
f 2980 2979 2981
f 2980 2981 2982
f 2982 2981 2983
f 2982 2983 2984
f 2984 2983 2985
f 2984 2985 2986
f 2986 2985 2987
f 2986 2987 2988
f 2988 2987 2989
f 2988 2989 2990
f 2990 2989 2991
f 2990 2991 2992
f 2992 2991 2993
f 2992 2993 2802
f 2802 2993 2800
f 2968 2994 2969
f 2969 2994 2995
f 2969 2995 2971
f 2971 2995 2996
f 2971 2996 2973
f 2973 2996 2997
f 2973 2997 2975
f 2975 2997 2998
f 2975 2998 2977
f 2977 2998 2999
f 2977 2999 2979
f 2979 2999 3000
f 2979 3000 2981
f 2981 3000 3001
f 2981 3001 2983
f 2983 3001 3002
f 2983 3002 2985
f 2985 3002 3003
f 2985 3003 2987
f 2987 3003 3004
f 2987 3004 2989
f 2989 3004 3005
f 2989 3005 2991
f 2991 3005 3006
f 2991 3006 2993
f 2994 3007 2995
f 2995 3007 3008
f 2995 3008 2996
f 2996 3008 3009
f 2996 3009 2997
f 2997 3009 3010
f 2997 3010 2998
f 2998 3010 3011
f 2998 3011 2999
f 2999 3011 3012
f 2999 3012 3000
f 3000 3012 3013
f 3000 3013 3001
f 3001 3013 3014
f 3001 3014 3002
f 3002 3014 3015
f 3002 3015 3003
f 3003 3015 3016
f 3003 3016 3004
f 3004 3016 3017
f 3004 3017 3005
f 3005 3017 3018
f 3005 3018 3006
f 3007 3019 3008
f 3008 3019 3020
f 3008 3020 3021
f 3021 3020 3022
f 3021 3022 3023
f 3023 3022 3024
f 3023 3024 3025
f 3025 3024 3026
f 3025 3026 3027
f 3025 3027 3028
f 3028 3027 3029
f 3028 3029 3030
f 3030 3029 3031
f 3030 3031 3032
f 3032 3031 3033
f 3032 3033 3034
f 3034 3033 3035
f 3034 3035 3036
f 3036 3035 3037
f 3036 3037 3038
f 3038 3037 3039
f 3038 3039 3040
f 3040 3039 3041
f 3040 3041 3042
f 3042 3041 3043
f 3042 3043 3044
f 3044 3043 3045
f 3044 3045 3046
f 3046 3045 3047
f 3046 3047 3048
f 2678 2680 3048
f 3048 2680 3049
f 3048 3049 3046
f 3046 3049 3050
f 3046 3050 3051
f 3051 3050 3052
f 3051 3052 3053
f 3053 3052 3054
f 3053 3054 3055
f 3055 3054 3056
f 3055 3056 3057
f 3057 3056 3058
f 3057 3058 3059
f 3059 3058 3060
f 3059 3060 3061
f 3061 3060 3062
f 3061 3062 3063
f 3063 3062 2116
f 3063 2116 2118
f 2767 2114 3064
f 3064 2114 2116
f 3064 2116 3062
f 3063 2118 3061
f 3061 2118 2120
f 3061 2120 3059
f 3059 2120 2447
f 3059 2447 3057
f 3057 2447 3065
f 3057 3065 3066
f 3066 3065 2444
f 3066 2444 2441
f 2447 2446 3065
f 3065 2446 2444
f 3066 2441 3067
f 3067 2441 2438
f 3067 2438 2435
f 2430 3068 2435
f 2435 3068 3069
f 2435 3069 3070
f 3070 3069 3071
f 3070 3071 3072
f 3072 3071 3040
f 3072 3040 3042
f 206 3073 2430
f 2430 3073 3074
f 2430 3074 3069
f 3069 3074 3075
f 3069 3075 3071
f 3071 3075 3038
f 3071 3038 3040
f 204 3076 206
f 206 3076 3077
f 206 3077 3074
f 3074 3077 3078
f 3074 3078 3075
f 3075 3078 3036
f 3075 3036 3038
f 3076 204 3079
f 3079 204 3080
f 3079 3080 3081
f 3081 3080 3082
f 3081 3082 3083
f 3084 3085 3083
f 3083 3085 3086
f 3083 3086 3081
f 3081 3086 3087
f 3081 3087 3088
f 3088 3087 3089
f 3088 3089 3090
f 3090 3089 3091
f 3090 3091 3092
f 3092 3091 3093
f 3092 3093 3094
f 3094 3093 3095
f 3094 3095 3025
f 3025 3095 3023
f 3085 3084 3096
f 3096 3084 3097
f 3096 3097 3098
f 3098 3097 3099
f 3098 3099 3100
f 3098 3100 3017
f 3017 3100 3018
f 2100 2263 2787
f 2787 2263 2778
f 2778 2263 2776
f 2776 2263 2261
f 2776 2261 2774
f 2774 2261 3101
f 2774 3101 2772
f 2772 3101 2770
f 2261 2259 3101
f 3101 2259 3102
f 3101 3102 2770
f 2770 3102 2768
f 2259 2257 3102
f 3102 2257 2768
f 2257 2255 2768
f 2768 2255 2763
f 2255 2253 2763
f 2763 2253 2764
f 2253 2251 2764
f 2764 2251 2765
f 2251 2249 2765
f 3103 3104 3105
f 3105 3104 3106
f 3105 3106 3107
f 3107 3106 3108
f 3107 3108 3109
f 3109 3108 3110
f 3109 3110 3111
f 3111 3110 3112
f 3111 3112 3113
f 3113 3112 3114
f 3113 3114 2932
f 2932 3114 2934
f 3103 3115 3104
f 3104 3115 3116
f 3104 3116 3106
f 3106 3116 3117
f 3106 3117 3118
f 3118 3117 3119
f 3118 3119 3120
f 3120 3119 3121
f 3120 3121 3122
f 3122 3121 2811
f 3122 2811 2809
f 3115 3123 3116
f 3116 3123 3124
f 3116 3124 3125
f 3125 3124 2955
f 3125 2955 2958
f 3123 3126 3124
f 3124 3126 3127
f 3124 3127 3128
f 3129 3130 3128
f 3128 3130 2955
f 3128 2955 3124
f 3129 2956 3130
f 3130 2956 2955
f 2957 2952 2951
f 2916 2941 2918
f 2918 2941 3131
f 2918 3131 3132
f 3132 3133 2918
f 2918 3133 2920
f 3133 3134 2920
f 2920 3134 3135
f 2920 3135 2922
f 2922 3135 3136
f 2922 3136 3137
f 3137 3136 3138
f 3137 3138 2924
f 2924 3138 3139
f 2924 3139 3140
f 3140 3139 3141
f 3140 3141 3142
f 3142 3141 3139
f 3140 3142 3143
f 3143 3142 3144
f 3143 3144 3145
f 3143 3145 3146
f 3146 3145 3147
f 3146 3147 3107
f 3107 3147 3148
f 3107 3148 3105
f 2700 2702 2766
f 2675 2718 2677
f 2728 3149 3150
f 3150 3149 2737
f 3150 2737 2683
f 2737 3149 2735
f 2735 3149 2726
f 2735 2726 2733
f 2733 2726 2725
f 2726 3149 2727
f 2727 3149 2728
f 2736 2734 2744
f 2744 2734 2742
f 2731 2742 2732
f 2732 2742 2734
f 2743 2741 2751
f 2751 2741 2749
f 2739 2749 2740
f 2740 2749 2741
f 2748 3151 3152
f 3152 3151 3153
f 3152 3153 2697
f 2697 3153 2699
f 3151 3154 3153
f 3153 3154 3155
f 3153 3155 2699
f 2699 3155 2701
f 2748 2747 3151
f 3151 2747 2746
f 3151 2746 3154
f 3154 2746 2752
f 3154 2752 2754
f 3154 2754 3155
f 3155 2754 3156
f 3155 3156 2701
f 2701 3156 2703
f 2754 2756 3156
f 3156 2756 2758
f 3156 2758 2703
f 2703 2758 2705
f 2748 3152 2750
f 2750 3152 2695
f 2750 2695 2693
f 2695 3152 2697
f 2689 2743 2691
f 2691 2743 2751
f 2685 2736 2687
f 2687 2736 2744
f 2728 3150 2729
f 2729 3150 2681
f 2729 2681 2679
f 2681 3150 2683
f 2766 2767 2700
f 2700 2767 2698
f 2767 3064 2698
f 2698 3064 2696
f 3064 3062 2696
f 2696 3062 2694
f 3062 3060 2694
f 2694 3060 2692
f 3060 3058 2692
f 2692 3058 2690
f 3058 3056 2690
f 2690 3056 2688
f 3056 3054 2688
f 2688 3054 2686
f 3054 3052 2686
f 2686 3052 2684
f 3049 2680 2682
f 3052 3050 2684
f 2684 3050 2682
f 3050 3049 2682
f 2937 2797 2795
f 2795 2793 3157
f 3157 2793 2912
f 3157 2912 3158
f 3158 2912 2911
f 3158 2911 3159
f 3159 2911 2910
f 3159 2910 3160
f 3160 2910 2909
f 3160 2909 3161
f 3161 2909 2908
f 3161 2908 3162
f 3162 2908 2907
f 3162 2907 3163
f 3163 2907 2906
f 3163 2906 3164
f 3164 2906 2905
f 3164 2905 3165
f 3165 2905 2904
f 3165 2904 3166
f 3166 2904 2903
f 3166 2903 3167
f 3167 2903 2902
f 3167 2902 2913
f 2913 2902 2901
f 2801 2799 3168
f 3168 2799 2938
f 3168 2938 3169
f 3169 2938 2936
f 3169 2936 3170
f 3170 2936 2934
f 3170 2934 3114
f 2990 2992 2804
f 2804 2992 2802
f 3017 3016 3098
f 3098 3016 3171
f 3098 3171 3096
f 3096 3171 3086
f 3096 3086 3085
f 2935 2937 3157
f 3157 2937 2795
f 2935 3157 3158
f 2801 3168 2803
f 2803 3168 3172
f 2803 3172 2805
f 2805 3172 3173
f 2805 3173 2807
f 2807 3173 3174
f 2807 3174 2809
f 2809 3174 3122
f 3172 3168 3169
f 2988 2990 2806
f 2806 2990 2804
f 3016 3015 3171
f 3171 3015 3175
f 3171 3175 3086
f 3086 3175 3087
f 3081 3088 3079
f 3079 3088 3176
f 3079 3176 3076
f 3076 3176 3177
f 3076 3177 3077
f 3077 3177 3178
f 3077 3178 3078
f 3078 3178 3034
f 3078 3034 3036
f 3074 3073 206
f 2834 2832 2873
f 2933 2935 3158
f 2933 3158 3159
f 3172 3169 3179
f 3179 3169 3170
f 3179 3170 3180
f 3180 3170 3114
f 3180 3114 3112
f 2986 2988 2808
f 2808 2988 2806
f 3015 3014 3175
f 3175 3014 3181
f 3175 3181 3087
f 3087 3181 3089
f 3088 3090 3176
f 3176 3090 3182
f 3176 3182 3177
f 3177 3182 3183
f 3177 3183 3178
f 3178 3183 3032
f 3178 3032 3034
f 2875 2876 3184
f 3184 2876 2881
f 3184 2881 3185
f 3185 2881 2883
f 3185 2883 3186
f 3186 2883 2885
f 3186 2885 2868
f 2931 2933 3159
f 2931 3159 3160
f 3172 3179 3173
f 3173 3179 3187
f 3173 3187 3174
f 3174 3187 3188
f 3174 3188 3122
f 3122 3188 3120
f 3187 3179 3180
f 2984 2986 2810
f 2810 2986 2808
f 3014 3013 3181
f 3181 3013 3189
f 3181 3189 3089
f 3089 3189 3091
f 3090 3092 3182
f 3182 3092 3190
f 3182 3190 3183
f 3183 3190 3030
f 3183 3030 3032
f 2838 2836 3184
f 3184 2836 2875
f 2838 3184 3185
f 2929 2931 3160
f 2929 3160 3161
f 3113 2932 2930
f 3187 3180 3191
f 3191 3180 3112
f 3191 3112 3110
f 2982 2984 2812
f 2812 2984 2810
f 3013 3012 3189
f 3189 3012 3192
f 3189 3192 3091
f 3091 3192 3093
f 3028 3030 3190
f 3028 3190 3094
f 3094 3190 3092
f 2840 2838 3185
f 2840 3185 3186
f 2927 2929 3161
f 2927 3161 3162
f 3113 2930 3193
f 3193 2930 2928
f 3193 2928 3194
f 3194 2928 2926
f 3194 2926 3140
f 3140 2926 2924
f 3187 3191 3188
f 3188 3191 3195
f 3188 3195 3120
f 3120 3195 3118
f 3195 3191 3110
f 2813 2811 3121
f 2980 2982 2814
f 2814 2982 2812
f 3012 3011 3192
f 3192 3011 3196
f 3192 3196 3093
f 3093 3196 3095
f 3025 3028 3094
f 3095 3196 3197
f 3197 3196 3010
f 3197 3010 3009
f 3196 3011 3010
f 2978 2980 2816
f 2816 2980 2814
f 2813 3121 3198
f 3198 3121 3119
f 3198 3119 3199
f 3199 3119 3117
f 3199 3117 3200
f 3200 3117 3116
f 3200 3116 3125
f 3118 3195 3108
f 3108 3195 3110
f 3111 3193 3201
f 3201 3193 3194
f 3201 3194 3143
f 3143 3194 3140
f 3193 3111 3113
f 2927 3162 2925
f 2925 3162 3163
f 2925 3163 2923
f 2923 3163 3164
f 2923 3164 2921
f 2921 3164 3165
f 2921 3165 2919
f 2919 3165 3166
f 2919 3166 2917
f 2917 3166 3167
f 2917 3167 2915
f 2915 3167 2913
f 2868 2842 3186
f 3186 2842 2840
f 3111 3201 3109
f 3109 3201 3146
f 3109 3146 3107
f 3146 3201 3143
f 3106 3118 3108
f 2813 3198 2815
f 2815 3198 3202
f 2815 3202 2817
f 2817 3202 2964
f 3202 3198 3199
f 2976 2978 2818
f 2818 2978 2816
f 3021 3023 3197
f 3197 3023 3095
f 3021 3197 3009
f 2846 2844 2867
f 2846 2867 2863
f 2863 2867 2865
f 3137 2924 2922
f 3202 3199 3203
f 3203 3199 3200
f 3203 3200 3204
f 3204 3200 3125
f 3204 3125 2958
f 2974 2976 2820
f 2820 2976 2818
f 3008 3021 3009
f 2846 2863 2848
f 2848 2863 2861
f 2848 2861 2850
f 2850 2861 2857
f 2850 2857 2852
f 2852 2857 2854
f 2824 2826 2970
f 2822 2824 2972
f 2972 2824 2970
f 2821 2966 2823
f 3204 2958 2960
f 3204 2960 2962
f 2820 2822 2974
f 2974 2822 2972
f 3203 3204 2962
f 3203 2962 2964
f 3202 3203 2964
f 3069 3068 2430
f 3072 3042 3205
f 3205 3042 3044
f 3205 3044 3051
f 3051 3044 3046
f 3066 3067 3070
f 3070 3067 2435
f 3070 3072 3206
f 3206 3072 3205
f 3206 3205 3053
f 3053 3205 3051
f 3070 3206 3066
f 3066 3206 3055
f 3066 3055 3057
f 3055 3206 3053
f 3207 3208 3209
f 3209 3208 3210
f 3209 3210 3211
f 3211 3210 3212
f 3211 3212 3213
f 3213 3212 3214
f 3213 3214 3215
f 3215 3214 3216
f 3215 3216 3217
f 3217 3216 3218
f 3217 3218 3219
f 3219 3218 3220
f 3219 3220 3221
f 3221 3220 3222
f 3221 3222 3223
f 3223 3222 3224
f 3223 3224 3225
f 3225 3224 3226
f 3225 3226 3227
f 3227 3226 3228
f 3227 3228 3229
f 3229 3228 3230
f 3229 3230 3231
f 3231 3230 3232
f 3231 3232 3233
f 3233 3232 3234
f 3233 3234 3235
f 3235 3234 3236
f 3235 3236 3237
f 3237 3236 3238
f 3237 3238 3239
f 3239 3238 3240
f 3239 3240 3241
f 3241 3240 3242
f 3241 3242 3243
f 3243 3242 3244
f 3243 3244 3245
f 3245 3244 3246
f 3245 3246 3247
f 3247 3246 3248
f 3247 3248 3249
f 3249 3248 3250
f 3249 3250 3251
f 3251 3250 3252
f 3251 3252 3253
f 3253 3252 3254
f 3253 3254 3255
f 3255 3254 3256
f 3255 3256 3257
f 3257 3256 3258
f 3257 3258 3259
f 3259 3258 3260
f 3259 3260 3261
f 3261 3260 3262
f 3261 3262 3263
f 3263 3262 88
f 3263 88 3264
f 3264 88 3265
f 3264 3265 3266
f 3266 3265 3267
f 3266 3267 3268
f 3268 3267 3269
f 3268 3269 3270
f 3270 3269 3271
f 3270 3271 3272
f 3272 3271 3273
f 3272 3273 3274
f 3274 3273 3275
f 3274 3275 3276
f 3276 3275 3277
f 3276 3277 3278
f 3278 3277 3279
f 3278 3279 3280
f 3280 3279 3281
f 3280 3281 3282
f 3282 3281 3283
f 3282 3283 3284
f 3284 3283 3285
f 3284 3285 3286
f 3286 3285 3287
f 3286 3287 3288
f 3288 3287 3289
f 3288 3289 3290
f 3290 3289 3291
f 3290 3291 3292
f 3292 3291 3293
f 3292 3293 3294
f 3294 3293 70
f 3294 70 3295
f 3295 70 3296
f 3295 3296 3297
f 3297 3296 3298
f 3297 3298 3299
f 3299 3298 3300
f 3299 3300 3301
f 3301 3300 3302
f 3301 3302 3303
f 3303 3302 3304
f 3303 3304 3305
f 3305 3304 3306
f 3305 3306 3307
f 3307 3306 3308
f 3307 3308 3309
f 3309 3308 3310
f 3309 3310 3311
f 3311 3310 3312
f 3311 3312 3313
f 3313 3312 3314
f 3313 3314 3315
f 3315 3314 3316
f 3315 3316 3317
f 3317 3316 3318
f 3317 3318 3319
f 3319 3318 3320
f 3319 3320 3321
f 3321 3320 3322
f 3321 3322 3323
f 3323 3322 3324
f 3323 3324 3325
f 3325 3324 3326
f 3325 3326 3231
f 3231 3326 3229
f 3208 3207 3327
f 3327 3207 3328
f 3327 3328 3329
f 3327 3329 3330
f 3330 3329 3331
f 3330 3331 3332
f 3332 3331 3333
f 3332 3333 3334
f 3334 3333 3335
f 3334 3335 3336
f 3336 3335 3337
f 3336 3337 3338
f 3338 3337 3339
f 3338 3339 3340
f 3340 3339 3341
f 3340 3341 3342
f 3342 3341 3343
f 3342 3343 3344
f 3344 3343 3345
f 3344 3345 3346
f 3346 3345 3347
f 3346 3347 3348
f 3348 3347 3349
f 3348 3349 3350
f 3350 3349 3351
f 3350 3351 3352
f 3352 3351 3353
f 3352 3353 3354
f 3354 3353 3355
f 3354 3355 3234
f 3234 3355 3236
f 3351 3356 3353
f 3353 3356 3357
f 3353 3357 3355
f 3355 3357 3358
f 3355 3358 3236
f 3236 3358 3238
f 3356 3359 3357
f 3357 3359 3360
f 3357 3360 3358
f 3358 3360 3361
f 3358 3361 3238
f 3238 3361 3240
f 3359 3362 3360
f 3360 3362 3363
f 3360 3363 3361
f 3361 3363 3364
f 3361 3364 3240
f 3240 3364 3242
f 3362 3365 3363
f 3363 3365 3366
f 3363 3366 3364
f 3364 3366 3367
f 3364 3367 3242
f 3242 3367 3244
f 3365 3368 3366
f 3366 3368 3369
f 3366 3369 3367
f 3367 3369 3370
f 3367 3370 3244
f 3244 3370 3246
f 3369 3368 3371
f 3371 3368 3372
f 3371 3372 3373
f 3373 3372 3374
f 3373 3374 3375
f 3373 3375 3376
f 3376 3375 3377
f 3376 3377 3378
f 3378 3377 3379
f 3378 3379 3380
f 3380 3379 3381
f 3380 3381 3382
f 3382 3381 3383
f 3382 3383 3384
f 3384 3383 3385
f 3384 3385 3386
f 3386 3385 3387
f 3386 3387 3260
f 3260 3387 3262
f 3383 89 3385
f 3385 89 88
f 3385 88 3387
f 3387 88 3262
f 103 3388 88
f 88 3388 3389
f 88 3389 3265
f 3265 3389 3267
f 102 3390 103
f 103 3390 3391
f 103 3391 3392
f 3392 3391 3393
f 3392 3393 3394
f 3394 3393 3395
f 3394 3395 3396
f 3396 3395 3397
f 3396 3397 3398
f 3398 3397 3399
f 3398 3399 3273
f 3273 3399 3275
f 107 3400 102
f 102 3400 3401
f 102 3401 3402
f 3402 3401 3403
f 3402 3403 3404
f 3404 3403 3405
f 3404 3405 3406
f 3406 3405 3407
f 3406 3407 3408
f 3408 3407 3409
f 3408 3409 3410
f 3410 3409 3411
f 3410 3411 3412
f 3412 3411 3413
f 3412 3413 3414
f 3414 3413 3415
f 3414 3415 3279
f 3279 3415 3281
f 106 3416 107
f 107 3416 3417
f 107 3417 3400
f 3400 3417 3418
f 3400 3418 3419
f 3419 3418 3420
f 3419 3420 3421
f 3421 3420 3422
f 3421 3422 3423
f 3423 3422 3424
f 3423 3424 3425
f 3425 3424 3426
f 3425 3426 3427
f 3427 3426 3428
f 3427 3428 3429
f 3429 3428 3430
f 3429 3430 3431
f 3431 3430 3432
f 3431 3432 3433
f 3433 3432 3434
f 3433 3434 3283
f 3283 3434 3285
f 8 3435 106
f 106 3435 3436
f 106 3436 3416
f 3416 3436 3437
f 3416 3437 3438
f 3438 3437 3439
f 3438 3439 3440
f 3440 3439 3441
f 3440 3441 3442
f 3442 3441 3443
f 3442 3443 3444
f 3444 3443 3445
f 3444 3445 3446
f 3446 3445 3447
f 3446 3447 3448
f 3448 3447 3449
f 3448 3449 3450
f 3450 3449 3451
f 3450 3451 3452
f 3452 3451 3453
f 3452 3453 3454
f 3454 3453 3455
f 3454 3455 3456
f 3456 3455 3457
f 3456 3457 3287
f 3287 3457 3289
f 81 3458 8
f 8 3458 3459
f 8 3459 3435
f 3435 3459 3458
f 3435 3458 3460
f 3460 3458 3461
f 3460 3461 3462
f 3462 3461 3463
f 3462 3463 3464
f 3464 3463 3465
f 3464 3465 3466
f 3466 3465 3467
f 3466 3467 3468
f 3468 3467 3469
f 3468 3469 3470
f 3470 3469 3471
f 3470 3471 3472
f 3472 3471 3473
f 3472 3473 3474
f 3474 3473 3475
f 3474 3475 3476
f 3476 3475 3477
f 3476 3477 3478
f 3478 3477 3479
f 3478 3479 3480
f 3480 3479 3481
f 3480 3481 3482
f 3482 3481 3483
f 3482 3483 3291
f 3291 3483 3293
f 76 3463 81
f 81 3463 3461
f 81 3461 3458
f 69 3469 76
f 76 3469 3467
f 76 3467 3465
f 68 3473 69
f 69 3473 3471
f 69 3471 3469
f 74 3477 68
f 68 3477 3475
f 68 3475 3473
f 73 3481 74
f 74 3481 3479
f 74 3479 3477
f 70 3293 73
f 73 3293 3483
f 73 3483 3481
f 70 54 3296
f 3296 54 3484
f 3296 3484 3298
f 3298 3484 3485
f 3298 3485 3300
f 3300 3485 3486
f 3300 3486 3302
f 3302 3486 3487
f 3302 3487 3304
f 3304 3487 3488
f 3304 3488 3306
f 3306 3488 3489
f 3306 3489 3308
f 3308 3489 3490
f 3308 3490 3310
f 3310 3490 3491
f 3310 3491 3312
f 3312 3491 3492
f 3312 3492 3314
f 3314 3492 3493
f 3314 3493 3316
f 3316 3493 3494
f 3316 3494 3318
f 3318 3494 3495
f 3318 3495 3320
f 3320 3495 3496
f 3320 3496 3322
f 3322 3496 3497
f 3322 3497 3324
f 3324 3497 3498
f 3324 3498 3326
f 3326 3498 3499
f 3326 3499 3229
f 3229 3499 3227
f 52 3500 54
f 54 3500 3501
f 54 3501 3484
f 3484 3501 3485
f 51 3502 52
f 52 3502 3503
f 52 3503 3504
f 3504 3503 3505
f 3504 3505 3506
f 3506 3505 3507
f 3506 3507 3508
f 3508 3507 3509
f 3508 3509 3510
f 3510 3509 3511
f 3510 3511 3488
f 3488 3511 3489
f 3512 3513 51
f 51 3513 3514
f 51 3514 3502
f 3502 3514 3515
f 3502 3515 3516
f 3516 3515 3517
f 3516 3517 3518
f 3518 3517 3519
f 3518 3519 3520
f 3520 3519 3521
f 3520 3521 3522
f 3522 3521 3523
f 3522 3523 3524
f 3524 3523 3525
f 3524 3525 3490
f 3490 3525 3491
f 3513 3512 3526
f 3526 3512 3527
f 3526 3527 3528
f 3528 3527 3529
f 3528 3529 3530
f 3530 3529 3531
f 3530 3531 3532
f 3532 3531 3533
f 3532 3533 3534
f 3534 3533 3535
f 3534 3535 3536
f 3536 3535 3537
f 3536 3537 3538
f 3538 3537 3539
f 3538 3539 3540
f 3540 3539 3541
f 3540 3541 3542
f 3542 3541 3543
f 3542 3543 3544
f 3544 3543 3545
f 3544 3545 3546
f 3546 3545 3547
f 3546 3547 3496
f 3496 3547 3497
f 3531 3548 3533
f 3533 3548 3549
f 3533 3549 3535
f 3535 3549 3550
f 3535 3550 3537
f 3537 3550 3551
f 3537 3551 3539
f 3539 3551 3552
f 3539 3552 3541
f 3541 3552 3553
f 3541 3553 3543
f 3543 3553 3554
f 3543 3554 3545
f 3545 3554 3555
f 3545 3555 3547
f 3547 3555 3556
f 3547 3556 3497
f 3497 3556 3498
f 3549 3548 3557
f 3557 3548 3558
f 3557 3558 3559
f 3559 3558 3560
f 3559 3560 3561
f 3561 3560 3562
f 3561 3562 3563
f 3563 3562 3564
f 3563 3564 3565
f 3565 3564 3566
f 3565 3566 3567
f 3567 3566 3568
f 3567 3568 3569
f 3569 3568 3570
f 3569 3570 3571
f 3571 3570 3572
f 3571 3572 3573
f 3573 3572 3225
f 3573 3225 3227
f 3558 3574 3560
f 3560 3574 3575
f 3560 3575 3562
f 3562 3575 3576
f 3562 3576 3564
f 3564 3576 3577
f 3564 3577 3566
f 3566 3577 3578
f 3566 3578 3568
f 3568 3578 3579
f 3568 3579 3570
f 3570 3579 3580
f 3570 3580 3572
f 3572 3580 3223
f 3572 3223 3225
f 3575 3574 3581
f 3581 3574 3582
f 3581 3582 3583
f 3583 3582 3584
f 3583 3584 3585
f 3585 3584 3586
f 3585 3586 3587
f 3587 3586 3588
f 3587 3588 3589
f 3589 3588 3217
f 3589 3217 3219
f 3584 3582 3590
f 3590 3582 3209
f 3590 3209 3591
f 3591 3209 3211
f 3591 3211 3213
f 3586 3584 3590
f 103 3392 3592
f 3592 3392 3394
f 3592 3394 3593
f 3593 3394 3396
f 3593 3396 3594
f 3594 3396 3398
f 3594 3398 3271
f 3271 3398 3273
f 102 3402 3390
f 3390 3402 3404
f 3390 3404 3595
f 3595 3404 3406
f 3595 3406 3596
f 3596 3406 3408
f 3596 3408 3597
f 3597 3408 3410
f 3597 3410 3598
f 3598 3410 3412
f 3598 3412 3599
f 3599 3412 3414
f 3599 3414 3277
f 3277 3414 3279
f 3212 3210 3600
f 3600 3210 3208
f 3600 3208 3330
f 3330 3208 3327
f 3214 3212 3601
f 3601 3212 3600
f 3601 3600 3332
f 3332 3600 3330
f 3216 3214 3602
f 3602 3214 3601
f 3602 3601 3334
f 3334 3601 3332
f 3218 3216 3603
f 3603 3216 3602
f 3603 3602 3336
f 3336 3602 3334
f 3220 3218 3604
f 3604 3218 3603
f 3604 3603 3338
f 3338 3603 3336
f 3222 3220 3605
f 3605 3220 3604
f 3605 3604 3340
f 3340 3604 3338
f 3224 3222 3606
f 3606 3222 3605
f 3606 3605 3342
f 3342 3605 3340
f 3226 3224 3607
f 3607 3224 3606
f 3607 3606 3344
f 3344 3606 3342
f 3228 3226 3608
f 3608 3226 3607
f 3608 3607 3346
f 3346 3607 3344
f 3230 3228 3609
f 3609 3228 3608
f 3609 3608 3348
f 3348 3608 3346
f 3354 3234 3232
f 3232 3230 3610
f 3610 3230 3609
f 3610 3609 3350
f 3350 3609 3348
f 3248 3246 3611
f 3611 3246 3370
f 3611 3370 3371
f 3371 3370 3369
f 3250 3248 3612
f 3612 3248 3611
f 3612 3611 3373
f 3373 3611 3371
f 3252 3250 3613
f 3613 3250 3612
f 3613 3612 3376
f 3376 3612 3373
f 3254 3252 3614
f 3614 3252 3613
f 3614 3613 3378
f 3378 3613 3376
f 3256 3254 3615
f 3615 3254 3614
f 3615 3614 3380
f 3380 3614 3378
f 3386 3260 3258
f 3258 3256 3616
f 3616 3256 3615
f 3616 3615 3382
f 3382 3615 3380
f 3261 3263 3617
f 3617 3263 3264
f 3617 3264 3266
f 3259 3261 3618
f 3618 3261 3617
f 3618 3617 3619
f 3619 3617 3266
f 3619 3266 3268
f 3257 3259 3620
f 3620 3259 3618
f 3620 3618 3621
f 3621 3618 3619
f 3621 3619 3622
f 3622 3619 3268
f 3622 3268 3270
f 3255 3257 3623
f 3623 3257 3620
f 3623 3620 3624
f 3624 3620 3621
f 3624 3621 3625
f 3625 3621 3622
f 3625 3622 3626
f 3626 3622 3270
f 3626 3270 3272
f 3253 3255 3627
f 3627 3255 3623
f 3627 3623 3628
f 3628 3623 3624
f 3628 3624 3629
f 3629 3624 3625
f 3629 3625 3630
f 3630 3625 3626
f 3630 3626 3631
f 3631 3626 3272
f 3631 3272 3274
f 3251 3253 3632
f 3632 3253 3627
f 3632 3627 3633
f 3633 3627 3628
f 3633 3628 3634
f 3634 3628 3629
f 3634 3629 3635
f 3635 3629 3630
f 3635 3630 3636
f 3636 3630 3631
f 3636 3631 3637
f 3637 3631 3274
f 3637 3274 3276
f 3249 3251 3638
f 3638 3251 3632
f 3638 3632 3639
f 3639 3632 3633
f 3639 3633 3640
f 3640 3633 3634
f 3640 3634 3641
f 3641 3634 3635
f 3641 3635 3642
f 3642 3635 3636
f 3642 3636 3643
f 3643 3636 3637
f 3643 3637 3644
f 3644 3637 3276
f 3644 3276 3278
f 3247 3249 3645
f 3645 3249 3638
f 3645 3638 3646
f 3646 3638 3639
f 3646 3639 3647
f 3647 3639 3640
f 3647 3640 3648
f 3648 3640 3641
f 3648 3641 3649
f 3649 3641 3642
f 3649 3642 3650
f 3650 3642 3643
f 3650 3643 3651
f 3651 3643 3644
f 3651 3644 3652
f 3652 3644 3278
f 3652 3278 3280
f 3245 3247 3653
f 3653 3247 3645
f 3653 3645 3654
f 3654 3645 3646
f 3654 3646 3655
f 3655 3646 3647
f 3655 3647 3656
f 3656 3647 3648
f 3656 3648 3657
f 3657 3648 3649
f 3657 3649 3658
f 3658 3649 3650
f 3658 3650 3659
f 3659 3650 3651
f 3659 3651 3660
f 3660 3651 3652
f 3660 3652 3661
f 3661 3652 3280
f 3661 3280 3282
f 3243 3245 3662
f 3662 3245 3653
f 3662 3653 3663
f 3663 3653 3654
f 3663 3654 3664
f 3664 3654 3655
f 3664 3655 3665
f 3665 3655 3656
f 3665 3656 3666
f 3666 3656 3657
f 3666 3657 3667
f 3667 3657 3658
f 3667 3658 3668
f 3668 3658 3659
f 3668 3659 3669
f 3669 3659 3660
f 3669 3660 3670
f 3670 3660 3661
f 3670 3661 3671
f 3671 3661 3282
f 3671 3282 3284
f 3241 3243 3672
f 3672 3243 3662
f 3672 3662 3673
f 3673 3662 3663
f 3673 3663 3674
f 3674 3663 3664
f 3674 3664 3675
f 3675 3664 3665
f 3675 3665 3676
f 3676 3665 3666
f 3676 3666 3677
f 3677 3666 3667
f 3677 3667 3678
f 3678 3667 3668
f 3678 3668 3679
f 3679 3668 3669
f 3679 3669 3680
f 3680 3669 3670
f 3680 3670 3681
f 3681 3670 3671
f 3681 3671 3682
f 3682 3671 3284
f 3682 3284 3286
f 3239 3241 3683
f 3683 3241 3672
f 3683 3672 3684
f 3684 3672 3673
f 3684 3673 3685
f 3685 3673 3674
f 3685 3674 3686
f 3686 3674 3675
f 3686 3675 3687
f 3687 3675 3676
f 3687 3676 3688
f 3688 3676 3677
f 3688 3677 3689
f 3689 3677 3678
f 3689 3678 3690
f 3690 3678 3679
f 3690 3679 3691
f 3691 3679 3680
f 3691 3680 3692
f 3692 3680 3681
f 3692 3681 3693
f 3693 3681 3682
f 3693 3682 3694
f 3694 3682 3286
f 3694 3286 3288
f 3237 3239 3695
f 3695 3239 3683
f 3695 3683 3696
f 3696 3683 3684
f 3696 3684 3697
f 3697 3684 3685
f 3697 3685 3698
f 3698 3685 3686
f 3698 3686 3699
f 3699 3686 3687
f 3699 3687 3700
f 3700 3687 3688
f 3700 3688 3701
f 3701 3688 3689
f 3701 3689 3702
f 3702 3689 3690
f 3702 3690 3703
f 3703 3690 3691
f 3703 3691 3704
f 3704 3691 3692
f 3704 3692 3705
f 3705 3692 3693
f 3705 3693 3706
f 3706 3693 3694
f 3706 3694 3707
f 3707 3694 3288
f 3707 3288 3290
f 3235 3237 3708
f 3708 3237 3695
f 3708 3695 3709
f 3709 3695 3696
f 3709 3696 3710
f 3710 3696 3697
f 3710 3697 3711
f 3711 3697 3698
f 3711 3698 3712
f 3712 3698 3699
f 3712 3699 3713
f 3713 3699 3700
f 3713 3700 3714
f 3714 3700 3701
f 3714 3701 3715
f 3715 3701 3702
f 3715 3702 3716
f 3716 3702 3703
f 3716 3703 3717
f 3717 3703 3704
f 3717 3704 3718
f 3718 3704 3705
f 3718 3705 3719
f 3719 3705 3706
f 3719 3706 3720
f 3720 3706 3707
f 3720 3707 3721
f 3721 3707 3290
f 3721 3290 3292
f 3325 3231 3233
f 3233 3235 3722
f 3722 3235 3708
f 3722 3708 3723
f 3723 3708 3709
f 3723 3709 3724
f 3724 3709 3710
f 3724 3710 3725
f 3725 3710 3711
f 3725 3711 3726
f 3726 3711 3712
f 3726 3712 3727
f 3727 3712 3713
f 3727 3713 3728
f 3728 3713 3714
f 3728 3714 3729
f 3729 3714 3715
f 3729 3715 3730
f 3730 3715 3716
f 3730 3716 3731
f 3731 3716 3717
f 3731 3717 3732
f 3732 3717 3718
f 3732 3718 3733
f 3733 3718 3719
f 3733 3719 3734
f 3734 3719 3720
f 3734 3720 3735
f 3735 3720 3721
f 3735 3721 3736
f 3736 3721 3292
f 3736 3292 3294
f 3573 3227 3499
f 3223 3580 3221
f 3221 3580 3737
f 3221 3737 3219
f 3219 3737 3589
f 3217 3588 3215
f 3215 3588 3738
f 3215 3738 3213
f 3213 3738 3591
f 3350 3352 3610
f 3610 3352 3354
f 3610 3354 3232
f 3382 3384 3616
f 3616 3384 3386
f 3616 3386 3258
f 3586 3590 3738
f 3738 3590 3591
f 3738 3588 3586
f 3589 3737 3739
f 3739 3737 3579
f 3739 3579 3578
f 3737 3580 3579
f 3573 3499 3740
f 3740 3499 3498
f 3740 3498 3556
f 3325 3722 3323
f 3323 3722 3723
f 3323 3723 3321
f 3321 3723 3724
f 3321 3724 3319
f 3319 3724 3725
f 3319 3725 3317
f 3317 3725 3726
f 3317 3726 3315
f 3315 3726 3727
f 3315 3727 3313
f 3313 3727 3728
f 3313 3728 3311
f 3311 3728 3729
f 3311 3729 3309
f 3309 3729 3730
f 3309 3730 3307
f 3307 3730 3731
f 3307 3731 3305
f 3305 3731 3732
f 3305 3732 3303
f 3303 3732 3733
f 3303 3733 3301
f 3301 3733 3734
f 3301 3734 3299
f 3299 3734 3735
f 3299 3735 3297
f 3297 3735 3736
f 3297 3736 3295
f 3295 3736 3294
f 3722 3325 3233
f 3573 3740 3571
f 3571 3740 3741
f 3571 3741 3569
f 3569 3741 3742
f 3569 3742 3567
f 3567 3742 3743
f 3567 3743 3565
f 3565 3743 3744
f 3565 3744 3563
f 3563 3744 3745
f 3563 3745 3561
f 3561 3745 3746
f 3561 3746 3559
f 3559 3746 3557
f 3741 3740 3556
f 3589 3739 3587
f 3587 3739 3747
f 3587 3747 3585
f 3585 3747 3748
f 3585 3748 3583
f 3583 3748 3581
f 3747 3739 3578
f 3745 3744 3552
f 3552 3744 3553
f 3554 3553 3743
f 3743 3553 3744
f 3544 3749 3750
f 3750 3749 3751
f 3750 3751 3752
f 3752 3751 3753
f 3752 3753 3754
f 3754 3753 3755
f 3754 3755 3756
f 3756 3755 3525
f 3756 3525 3523
f 3749 3494 3751
f 3751 3494 3493
f 3751 3493 3753
f 3753 3493 3492
f 3753 3492 3755
f 3755 3492 3491
f 3755 3491 3525
f 3544 3546 3749
f 3749 3546 3495
f 3749 3495 3494
f 103 3592 3388
f 3388 3592 3593
f 3388 3593 3757
f 3757 3593 3594
f 3757 3594 3269
f 3269 3594 3271
f 3390 3595 3391
f 3391 3595 3393
f 3595 3596 3393
f 3393 3596 3395
f 3596 3597 3395
f 3395 3597 3397
f 3597 3598 3397
f 3397 3598 3399
f 3598 3599 3399
f 3399 3599 3275
f 3599 3277 3275
f 3544 3750 3542
f 3542 3750 3758
f 3542 3758 3540
f 3540 3758 3759
f 3540 3759 3538
f 3538 3759 3760
f 3538 3760 3536
f 3536 3760 3761
f 3536 3761 3534
f 3534 3761 3762
f 3534 3762 3532
f 3532 3762 3530
f 3758 3750 3752
f 3746 3745 3551
f 3551 3745 3552
f 3549 3557 3550
f 3550 3557 3746
f 3550 3746 3551
f 3759 3763 3764
f 3764 3763 3765
f 3764 3765 3766
f 3766 3765 3767
f 3766 3767 3768
f 3768 3767 3521
f 3768 3521 3519
f 3763 3754 3765
f 3765 3754 3756
f 3765 3756 3767
f 3767 3756 3523
f 3767 3523 3521
f 3759 3758 3763
f 3763 3758 3752
f 3763 3752 3754
f 3400 3419 3401
f 3401 3419 3403
f 3419 3421 3403
f 3403 3421 3405
f 3421 3423 3405
f 3405 3423 3407
f 3423 3425 3407
f 3407 3425 3409
f 3425 3427 3409
f 3409 3427 3411
f 3427 3429 3411
f 3411 3429 3413
f 3429 3431 3413
f 3413 3431 3415
f 3431 3433 3415
f 3415 3433 3281
f 3433 3283 3281
f 3524 3490 3489
f 3759 3764 3760
f 3760 3764 3769
f 3760 3769 3761
f 3761 3769 3770
f 3761 3770 3762
f 3762 3770 3771
f 3762 3771 3530
f 3530 3771 3528
f 3769 3764 3766
f 3769 3766 3772
f 3772 3766 3768
f 3772 3768 3773
f 3773 3768 3519
f 3773 3519 3517
f 3522 3524 3511
f 3511 3524 3489
f 3416 3438 3417
f 3417 3438 3418
f 3438 3440 3418
f 3418 3440 3420
f 3440 3442 3420
f 3420 3442 3422
f 3442 3444 3422
f 3422 3444 3424
f 3444 3446 3424
f 3424 3446 3426
f 3446 3448 3426
f 3426 3448 3428
f 3448 3450 3428
f 3428 3450 3430
f 3450 3452 3430
f 3430 3452 3432
f 3452 3454 3432
f 3432 3454 3434
f 3454 3456 3434
f 3434 3456 3285
f 3456 3287 3285
f 3510 3488 3487
f 3520 3522 3509
f 3509 3522 3511
f 3769 3772 3770
f 3770 3772 3774
f 3770 3774 3771
f 3771 3774 3775
f 3771 3775 3528
f 3528 3775 3526
f 3774 3772 3773
f 3775 3776 3777
f 3777 3776 3515
f 3777 3515 3514
f 3773 3517 3776
f 3776 3517 3515
f 3773 3776 3774
f 3774 3776 3775
f 3516 3518 3505
f 3505 3518 3507
f 3509 3507 3520
f 3520 3507 3518
f 3508 3778 3779
f 3779 3778 3780
f 3779 3780 3500
f 3500 3780 3501
f 3778 3486 3780
f 3780 3486 3485
f 3780 3485 3501
f 3508 3510 3778
f 3778 3510 3487
f 3778 3487 3486
f 3482 3291 3289
f 3480 3482 3457
f 3457 3482 3289
f 3478 3480 3455
f 3455 3480 3457
f 3476 3478 3453
f 3453 3478 3455
f 3474 3476 3451
f 3451 3476 3453
f 3472 3474 3449
f 3449 3474 3451
f 3470 3472 3447
f 3447 3472 3449
f 3468 3470 3445
f 3445 3470 3447
f 3466 3468 3443
f 3443 3468 3445
f 3464 3466 3441
f 3441 3466 3443
f 3462 3464 3439
f 3439 3464 3441
f 3460 3462 3437
f 3437 3462 3439
f 3435 3460 3436
f 3436 3460 3437
f 3508 3779 3506
f 3506 3779 3781
f 3506 3781 3504
f 3504 3781 52
f 3781 3779 3500
f 3502 3516 3503
f 3503 3516 3505
f 3513 3526 3777
f 3777 3526 3775
f 3513 3777 3514
f 3500 52 3781
f 3463 76 3465
f 3575 3581 3576
f 3576 3581 3748
f 3576 3748 3577
f 3577 3748 3747
f 3577 3747 3578
f 3555 3554 3742
f 3742 3554 3743
f 3496 3495 3546
f 3555 3742 3741
f 3741 3556 3555
f 3757 3269 3267
f 3388 3757 3389
f 3389 3757 3267
f 3359 3356 3782
f 3782 3356 3351
f 3782 3351 3783
f 3783 3351 3349
f 3783 3349 3784
f 3784 3349 3347
f 3784 3347 3785
f 3785 3347 3345
f 3785 3345 3786
f 3786 3345 3343
f 3786 3343 3787
f 3787 3343 3788
f 3787 3788 3789
f 3789 3788 3341
f 3789 3341 3339
f 3343 3341 3788
f 3789 3339 3790
f 3790 3339 3337
f 3790 3337 3791
f 3791 3337 3335
f 3791 3335 3792
f 3792 3335 3333
f 3792 3333 3793
f 3793 3333 3331
f 3793 3331 3794
f 3794 3331 3795
f 3794 3795 3796
f 3796 3795 3329
f 3796 3329 3797
f 3797 3329 3328
f 3797 3328 3798
f 3798 3328 3799
f 3798 3799 3800
f 3800 3799 3801
f 3800 3801 3802
f 3802 3801 3803
f 3802 3803 3804
f 3804 3803 3805
f 3804 3805 3806
f 3806 3805 3807
f 3806 3807 3808
f 3808 3807 3809
f 3808 3809 3810
f 3810 3809 3811
f 3810 3811 3812
f 3812 3811 3813
f 3812 3813 3814
f 3814 3813 3815
f 3814 3815 3816
f 3816 3815 3817
f 3816 3817 3818
f 3818 3817 3819
f 3818 3819 3820
f 3820 3819 3821
f 3820 3821 3822
f 3822 3821 3823
f 3822 3823 3824
f 3824 3823 3825
f 3825 3823 3826
f 3825 3826 3827
f 3827 3826 3828
f 3827 3828 3829
f 3829 3828 3830
f 3829 3830 3831
f 3831 3830 3832
f 3832 3830 3833
f 3833 3830 3834
f 3834 3830 3835
f 3834 3835 3836
f 3836 3835 3837
f 3837 3835 3838
f 3837 3838 3839
f 3839 3838 3840
f 3839 3840 3841
f 3841 3840 3842
f 3841 3842 3843
f 3843 3842 3844
f 3843 3844 3845
f 3845 3844 3846
f 3845 3846 3843
f 3331 3329 3795
f 3328 3847 3799
f 3799 3847 3848
f 3799 3848 3849
f 3849 3848 3850
f 3849 3850 3851
f 3851 3850 3852
f 3851 3852 3853
f 3853 3852 3854
f 3853 3854 3855
f 3855 3854 3856
f 3855 3856 3857
f 3857 3856 3858
f 3857 3858 3859
f 3859 3858 3860
f 3859 3860 3861
f 3861 3860 3862
f 3861 3862 3863
f 3863 3862 3864
f 3863 3864 3865
f 3865 3864 3866
f 3865 3866 3867
f 3867 3866 3868
f 3867 3868 3869
f 3869 3868 3870
f 3869 3870 3871
f 3871 3870 3872
f 3871 3872 3826
f 3826 3872 3828
f 3848 3873 3850
f 3850 3873 3874
f 3850 3874 3852
f 3852 3874 3875
f 3852 3875 3854
f 3854 3875 3876
f 3854 3876 3856
f 3856 3876 3877
f 3856 3877 3858
f 3858 3877 3878
f 3858 3878 3860
f 3860 3878 3879
f 3860 3879 3862
f 3862 3879 3880
f 3862 3880 3864
f 3864 3880 3881
f 3864 3881 3866
f 3866 3881 3882
f 3866 3882 3868
f 3868 3882 3838
f 3868 3838 3870
f 3870 3838 3835
f 3870 3835 3872
f 3872 3835 3830
f 3872 3830 3828
f 3873 3883 3874
f 3874 3883 3884
f 3874 3884 3875
f 3875 3884 3885
f 3875 3885 3876
f 3876 3885 3886
f 3876 3886 3877
f 3877 3886 3887
f 3877 3887 3878
f 3878 3887 3888
f 3878 3888 3879
f 3879 3888 3889
f 3879 3889 3880
f 3880 3889 3890
f 3880 3890 3881
f 3881 3890 3891
f 3881 3891 3882
f 3882 3891 3842
f 3882 3842 3838
f 3838 3842 3840
f 3883 3892 3884
f 3884 3892 3893
f 3884 3893 3885
f 3885 3893 3894
f 3885 3894 3886
f 3886 3894 3895
f 3886 3895 3887
f 3887 3895 3896
f 3887 3896 3888
f 3888 3896 3897
f 3888 3897 3889
f 3889 3897 3898
f 3889 3898 3890
f 3890 3898 3899
f 3890 3899 3891
f 3891 3899 3900
f 3891 3900 3842
f 3842 3900 3844
f 3893 3892 3901
f 3901 3892 3902
f 3901 3902 3903
f 3903 3902 3904
f 3903 3904 3905
f 3905 3904 3906
f 3905 3906 3907
f 3907 3906 3908
f 3907 3908 3909
f 3909 3908 3910
f 3909 3910 3911
f 3911 3910 3912
f 3911 3912 3913
f 3913 3912 3914
f 3913 3914 3915
f 3915 3914 3916
f 3915 3916 3917
f 3917 3916 3918
f 3917 3918 3919
f 3919 3918 3920
f 3919 3920 3921
f 3921 3920 3922
f 3921 3922 3923
f 3923 3922 3924
f 3923 3924 3925
f 3925 3924 3926
f 3926 3924 3927
f 3926 3927 3928
f 3928 3927 3929
f 3928 3929 3930
f 3930 3929 3931
f 3931 3929 3932
f 3932 3929 3933
f 3932 3933 3934
f 3934 3933 3935
f 3935 3933 3936
f 3935 3936 3937
f 3937 3936 3938
f 3938 3936 3939
f 3938 3939 3940
f 3940 3939 3941
f 3940 3941 3942
f 3942 3941 3943
f 3942 3943 3944
f 3944 3943 3945
f 3944 3945 3946
f 3946 3945 3947
f 3946 3947 3948
f 3948 3947 3949
f 3948 3949 3950
f 3950 3949 3951
f 3950 3951 3952
f 3952 3951 3953
f 3952 3953 3027
f 3027 3953 3029
f 3029 3953 3954
f 3029 3954 3031
f 3031 3954 3955
f 3031 3955 3033
f 3033 3955 3956
f 3033 3956 3035
f 3035 3956 3957
f 3035 3957 3037
f 3037 3957 3958
f 3037 3958 3039
f 3039 3958 3959
f 3039 3959 3041
f 3041 3959 3960
f 3041 3960 3043
f 3043 3960 3961
f 3043 3961 3045
f 3045 3961 3962
f 3045 3962 3047
f 3047 3962 3048
f 3048 3962 3963
f 3048 3963 3964
f 3964 3963 3965
f 3964 3965 3966
f 3966 3965 3967
f 3966 3967 3968
f 3968 3967 3969
f 3968 3969 3970
f 3970 3969 3971
f 3970 3971 3972
f 3972 3971 3973
f 3972 3973 3974
f 3974 3973 3975
f 3975 3973 3976
f 3976 3973 3977
f 3977 3973 3978
f 3977 3978 3979
f 3979 3978 3980
f 3979 3980 3981
f 3981 3980 3982
f 3981 3982 3983
f 3983 3982 3984
f 3983 3984 3985
f 3985 3984 3986
f 3985 3986 3987
f 3987 3986 3988
f 3987 3988 3989
f 3989 3988 3990
f 3989 3990 3991
f 3991 3990 3362
f 3991 3362 3359
f 3904 3992 3906
f 3906 3992 3993
f 3906 3993 3908
f 3908 3993 3994
f 3908 3994 3910
f 3910 3994 3995
f 3910 3995 3912
f 3912 3995 3996
f 3912 3996 3914
f 3914 3996 3997
f 3914 3997 3916
f 3916 3997 3998
f 3916 3998 3918
f 3918 3998 3999
f 3918 3999 3920
f 3920 3999 4000
f 3920 4000 3922
f 3922 4000 4001
f 3922 4001 3924
f 3924 4001 3927
f 3992 4002 3993
f 3993 4002 4003
f 3993 4003 4004
f 4004 4003 4005
f 4004 4005 4006
f 4006 4005 4007
f 4006 4007 4008
f 4008 4007 4009
f 4008 4009 4010
f 4008 4010 4011
f 4011 4010 4012
f 4011 4012 4013
f 4013 4012 91
f 4013 91 4014
f 4014 91 89
f 4014 89 4015
f 4015 89 4016
f 4015 4016 4017
f 4017 4016 4018
f 4017 4018 3959
f 3959 4018 3960
f 4016 89 4019
f 4019 89 3383
f 4019 3383 4016
f 4016 3383 4020
f 4016 4020 4018
f 4018 4020 4021
f 4018 4021 3960
f 3960 4021 3961
f 4020 3383 4022
f 4022 3383 3381
f 4022 3381 4023
f 4023 3381 3379
f 4023 3379 3377
f 4023 3377 4024
f 4024 3377 3375
f 4024 3375 4025
f 4025 3375 3374
f 4025 3374 3372
f 3368 4026 3372
f 3372 4026 4027
f 3372 4027 4025
f 4025 4027 4028
f 4025 4028 4024
f 4024 4028 4029
f 4024 4029 4030
f 4030 4029 4031
f 4030 4031 4032
f 4032 4031 3962
f 4032 3962 3961
f 4026 3368 4033
f 4033 3368 3365
f 4033 3365 4034
f 4034 3365 3362
f 4034 3362 3990
f 3991 3359 3782
f 2678 3968 2676
f 2676 3968 3970
f 2676 3970 2674
f 2674 3970 4035
f 4035 3970 4036
f 4036 3970 4037
f 4037 3970 4038
f 4038 3970 3972
f 3048 3964 2678
f 2678 3964 3966
f 2678 3966 3968
f 3027 3026 3952
f 3952 3026 3024
f 3952 3024 4039
f 4039 3024 3022
f 4039 3022 4040
f 4040 3022 3020
f 4040 3020 4041
f 4041 3020 3019
f 4041 3019 3007
f 4041 3007 4042
f 4042 3007 2994
f 4042 2994 4043
f 4043 2994 2968
f 4043 2968 4044
f 4044 2968 2967
f 4045 4046 4044
f 4044 4046 4047
f 4044 4047 4043
f 4043 4047 4042
f 4046 4045 4048
f 4048 4045 4049
f 4048 4049 4050
f 4050 4049 3942
f 4050 3942 3944
f 4049 3940 3942
f 4051 4052 3937
f 3937 4052 4053
f 3937 4053 3935
f 4054 4055 4051
f 4051 4055 4056
f 4051 4056 4052
f 4057 4058 4054
f 4054 4058 4059
f 4054 4059 4055
f 4058 4057 4060
f 4060 4057 4061
f 4060 4061 4062
f 4062 4061 4063
f 4062 4063 4064
f 4064 4063 3831
f 3831 4063 3829
f 4063 4061 3829
f 3829 4061 3827
f 3822 3824 4065
f 4065 3824 4066
f 4065 4066 4067
f 4067 4066 4068
f 4067 4068 4069
f 4069 4068 4070
f 4069 4070 4071
f 4071 4070 4072
f 4071 4072 4073
f 4073 4074 4071
f 4071 4074 4075
f 4071 4075 4076
f 4076 4075 4077
f 4076 4077 4078
f 4078 4077 4079
f 4078 4079 3814
f 3814 4079 3812
f 4074 4080 4075
f 4075 4080 4081
f 4075 4081 4077
f 4077 4081 4082
f 4077 4082 4079
f 4079 4082 4083
f 4079 4083 3812
f 3812 4083 3810
f 4080 4084 4081
f 4081 4084 4085
f 4081 4085 4082
f 4082 4085 4086
f 4082 4086 4083
f 4083 4086 4087
f 4083 4087 3810
f 3810 4087 3808
f 4085 4084 4088
f 4088 4084 4089
f 4088 4089 4090
f 4088 4090 4091
f 4091 4090 4092
f 4091 4092 4093
f 4093 4092 4094
f 4093 4094 4095
f 4095 4094 4096
f 4095 4096 4097
f 4097 4096 4098
f 4097 4098 3802
f 3802 4098 3800
f 4092 4099 4094
f 4094 4099 4100
f 4094 4100 4096
f 4096 4100 4101
f 4096 4101 4102
f 4102 4101 4103
f 4102 4103 4104
f 4105 4106 4099
f 4099 4106 4100
f 4106 4107 4100
f 4100 4107 4101
f 4108 4109 4104
f 4104 4109 4098
f 4104 4098 4102
f 4102 4098 4096
f 4108 4110 4109
f 4109 4110 4111
f 4109 4111 3800
f 3800 4111 3798
f 4111 4112 3798
f 3798 4112 4113
f 3798 4113 3797
f 3797 4113 4114
f 3797 4114 4115
f 4115 4116 3797
f 3797 4116 3796
f 4116 4117 3796
f 3796 4117 4118
f 3796 4118 4119
f 4119 4118 4120
f 4119 4120 4121
f 4119 4121 4122
f 4122 4121 4123
f 4122 4123 4124
f 4125 4126 4124
f 4124 4126 4122
f 4126 4127 4122
f 4122 4127 4128
f 4122 4128 4119
f 4119 4128 3794
f 4119 3794 3796
f 4128 4127 4129
f 4129 4127 4130
f 4129 4130 3791
f 3791 4130 4131
f 3791 4131 3790
f 3790 4131 4132
f 3790 4132 3789
f 3789 4132 4133
f 3789 4133 3787
f 3787 4133 4134
f 3787 4134 4135
f 4135 4134 4136
f 4135 4136 4137
f 4137 4136 4138
f 4137 4138 4139
f 4139 4138 4140
f 4139 4140 4141
f 4141 4140 4142
f 4141 4142 4143
f 4143 4142 4144
f 4143 4144 4145
f 4145 4144 4146
f 4145 4146 4147
f 4147 4146 4148
f 4147 4148 4149
f 4149 4148 4150
f 4149 4150 4151
f 4151 4150 4152
f 4151 4152 4153
f 4153 4152 4154
f 4153 4154 4155
f 4155 4154 4156
f 4155 4156 4157
f 4157 4156 3989
f 4157 3989 3991
f 4132 4158 4133
f 4133 4158 4159
f 4133 4159 4134
f 4138 4160 4140
f 4140 4160 4142
f 4150 4148 4161
f 4161 4148 4162
f 4161 4162 4163
f 4163 4162 4164
f 4163 4164 4165
f 4165 4164 3983
f 4165 3983 3985
f 4164 4162 3981
f 3981 4162 3979
f 3923 4166 3921
f 3921 4166 4167
f 3921 4167 4168
f 4168 4167 4169
f 4168 4169 4170
f 4170 4169 4171
f 4170 4171 3846
f 4170 3846 3844
f 4157 3991 3782
f 3782 3783 4172
f 4172 3783 3784
f 4172 3784 4173
f 4173 3784 4174
f 4173 4174 4175
f 4175 4174 4176
f 4175 4176 4177
f 4177 4176 4178
f 4177 4178 4147
f 4147 4178 4145
f 4026 4033 4179
f 4179 4033 3990
f 4179 3990 3988
f 4179 4180 4026
f 4026 4180 4181
f 4026 4181 4027
f 4027 4181 4182
f 4027 4182 4028
f 4028 4182 4183
f 4028 4183 4029
f 4029 4183 4184
f 4029 4184 4031
f 4031 4184 3963
f 4031 3963 3962
f 4180 4179 4185
f 4185 4179 3988
f 4185 3988 3986
f 4181 4180 4186
f 4186 4180 4185
f 4186 4185 4187
f 4187 4185 3986
f 4187 3986 3984
f 4182 4181 4188
f 4188 4181 4186
f 4188 4186 4189
f 4189 4186 4187
f 4189 4187 4190
f 4190 4187 3984
f 4190 3984 3982
f 4183 4182 4191
f 4191 4182 4188
f 4191 4188 4192
f 4192 4188 4189
f 4192 4189 4193
f 4193 4189 4190
f 4193 4190 4194
f 4194 4190 3982
f 4194 3982 3980
f 3965 3963 4184
f 4184 4183 4195
f 4195 4183 4191
f 4195 4191 4196
f 4196 4191 4192
f 4196 4192 4197
f 4197 4192 4193
f 4197 4193 4198
f 4198 4193 4194
f 4198 4194 3978
f 3978 4194 3980
f 4033 4034 3990
f 3786 3787 4199
f 4199 3787 4135
f 4199 4135 4139
f 4139 4135 4137
f 4174 3784 3785
f 3785 3786 4200
f 4200 3786 4199
f 4200 4199 4201
f 4201 4199 4139
f 4201 4139 4141
f 4155 4157 4172
f 4172 4157 3782
f 4155 4172 4173
f 3987 3989 4156
f 3967 3965 4195
f 4195 3965 4184
f 3967 4195 4196
f 3794 4128 4129
f 3792 3793 3791
f 3791 3793 4129
f 3793 3794 4129
f 4006 4008 4202
f 4202 4008 4203
f 4202 4203 4204
f 4204 4203 4205
f 4204 4205 4206
f 4206 4205 4207
f 4206 4207 4208
f 4208 4207 4209
f 4208 4209 4210
f 4210 4209 4211
f 4210 4211 4212
f 4212 4211 4213
f 4212 4213 4214
f 4214 4213 4215
f 4214 4215 4216
f 4216 4215 4217
f 4216 4217 4218
f 4218 4217 4219
f 4218 4219 4220
f 4220 4219 4221
f 4220 4221 3939
f 3939 4221 3941
f 3994 3993 4004
f 4004 4006 4222
f 4222 4006 4202
f 4222 4202 4223
f 4223 4202 4204
f 4223 4204 4224
f 4224 4204 4206
f 4224 4206 4225
f 4225 4206 4208
f 4225 4208 4226
f 4226 4208 4210
f 4226 4210 4227
f 4227 4210 4212
f 4227 4212 4228
f 4228 4212 4214
f 4228 4214 4229
f 4229 4214 4216
f 4229 4216 4230
f 4230 4216 4218
f 4230 4218 4231
f 4231 4218 4220
f 4231 4220 3936
f 3936 4220 3939
f 3903 3905 4232
f 4232 3905 3907
f 4232 3907 4233
f 4233 3907 3909
f 4233 3909 4234
f 4234 3909 3911
f 4234 3911 4235
f 4235 3911 3913
f 4235 3913 4236
f 4236 3913 3915
f 4236 3915 4237
f 4237 3915 3917
f 4237 3917 4238
f 4238 3917 3919
f 4238 3919 4168
f 4168 3919 3921
f 3894 3893 3901
f 3901 3903 4239
f 4239 3903 4232
f 4239 4232 4240
f 4240 4232 4233
f 4240 4233 4241
f 4241 4233 4234
f 4241 4234 4242
f 4242 4234 4235
f 4242 4235 4243
f 4243 4235 4236
f 4243 4236 4244
f 4244 4236 4237
f 4244 4237 4245
f 4245 4237 4238
f 4245 4238 4170
f 4170 4238 4168
f 3801 3799 3849
f 3801 3849 3851
f 3957 4246 3958
f 3958 4246 4017
f 3958 4017 3959
f 4017 4246 4015
f 4015 4246 4247
f 4015 4247 4248
f 4248 4247 4249
f 4248 4249 4250
f 4250 4249 4251
f 4250 4251 4252
f 4252 4251 4253
f 4252 4253 4211
f 4211 4253 4213
f 4246 3957 4254
f 4254 3957 3956
f 4254 3956 4255
f 4255 3956 3955
f 4255 3955 4256
f 4256 3955 3954
f 4256 3954 4257
f 4257 3954 3953
f 4257 3953 3951
f 4015 4248 4014
f 4014 4248 4258
f 4014 4258 4013
f 4013 4258 4259
f 4013 4259 4011
f 4011 4259 4205
f 4011 4205 4203
f 4011 4203 4008
f 3995 3994 4222
f 4222 3994 4004
f 3995 4222 4223
f 3895 3894 4239
f 4239 3894 3901
f 3895 4239 4240
f 3803 3801 3851
f 3803 3851 3853
f 4098 4109 3800
f 4020 4022 4260
f 4260 4022 4023
f 4260 4023 4030
f 4030 4023 4024
f 4020 4260 4021
f 4021 4260 4032
f 4021 4032 3961
f 4032 4260 4030
f 3969 4197 3971
f 3971 4197 4198
f 3971 4198 3973
f 3973 4198 3978
f 3967 4196 3969
f 3969 4196 4197
f 3985 4261 4165
f 4165 4261 4262
f 4165 4262 4163
f 4163 4262 4161
f 4261 4154 4262
f 4262 4154 4152
f 4262 4152 4161
f 4161 4152 4150
f 3985 3987 4261
f 4261 3987 4156
f 4261 4156 4154
f 4153 4175 4151
f 4151 4175 4177
f 4151 4177 4149
f 4149 4177 4147
f 4155 4173 4153
f 4153 4173 4175
f 4176 4201 4178
f 4178 4201 4141
f 4178 4141 4145
f 4145 4141 4143
f 4201 4176 4200
f 4200 4176 4174
f 4200 4174 3785
f 3981 3983 4164
f 4246 4254 4247
f 4247 4254 4263
f 4247 4263 4249
f 4249 4263 4264
f 4249 4264 4251
f 4251 4264 4265
f 4251 4265 4253
f 4253 4265 4266
f 4253 4266 4213
f 4213 4266 4215
f 4263 4254 4255
f 4248 4250 4258
f 4258 4250 4267
f 4258 4267 4259
f 4259 4267 4207
f 4259 4207 4205
f 3996 3995 4223
f 3996 4223 4224
f 3896 3895 4240
f 3896 4240 4241
f 3805 3803 3853
f 3805 3853 3855
f 4097 3802 3804
f 4263 4255 4268
f 4268 4255 4256
f 4268 4256 4269
f 4269 4256 4257
f 4269 4257 4270
f 4270 4257 3951
f 4270 3951 3949
f 4209 4207 4267
f 4209 4267 4252
f 4252 4267 4250
f 3997 3996 4224
f 3997 4224 4225
f 3897 3896 4241
f 3897 4241 4242
f 3807 3805 3855
f 3807 3855 3857
f 4097 3804 4271
f 4271 3804 3806
f 4271 3806 4272
f 4272 3806 3808
f 4272 3808 4087
f 4263 4268 4264
f 4264 4268 4273
f 4264 4273 4265
f 4265 4273 4274
f 4265 4274 4266
f 4266 4274 4275
f 4266 4275 4215
f 4215 4275 4217
f 4273 4268 4269
f 4211 4209 4252
f 3998 3997 4225
f 3998 4225 4226
f 3898 3897 4242
f 3898 4242 4243
f 3809 3807 3857
f 3809 3857 3859
f 4097 4271 4095
f 4095 4271 4276
f 4095 4276 4093
f 4093 4276 4091
f 4276 4271 4272
f 4273 4269 4277
f 4277 4269 4270
f 4277 4270 4278
f 4278 4270 3949
f 4278 3949 3947
f 3999 3998 4226
f 3999 4226 4227
f 3899 3898 4243
f 3899 4243 4244
f 3811 3809 3859
f 3811 3859 3861
f 4276 4272 4279
f 4279 4272 4087
f 4279 4087 4086
f 4273 4277 4274
f 4274 4277 4280
f 4274 4280 4275
f 4275 4280 4281
f 4275 4281 4217
f 4217 4281 4219
f 4280 4277 4278
f 4000 3999 4227
f 4000 4227 4228
f 3900 3899 4244
f 3900 4244 4245
f 3813 3811 3861
f 3813 3861 3863
f 4088 4091 4279
f 4279 4091 4276
f 4088 4279 4086
f 3952 4039 3950
f 3950 4039 4282
f 3950 4282 3948
f 3948 4282 4283
f 3948 4283 3946
f 3946 4283 4284
f 3946 4284 3944
f 3944 4284 4050
f 4280 4278 4285
f 4285 4278 3947
f 4285 3947 3945
f 4001 4000 4228
f 4001 4228 4229
f 3844 3900 4245
f 3844 4245 4170
f 3815 3813 3863
f 3815 3863 3865
f 4085 4088 4086
f 4039 4040 4282
f 4282 4040 4286
f 4282 4286 4283
f 4283 4286 4287
f 4283 4287 4284
f 4284 4287 4048
f 4284 4048 4050
f 4280 4285 4281
f 4281 4285 4288
f 4281 4288 4219
f 4219 4288 4221
f 4288 4285 3945
f 3927 4001 4229
f 3927 4229 4230
f 3817 3815 3865
f 3817 3865 3867
f 4078 3814 3816
f 4040 4041 4286
f 4286 4041 4289
f 4286 4289 4287
f 4287 4289 4046
f 4287 4046 4048
f 4221 4288 3943
f 3943 4288 3945
f 3929 3927 4230
f 3929 4230 4231
f 3819 3817 3867
f 3819 3867 3869
f 4078 3816 4290
f 4290 3816 3818
f 4290 3818 4291
f 4291 3818 3820
f 4291 3820 4065
f 4065 3820 3822
f 4041 4042 4289
f 4289 4042 4047
f 4289 4047 4046
f 3941 4221 3943
f 3933 3929 4231
f 3933 4231 3936
f 4291 4065 4067
f 4067 4069 4292
f 4292 4069 4071
f 4292 4071 4076
f 3871 3826 3823
f 3871 3823 3821
f 4290 4291 4292
f 4292 4291 4067
f 4290 4292 4076
f 3869 3871 3821
f 3869 3821 3819
f 4078 4290 4076
f 4293 4294 4295
f 4295 4294 4296
f 4295 4296 4297
f 4297 4296 4298
f 4297 4298 4299
f 4299 4298 4300
f 4299 4300 4301
f 4301 4300 3574
f 4301 3574 3558
f 4294 4293 4302
f 4302 4293 3847
f 4302 3847 3328
f 3328 3207 4302
f 4302 3207 4294
f 3207 3209 4294
f 4294 3209 4296
f 3209 3582 4296
f 4296 3582 4298
f 4298 3582 4300
f 4300 3582 3574
f 3548 4303 3558
f 3558 4303 4304
f 3558 4304 4301
f 4301 4304 4305
f 4301 4305 4299
f 3531 4306 3548
f 3548 4306 4307
f 3548 4307 4303
f 4303 4307 4308
f 4303 4308 4309
f 4306 3531 4310
f 4310 3531 3529
f 4310 3529 4311
f 4311 3529 3527
f 4311 3527 4312
f 4312 3527 3512
f 4312 3512 4313
f 4313 3512 51
f 4313 51 87
f 87 4314 4313
f 4313 4314 4312
f 4314 4315 4312
f 4312 4315 4311
f 4311 4315 4310
f 4310 4315 4316
f 4310 4316 4306
f 4306 4316 4317
f 4306 4317 4307
f 4307 4317 4308
f 4303 4309 4304
f 4304 4309 4305
f 4318 4293 4319
f 4319 4293 4295
f 4319 4295 4320
f 4320 4295 4321
f 4321 4295 4297
f 4321 4297 4322
f 4322 4297 4323
f 4323 4297 4299
f 4323 4299 4324
f 4324 4299 4325
f 4325 4299 4305
f 4325 4305 4326
f 4326 4305 4327
f 4327 4305 4309
f 4327 4309 4328
f 4328 4309 4329
f 4329 4309 4308
f 4329 4308 4330
f 4330 4308 4317
f 4330 4317 4331
f 4331 4317 4332
f 4332 4317 4316
f 4332 4316 4333
f 4333 4316 4334
f 4334 4316 4315
f 4334 4315 4335
f 4335 4315 4336
f 4336 4315 4314
f 4336 4314 4337
f 4337 4314 20
f 4337 20 1
f 4318 3873 4293
f 4293 3873 3848
f 4293 3848 3847
f 4314 87 20
f 20 87 19
f 19 87 17
f 17 87 15
f 1 12 4337
f 4337 12 11
f 4337 11 10
f 10 9 4337
f 4337 9 4338
f 4337 4338 4339
f 99 4340 9
f 9 4340 4341
f 9 4341 4342
f 96 4343 99
f 99 4343 4344
f 99 4344 4345
f 4345 4344 4346
f 4346 4344 4347
f 4347 4344 4343
f 4347 4343 4348
f 4348 4343 96
f 4348 96 4349
f 4349 96 4350
f 4349 4350 4351
f 4351 4350 4352
f 4352 4350 4353
f 4353 4350 93
f 4353 93 4354
f 4354 93 4355
f 4354 4355 4356
f 4356 4355 4357
f 4356 4357 4358
f 4358 4357 4359
f 4359 4357 92
f 4359 92 4360
f 4360 92 4361
f 4361 92 4362
f 4361 4362 4363
f 4363 4362 91
f 4363 91 4012
f 96 93 4350
f 93 92 4355
f 4355 92 4357
f 92 91 4362
f 99 4345 4364
f 4364 4345 4365
f 4364 4365 4340
f 4340 4365 4366
f 4340 4366 4367
f 4367 4341 4340
f 4342 4368 9
f 9 4368 4338
f 4339 4369 4337
f 4337 4369 4370
f 4337 4370 4371
f 4371 4372 4337
f 4337 4372 4336
f 4340 99 4364
f 4373 4374 4375
f 4375 4374 4376
f 4375 4376 4377
f 4377 4376 4378
f 4377 4378 4379
f 4379 4378 4380
f 4379 4380 4381
f 4381 4380 4382
f 4381 4382 4383
f 4383 4382 4384
f 4383 4384 4385
f 4385 4384 4386
f 4385 4386 4387
f 4387 4386 4388
f 4387 4388 4389
f 4389 4388 4390
f 4389 4390 4391
f 4391 4390 4392
f 4391 4392 4393
f 4393 4392 4394
f 4393 4394 4395
f 4395 4394 4396
f 4395 4396 4397
f 4397 4396 4398
f 4398 4396 4399
f 4398 4399 4400
f 4400 4399 4401
f 4400 4401 4402
f 4402 4401 4403
f 4402 4403 4404
f 4404 4403 4405
f 4404 4405 4406
f 4406 4405 4407
f 4406 4407 4408
f 4408 4407 4409
f 4408 4409 4410
f 4410 4409 4411
f 4410 4411 4412
f 4412 4411 4413
f 4412 4413 4414
f 4414 4413 4415
f 4414 4415 4416
f 4416 4415 4417
f 4416 4417 4418
f 4418 4417 4419
f 4418 4419 4420
f 4420 4419 4421
f 4420 4421 4422
f 4422 4421 4423
f 4422 4423 4424
f 4424 4423 4425
f 4425 4423 4426
f 4425 4426 4427
f 4427 4426 4428
f 4427 4428 4429
f 4429 4428 4430
f 4429 4430 4431
f 4431 4430 4432
f 4431 4432 4433
f 4433 4432 4434
f 4433 4434 4435
f 4435 4434 4436
f 4435 4436 4437
f 4437 4436 4438
f 4437 4438 4439
f 4439 4438 4440
f 4439 4440 4441
f 4441 4440 4442
f 4441 4442 4443
f 4443 4442 4444
f 4443 4444 4445
f 4445 4444 4446
f 4445 4446 4447
f 4447 4446 4448
f 4447 4448 4449
f 4449 4448 4450
f 4450 4448 4451
f 4451 4448 4446
f 4451 4446 4444
f 4386 4452 4388
f 4388 4452 4453
f 4388 4453 4390
f 4390 4453 4454
f 4390 4454 4392
f 4392 4454 4455
f 4392 4455 4394
f 4394 4455 4456
f 4394 4456 4396
f 4396 4456 4399
f 4453 4452 4457
f 4457 4452 4458
f 4457 4458 4459
f 4457 4459 4460
f 4460 4459 4461
f 4460 4461 4462
f 4462 4461 4463
f 4462 4463 4464
f 4464 4463 4407
f 4464 4407 4405
f 4461 4465 4463
f 4463 4465 4409
f 4463 4409 4407
f 4465 4411 4409
f 4413 4466 4415
f 4415 4466 4467
f 4415 4467 4417
f 4417 4467 4468
f 4417 4468 4419
f 4419 4468 4469
f 4419 4469 4421
f 4421 4469 4470
f 4421 4470 4423
f 4423 4470 4426
f 4466 4471 4467
f 4467 4471 4472
f 4467 4472 4468
f 4468 4472 4473
f 4468 4473 4469
f 4469 4473 4474
f 4469 4474 4470
f 4470 4474 4428
f 4470 4428 4426
f 4472 4471 4475
f 4475 4471 4476
f 4475 4476 4477
f 4477 4476 4434
f 4477 4434 4432
f 4476 4436 4434
f 4438 4478 4440
f 4440 4478 4479
f 4440 4479 4442
f 4442 4479 4444
f 4479 4451 4444
f 4449 4480 4447
f 4447 4480 4481
f 4447 4481 4445
f 4445 4481 4482
f 4445 4482 4443
f 4443 4482 4483
f 4443 4483 4441
f 4441 4483 4484
f 4441 4484 4439
f 4439 4484 4437
f 4481 4480 4427
f 4427 4480 4425
f 4422 4424 4485
f 4485 4424 4486
f 4485 4486 4487
f 4487 4486 4488
f 4487 4488 4489
f 4489 4488 4490
f 4489 4490 4491
f 4491 4490 4492
f 4491 4492 4493
f 4493 4492 4406
f 4493 4406 4408
f 4488 4494 4490
f 4490 4494 4495
f 4490 4495 4492
f 4492 4495 4404
f 4492 4404 4406
f 4494 4496 4495
f 4495 4496 4402
f 4495 4402 4404
f 4496 4400 4402
f 4395 4397 4497
f 4497 4397 4498
f 4497 4498 4499
f 4499 4498 4500
f 4499 4500 4501
f 4501 4500 4502
f 4501 4502 4503
f 4503 4502 4504
f 4503 4504 4505
f 4505 4504 4377
f 4505 4377 4379
f 4502 4373 4504
f 4504 4373 4375
f 4504 4375 4377
f 4381 4383 4506
f 4506 4383 4385
f 4506 4385 4507
f 4507 4385 4387
f 4507 4387 4389
f 4379 4381 4508
f 4508 4381 4506
f 4508 4506 4509
f 4509 4506 4507
f 4509 4507 4510
f 4510 4507 4389
f 4510 4389 4391
f 4379 4508 4505
f 4505 4508 4511
f 4505 4511 4503
f 4503 4511 4501
f 4511 4508 4509
f 4511 4509 4512
f 4512 4509 4510
f 4512 4510 4513
f 4513 4510 4391
f 4513 4391 4393
f 4499 4501 4512
f 4512 4501 4511
f 4499 4512 4513
f 4497 4499 4513
f 4497 4513 4393
f 4460 4514 4457
f 4457 4514 4454
f 4457 4454 4453
f 4454 4514 4455
f 4455 4514 4515
f 4455 4515 4456
f 4456 4515 4516
f 4456 4516 4399
f 4399 4516 4401
f 4514 4460 4517
f 4517 4460 4462
f 4517 4462 4464
f 4497 4393 4395
f 4464 4518 4517
f 4517 4518 4515
f 4517 4515 4514
f 4515 4518 4516
f 4516 4518 4403
f 4516 4403 4401
f 4403 4518 4405
f 4405 4518 4464
f 4408 4410 4519
f 4519 4410 4412
f 4519 4412 4520
f 4520 4412 4414
f 4520 4414 4416
f 4408 4519 4493
f 4493 4519 4521
f 4493 4521 4491
f 4491 4521 4522
f 4491 4522 4489
f 4489 4522 4487
f 4521 4519 4520
f 4521 4520 4523
f 4523 4520 4416
f 4523 4416 4418
f 4418 4524 4523
f 4523 4524 4522
f 4523 4522 4521
f 4485 4487 4524
f 4524 4487 4522
f 4485 4524 4420
f 4420 4524 4418
f 4472 4475 4473
f 4473 4475 4525
f 4473 4525 4474
f 4474 4525 4430
f 4474 4430 4428
f 4485 4420 4422
f 4477 4432 4525
f 4525 4432 4430
f 4475 4477 4525
f 4433 4435 4484
f 4484 4435 4437
f 4431 4433 4483
f 4483 4433 4484
f 4429 4431 4482
f 4482 4431 4483
f 4427 4429 4481
f 4481 4429 4482
f 4526 4450 4527
f 4527 4450 4451
f 4527 4451 4479
f 4478 4528 4479
f 4479 4528 4529
f 4479 4529 4530
f 4530 4529 4531
f 4530 4531 4532
f 4532 4531 4533
f 4532 4533 4534
f 4534 4533 4535
f 4534 4535 4536
f 4536 4535 4537
f 4536 4537 4538
f 4538 4537 4539
f 4538 4539 4540
f 4540 4539 4541
f 4540 4541 4542
f 4542 4541 4543
f 4542 4543 4544
f 4544 4543 4545
f 4544 4545 4546
f 4546 4545 4547
f 4546 4547 4548
f 4548 4547 4549
f 4548 4549 4550
f 4550 4549 4551
f 4550 4551 4552
f 4552 4551 4553
f 4552 4553 4554
f 4554 4553 4478
f 4478 4553 4528
f 4548 4555 4546
f 4546 4555 4556
f 4546 4556 4544
f 4544 4556 4557
f 4544 4557 4542
f 4555 4558 4556
f 4556 4558 4557
f 4558 4559 4557
f 4534 4560 4532
f 4532 4560 4527
f 4532 4527 4530
f 4530 4527 4479
f 4560 4526 4527
f 4528 4553 4561
f 4561 4553 4551
f 4561 4551 4562
f 4562 4551 4549
f 4562 4549 4563
f 4563 4549 4547
f 4563 4547 4545
f 4529 4528 4564
f 4564 4528 4561
f 4564 4561 4565
f 4565 4561 4562
f 4565 4562 4566
f 4566 4562 4563
f 4566 4563 4567
f 4567 4563 4545
f 4567 4545 4543
f 4529 4564 4531
f 4531 4564 4568
f 4531 4568 4533
f 4533 4568 4535
f 4568 4564 4565
f 4568 4565 4569
f 4569 4565 4566
f 4569 4566 4570
f 4570 4566 4567
f 4570 4567 4541
f 4541 4567 4543
f 4537 4535 4569
f 4569 4535 4568
f 4537 4569 4570
f 4537 4570 4539
f 4539 4570 4541
f 4374 4540 4571
f 4571 4540 4542
f 4571 4542 4572
f 4572 4542 4573
f 4572 4573 4378
f 4378 4573 4574
f 4378 4574 4380
f 4380 4574 4575
f 4380 4575 4382
f 4382 4575 4559
f 4559 4575 4557
f 4557 4575 4574
f 4557 4574 4573
f 4542 4557 4573
f 4378 4376 4572
f 4572 4376 4571
f 4376 4374 4571
f 4576 4540 4577
f 4577 4540 4374
f 4577 4374 4578
f 4578 4374 4579
f 4578 4579 4580
f 4580 4579 4581
f 4580 4581 4582
f 4582 4581 4583
f 4582 4583 4584
f 4584 4583 4585
f 4584 4585 4586
f 4586 4585 4587
f 4586 4587 4588
f 4588 4587 4589
f 4588 4589 4590
f 4590 4589 4374
f 4590 4374 4591
f 4592 4593 4591
f 4591 4593 4594
f 4591 4594 4590
f 4590 4594 4595
f 4590 4595 4588
f 4588 4595 4596
f 4588 4596 4586
f 4586 4596 4597
f 4586 4597 4584
f 4593 4592 4598
f 4598 4592 4599
f 4598 4599 4600
f 4600 4599 4601
f 4600 4601 4602
f 4602 4601 4603
f 4602 4603 4604
f 4602 4604 4605
f 4605 4604 4597
f 4605 4597 4596
f 4582 4584 4606
f 4606 4584 4607
f 4606 4607 4608
f 4608 4607 4609
f 4608 4609 4610
f 4610 4609 4611
f 4610 4611 4576
f 4607 4611 4609
f 4610 4576 4577
f 4580 4582 4606
f 4579 4374 4612
f 4612 4374 4613
f 4612 4613 4614
f 4614 4613 4587
f 4614 4587 4585
f 4587 4613 4589
f 4589 4613 4374
f 4610 4577 4615
f 4615 4577 4578
f 4615 4578 4580
f 4612 4614 4581
f 4581 4614 4583
f 4583 4614 4585
f 4579 4612 4581
f 4595 4594 4616
f 4616 4594 4593
f 4616 4593 4600
f 4600 4593 4598
f 4596 4595 4605
f 4605 4595 4616
f 4605 4616 4602
f 4602 4616 4600
f 4615 4580 4606
f 4610 4615 4608
f 4608 4615 4606
f 4374 4373 4591
f 4591 4373 4502
f 4591 4502 4500
f 4498 4617 4500
f 4500 4617 4618
f 4500 4618 4592
f 4592 4618 4619
f 4619 4618 4620
f 4620 4618 4621
f 4621 4618 4622
f 4621 4622 4623
f 4623 4622 4624
f 4623 4624 4625
f 4625 4624 4626
f 4625 4626 4627
f 4627 4626 4628
f 4498 4397 4617
f 4617 4397 4629
f 4629 4397 4398
f 4629 4398 4400
f 4629 4400 4630
f 4630 4400 4496
f 4630 4496 4631
f 4631 4496 4494
f 4631 4494 4632
f 4632 4494 4488
f 4632 4488 4633
f 4633 4488 4486
f 4633 4486 4424
f 4633 4424 4634
f 4634 4424 4425
f 4634 4425 4480
f 4449 4635 4480
f 4480 4635 4636
f 4480 4636 4634
f 4449 4450 4635
f 4637 4638 4635
f 4635 4638 4639
f 4635 4639 4636
f 4640 4641 4637
f 4637 4641 4642
f 4637 4642 4643
f 4643 4644 4637
f 4637 4644 4645
f 4637 4645 4646
f 4646 4647 4637
f 4637 4647 4648
f 4637 4648 4638
f 4592 4591 4500
f 4459 4458 4649
f 4649 4458 4452
f 4649 4452 4650
f 4650 4452 4386
f 4650 4386 4651
f 4651 4386 4384
f 4651 4384 4652
f 4652 4384 4382
f 4652 4382 4653
f 4653 4382 4559
f 4653 4559 4558
f 4653 4558 4654
f 4654 4558 4555
f 4654 4555 4655
f 4655 4555 4548
f 4655 4548 4550
f 4655 4550 4656
f 4656 4550 4552
f 4656 4552 4554
f 4656 4554 4657
f 4657 4554 4478
f 4657 4478 4658
f 4658 4478 4438
f 4658 4438 4659
f 4659 4438 4436
f 4659 4436 4660
f 4660 4436 4476
f 4660 4476 4661
f 4661 4476 4471
f 4661 4471 4662
f 4662 4471 4466
f 4662 4466 4663
f 4663 4466 4413
f 4663 4413 4664
f 4664 4413 4411
f 4664 4411 4465
f 4664 4465 4665
f 4665 4465 4461
f 4665 4461 4666
f 4666 4461 4459
f 4666 4459 4649
f 4667 4668 4669
f 4669 4668 4670
f 4669 4670 4671
f 4672 4673 4671
f 4671 4673 4674
f 4671 4674 4669
f 4669 4674 4675
f 4669 4675 4667
f 4667 4675 4676
f 4676 4675 4677
f 4676 4677 4678
f 4678 4677 4679
f 4678 4679 4680
f 4680 4679 4681
f 4680 4681 4682
f 4682 4681 4683
f 4682 4683 4684
f 4684 4683 4685
f 4684 4685 4686
f 4686 4685 4687
f 4686 4687 4688
f 4688 4687 4689
f 4688 4689 4690
f 4691 4692 4672
f 4672 4692 4693
f 4672 4693 4673
f 4673 4693 4694
f 4673 4694 4695
f 4695 4694 4696
f 4695 4696 4677
f 4677 4696 4679
f 4691 4697 4692
f 4692 4697 4698
f 4692 4698 4699
f 4699 4698 4700
f 4699 4700 4701
f 4701 4700 4683
f 4701 4683 4681
f 4697 4702 4698
f 4698 4702 4703
f 4698 4703 4700
f 4700 4703 4685
f 4700 4685 4683
f 4702 4704 4703
f 4703 4704 4687
f 4703 4687 4685
f 4704 4689 4687
f 4688 4690 4705
f 4705 4690 4706
f 4705 4706 4707
f 4707 4706 4708
f 4707 4708 4709
f 4709 4708 4710
f 4709 4710 4711
f 4711 4710 4712
f 4711 4712 4713
f 4713 4712 4714
f 4713 4714 4715
f 4715 4714 4716
f 4715 4716 4717
f 4717 4716 4718
f 4718 4716 4719
f 4719 4716 4720
f 4719 4720 4721
f 4721 4720 4722
f 4721 4722 4723
f 4723 4722 4724
f 4723 4724 4725
f 4725 4724 4726
f 4725 4726 4727
f 4727 4726 4728
f 4727 4728 4729
f 4729 4728 4730
f 4729 4730 4731
f 4731 4730 4732
f 4731 4732 4733
f 4733 4732 4734
f 4734 4732 4735
f 4734 4735 4736
f 4736 4735 4737
f 4736 4737 4738
f 4738 4737 4739
f 4738 4739 4740
f 4740 4739 4741
f 4740 4741 4742
f 4742 4741 4743
f 4743 4741 4744
f 4743 4744 4745
f 4745 4744 4746
f 4745 4746 4747
f 4747 4746 4748
f 4747 4748 4749
f 4749 4748 4750
f 4749 4750 4751
f 4751 4750 4752
f 4751 4752 4753
f 4753 4752 4722
f 4753 4722 4720
f 4706 4754 4708
f 4708 4754 4755
f 4708 4755 4710
f 4710 4755 4756
f 4710 4756 4712
f 4712 4756 4757
f 4712 4757 4714
f 4714 4757 4758
f 4714 4758 4716
f 4716 4758 4720
f 4754 4759 4755
f 4755 4759 4760
f 4755 4760 4756
f 4756 4760 4761
f 4756 4761 4757
f 4757 4761 4762
f 4757 4762 4758
f 4758 4762 4753
f 4758 4753 4720
f 4759 4763 4760
f 4760 4763 4764
f 4760 4764 4761
f 4761 4764 4765
f 4761 4765 4762
f 4762 4765 4751
f 4762 4751 4753
f 4763 4766 4764
f 4764 4766 4767
f 4764 4767 4765
f 4765 4767 4749
f 4765 4749 4751
f 4766 4768 4767
f 4767 4768 4747
f 4767 4747 4749
f 4768 4745 4747
f 4742 4769 4740
f 4740 4769 4770
f 4740 4770 4738
f 4738 4770 4771
f 4738 4771 4736
f 4736 4771 4772
f 4736 4772 4734
f 4770 4769 4773
f 4773 4769 4774
f 4773 4774 4772
f 4717 4775 4715
f 4715 4775 4776
f 4715 4776 4713
f 4713 4776 4777
f 4713 4777 4711
f 4711 4777 4778
f 4711 4778 4709
f 4709 4778 4779
f 4709 4779 4707
f 4707 4779 4705
f 4775 4780 4776
f 4776 4780 4781
f 4776 4781 4777
f 4777 4781 4782
f 4777 4782 4778
f 4778 4782 4783
f 4778 4783 4779
f 4779 4783 4784
f 4779 4784 4705
f 4705 4784 4688
f 4780 4785 4781
f 4781 4785 4786
f 4781 4786 4782
f 4782 4786 4787
f 4782 4787 4783
f 4783 4787 4788
f 4783 4788 4784
f 4784 4788 4686
f 4784 4686 4688
f 4785 4789 4786
f 4786 4789 4790
f 4786 4790 4787
f 4787 4790 4791
f 4787 4791 4788
f 4788 4791 4684
f 4788 4684 4686
f 4789 4792 4790
f 4790 4792 4793
f 4790 4793 4794
f 4794 4793 4795
f 4794 4795 4680
f 4680 4795 4678
f 4694 4693 4699
f 4699 4693 4692
f 4675 4674 4695
f 4695 4674 4673
f 4696 4694 4701
f 4701 4694 4699
f 4677 4675 4695
f 4679 4696 4681
f 4681 4696 4701
f 4794 4680 4682
f 4794 4682 4791
f 4791 4682 4684
f 4790 4794 4791
f 4748 4746 4796
f 4796 4746 4744
f 4796 4744 4797
f 4797 4744 4741
f 4797 4741 4739
f 4750 4748 4798
f 4798 4748 4796
f 4798 4796 4799
f 4799 4796 4797
f 4799 4797 4800
f 4800 4797 4739
f 4800 4739 4737
f 4752 4750 4801
f 4801 4750 4798
f 4801 4798 4802
f 4802 4798 4799
f 4802 4799 4803
f 4803 4799 4800
f 4803 4800 4804
f 4804 4800 4737
f 4804 4737 4735
f 4722 4752 4724
f 4724 4752 4801
f 4724 4801 4726
f 4726 4801 4802
f 4726 4802 4728
f 4728 4802 4803
f 4728 4803 4730
f 4730 4803 4804
f 4730 4804 4732
f 4732 4804 4735
f 4772 4771 4773
f 4773 4771 4770
f 4733 4734 4805
f 4805 4734 4806
f 4805 4806 4807
f 4807 4806 4808
f 4807 4808 4809
f 4809 4808 4810
f 4809 4810 4811
f 4811 4810 4812
f 4811 4812 4813
f 4806 4734 4808
f 4808 4734 4772
f 4808 4772 4810
f 4810 4772 4774
f 4810 4774 4812
f 4811 4813 4814
f 4814 4813 4815
f 4814 4815 4816
f 4816 4815 4817
f 4816 4817 4818
f 4818 4817 4819
f 4818 4819 4820
f 4820 4819 4821
f 4820 4821 4822
f 4822 4823 4820
f 4820 4823 4824
f 4820 4824 4818
f 4818 4824 4825
f 4818 4825 4816
f 4816 4825 4826
f 4816 4826 4814
f 4814 4826 4827
f 4814 4827 4811
f 4811 4827 4809
f 4828 4829 4823
f 4823 4829 4830
f 4823 4830 4824
f 4824 4830 4825
f 4829 4831 4830
f 4830 4831 4832
f 4830 4832 4825
f 4825 4832 4826
f 4831 4833 4832
f 4832 4833 4834
f 4832 4834 4826
f 4826 4834 4827
f 4833 4835 4834
f 4834 4835 4836
f 4834 4836 4827
f 4827 4836 4809
f 4835 4837 4836
f 4836 4837 4807
f 4836 4807 4809
f 4837 4838 4807
f 4807 4838 4805
f 4668 4828 4839
f 4839 4828 4823
f 4839 4823 4840
f 4840 4823 4841
f 4840 4841 4671
f 4671 4841 4842
f 4671 4842 4672
f 4672 4842 4843
f 4672 4843 4691
f 4691 4843 4821
f 4821 4843 4822
f 4822 4843 4842
f 4822 4842 4841
f 4823 4822 4841
f 4671 4670 4840
f 4840 4670 4839
f 4670 4668 4839
f 4821 4819 4844
f 4844 4819 4845
f 4845 4819 4817
f 4845 4817 4846
f 4846 4817 4815
f 4846 4815 4847
f 4847 4815 4848
f 4847 4848 4849
f 4849 4848 4850
f 4849 4850 4851
f 4851 4850 4852
f 4852 4850 4853
f 4852 4853 4854
f 4854 4853 4855
f 4854 4855 4856
f 4815 4813 4848
f 4848 4813 4857
f 4848 4857 4850
f 4850 4857 4853
f 4813 4812 4857
f 4857 4812 4774
f 4857 4774 4858
f 4857 4858 4853
f 4853 4858 4855
f 4774 4769 4858
f 4858 4769 4742
f 4858 4742 4859
f 4859 4742 4860
f 4860 4742 4743
f 4860 4743 4745
f 4860 4745 4861
f 4861 4745 4768
f 4861 4768 4766
f 4861 4766 4862
f 4862 4766 4763
f 4862 4763 4863
f 4863 4763 4759
f 4863 4759 4864
f 4864 4759 4754
f 4864 4754 4865
f 4865 4754 4706
f 4865 4706 4690
f 4865 4690 4866
f 4866 4690 4689
f 4866 4689 4704
f 4702 4867 4704
f 4704 4867 4868
f 4704 4868 4869
f 4869 4868 4870
f 4869 4870 4871
f 4702 4697 4867
f 4867 4697 4691
f 4871 4872 4869
f 4869 4872 4873
f 4873 4872 4874
f 4873 4874 4875
f 4875 4874 4876
f 4875 4876 4877
f 4877 4876 4878
f 4877 4878 4879
f 4869 4866 4704
f 4859 4880 4858
f 4858 4880 4881
f 4858 4881 4882
f 4858 4882 4855
f 4855 4882 4883
f 4855 4883 4884
f 4884 4885 4855
f 4855 4885 4886
f 4855 4886 4887
f 4887 4888 4855
f 4855 4888 4889
f 4855 4889 4856
f 4890 4678 4891
f 4891 4678 4795
f 4891 4795 4793
f 4678 4890 4676
f 4676 4890 4892
f 4676 4892 4667
f 4667 4892 4893
f 4667 4893 4668
f 4668 4893 4894
f 4668 4894 4828
f 4828 4894 4829
f 4829 4894 4895
f 4829 4895 4831
f 4831 4895 4833
f 4833 4895 4896
f 4833 4896 4835
f 4835 4896 4897
f 4835 4897 4837
f 4837 4897 4838
f 4838 4897 4898
f 4838 4898 4805
f 4805 4898 4733
f 4733 4898 4899
f 4733 4899 4731
f 4731 4899 4729
f 4729 4899 4900
f 4729 4900 4727
f 4727 4900 4901
f 4727 4901 4725
f 4725 4901 4723
f 4723 4901 4902
f 4723 4902 4721
f 4721 4902 4719
f 4719 4902 4903
f 4719 4903 4718
f 4718 4903 4717
f 4717 4903 4904
f 4717 4904 4775
f 4775 4904 4905
f 4775 4905 4780
f 4780 4905 4785
f 4785 4905 4906
f 4785 4906 4789
f 4789 4906 4792
f 4792 4906 4907
f 4792 4907 4793
f 4793 4907 4891
f 4908 4909 4910
f 4910 4909 4911
f 4910 4911 4912
f 4912 4911 4913
f 4912 4913 4914
f 4914 4913 4915
f 4914 4915 4916
f 4916 4915 4917
f 4916 4917 4918
f 4918 4917 4919
f 4918 4919 4920
f 4920 4919 4921
f 4920 4921 4922
f 4922 4921 4923
f 4922 4923 4924
f 4911 4925 4913
f 4913 4925 4926
f 4913 4926 4915
f 4915 4926 4927
f 4915 4927 4917
f 4917 4927 4928
f 4917 4928 4929
f 4917 4929 4919
f 4919 4929 4930
f 4919 4930 4931
f 4931 4932 4919
f 4919 4932 4933
f 4919 4933 4921
f 4921 4933 4934
f 4921 4934 4935
f 4935 4923 4921
f 4922 4924 4936
f 4936 4924 4937
f 4936 4937 4938
f 4938 4939 4936
f 4936 4939 4940
f 4940 4939 4941
f 4942 4943 4944
f 4944 4943 4945
f 4944 4945 4946
f 4946 4945 4947
f 4946 4947 4948
f 4948 4947 4949
f 4949 4947 4950
f 4950 4947 4951
f 4951 4947 4952
f 4952 4947 4953
f 4953 4947 4954
f 4954 4947 4955
f 4944 4956 4942
f 4942 4956 4957
f 4942 4957 4958
f 4959 4960 4961
f 4961 4960 4962
f 4961 4962 4963
f 4963 4962 4964
f 4964 4962 4965
f 4964 4965 4966
f 4966 4965 4967
f 4966 4967 4968
f 4968 4967 4969
f 4968 4969 4970
f 4970 4969 4971
f 4970 4971 4972
f 4972 4971 4973
f 4972 4973 4974
f 4974 4973 4975
f 4974 4975 4976
f 4976 4975 4977
f 4976 4977 4978
f 4978 4977 4979
f 4978 4979 4980
f 4980 4979 4981
f 4980 4981 4982
f 4982 4981 4983
f 4982 4983 4984
f 4984 4983 4948
f 4984 4948 4949
f 4962 4960 4985
f 4985 4960 4986
f 4985 4986 4987
f 4987 4986 4988
f 4987 4988 4989
f 4989 4988 4990
f 4989 4990 4991
f 4991 4990 4992
f 4991 4992 4993
f 4993 4992 4994
f 4993 4994 4995
f 4995 4994 4996
f 4995 4996 4997
f 4997 4996 4998
f 4997 4998 4979
f 4979 4998 4981
f 4988 4986 4999
f 4999 4986 4943
f 4999 4943 4942
f 4999 4942 5000
f 5000 4942 4958
f 5000 4958 5001
f 5001 4958 4957
f 5001 4957 5002
f 5002 4957 4956
f 5002 4956 5003
f 5003 4956 4944
f 5003 4944 5004
f 5004 4944 4946
f 5004 4946 4983
f 4983 4946 4948
f 4950 5005 4949
f 4949 5005 5006
f 4949 5006 4984
f 4984 5006 5007
f 4984 5007 4982
f 4982 5007 5008
f 4982 5008 4980
f 4980 5008 5009
f 4980 5009 4978
f 4978 5009 5010
f 4978 5010 4976
f 4976 5010 5011
f 4976 5011 4974
f 5005 4950 5012
f 5012 4950 4951
f 5012 4951 5013
f 5013 4951 4952
f 5013 4952 5014
f 5014 4952 4953
f 5014 4953 5015
f 5015 4953 4954
f 5015 4954 5016
f 5016 4954 5017
f 5016 5017 5018
f 5018 5017 5019
f 5018 5019 5020
f 5020 5019 5021
f 5020 5021 5022
f 5022 5021 4960
f 5022 4960 5023
f 5023 4960 4959
f 5023 4959 5024
f 4954 4955 5017
f 5017 4955 5025
f 5017 5025 5019
f 5019 5025 5026
f 5019 5026 5021
f 5021 5026 4986
f 5021 4986 4960
f 4955 4947 5025
f 5025 4947 5027
f 5025 5027 5026
f 5026 5027 4986
f 4947 4945 5027
f 5027 4945 4986
f 4945 4943 4986
f 5023 5024 5028
f 5028 5024 5029
f 5028 5029 5030
f 5030 5029 5031
f 5030 5031 5032
f 5032 5031 5033
f 5032 5033 5034
f 5034 5033 5035
f 5034 5035 5036
f 5036 5035 5037
f 5036 5037 5038
f 5038 5037 5039
f 5038 5039 5040
f 5040 5039 5041
f 5040 5041 5042
f 5042 5041 5007
f 5042 5007 5006
f 5033 5043 5035
f 5035 5043 5044
f 5035 5044 5037
f 5037 5044 5045
f 5037 5045 5039
f 5039 5045 5046
f 5039 5046 5041
f 5041 5046 5008
f 5041 5008 5007
f 5043 5047 5044
f 5044 5047 5048
f 5044 5048 5045
f 5045 5048 5049
f 5045 5049 5046
f 5046 5049 5009
f 5046 5009 5008
f 5047 5050 5048
f 5048 5050 5051
f 5048 5051 5049
f 5049 5051 5052
f 5049 5052 5010
f 5010 5052 5011
f 4990 4988 4999
f 4965 4962 4985
f 4985 4987 5053
f 5053 4987 4989
f 5053 4989 5054
f 5054 4989 4991
f 5054 4991 5055
f 5055 4991 4993
f 5055 4993 5056
f 5056 4993 4995
f 5056 4995 5057
f 5057 4995 4997
f 5057 4997 4977
f 4977 4997 4979
f 4992 4990 5000
f 5000 4990 4999
f 4967 4965 5053
f 5053 4965 4985
f 4967 5053 5054
f 4994 4992 5001
f 5001 4992 5000
f 4969 4967 5054
f 4969 5054 5055
f 4996 4994 5002
f 5002 4994 5001
f 4971 4969 5055
f 4971 5055 5056
f 4998 4996 5003
f 5003 4996 5002
f 4973 4971 5056
f 4973 5056 5057
f 4981 4998 5004
f 5004 4998 5003
f 4983 4981 5004
f 4975 4973 5057
f 4975 5057 4977
f 5006 5005 5042
f 5042 5005 5012
f 5042 5012 5040
f 5040 5012 5058
f 5040 5058 5038
f 5038 5058 5059
f 5038 5059 5036
f 5036 5059 5060
f 5036 5060 5034
f 5034 5060 5032
f 5010 5009 5049
f 5012 5013 5058
f 5058 5013 5061
f 5058 5061 5059
f 5059 5061 5062
f 5059 5062 5060
f 5060 5062 5063
f 5060 5063 5032
f 5032 5063 5030
f 5013 5014 5061
f 5061 5014 5064
f 5061 5064 5062
f 5062 5064 5065
f 5062 5065 5063
f 5063 5065 5066
f 5063 5066 5030
f 5030 5066 5028
f 5014 5015 5064
f 5064 5015 5067
f 5064 5067 5065
f 5065 5067 5068
f 5065 5068 5066
f 5066 5068 5069
f 5066 5069 5028
f 5028 5069 5023
f 5016 5018 5067
f 5067 5018 5068
f 5069 5068 5020
f 5020 5068 5018
f 5015 5016 5067
f 5023 5069 5022
f 5022 5069 5020
f 5070 5071 5072
f 5072 5071 4908
f 5072 4908 4910
f 5072 4910 5073
f 5073 4910 4912
f 5073 4912 5074
f 5074 4912 4914
f 5074 4914 5075
f 5075 4914 4916
f 5075 4916 5076
f 5076 4916 4918
f 5076 4918 5077
f 5077 4918 4920
f 5077 4920 5078
f 5078 4920 5079
f 5078 5079 5080
f 5080 5079 4922
f 5080 4922 5081
f 5081 4922 4936
f 5081 4936 5082
f 5082 4936 4940
f 5082 4940 4941
f 4920 4922 5079
f 5082 4941 5083
f 5083 4941 5084
f 5083 5084 5085
f 5085 5084 5086
f 5085 5086 5087
f 5087 5086 5088
f 5087 5088 5089
f 5089 5088 5090
f 5089 5090 5091
f 5091 5090 5092
f 5092 5090 5093
f 5092 5093 5094
f 5094 5093 5095
f 5094 5095 5096
f 5096 5095 5097
f 5096 5097 5098
f 5098 5097 5099
f 5098 5099 5100
f 5088 5101 5090
f 5090 5101 5093
f 5101 5102 5093
f 5093 5102 5095
f 5102 5099 5095
f 5095 5099 5097
f 5089 5091 5087
f 5087 5091 5103
f 5087 5103 5085
f 5085 5103 5083
f 5103 5104 5083
f 5083 5104 5105
f 5083 5105 5082
f 5082 5105 5106
f 5082 5106 5081
f 5081 5106 5080
f 5078 5107 5077
f 5077 5107 5076
f 5107 5108 5076
f 5076 5108 5075
f 5108 5109 5075
f 5075 5109 5074
f 5109 5110 5074
f 5074 5110 5073
f 5111 5112 5110
f 5110 5112 5113
f 5110 5113 5070
f 5110 5070 5073
f 5073 5070 5072
f 5111 5114 5115
f 5115 5114 5116
f 5115 5116 5117
f 5117 5116 5118
f 5117 5118 5119
f 5119 5118 5120
f 5119 5120 5121
f 5121 5120 5122
f 5121 5122 5123
f 5123 5122 5124
f 5123 5124 5125
f 5125 5124 5126
f 5125 5126 5127
f 5127 5126 5128
f 5127 5128 5129
f 5129 5128 5130
f 5129 5130 5131
f 5131 5130 5132
f 5131 5132 5133
f 5133 5132 5134
f 5133 5134 5135
f 5135 5134 5136
f 5135 5136 5137
f 5137 5136 5138
f 5137 5138 5139
f 5139 5138 5140
f 5139 5140 5141
f 5141 5140 5142
f 5141 5142 5143
f 5143 5142 5144
f 5143 5144 5145
f 5145 5144 5146
f 5145 5146 5147
f 5147 5146 5148
f 5147 5148 5149
f 5149 5148 5150
f 5149 5150 5151
f 5151 5150 5152
f 5151 5152 5153
f 5153 5152 5154
f 5153 5154 5155
f 5155 5154 5156
f 5155 5156 5157
f 5157 5156 5158
f 5157 5158 5159
f 5159 5158 5160
f 5159 5160 5161
f 5161 5160 5162
f 5161 5162 5163
f 5163 5162 5129
f 5163 5129 4961
f 5110 5164 5111
f 5111 5164 5165
f 5111 5165 5114
f 5114 5165 5166
f 5114 5166 5116
f 5116 5166 5167
f 5116 5167 5118
f 5118 5167 5168
f 5118 5168 5120
f 5120 5168 5169
f 5120 5169 5122
f 5122 5169 5170
f 5122 5170 5124
f 5124 5170 5171
f 5124 5171 5126
f 5126 5171 5172
f 5126 5172 5128
f 5128 5172 5130
f 5164 5110 5173
f 5173 5110 5109
f 5173 5109 5174
f 5174 5109 5108
f 5174 5108 5175
f 5175 5108 5107
f 5175 5107 5176
f 5176 5107 5078
f 5176 5078 5177
f 5177 5078 5080
f 5177 5080 5178
f 5178 5080 5179
f 5178 5179 5180
f 5180 5179 5181
f 5180 5181 5182
f 5182 5181 5183
f 5182 5183 5184
f 5184 5183 5185
f 5184 5185 5186
f 5186 5185 5187
f 5186 5187 5188
f 5188 5187 5189
f 5188 5189 5190
f 5190 5189 5191
f 5190 5191 5192
f 5192 5191 5193
f 5192 5193 5160
f 5160 5193 5162
f 5080 5106 5179
f 5179 5106 5105
f 5179 5105 5194
f 5194 5105 5104
f 5194 5104 5103
f 5129 5185 5103
f 5103 5185 5183
f 5103 5183 5181
f 4963 5195 4961
f 4961 5195 5196
f 4961 5196 5197
f 5197 5196 5198
f 5197 5198 5199
f 5199 5198 4968
f 5199 4968 5200
f 5200 4968 4970
f 5200 4970 5201
f 5201 4970 5202
f 5201 5202 5159
f 5159 5202 5157
f 5195 4963 5203
f 5203 4963 4964
f 5203 4964 5195
f 5195 4964 4966
f 5195 4966 5196
f 5196 4966 5198
f 4966 4968 5198
f 4970 4972 5202
f 5202 4972 5204
f 5202 5204 5157
f 5157 5204 5155
f 4972 4974 5204
f 5204 4974 5205
f 5204 5205 5155
f 5155 5205 5153
f 5205 4974 5206
f 5206 4974 5011
f 5206 5011 5207
f 5207 5011 5052
f 5207 5052 5208
f 5208 5052 5051
f 5208 5051 5209
f 5209 5051 5050
f 5209 5050 5210
f 5210 5050 5047
f 5210 5047 5211
f 5211 5047 5043
f 5211 5043 5212
f 5212 5043 5033
f 5212 5033 5213
f 5213 5033 5214
f 5213 5214 5215
f 5215 5214 5216
f 5215 5216 5137
f 5137 5216 5135
f 5214 5033 5217
f 5217 5033 5031
f 5217 5031 5218
f 5218 5031 5219
f 5218 5219 5220
f 5220 5219 5221
f 5220 5221 5129
f 5129 5221 4961
f 4961 5221 4959
f 4959 5221 5024
f 5024 5221 5219
f 5024 5219 5029
f 5029 5219 5031
f 5127 5129 5222
f 5222 5129 5103
f 5222 5103 5223
f 5223 5103 5224
f 5223 5224 5225
f 5225 5224 5226
f 5225 5226 5227
f 5227 5226 5228
f 5227 5228 5229
f 5229 5228 5230
f 5229 5230 5231
f 5231 5230 5232
f 5231 5232 5233
f 5091 5234 5103
f 5103 5234 5235
f 5103 5235 5236
f 5236 5235 5237
f 5236 5237 5226
f 5226 5237 5228
f 5091 5092 5234
f 5234 5092 5238
f 5234 5238 5235
f 5235 5238 5237
f 5092 5094 5238
f 5238 5094 5096
f 5238 5096 5239
f 5239 5096 5098
f 5239 5098 5100
f 5100 5232 5239
f 5239 5232 5230
f 5239 5230 5228
f 5115 5117 5233
f 5233 5117 5240
f 5233 5240 5231
f 5231 5240 5229
f 4961 5197 5241
f 5241 5197 5199
f 5241 5199 5242
f 5242 5199 5200
f 5242 5200 5201
f 4961 5241 5163
f 5163 5241 5242
f 5163 5242 5161
f 5161 5242 5201
f 5161 5201 5159
f 5162 5193 5129
f 5129 5193 5191
f 5129 5191 5189
f 5243 5129 5244
f 5244 5129 5131
f 5244 5131 5133
f 5185 5129 5187
f 5187 5129 5189
f 5194 5103 5181
f 5181 5179 5194
f 5177 5178 5245
f 5245 5178 5180
f 5245 5180 5246
f 5246 5180 5182
f 5246 5182 5247
f 5247 5182 5184
f 5247 5184 5248
f 5248 5184 5186
f 5248 5186 5249
f 5249 5186 5188
f 5249 5188 5250
f 5250 5188 5190
f 5250 5190 5251
f 5251 5190 5192
f 5251 5192 5158
f 5158 5192 5160
f 5176 5177 5252
f 5252 5177 5245
f 5252 5245 5253
f 5253 5245 5246
f 5253 5246 5254
f 5254 5246 5247
f 5254 5247 5255
f 5255 5247 5248
f 5255 5248 5256
f 5256 5248 5249
f 5256 5249 5257
f 5257 5249 5250
f 5257 5250 5258
f 5258 5250 5251
f 5258 5251 5156
f 5156 5251 5158
f 5175 5176 5259
f 5259 5176 5252
f 5259 5252 5260
f 5260 5252 5253
f 5260 5253 5261
f 5261 5253 5254
f 5261 5254 5262
f 5262 5254 5255
f 5262 5255 5263
f 5263 5255 5256
f 5263 5256 5264
f 5264 5256 5257
f 5264 5257 5265
f 5265 5257 5258
f 5265 5258 5154
f 5154 5258 5156
f 5174 5175 5266
f 5266 5175 5259
f 5266 5259 5267
f 5267 5259 5260
f 5267 5260 5268
f 5268 5260 5261
f 5268 5261 5269
f 5269 5261 5262
f 5269 5262 5270
f 5270 5262 5263
f 5270 5263 5271
f 5271 5263 5264
f 5271 5264 5272
f 5272 5264 5265
f 5272 5265 5152
f 5152 5265 5154
f 5173 5174 5273
f 5273 5174 5266
f 5273 5266 5274
f 5274 5266 5267
f 5274 5267 5275
f 5275 5267 5268
f 5275 5268 5276
f 5276 5268 5269
f 5276 5269 5277
f 5277 5269 5270
f 5277 5270 5278
f 5278 5270 5271
f 5278 5271 5279
f 5279 5271 5272
f 5279 5272 5150
f 5150 5272 5152
f 5164 5173 5280
f 5280 5173 5273
f 5280 5273 5281
f 5281 5273 5274
f 5281 5274 5282
f 5282 5274 5275
f 5282 5275 5283
f 5283 5275 5276
f 5283 5276 5284
f 5284 5276 5277
f 5284 5277 5285
f 5285 5277 5278
f 5285 5278 5286
f 5286 5278 5279
f 5286 5279 5148
f 5148 5279 5150
f 5165 5164 5287
f 5287 5164 5280
f 5287 5280 5288
f 5288 5280 5281
f 5288 5281 5289
f 5289 5281 5282
f 5289 5282 5290
f 5290 5282 5283
f 5290 5283 5291
f 5291 5283 5284
f 5291 5284 5292
f 5292 5284 5285
f 5292 5285 5293
f 5293 5285 5286
f 5293 5286 5146
f 5146 5286 5148
f 5292 5294 5291
f 5291 5294 5295
f 5291 5295 5290
f 5290 5295 5296
f 5290 5296 5289
f 5289 5296 5297
f 5289 5297 5288
f 5288 5297 5298
f 5288 5298 5287
f 5287 5298 5166
f 5287 5166 5165
f 5294 5299 5295
f 5295 5299 5300
f 5295 5300 5296
f 5296 5300 5301
f 5296 5301 5297
f 5297 5301 5302
f 5297 5302 5298
f 5298 5302 5167
f 5298 5167 5166
f 5294 5292 5303
f 5303 5292 5293
f 5303 5293 5144
f 5144 5293 5146
f 5299 5304 5300
f 5300 5304 5305
f 5300 5305 5301
f 5301 5305 5306
f 5301 5306 5302
f 5302 5306 5168
f 5302 5168 5167
f 5299 5294 5307
f 5307 5294 5303
f 5307 5303 5142
f 5142 5303 5144
f 5304 5308 5305
f 5305 5308 5309
f 5305 5309 5306
f 5306 5309 5169
f 5306 5169 5168
f 5304 5299 5310
f 5310 5299 5307
f 5310 5307 5140
f 5140 5307 5142
f 5308 5311 5309
f 5309 5311 5170
f 5309 5170 5169
f 5308 5304 5312
f 5312 5304 5310
f 5312 5310 5138
f 5138 5310 5140
f 5170 5311 5171
f 5171 5311 5313
f 5171 5313 5172
f 5172 5313 5132
f 5172 5132 5130
f 5311 5308 5314
f 5314 5308 5312
f 5314 5312 5136
f 5136 5312 5138
f 5127 5222 5125
f 5125 5222 5315
f 5125 5315 5123
f 5123 5315 5316
f 5123 5316 5121
f 5121 5316 5317
f 5121 5317 5119
f 5119 5317 5240
f 5119 5240 5117
f 5244 5318 5243
f 5243 5318 5319
f 5243 5319 5320
f 5320 5319 5218
f 5320 5218 5220
f 5318 5216 5319
f 5319 5216 5214
f 5319 5214 5218
f 5218 5214 5217
f 5244 5133 5318
f 5318 5133 5135
f 5318 5135 5216
f 5213 5215 5212
f 5212 5215 5139
f 5212 5139 5141
f 5139 5215 5137
f 5212 5141 5211
f 5211 5141 5143
f 5211 5143 5210
f 5210 5143 5145
f 5210 5145 5209
f 5209 5145 5147
f 5209 5147 5208
f 5208 5147 5149
f 5208 5149 5207
f 5207 5149 5151
f 5207 5151 5206
f 5206 5151 5153
f 5206 5153 5205
f 5129 5243 5320
f 5129 5320 5220
f 5237 5238 5239
f 5237 5239 5228
f 5224 5103 5236
f 5227 5229 5317
f 5317 5229 5240
f 5226 5224 5236
f 5225 5227 5316
f 5316 5227 5317
f 5223 5225 5315
f 5315 5225 5316
f 5222 5223 5315
f 5311 5314 5313
f 5313 5314 5134
f 5313 5134 5132
f 5134 5314 5136
f 4935 4934 5321
f 5321 4934 5322
f 5321 5322 5323
f 5323 5322 5324
f 5323 5324 5325
f 5325 5324 5326
f 5326 5324 5327
f 5326 5327 5328
f 5328 5327 5329
f 5328 5329 5330
f 5330 5329 5331
f 5330 5331 5332
f 5332 5331 5333
f 5332 5333 5334
f 5334 5333 5335
f 5334 5335 5336
f 5336 5335 5337
f 5336 5337 5338
f 5338 5337 5339
f 5338 5339 5340
f 5340 5339 5341
f 5341 5339 5342
f 5341 5342 5343
f 5343 5342 5344
f 5343 5344 5345
f 5345 5344 5346
f 5345 5346 5347
f 5347 5346 5348
f 5347 5348 5349
f 5349 5348 5350
f 5349 5350 5351
f 5351 5350 5352
f 5351 5352 5353
f 5353 5352 5354
f 5353 5354 5355
f 5355 5354 5356
f 5355 5356 5357
f 5357 5356 5324
f 5357 5324 5322
f 4934 4933 5322
f 5322 4933 5358
f 5322 5358 5357
f 5357 5358 5359
f 5357 5359 5355
f 5355 5359 5360
f 5355 5360 5353
f 4933 4932 5358
f 5358 4932 5361
f 5358 5361 5359
f 5359 5361 5362
f 5359 5362 5360
f 4932 4931 5361
f 5361 4931 4930
f 5361 4930 5362
f 5324 5356 5327
f 5327 5356 5363
f 5327 5363 5329
f 5329 5363 5364
f 5329 5364 5331
f 5331 5364 5365
f 5331 5365 5333
f 5333 5365 5366
f 5333 5366 5335
f 5335 5366 5367
f 5335 5367 5337
f 5337 5367 5342
f 5337 5342 5339
f 5356 5354 5363
f 5363 5354 5352
f 5363 5352 5364
f 5364 5352 5350
f 5364 5350 5365
f 5365 5350 5348
f 5365 5348 5366
f 5366 5348 5346
f 5366 5346 5367
f 5367 5346 5344
f 5367 5344 5342
f 4929 5368 4930
f 4930 5368 5369
f 4930 5369 5362
f 5362 5369 5370
f 5362 5370 5360
f 5360 5370 5371
f 5360 5371 5353
f 5353 5371 5372
f 5353 5372 5351
f 5351 5372 5373
f 5351 5373 5349
f 5349 5373 5374
f 5349 5374 5347
f 5347 5374 5375
f 5347 5375 5345
f 5345 5375 5376
f 5345 5376 5343
f 5368 4929 5377
f 5377 4929 4928
f 5377 4928 4927
f 4927 4926 5377
f 5377 4926 5378
f 5377 5378 5379
f 5379 5378 5380
f 5380 5378 5381
f 5381 5378 5382
f 5381 5382 5383
f 5383 5382 5384
f 5383 5384 5385
f 5385 5384 5386
f 5386 5384 5387
f 5386 5387 5388
f 5388 5387 5389
f 4926 4925 5378
f 5378 4925 4911
f 5378 4911 5382
f 5382 4911 4909
f 5382 4909 5384
f 5384 4909 5390
f 5384 5390 5387
f 5387 5390 5391
f 5387 5391 5392
f 5392 5393 5387
f 5387 5393 5394
f 5379 5395 5377
f 5377 5395 5368
f 5395 5396 5368
f 5368 5396 5369
f 5396 5397 5369
f 5369 5397 5370
f 5370 5397 5371
f 5371 5397 5398
f 5371 5398 5372
f 5372 5398 5399
f 5372 5399 5400
f 5372 5400 5373
f 5373 5400 5401
f 5373 5401 5374
f 5374 5401 5402
f 5374 5402 5375
f 5375 5402 5403
f 5375 5403 5404
f 5405 5406 5404
f 5404 5406 5407
f 5404 5407 5376
f 5404 5376 5375
f 5390 4909 5408
f 5408 4909 4908
f 5408 4908 5409
f 5409 4908 5071
f 5409 5071 5410
f 5410 5071 5391
f 5410 5391 5408
f 5408 5391 5390
f 5409 5410 5408
f 5071 5070 5391
f 5391 5070 5113
f 5391 5113 5112
f 5112 5111 5391
f 5391 5111 5411
f 5391 5411 5412
f 5412 5411 5413
f 5413 5411 5414
f 5414 5411 5111
f 5414 5111 5415
f 5415 5111 5115
f 5233 5416 5115
f 5115 5416 5415
f 5415 5416 5414
f 5414 5416 5413
f 5413 5416 5412
f 5412 5416 5417
f 5417 5416 5418
f 5417 5418 5419
f 5419 5418 5420
f 5419 5420 5421
f 5421 5420 5422
f 5421 5422 5423
f 5423 5422 5424
f 5423 5424 5425
f 5426 5427 5425
f 5425 5427 5423
f 5428 5429 5430
f 5430 5429 5431
f 5431 5429 5432
f 5431 5432 5433
f 5433 5432 5434
f 5433 5434 5435
f 5435 5434 5436
f 5435 5436 5437
f 5437 5436 5438
f 5437 5438 5439
f 5439 5438 5440
f 5439 5440 5441
f 5441 5440 5442
f 5441 5442 5443
f 5443 5442 5444
f 5444 5442 5445
f 5444 5445 5446
f 5446 5445 5447
f 5447 5445 5448
f 5448 5445 5449
f 5448 5449 5450
f 5443 5451 5441
f 5441 5451 5452
f 5441 5452 5453
f 5441 5453 5439
f 5439 5453 5454
f 5439 5454 5455
f 5455 5456 5439
f 5439 5456 5457
f 5439 5457 5437
f 5437 5457 5458
f 5437 5458 5459
f 5437 5459 5435
f 5435 5459 5460
f 5435 5460 5433
f 5433 5460 5461
f 5433 5461 5431
f 5462 5463 5464
f 5464 5463 5465
f 5464 5465 5466
f 5466 5465 5467
f 5467 5465 5468
f 5464 5469 5462
f 5462 5469 5470
f 5470 5469 5471
f 5470 5471 5472
f 5472 5473 5470
f 5470 5473 5474
f 5470 5474 5475
f 5475 5476 5470
f 5470 5476 5477
f 5470 5477 5478
f 5465 5463 5479
f 5479 5463 5480
f 5479 5480 5481
f 5481 5480 5482
f 5481 5482 5483
f 5483 5482 5484
f 5483 5484 5485
f 5485 5484 5486
f 5485 5486 5487
f 5487 5486 5488
f 5487 5488 5489
f 5489 5488 5490
f 5489 5490 5491
f 5491 5490 5492
f 5491 5492 5493
f 5493 5492 5494
f 5493 5494 5495
f 5495 5494 5496
f 5495 5496 5497
f 5497 5496 5498
f 5497 5498 5499
f 5499 5498 5500
f 5499 5500 5501
f 5501 5500 5502
f 5501 5502 5503
f 5503 5502 5504
f 5503 5504 5505
f 5505 5504 5506
f 5505 5506 5507
f 5507 5506 5508
f 5507 5508 5509
f 5509 5508 5510
f 5509 5510 5511
f 5511 5510 5512
f 5511 5512 5513
f 5513 5512 5514
f 5513 5514 5515
f 5515 5514 5516
f 5515 5516 5480
f 5480 5516 5517
f 5517 5516 5518
f 5517 5518 5519
f 5519 5518 5520
f 5520 5518 5521
f 5520 5521 5522
f 5522 5521 5523
f 5522 5523 5524
f 5524 5523 5525
f 5524 5525 5526
f 5526 5525 5527
f 5526 5527 5528
f 5528 5527 5508
f 5528 5508 5506
f 5480 5517 5482
f 5482 5517 5529
f 5482 5529 5484
f 5484 5529 5530
f 5484 5530 5486
f 5486 5530 5531
f 5486 5531 5488
f 5488 5531 5532
f 5488 5532 5490
f 5490 5532 5533
f 5490 5533 5492
f 5492 5533 5534
f 5492 5534 5494
f 5494 5534 5535
f 5494 5535 5496
f 5496 5535 5536
f 5496 5536 5498
f 5498 5536 5537
f 5498 5537 5500
f 5500 5537 5538
f 5500 5538 5502
f 5502 5538 5539
f 5502 5539 5504
f 5504 5539 5540
f 5504 5540 5506
f 5506 5540 5528
f 5519 5541 5517
f 5517 5541 5542
f 5517 5542 5529
f 5529 5542 5530
f 5541 5543 5542
f 5542 5543 5544
f 5542 5544 5545
f 5545 5544 5546
f 5545 5546 5547
f 5547 5546 5548
f 5547 5548 5549
f 5549 5548 5550
f 5549 5550 5551
f 5551 5550 5552
f 5551 5552 5553
f 5553 5552 5554
f 5553 5554 5535
f 5535 5554 5536
f 5554 5555 5536
f 5536 5555 5537
f 5555 5556 5537
f 5537 5556 5538
f 5556 5557 5538
f 5538 5557 5539
f 5557 5558 5539
f 5539 5558 5559
f 5539 5559 5540
f 5540 5559 5560
f 5540 5560 5528
f 5528 5560 5526
f 5463 5561 5480
f 5480 5561 5562
f 5480 5562 5515
f 5515 5562 5513
f 5463 5462 5561
f 5561 5462 5470
f 5561 5470 5563
f 5563 5470 5478
f 5563 5478 5564
f 5564 5478 5477
f 5564 5477 5565
f 5565 5477 5476
f 5565 5476 5566
f 5566 5476 5567
f 5566 5567 5568
f 5568 5567 5569
f 5568 5569 5503
f 5503 5569 5501
f 5476 5475 5567
f 5567 5475 5570
f 5567 5570 5569
f 5569 5570 5571
f 5569 5571 5501
f 5501 5571 5499
f 5475 5474 5570
f 5570 5474 5572
f 5570 5572 5571
f 5571 5572 5573
f 5571 5573 5499
f 5499 5573 5497
f 5474 5473 5572
f 5572 5473 5574
f 5572 5574 5573
f 5573 5574 5575
f 5573 5575 5497
f 5497 5575 5495
f 5473 5472 5574
f 5574 5472 5576
f 5574 5576 5575
f 5575 5576 5577
f 5575 5577 5495
f 5495 5577 5493
f 5576 5472 5578
f 5578 5472 5471
f 5578 5471 5579
f 5579 5471 5469
f 5579 5469 5580
f 5580 5469 5464
f 5580 5464 5581
f 5581 5464 5466
f 5581 5466 5582
f 5582 5466 5467
f 5582 5467 5583
f 5583 5467 5468
f 5583 5468 5584
f 5584 5468 5465
f 5584 5465 5479
f 5584 5479 5481
f 5584 5481 5483
f 5531 5530 5545
f 5545 5530 5542
f 5583 5584 5483
f 5583 5483 5485
f 5532 5531 5547
f 5547 5531 5545
f 5582 5583 5485
f 5582 5485 5487
f 5533 5532 5549
f 5549 5532 5547
f 5581 5582 5487
f 5581 5487 5489
f 5534 5533 5551
f 5551 5533 5549
f 5580 5581 5489
f 5580 5489 5491
f 5535 5534 5553
f 5553 5534 5551
f 5580 5491 5585
f 5585 5491 5493
f 5585 5493 5577
f 5577 5578 5585
f 5585 5578 5579
f 5585 5579 5580
f 5577 5576 5578
f 5568 5503 5505
f 5568 5505 5586
f 5586 5505 5507
f 5586 5507 5587
f 5587 5507 5509
f 5587 5509 5588
f 5588 5509 5511
f 5588 5511 5589
f 5589 5511 5513
f 5589 5513 5562
f 5566 5586 5565
f 5565 5586 5587
f 5565 5587 5564
f 5564 5587 5588
f 5564 5588 5563
f 5563 5588 5589
f 5563 5589 5561
f 5561 5589 5562
f 5586 5566 5568
f 5508 5527 5510
f 5510 5527 5525
f 5510 5525 5512
f 5512 5525 5523
f 5512 5523 5514
f 5514 5523 5521
f 5514 5521 5516
f 5516 5521 5518
f 5429 5428 5590
f 5590 5428 5591
f 5590 5591 5592
f 5592 5591 5593
f 5592 5593 5594
f 5594 5595 5592
f 5592 5595 5596
f 5597 5598 5592
f 5592 5598 5599
f 5592 5599 5590
f 5590 5599 5429
f 5598 5597 5600
f 5600 5597 5601
f 5600 5601 5602
f 5602 5601 5603
f 5602 5603 5604
f 5604 5603 5605
f 5604 5605 5440
f 5440 5605 5606
f 5440 5606 5442
f 5442 5606 5607
f 5442 5607 5608
f 5608 5607 5609
f 5608 5609 5610
f 5610 5609 5611
f 5610 5611 5612
f 5612 5611 5613
f 5612 5613 5614
f 5605 5607 5606
f 5615 5616 5614
f 5614 5616 5617
f 5614 5617 5612
f 5612 5617 5618
f 5612 5618 5450
f 5619 5620 5615
f 5615 5620 5621
f 5615 5621 5616
f 5616 5621 5622
f 5616 5622 5623
f 5620 5619 5624
f 5624 5619 5625
f 5624 5625 5626
f 5626 5625 5627
f 5626 5627 5628
f 5628 5627 5629
f 5628 5629 5630
f 5630 5629 5631
f 5630 5632 5628
f 5628 5632 5626
f 5626 5632 5624
f 5624 5632 5633
f 5624 5633 5620
f 5620 5633 5622
f 5620 5622 5621
f 5616 5623 5617
f 5617 5623 5618
f 5612 5450 5610
f 5610 5450 5449
f 5610 5449 5445
f 5610 5445 5608
f 5608 5445 5442
f 5440 5438 5604
f 5604 5438 5602
f 5438 5436 5602
f 5602 5436 5600
f 5436 5434 5600
f 5600 5434 5598
f 5434 5432 5598
f 5598 5432 5599
f 5432 5429 5599
f 5634 5635 5596
f 5596 5635 5636
f 5596 5636 5637
f 5637 5636 5638
f 5637 5638 5639
f 5639 5638 5640
f 5639 5640 5641
f 5641 5640 5642
f 5641 5642 5643
f 5643 5642 5644
f 5643 5644 5645
f 5645 5644 5646
f 5645 5646 5647
f 5647 5646 5648
f 5647 5648 5649
f 5649 5648 5650
f 5649 5650 5651
f 5651 5650 5652
f 5651 5652 5653
f 5653 5652 5654
f 5653 5654 5655
f 5655 5654 5656
f 5655 5656 5657
f 5657 5656 5658
f 5657 5658 5659
f 5659 5658 5660
f 5659 5660 5661
f 5661 5660 5550
f 5661 5550 5548
f 5662 5663 5634
f 5634 5663 5664
f 5634 5664 5635
f 5635 5664 5665
f 5635 5665 5636
f 5636 5665 5638
f 5666 5667 5662
f 5662 5667 5668
f 5662 5668 5663
f 5663 5668 5669
f 5663 5669 5670
f 5670 5669 5671
f 5670 5671 5672
f 5672 5671 5673
f 5672 5673 5674
f 5674 5673 5675
f 5674 5675 5676
f 5676 5675 5677
f 5676 5677 5678
f 5678 5677 5679
f 5678 5679 5680
f 5680 5679 5681
f 5680 5681 5682
f 5682 5681 5683
f 5682 5683 5684
f 5684 5683 5685
f 5684 5685 5660
f 5660 5685 5550
f 5667 5666 5686
f 5686 5666 5631
f 5686 5631 5687
f 5687 5631 5629
f 5687 5629 5627
f 5687 5627 5688
f 5688 5627 5625
f 5688 5625 5619
f 5688 5619 5689
f 5689 5619 5615
f 5689 5615 5614
f 5655 5690 5614
f 5614 5690 5691
f 5614 5691 5692
f 5692 5691 5693
f 5692 5693 5694
f 5694 5693 5695
f 5694 5695 5696
f 5696 5695 5697
f 5696 5697 5698
f 5698 5697 5699
f 5698 5699 5668
f 5668 5699 5669
f 5541 5700 5655
f 5655 5700 5701
f 5655 5701 5702
f 5702 5701 5703
f 5702 5703 5704
f 5704 5703 5705
f 5704 5705 5706
f 5706 5705 5707
f 5706 5707 5708
f 5708 5707 5709
f 5708 5709 5710
f 5710 5709 5711
f 5710 5711 5712
f 5712 5711 5713
f 5712 5713 5714
f 5714 5713 5715
f 5714 5715 5716
f 5716 5715 5717
f 5716 5717 5718
f 5718 5717 5719
f 5718 5719 5720
f 5720 5719 5721
f 5720 5721 5679
f 5679 5721 5681
f 5519 5722 5541
f 5541 5722 5723
f 5541 5723 5724
f 5724 5723 5725
f 5724 5725 5726
f 5726 5725 5727
f 5726 5727 5728
f 5728 5727 5526
f 5728 5526 5729
f 5729 5526 5560
f 5729 5560 5730
f 5730 5560 5731
f 5730 5731 5732
f 5732 5731 5733
f 5732 5733 5709
f 5709 5733 5711
f 5722 5519 5734
f 5734 5519 5520
f 5734 5520 5722
f 5722 5520 5735
f 5722 5735 5723
f 5723 5735 5725
f 5520 5522 5735
f 5735 5522 5524
f 5735 5524 5725
f 5725 5524 5727
f 5524 5526 5727
f 5560 5559 5731
f 5731 5559 5736
f 5731 5736 5733
f 5733 5736 5737
f 5733 5737 5711
f 5711 5737 5713
f 5559 5558 5736
f 5736 5558 5738
f 5736 5738 5737
f 5737 5738 5739
f 5737 5739 5713
f 5713 5739 5715
f 5558 5557 5738
f 5738 5557 5740
f 5738 5740 5739
f 5739 5740 5741
f 5739 5741 5715
f 5715 5741 5717
f 5557 5556 5740
f 5740 5556 5742
f 5740 5742 5741
f 5741 5742 5743
f 5741 5743 5717
f 5717 5743 5719
f 5556 5555 5742
f 5742 5555 5744
f 5742 5744 5743
f 5743 5744 5745
f 5743 5745 5719
f 5719 5745 5721
f 5555 5554 5744
f 5744 5554 5746
f 5744 5746 5745
f 5745 5746 5747
f 5745 5747 5721
f 5721 5747 5681
f 5746 5554 5748
f 5748 5554 5552
f 5748 5552 5685
f 5685 5552 5550
f 5546 5749 5548
f 5548 5749 5659
f 5548 5659 5661
f 5544 5750 5546
f 5546 5750 5751
f 5546 5751 5749
f 5749 5751 5659
f 5750 5544 5752
f 5752 5544 5543
f 5752 5543 5541
f 5541 5655 5752
f 5752 5655 5750
f 5614 5753 5655
f 5655 5753 5754
f 5655 5754 5755
f 5755 5754 5756
f 5755 5756 5651
f 5651 5756 5649
f 5613 5757 5614
f 5614 5757 5758
f 5614 5758 5759
f 5759 5758 5760
f 5759 5760 5761
f 5761 5760 5762
f 5761 5762 5763
f 5763 5762 5764
f 5763 5764 5765
f 5765 5764 5766
f 5765 5766 5767
f 5767 5766 5768
f 5767 5768 5769
f 5769 5768 5770
f 5769 5770 5641
f 5641 5770 5639
f 5613 5611 5757
f 5757 5611 5771
f 5757 5771 5758
f 5758 5771 5760
f 5611 5609 5771
f 5771 5609 5607
f 5771 5607 5772
f 5772 5607 5605
f 5772 5605 5773
f 5773 5605 5774
f 5773 5774 5764
f 5764 5774 5766
f 5605 5603 5774
f 5774 5603 5775
f 5774 5775 5766
f 5766 5775 5768
f 5603 5601 5775
f 5775 5601 5776
f 5775 5776 5768
f 5768 5776 5770
f 5601 5597 5776
f 5776 5597 5777
f 5776 5777 5770
f 5770 5777 5639
f 5597 5592 5777
f 5777 5592 5637
f 5777 5637 5639
f 5592 5596 5637
f 5541 5724 5778
f 5778 5724 5726
f 5778 5726 5779
f 5779 5726 5728
f 5779 5728 5780
f 5780 5728 5729
f 5780 5729 5781
f 5781 5729 5730
f 5781 5730 5782
f 5782 5730 5732
f 5782 5732 5707
f 5707 5732 5709
f 5541 5778 5700
f 5700 5778 5779
f 5700 5779 5783
f 5783 5779 5780
f 5783 5780 5784
f 5784 5780 5781
f 5784 5781 5782
f 5751 5750 5655
f 5751 5655 5657
f 5653 5655 5755
f 5785 5655 5786
f 5786 5655 5787
f 5786 5787 5788
f 5788 5787 5704
f 5788 5704 5706
f 5689 5614 5692
f 5753 5614 5789
f 5789 5614 5790
f 5789 5790 5791
f 5791 5790 5761
f 5791 5761 5763
f 5760 5771 5772
f 5764 5762 5773
f 5773 5762 5772
f 5762 5760 5772
f 5790 5614 5759
f 5688 5689 5694
f 5694 5689 5692
f 5687 5688 5696
f 5696 5688 5694
f 5686 5687 5698
f 5698 5687 5696
f 5667 5686 5668
f 5668 5686 5698
f 5663 5670 5664
f 5664 5670 5792
f 5664 5792 5665
f 5665 5792 5793
f 5665 5793 5638
f 5638 5793 5640
f 5761 5790 5759
f 5788 5794 5795
f 5795 5794 5796
f 5795 5796 5797
f 5797 5796 5798
f 5797 5798 5799
f 5799 5798 5800
f 5799 5800 5693
f 5693 5800 5695
f 5702 5704 5787
f 5794 5801 5796
f 5796 5801 5802
f 5796 5802 5798
f 5798 5802 5803
f 5798 5803 5800
f 5800 5803 5804
f 5800 5804 5695
f 5695 5804 5697
f 5788 5706 5794
f 5794 5706 5708
f 5794 5708 5801
f 5801 5708 5710
f 5801 5710 5805
f 5805 5710 5712
f 5805 5712 5806
f 5806 5712 5714
f 5806 5714 5807
f 5807 5714 5716
f 5807 5716 5808
f 5808 5716 5718
f 5808 5718 5809
f 5809 5718 5720
f 5809 5720 5677
f 5677 5720 5679
f 5801 5805 5802
f 5802 5805 5810
f 5802 5810 5803
f 5803 5810 5811
f 5803 5811 5804
f 5804 5811 5812
f 5804 5812 5697
f 5697 5812 5699
f 5805 5806 5810
f 5810 5806 5813
f 5810 5813 5811
f 5811 5813 5814
f 5811 5814 5812
f 5812 5814 5815
f 5812 5815 5699
f 5699 5815 5669
f 5806 5807 5813
f 5813 5807 5816
f 5813 5816 5814
f 5814 5816 5817
f 5814 5817 5815
f 5815 5817 5671
f 5815 5671 5669
f 5807 5808 5816
f 5816 5808 5818
f 5816 5818 5817
f 5817 5818 5673
f 5817 5673 5671
f 5808 5809 5818
f 5818 5809 5675
f 5818 5675 5673
f 5809 5677 5675
f 5678 5819 5820
f 5820 5819 5821
f 5820 5821 5822
f 5822 5821 5644
f 5822 5644 5642
f 5819 5823 5821
f 5821 5823 5646
f 5821 5646 5644
f 5678 5680 5819
f 5819 5680 5824
f 5819 5824 5823
f 5823 5824 5825
f 5823 5825 5648
f 5648 5825 5650
f 5823 5648 5646
f 5649 5756 5826
f 5826 5756 5827
f 5826 5827 5828
f 5828 5827 5829
f 5828 5829 5830
f 5830 5829 5791
f 5830 5791 5763
f 5756 5754 5827
f 5827 5754 5753
f 5827 5753 5829
f 5829 5753 5789
f 5829 5789 5791
f 5651 5653 5755
f 5649 5826 5647
f 5647 5826 5831
f 5647 5831 5645
f 5645 5831 5832
f 5645 5832 5643
f 5643 5832 5769
f 5643 5769 5641
f 5831 5826 5828
f 5678 5820 5676
f 5676 5820 5833
f 5676 5833 5674
f 5674 5833 5834
f 5674 5834 5672
f 5672 5834 5792
f 5672 5792 5670
f 5833 5820 5822
f 5785 5786 5795
f 5795 5786 5788
f 5785 5795 5797
f 5655 5785 5690
f 5690 5785 5797
f 5690 5797 5799
f 5702 5787 5655
f 5658 5656 5835
f 5835 5656 5654
f 5835 5654 5652
f 5660 5658 5836
f 5836 5658 5835
f 5836 5835 5837
f 5837 5835 5652
f 5837 5652 5650
f 5747 5746 5748
f 5747 5748 5683
f 5683 5748 5685
f 5751 5657 5659
f 5799 5693 5691
f 5690 5799 5691
f 5792 5834 5793
f 5793 5834 5838
f 5793 5838 5640
f 5640 5838 5642
f 5769 5832 5767
f 5767 5832 5839
f 5767 5839 5765
f 5765 5839 5830
f 5765 5830 5763
f 5822 5642 5838
f 5822 5838 5833
f 5833 5838 5834
f 5828 5830 5839
f 5828 5839 5831
f 5831 5839 5832
f 5680 5682 5824
f 5824 5682 5840
f 5824 5840 5825
f 5825 5840 5837
f 5825 5837 5650
f 5700 5783 5701
f 5701 5783 5703
f 5782 5707 5705
f 5783 5784 5703
f 5703 5784 5705
f 5784 5782 5705
f 5683 5681 5747
f 5836 5837 5840
f 5836 5840 5684
f 5684 5840 5682
f 5660 5836 5684
f 5841 5618 5842
f 5842 5618 5623
f 5842 5623 5622
f 5622 5633 5842
f 5842 5633 5843
f 5842 5843 5844
f 5844 5843 5845
f 5844 5845 5846
f 5846 5845 5847
f 5846 5847 5848
f 5848 5847 5849
f 5848 5849 5850
f 5850 5849 5851
f 5850 5851 5852
f 5852 5851 5853
f 5852 5853 5854
f 5854 5853 5855
f 5854 5855 5856
f 5856 5855 5857
f 5857 5855 5858
f 5857 5858 5859
f 5859 5858 5860
f 5860 5858 5861
f 5860 5861 5862
f 5862 5861 5853
f 5862 5853 5851
f 5843 5633 5863
f 5863 5633 5632
f 5863 5632 5630
f 5863 5630 5864
f 5864 5630 5631
f 5864 5631 5865
f 5865 5631 5666
f 5865 5666 5866
f 5866 5666 5867
f 5867 5666 5662
f 5867 5662 5868
f 5866 5869 5865
f 5865 5869 5870
f 5865 5870 5864
f 5864 5870 5871
f 5864 5871 5863
f 5863 5871 5872
f 5863 5872 5843
f 5843 5872 5873
f 5843 5873 5845
f 5845 5873 5874
f 5845 5874 5847
f 5847 5874 5875
f 5847 5875 5849
f 5849 5875 5876
f 5849 5876 5851
f 5851 5876 5862
f 5877 5878 5869
f 5869 5878 5870
f 5878 5879 5870
f 5870 5879 5871
f 5879 5880 5871
f 5871 5880 5881
f 5871 5881 5872
f 5872 5881 5882
f 5872 5882 5873
f 5873 5882 5874
f 5882 5883 5874
f 5874 5883 5875
f 5860 5862 5883
f 5883 5862 5876
f 5883 5876 5875
f 5856 5884 5854
f 5854 5884 5885
f 5854 5885 5852
f 5852 5885 5850
f 5850 5885 5848
f 5848 5885 5886
f 5848 5886 5846
f 5846 5886 5844
f 5886 5841 5844
f 5844 5841 5842
f 5855 5853 5861
f 5858 5855 5861
f 5662 5634 5868
f 5868 5634 5887
f 5868 5887 5888
f 5888 5889 5868
f 5868 5889 5890
f 5868 5890 5891
f 5868 5891 5892
f 5892 5891 5893
f 5892 5893 5894
f 5894 5893 5895
f 5894 5895 5896
f 5896 5895 5897
f 5896 5897 5898
f 5898 5897 5899
f 5899 5897 5900
f 5899 5900 5901
f 5634 5596 5887
f 5887 5596 5888
f 5888 5596 5902
f 5888 5902 5889
f 5889 5902 5890
f 5890 5902 5903
f 5903 5902 5596
f 5903 5596 5595
f 5595 5594 5903
f 5903 5594 5593
f 5903 5593 5591
f 5428 5904 5591
f 5591 5904 5905
f 5591 5905 5903
f 5903 5905 5906
f 5903 5906 5907
f 5907 5906 5430
f 5430 5906 5428
f 5428 5906 5904
f 5906 5905 5904
f 5431 5908 5430
f 5430 5908 5909
f 5430 5909 5907
f 5907 5909 5910
f 5907 5910 5903
f 5903 5910 5911
f 5911 5910 5912
f 5908 5431 5913
f 5913 5431 5461
f 5913 5461 5460
f 5913 5460 5914
f 5914 5460 5459
f 5914 5459 5458
f 5458 5457 5914
f 5914 5457 5915
f 5914 5915 5916
f 5916 5915 5917
f 5917 5915 5918
f 5917 5918 5919
f 5919 5918 5920
f 5919 5920 5921
f 5457 5456 5915
f 5915 5456 5918
f 5456 5920 5918
f 5919 5921 5922
f 5922 5921 5923
f 5922 5923 5924
f 5924 5923 5925
f 5924 5925 5926
f 5926 5925 5927
f 5926 5927 5928
f 5928 5927 5929
f 5928 5929 5930
f 5930 5929 5931
f 5930 5931 5376
f 5376 5931 5343
f 5376 5407 5930
f 5930 5407 5406
f 5930 5406 5932
f 5932 5406 5405
f 5932 5933 5930
f 5930 5933 5934
f 5930 5934 5928
f 5928 5934 5935
f 5928 5935 5926
f 5926 5935 5936
f 5926 5936 5924
f 5924 5936 5937
f 5924 5937 5938
f 5924 5938 5922
f 5922 5938 5939
f 5922 5939 5919
f 5919 5939 5917
f 5916 5940 5914
f 5914 5940 5913
f 5940 5941 5913
f 5913 5941 5942
f 5913 5942 5908
f 5908 5942 5943
f 5908 5943 5909
f 5909 5943 5944
f 5909 5944 5945
f 5909 5945 5910
f 5910 5945 5946
f 5910 5946 5947
f 5947 5948 5910
f 5949 5950 5951
f 5951 5950 5952
f 5951 5952 5953
f 5953 5952 5954
f 5953 5954 1192
f 1192 5954 1193
f 1193 5954 5955
f 1193 5955 1197
f 1197 5955 5956
f 1197 5956 5957
f 5957 5956 5958
f 5957 5958 5959
f 5959 5958 5960
f 5959 5960 5961
f 5961 5960 5962
f 5962 5960 5963
f 5962 5963 5964
f 5964 5963 5965
f 5965 5963 5966
f 5966 5963 5967
f 5966 5967 5968
f 5968 5967 5969
f 5969 5967 5970
f 5969 5970 5971
f 5971 5970 5972
f 5971 5972 5973
f 5973 5972 5974
f 5974 5972 5975
f 5974 5975 5976
f 5976 5975 5977
f 5976 5977 5978
f 5952 5950 5979
f 5979 5950 5980
f 5979 5980 5981
f 5981 5980 5982
f 5981 5982 5983
f 5983 5982 5984
f 5983 5984 5985
f 5985 5984 5986
f 5985 5986 5987
f 5987 5986 5988
f 5987 5988 5989
f 5989 5988 5990
f 5989 5990 5991
f 5991 5990 5992
f 5991 5992 5975
f 5975 5992 5977
f 5955 5954 5952
f 5955 5952 5979
f 5956 5955 5979
f 5956 5979 5981
f 5958 5956 5981
f 5958 5981 5983
f 5960 5958 5983
f 5960 5983 5985
f 5963 5960 5985
f 5963 5985 5987
f 5967 5963 5987
f 5967 5987 5989
f 5970 5967 5989
f 5970 5989 5991
f 5972 5970 5991
f 5972 5991 5975
f 4035 4036 5978
f 5978 4036 4037
f 5978 4037 5976
f 5976 4037 4038
f 5976 4038 3972
f 5976 3972 5974
f 5974 3972 3974
f 5974 3974 5973
f 5973 3974 3975
f 1192 1191 5953
f 5953 1191 5951
f 5951 1191 1190
f 5951 1190 5949
f 5949 1190 1188
f 5968 5969 3976
f 3976 5969 5971
f 3976 5971 5973
f 5973 3975 3976
f 4035 5978 2674
f 2674 5978 5993
f 2674 5993 2713
f 5994 2715 5993
f 5993 2715 2714
f 5993 2714 2713
f 5995 2717 5994
f 5994 2717 2716
f 5994 2716 2715
f 5996 2723 5995
f 5995 2723 2717
f 5997 5998 5999
f 5999 5998 6000
f 5999 6000 6001
f 6001 6000 6002
f 6001 6002 6003
f 6003 6002 5996
f 6003 5996 5995
f 5995 5994 6003
f 6003 5994 6004
f 6003 6004 6001
f 6001 6004 6005
f 6001 6005 5999
f 5999 6005 6006
f 5999 6006 6007
f 6007 6006 6008
f 6007 6008 6009
f 6009 6008 6010
f 6009 6010 6011
f 6011 6010 6012
f 6011 6012 6013
f 6013 6012 6014
f 6013 6014 6015
f 6015 6014 6016
f 6015 6016 6017
f 6017 6016 6018
f 6017 6018 6019
f 6019 6018 6020
f 6020 6018 6021
f 6020 6021 6022
f 5994 5993 6004
f 6004 5993 6023
f 6004 6023 6005
f 6005 6023 6024
f 6005 6024 6006
f 6006 6024 6025
f 6006 6025 6008
f 6008 6025 6026
f 6008 6026 6010
f 6010 6026 6027
f 6010 6027 6012
f 6012 6027 6028
f 6012 6028 6014
f 6014 6028 6029
f 6014 6029 6016
f 6016 6029 6030
f 6016 6030 6018
f 6018 6030 6021
f 6019 1910 6017
f 6017 1910 1909
f 6017 1909 6015
f 6015 1909 1908
f 6015 1908 6013
f 6013 1908 6031
f 6013 6031 6011
f 6011 6031 6032
f 6011 6032 6009
f 6009 6032 6007
f 6032 6033 6007
f 6007 6033 6034
f 6007 6034 5999
f 5999 6034 5997
f 1915 1914 6022
f 6022 1914 6020
f 6020 1914 1913
f 6020 1913 6019
f 6019 1913 1910
f 1188 1189 5949
f 5949 1189 6022
f 6022 1189 1915
f 5993 5978 6023
f 6023 5978 5977
f 6023 5977 6024
f 6024 5977 5992
f 6024 5992 6025
f 6025 5992 5990
f 6025 5990 6026
f 6026 5990 5988
f 6026 5988 6027
f 6027 5988 5986
f 6027 5986 6028
f 6028 5986 5984
f 6028 5984 6029
f 6029 5984 5982
f 6029 5982 6030
f 6030 5982 5980
f 6030 5980 6021
f 6021 5980 5950
f 6021 5950 6022
f 6022 5950 5949
f 2723 5996 2724
f 2724 5996 6002
f 2724 6002 6000
f 6000 5998 2724
f 5957 6035 1197
f 1197 6035 1198
f 1198 6035 6036
f 1198 6036 1207
f 1207 6036 6037
f 1207 6037 1212
f 1212 6037 6038
f 1212 6038 1215
f 5962 6039 5961
f 5961 6039 6040
f 5961 6040 6041
f 6041 6040 6042
f 6041 6042 6043
f 6043 6042 6044
f 6043 6044 6045
f 6045 6044 6046
f 6045 6046 6047
f 6047 6046 6048
f 6047 6048 6049
f 6047 6049 6050
f 6050 6049 6051
f 6050 6051 6052
f 6050 6052 6053
f 6053 6052 6054
f 6053 6054 6055
f 6053 6055 6056
f 6056 6055 6057
f 6056 6057 6058
f 6056 6058 6059
f 6059 6058 6060
f 6059 6060 6061
f 6061 6060 6062
f 6061 6062 6063
f 6063 6062 6064
f 6063 6064 6065
f 6065 6064 6066
f 6065 6066 6067
f 6067 6066 6068
f 6067 6068 6069
f 6070 6071 6069
f 6069 6071 6072
f 6069 6072 6067
f 6067 6072 6073
f 6067 6073 6074
f 6072 6075 6073
f 6067 6074 6065
f 6065 6074 6076
f 6065 6076 6063
f 6063 6076 6077
f 6063 6077 6061
f 6061 6077 6078
f 6061 6078 6059
f 6059 6078 6079
f 6059 6079 6056
f 6056 6079 6080
f 6056 6080 6053
f 6053 6080 6038
f 6053 6038 6050
f 6050 6038 6037
f 6050 6037 6047
f 6047 6037 6036
f 6047 6036 6045
f 6045 6036 6043
f 6036 6035 6043
f 6043 6035 6041
f 6035 5957 6041
f 6041 5957 5959
f 6041 5959 5961
f 3976 6081 5968
f 5968 6081 6082
f 5968 6082 5966
f 5966 6082 5965
f 5965 6082 6083
f 5965 6083 5964
f 5964 6083 6039
f 5964 6039 5962
f 6081 3976 6084
f 6084 3976 3977
f 6084 3977 6085
f 6085 3977 6086
f 6085 6086 6087
f 6087 6086 6088
f 6087 6088 6089
f 6089 6088 6090
f 6089 6090 6042
f 6042 6090 6044
f 6044 6090 6091
f 6044 6091 6046
f 6046 6091 6092
f 6046 6092 6048
f 6048 6092 6093
f 6048 6093 6049
f 6049 6093 6094
f 6049 6094 6051
f 6051 6094 6095
f 6051 6095 6052
f 6052 6095 6054
f 6054 6095 6096
f 6096 6095 6097
f 6096 6097 6098
f 6098 6097 6099
f 6099 6097 6100
f 6099 6100 4144
f 4144 6100 4146
f 4146 6100 6101
f 4146 6101 4148
f 4148 6101 6102
f 4148 6102 4162
f 4162 6102 6103
f 4162 6103 6104
f 6104 6103 6105
f 6104 6105 6106
f 6106 6105 6092
f 6106 6092 6091
f 6086 3977 6107
f 6107 3977 3979
f 6107 3979 6108
f 6108 3979 6104
f 6108 6104 6106
f 3979 4162 6104
f 6042 6040 6089
f 6089 6040 6109
f 6089 6109 6087
f 6087 6109 6110
f 6087 6110 6085
f 6085 6110 6084
f 6039 6111 6040
f 6040 6111 6112
f 6040 6112 6109
f 6109 6112 6110
f 6039 6083 6111
f 6111 6083 6082
f 6111 6082 6113
f 6113 6082 6081
f 6113 6081 6084
f 6111 6113 6112
f 6112 6113 6110
f 6113 6084 6110
f 6108 6114 6107
f 6107 6114 6088
f 6107 6088 6086
f 6091 6090 6114
f 6114 6090 6088
f 6091 6114 6106
f 6106 6114 6108
f 6093 6092 6105
f 6105 6103 6115
f 6115 6103 6102
f 6115 6102 6116
f 6116 6102 6101
f 6116 6101 6097
f 6097 6101 6100
f 6116 6094 6115
f 6115 6094 6093
f 6115 6093 6105
f 6097 6095 6116
f 6116 6095 6094
f 507 3923 6117
f 6117 3923 3925
f 6117 3925 3926
f 3926 3928 6117
f 6117 3928 6118
f 6117 6118 505
f 505 6118 502
f 502 6118 6119
f 502 6119 499
f 499 6119 6120
f 499 6120 497
f 497 6120 6121
f 497 6121 495
f 495 6121 6122
f 495 6122 493
f 493 6122 6123
f 493 6123 491
f 491 6123 6124
f 491 6124 6125
f 6125 6124 4056
f 6125 4056 4055
f 3928 3930 6118
f 6118 3930 6119
f 3930 3931 6119
f 6119 3931 3932
f 6119 3932 6120
f 6120 3932 3934
f 6120 3934 6121
f 6121 3934 3935
f 6121 3935 6122
f 6122 3935 4053
f 6122 4053 6123
f 6123 4053 4052
f 6123 4052 6124
f 6124 4052 4056
f 6125 4055 6126
f 6126 4055 4059
f 6126 4059 6127
f 6127 4059 6128
f 6127 6128 485
f 485 6128 483
f 483 6128 481
f 481 6128 6129
f 481 6129 480
f 480 6129 479
f 479 6129 4062
f 4062 6129 4060
f 4060 6129 4058
f 4058 6129 6128
f 4058 6128 4059
f 485 487 6127
f 6127 487 6126
f 487 489 6126
f 6126 489 6125
f 489 491 6125
f 505 507 6117
f 479 4062 6130
f 6130 4062 4064
f 6130 4064 3831
f 6130 3831 6131
f 6131 3831 3832
f 6131 3832 6132
f 6132 3832 3833
f 6132 3833 3834
f 6132 3834 6133
f 6133 3834 3836
f 6133 3836 6134
f 6134 3836 3837
f 6134 3837 3839
f 6134 3839 6135
f 6135 3839 3841
f 6135 3841 6136
f 6136 3841 6137
f 6136 6137 6138
f 6138 6137 6139
f 6138 6139 6140
f 6140 6139 6141
f 6140 6141 6142
f 6142 6141 6143
f 6142 6143 6144
f 6144 6143 6145
f 6144 6145 6146
f 6146 6145 6147
f 6147 6145 6148
f 6147 6148 507
f 507 6148 3923
f 3923 6148 4166
f 4166 6148 4167
f 4167 6148 6145
f 4167 6145 4169
f 4169 6145 6143
f 4169 6143 4171
f 4171 6143 6141
f 4171 6141 3846
f 3846 6141 6139
f 3846 6139 3843
f 3843 6139 6137
f 3843 6137 3841
f 6138 6149 6136
f 6136 6149 6135
f 6149 6150 6135
f 6135 6150 6134
f 6150 6151 6134
f 6134 6151 6133
f 6151 6152 6133
f 6133 6152 6132
f 6152 6153 6132
f 6132 6153 6131
f 6153 6154 6131
f 6131 6154 6155
f 6131 6155 6130
f 6130 6155 6156
f 6130 6156 479
f 479 6156 477
f 477 6156 1309
f 1309 6156 1308
f 1308 6156 6155
f 1308 6155 1307
f 1307 6155 6154
f 1307 6154 1344
f 1344 6154 6153
f 1344 6153 1345
f 1345 6153 6152
f 1345 6152 1346
f 1346 6152 6151
f 1346 6151 1348
f 1348 6151 6150
f 1348 6150 1349
f 1349 6150 6149
f 1349 6149 1351
f 1351 6149 6138
f 1351 6138 1361
f 1361 6138 6140
f 1361 6140 1362
f 1362 6140 6142
f 1362 6142 1363
f 1363 6142 6144
f 1363 6144 1365
f 1365 6144 6146
f 1365 6146 1381
f 1381 6146 6147
f 1381 6147 1338
f 1338 6147 507
f 1338 507 508
f 6157 6158 6159
f 6159 6158 6160
f 6159 6160 6161
f 6161 6160 6162
f 6161 6162 6163
f 6163 6162 6164
f 6163 6164 6165
f 6165 6164 6166
f 6165 6166 6167
f 6167 6166 6168
f 6167 6168 6169
f 6169 6168 6170
f 6169 6170 6171
f 6171 6170 6172
f 6171 6172 6173
f 6173 6172 6174
f 6173 6174 6175
f 6175 6174 6176
f 6175 6176 6177
f 6177 6176 6178
f 6177 6178 6179
f 6179 6178 6180
f 6179 6180 6181
f 6181 6180 6182
f 6181 6182 6183
f 1059 6184 6157
f 6157 6184 6185
f 6157 6185 6158
f 6158 6185 6186
f 6158 6186 6187
f 6187 6186 6188
f 6187 6188 6189
f 6189 6188 6190
f 6189 6190 6191
f 6191 6190 6192
f 6191 6192 6193
f 6193 6192 6194
f 6193 6194 6195
f 6195 6194 6196
f 6195 6196 6197
f 6197 6196 6198
f 6197 6198 6199
f 6199 6198 6200
f 6199 6200 6201
f 6201 6200 6202
f 6201 6202 6203
f 6203 6202 6204
f 6203 6204 6205
f 6205 6204 6206
f 6205 6206 6207
f 1059 1003 6184
f 6184 1003 6208
f 6184 6208 6185
f 6185 6208 6186
f 1003 1001 6208
f 6208 1001 6209
f 6208 6209 6186
f 6186 6209 6188
f 1001 999 6209
f 6209 999 6210
f 6209 6210 6188
f 6188 6210 6190
f 999 997 6210
f 6210 997 6211
f 6210 6211 6190
f 6190 6211 6192
f 997 950 6211
f 6211 950 6212
f 6211 6212 6192
f 6192 6212 6194
f 950 952 6212
f 6212 952 6213
f 6212 6213 6194
f 6194 6213 6196
f 952 954 6213
f 6213 954 6214
f 6213 6214 6196
f 6196 6214 6198
f 6214 954 6215
f 6215 954 956
f 6215 956 6216
f 6216 956 957
f 6216 957 6217
f 6217 957 1156
f 6217 1156 6206
f 6205 6207 6180
f 6180 6207 6182
f 6181 6183 6218
f 6218 6183 6219
f 6218 6219 6220
f 6220 6219 6221
f 6220 6221 6222
f 6222 6221 6223
f 6222 6223 6224
f 6224 6223 6225
f 6224 6225 6226
f 6226 6225 6227
f 6226 6227 6228
f 6228 6227 247
f 6228 247 242
f 6221 6229 6223
f 6223 6229 6230
f 6223 6230 6225
f 6225 6230 6231
f 6225 6231 6227
f 6227 6231 247
f 6229 6231 6230
f 241 6232 242
f 242 6232 6233
f 242 6233 6228
f 6228 6233 6234
f 6228 6234 6226
f 6226 6234 6235
f 6226 6235 6224
f 6224 6235 6236
f 6224 6236 6222
f 6222 6236 6220
f 6237 6238 241
f 241 6238 6239
f 241 6239 6240
f 6240 6239 6241
f 6240 6241 6242
f 6242 6241 6243
f 6242 6243 6244
f 6244 6243 6245
f 6244 6245 6246
f 6246 6245 6247
f 6246 6247 6248
f 6248 6247 6249
f 6248 6249 6250
f 6250 6249 6179
f 6250 6179 6181
f 6238 6237 6251
f 6251 6237 6252
f 6251 6252 6253
f 6253 6252 6254
f 6253 6254 6255
f 6256 6257 6255
f 6255 6257 6258
f 6255 6258 6253
f 6253 6258 6259
f 6253 6259 6251
f 6251 6259 6260
f 6251 6260 6241
f 6241 6260 6243
f 6256 6261 6257
f 6257 6261 6262
f 6257 6262 6263
f 6263 6262 6264
f 6263 6264 6265
f 6265 6264 6266
f 6265 6266 6267
f 6267 6266 6169
f 6267 6169 6171
f 6261 6268 6262
f 6262 6268 6269
f 6262 6269 6270
f 6271 6272 6270
f 6270 6272 6273
f 6270 6273 6262
f 6262 6273 6264
f 6271 6274 6272
f 6272 6274 6275
f 6272 6275 6276
f 6276 6275 6163
f 6276 6163 6165
f 6274 6277 6275
f 6275 6277 6278
f 6275 6278 6161
f 6161 6278 6159
f 6217 6206 6204
f 6158 6187 6160
f 6160 6187 6162
f 6187 6189 6162
f 6162 6189 6164
f 6189 6191 6164
f 6164 6191 6166
f 6191 6193 6166
f 6166 6193 6168
f 6193 6195 6168
f 6168 6195 6170
f 6195 6197 6170
f 6170 6197 6172
f 6197 6199 6172
f 6172 6199 6174
f 6199 6201 6174
f 6174 6201 6176
f 6205 6180 6178
f 6201 6203 6176
f 6176 6203 6178
f 6203 6205 6178
f 6179 6249 6177
f 6177 6249 6279
f 6177 6279 6175
f 6175 6279 6280
f 6175 6280 6173
f 6173 6280 6281
f 6173 6281 6171
f 6171 6281 6267
f 6169 6266 6167
f 6167 6266 6282
f 6167 6282 6165
f 6165 6282 6276
f 6275 6161 6163
f 6200 6198 6215
f 6215 6198 6214
f 6202 6200 6216
f 6216 6200 6215
f 6204 6202 6217
f 6217 6202 6216
f 6181 6218 6250
f 6250 6218 6283
f 6250 6283 6248
f 6248 6283 6284
f 6248 6284 6246
f 6246 6284 6285
f 6246 6285 6244
f 6244 6285 6286
f 6244 6286 6242
f 6242 6286 6232
f 6242 6232 6240
f 6240 6232 241
f 6249 6247 6279
f 6279 6247 6287
f 6279 6287 6280
f 6280 6287 6288
f 6280 6288 6281
f 6281 6288 6289
f 6281 6289 6267
f 6267 6289 6265
f 6266 6264 6282
f 6282 6264 6273
f 6282 6273 6276
f 6276 6273 6272
f 6218 6220 6283
f 6283 6220 6236
f 6283 6236 6284
f 6284 6236 6235
f 6284 6235 6285
f 6285 6235 6234
f 6285 6234 6286
f 6286 6234 6233
f 6286 6233 6232
f 6247 6245 6287
f 6287 6245 6290
f 6287 6290 6288
f 6288 6290 6291
f 6288 6291 6289
f 6289 6291 6292
f 6289 6292 6265
f 6265 6292 6263
f 6258 6257 6263
f 6259 6258 6292
f 6292 6258 6263
f 6260 6259 6291
f 6291 6259 6292
f 6243 6260 6290
f 6290 6260 6291
f 6290 6245 6243
f 6238 6251 6239
f 6239 6251 6241
f 1132 1129 6293
f 6293 1129 1128
f 6293 1128 6294
f 6294 1128 1127
f 6294 1127 6295
f 6295 1127 1125
f 6295 1125 6296
f 6296 1125 1124
f 6296 1124 6297
f 6297 1124 1120
f 6297 1120 1119
f 6297 1119 6298
f 6298 1119 1118
f 6298 1118 6299
f 6299 1118 1116
f 6299 1116 6300
f 6300 1116 1114
f 6300 1114 6301
f 6301 1114 1110
f 6301 1110 6302
f 6302 1110 6303
f 6302 6303 6304
f 6304 6303 6305
f 6304 6305 6306
f 6306 6305 6307
f 6306 6307 6308
f 6308 6307 6309
f 6308 6309 6310
f 6310 6309 6311
f 6310 6311 6312
f 6312 6311 6313
f 6312 6313 6314
f 6314 6313 6315
f 6314 6315 6316
f 6316 6315 6317
f 6316 6317 6318
f 6318 6317 6319
f 6318 6319 6320
f 6320 6319 6321
f 6320 6321 6322
f 6322 6321 6323
f 6322 6323 6324
f 6324 6323 6325
f 6324 6325 6326
f 6326 6325 6327
f 6326 6327 6328
f 6328 6327 6329
f 6328 6329 6330
f 6330 6329 6331
f 6330 6331 6332
f 6332 6331 6333
f 6332 6333 6334
f 6334 6333 6335
f 6334 6335 6336
f 6336 6335 6337
f 6336 6337 6338
f 6338 6337 6339
f 6338 6339 6237
f 6237 6339 6252
f 6252 6339 6337
f 6252 6337 6340
f 6340 6337 6341
f 6340 6341 6342
f 6342 6341 6343
f 6342 6343 6255
f 6255 6343 6344
f 6255 6344 6256
f 6256 6344 6345
f 6256 6345 6261
f 6261 6345 6268
f 6268 6345 6346
f 6268 6346 6347
f 6347 6346 6348
f 6347 6348 6269
f 6269 6348 6270
f 6270 6348 6349
f 6270 6349 6350
f 6350 6349 6351
f 6350 6351 6352
f 6352 6351 6353
f 6352 6353 6354
f 6354 6353 6355
f 6354 6355 6356
f 6356 6355 6325
f 6356 6325 6323
f 1110 1109 6303
f 6303 1109 6357
f 6303 6357 6305
f 6305 6357 6358
f 6305 6358 6307
f 6307 6358 6359
f 6307 6359 6309
f 6309 6359 6360
f 6309 6360 6311
f 6311 6360 6361
f 6311 6361 6313
f 6313 6361 6362
f 6313 6362 6315
f 6315 6362 6363
f 6315 6363 6317
f 6317 6363 6364
f 6317 6364 6319
f 6319 6364 6365
f 6319 6365 6321
f 6321 6365 6366
f 6321 6366 6323
f 6323 6366 6356
f 6357 1109 6367
f 6367 1109 1070
f 6367 1070 6368
f 6368 1070 1068
f 6368 1068 6369
f 6369 1068 1059
f 6369 1059 6157
f 6159 6370 6157
f 6157 6370 6371
f 6157 6371 6372
f 6372 6371 6373
f 6372 6373 6374
f 6374 6373 6375
f 6374 6375 6376
f 6376 6375 6359
f 6376 6359 6358
f 6278 6377 6159
f 6159 6377 6378
f 6159 6378 6370
f 6370 6378 6379
f 6370 6379 6380
f 6380 6379 6381
f 6380 6381 6382
f 6382 6381 6361
f 6382 6361 6360
f 6377 6278 6383
f 6383 6278 6277
f 6383 6277 6384
f 6384 6277 6274
f 6384 6274 6385
f 6385 6274 6386
f 6385 6386 6387
f 6387 6386 6352
f 6387 6352 6354
f 6274 6271 6386
f 6386 6271 6350
f 6386 6350 6352
f 6271 6270 6350
f 6269 6268 6347
f 6255 6254 6342
f 6342 6254 6340
f 6254 6252 6340
f 6338 6237 6388
f 6388 6237 241
f 6388 241 6389
f 6389 241 6390
f 6389 6390 6391
f 6391 6390 6392
f 6391 6392 6393
f 6393 6392 6394
f 6393 6394 6395
f 6395 6394 6396
f 6395 6396 6397
f 6397 6396 6398
f 6397 6398 6399
f 6399 6398 6400
f 6399 6400 6401
f 6401 6400 6402
f 6401 6402 6403
f 6403 6402 6404
f 6403 6404 6405
f 6405 6404 6406
f 6405 6406 6407
f 6407 6406 6408
f 6407 6408 6409
f 6409 6408 6410
f 6409 6410 6411
f 6411 6410 6412
f 6411 6412 6413
f 6413 6412 6414
f 6413 6414 6415
f 6415 6414 6416
f 6415 6416 6417
f 6417 6416 6418
f 6417 6418 6419
f 6419 6418 6420
f 6419 6420 6421
f 6421 6420 6422
f 6421 6422 6423
f 6423 6422 6424
f 6423 6424 6425
f 6425 6424 6426
f 6425 6426 6427
f 6427 6426 6428
f 6427 6428 6299
f 6299 6428 6298
f 241 243 6390
f 6390 243 6429
f 6390 6429 6392
f 6392 6429 6430
f 6392 6430 6394
f 6394 6430 6431
f 6394 6431 6396
f 6396 6431 6432
f 6396 6432 6398
f 6398 6432 6433
f 6398 6433 6400
f 6400 6433 6434
f 6400 6434 6402
f 6402 6434 6435
f 6402 6435 6404
f 6404 6435 6436
f 6404 6436 6406
f 6406 6436 6437
f 6406 6437 6408
f 6408 6437 6438
f 6408 6438 6410
f 6410 6438 6439
f 6410 6439 6412
f 6412 6439 6440
f 6412 6440 6414
f 6414 6440 6441
f 6414 6441 6416
f 6416 6441 6442
f 6416 6442 6418
f 6418 6442 6443
f 6418 6443 6420
f 6420 6443 6444
f 6420 6444 6422
f 6422 6444 6445
f 6422 6445 6424
f 6424 6445 6446
f 6424 6446 6426
f 6426 6446 6447
f 6426 6447 6428
f 6428 6447 6448
f 6428 6448 6298
f 6298 6448 6297
f 243 245 6429
f 6429 245 6449
f 6429 6449 6430
f 6430 6449 6450
f 6430 6450 6431
f 6431 6450 6451
f 6431 6451 6432
f 6432 6451 6452
f 6432 6452 6433
f 6433 6452 6453
f 6433 6453 6434
f 6434 6453 6454
f 6434 6454 6435
f 6435 6454 6455
f 6435 6455 6436
f 6436 6455 6456
f 6436 6456 6437
f 6437 6456 6457
f 6437 6457 6438
f 6438 6457 6458
f 6438 6458 6439
f 6439 6458 6459
f 6439 6459 6440
f 6440 6459 6460
f 6440 6460 6441
f 6441 6460 6461
f 6441 6461 6442
f 6442 6461 6462
f 6442 6462 6443
f 6443 6462 6463
f 6443 6463 6444
f 6444 6463 6464
f 6444 6464 6445
f 6445 6464 6465
f 6445 6465 6446
f 6446 6465 6466
f 6446 6466 6447
f 6447 6466 6467
f 6447 6467 6448
f 6448 6467 6468
f 6448 6468 6297
f 6297 6468 6296
f 245 246 6449
f 6449 246 6469
f 6449 6469 6450
f 6450 6469 6470
f 6450 6470 6451
f 6451 6470 6471
f 6451 6471 6452
f 6452 6471 6472
f 6452 6472 6453
f 6453 6472 6473
f 6453 6473 6454
f 6454 6473 6474
f 6454 6474 6455
f 6455 6474 6475
f 6455 6475 6456
f 6456 6475 6476
f 6456 6476 6457
f 6457 6476 6477
f 6457 6477 6458
f 6458 6477 6478
f 6458 6478 6459
f 6459 6478 6479
f 6459 6479 6460
f 6460 6479 6480
f 6460 6480 6461
f 6461 6480 6481
f 6461 6481 6462
f 6462 6481 6482
f 6462 6482 6463
f 6463 6482 6483
f 6463 6483 6464
f 6464 6483 6484
f 6464 6484 6465
f 6465 6484 6485
f 6465 6485 6466
f 6466 6485 6486
f 6466 6486 6467
f 6467 6486 6487
f 6467 6487 6468
f 6468 6487 6488
f 6468 6488 6296
f 6296 6488 6295
f 246 244 6469
f 6469 244 6489
f 6469 6489 6470
f 6470 6489 6490
f 6470 6490 6471
f 6471 6490 6491
f 6471 6491 6472
f 6472 6491 6492
f 6472 6492 6473
f 6473 6492 6493
f 6473 6493 6474
f 6474 6493 6494
f 6474 6494 6475
f 6475 6494 6495
f 6475 6495 6476
f 6476 6495 6496
f 6476 6496 6477
f 6477 6496 6497
f 6477 6497 6478
f 6478 6497 6498
f 6478 6498 6479
f 6479 6498 6499
f 6479 6499 6480
f 6480 6499 6500
f 6480 6500 6481
f 6481 6500 6501
f 6481 6501 6482
f 6482 6501 6502
f 6482 6502 6483
f 6483 6502 6503
f 6483 6503 6484
f 6484 6503 6504
f 6484 6504 6485
f 6485 6504 6505
f 6485 6505 6486
f 6486 6505 6506
f 6486 6506 6487
f 6487 6506 6507
f 6487 6507 6488
f 6488 6507 6508
f 6488 6508 6295
f 6295 6508 6294
f 6489 244 6509
f 6509 244 248
f 6509 248 6510
f 6510 248 6511
f 6510 6511 6512
f 6512 6511 6513
f 6512 6513 6514
f 6514 6513 6515
f 6514 6515 6516
f 6516 6515 6517
f 6516 6517 6518
f 6518 6517 6519
f 6518 6519 6520
f 6520 6519 6521
f 6520 6521 6522
f 6522 6521 6523
f 6522 6523 6524
f 6524 6523 6525
f 6524 6525 6526
f 6526 6525 6527
f 6526 6527 6528
f 6528 6527 6529
f 6528 6529 6530
f 6530 6529 6531
f 6530 6531 6532
f 6532 6531 6533
f 6532 6533 6534
f 6534 6533 6535
f 6534 6535 6536
f 6536 6535 6537
f 6536 6537 6538
f 6538 6537 6539
f 6538 6539 6540
f 6540 6539 6541
f 6540 6541 6542
f 6542 6541 6543
f 6542 6543 6544
f 6544 6543 6545
f 6544 6545 6546
f 6546 6545 6547
f 6546 6547 6548
f 6548 6547 6549
f 6548 6549 6550
f 6550 6549 6551
f 6550 6551 1135
f 1135 6551 1138
f 1138 6551 6552
f 1138 6552 1139
f 1139 6552 6553
f 1139 6553 1141
f 1141 6553 1143
f 1143 6553 6554
f 1143 6554 1144
f 1144 6554 1145
f 1145 6554 6555
f 1145 6555 1156
f 1156 6555 6556
f 1156 6556 6206
f 6206 6556 6557
f 6206 6557 6558
f 6558 6557 6559
f 6558 6559 6560
f 6560 6559 6561
f 6560 6561 6562
f 6562 6561 6563
f 6562 6563 6564
f 6564 6563 6547
f 6564 6547 6545
f 248 247 6511
f 6511 247 6565
f 6511 6565 6513
f 6513 6565 6566
f 6513 6566 6515
f 6515 6566 6567
f 6515 6567 6517
f 6517 6567 6568
f 6517 6568 6519
f 6519 6568 6569
f 6519 6569 6521
f 6521 6569 6570
f 6521 6570 6523
f 6523 6570 6571
f 6523 6571 6525
f 6525 6571 6572
f 6525 6572 6527
f 6527 6572 6573
f 6527 6573 6529
f 6529 6573 6574
f 6529 6574 6531
f 6531 6574 6575
f 6531 6575 6533
f 6533 6575 6576
f 6533 6576 6535
f 6535 6576 6577
f 6535 6577 6537
f 6537 6577 6578
f 6537 6578 6539
f 6539 6578 6579
f 6539 6579 6541
f 6541 6579 6580
f 6541 6580 6543
f 6543 6580 6581
f 6543 6581 6545
f 6545 6581 6564
f 6565 247 6582
f 6582 247 6231
f 6582 6231 6583
f 6583 6231 6584
f 6583 6584 6585
f 6585 6584 6586
f 6585 6586 6587
f 6587 6586 6588
f 6587 6588 6569
f 6569 6588 6570
f 6231 6229 6584
f 6584 6229 6586
f 6586 6229 6589
f 6589 6229 6221
f 6589 6221 6590
f 6590 6221 6591
f 6590 6591 6592
f 6592 6591 6593
f 6592 6593 6594
f 6594 6593 6595
f 6594 6595 6573
f 6573 6595 6574
f 6221 6219 6591
f 6591 6219 6596
f 6591 6596 6593
f 6593 6596 6597
f 6593 6597 6595
f 6595 6597 6598
f 6595 6598 6574
f 6574 6598 6575
f 6183 6599 6219
f 6219 6599 6600
f 6219 6600 6601
f 6601 6600 6602
f 6601 6602 6603
f 6603 6602 6604
f 6603 6604 6598
f 6598 6604 6575
f 6182 6605 6183
f 6183 6605 6606
f 6183 6606 6599
f 6599 6606 6607
f 6599 6607 6608
f 6608 6607 6609
f 6608 6609 6610
f 6610 6609 6577
f 6610 6577 6576
f 6207 6611 6182
f 6182 6611 6612
f 6182 6612 6605
f 6605 6612 6613
f 6605 6613 6614
f 6614 6613 6615
f 6614 6615 6616
f 6616 6615 6579
f 6616 6579 6578
f 6611 6207 6617
f 6617 6207 6206
f 6617 6206 6558
f 1135 1132 6550
f 6550 1132 6293
f 6550 6293 6548
f 6548 6293 6618
f 6548 6618 6546
f 6546 6618 6619
f 6546 6619 6544
f 6544 6619 6620
f 6544 6620 6542
f 6542 6620 6621
f 6542 6621 6540
f 6540 6621 6622
f 6540 6622 6538
f 6538 6622 6623
f 6538 6623 6536
f 6536 6623 6624
f 6536 6624 6534
f 6534 6624 6625
f 6534 6625 6532
f 6532 6625 6626
f 6532 6626 6530
f 6530 6626 6627
f 6530 6627 6528
f 6528 6627 6628
f 6528 6628 6526
f 6526 6628 6629
f 6526 6629 6524
f 6524 6629 6630
f 6524 6630 6522
f 6522 6630 6631
f 6522 6631 6520
f 6520 6631 6632
f 6520 6632 6518
f 6518 6632 6633
f 6518 6633 6516
f 6516 6633 6634
f 6516 6634 6514
f 6514 6634 6635
f 6514 6635 6512
f 6512 6635 6636
f 6512 6636 6510
f 6510 6636 6509
f 6369 6157 6372
f 6427 6299 6300
f 6300 6301 6637
f 6637 6301 6302
f 6637 6302 6638
f 6638 6302 6304
f 6638 6304 6639
f 6639 6304 6306
f 6639 6306 6640
f 6640 6306 6308
f 6640 6308 6641
f 6641 6308 6310
f 6641 6310 6642
f 6642 6310 6312
f 6642 6312 6643
f 6643 6312 6314
f 6643 6314 6644
f 6644 6314 6316
f 6644 6316 6645
f 6645 6316 6318
f 6645 6318 6646
f 6646 6318 6320
f 6646 6320 6647
f 6647 6320 6322
f 6647 6322 6648
f 6648 6322 6324
f 6648 6324 6649
f 6649 6324 6326
f 6649 6326 6650
f 6650 6326 6328
f 6650 6328 6651
f 6651 6328 6330
f 6651 6330 6652
f 6652 6330 6332
f 6652 6332 6653
f 6653 6332 6334
f 6653 6334 6654
f 6654 6334 6336
f 6654 6336 6655
f 6655 6336 6338
f 6655 6338 6388
f 6618 6293 6294
f 6618 6294 6508
f 6552 6551 6656
f 6656 6551 6549
f 6656 6549 6563
f 6563 6549 6547
f 6553 6552 6657
f 6657 6552 6656
f 6657 6656 6561
f 6561 6656 6563
f 6556 6555 6554
f 6554 6553 6658
f 6658 6553 6657
f 6658 6657 6559
f 6559 6657 6561
f 6372 6374 6369
f 6369 6374 6368
f 6358 6357 6367
f 6374 6376 6368
f 6368 6376 6367
f 6376 6358 6367
f 6425 6427 6637
f 6637 6427 6300
f 6425 6637 6638
f 6619 6618 6508
f 6619 6508 6507
f 6557 6556 6658
f 6658 6556 6554
f 6557 6658 6559
f 6558 6560 6617
f 6617 6560 6659
f 6617 6659 6611
f 6611 6659 6660
f 6611 6660 6612
f 6612 6660 6613
f 6560 6562 6659
f 6659 6562 6661
f 6659 6661 6660
f 6660 6661 6662
f 6660 6662 6613
f 6613 6662 6615
f 6562 6564 6661
f 6661 6564 6581
f 6661 6581 6662
f 6662 6581 6580
f 6662 6580 6615
f 6615 6580 6579
f 6620 6506 6621
f 6621 6506 6505
f 6621 6505 6622
f 6622 6505 6504
f 6622 6504 6623
f 6623 6504 6503
f 6623 6503 6624
f 6624 6503 6502
f 6624 6502 6625
f 6625 6502 6501
f 6625 6501 6626
f 6626 6501 6500
f 6626 6500 6627
f 6627 6500 6499
f 6627 6499 6628
f 6628 6499 6498
f 6628 6498 6629
f 6629 6498 6497
f 6629 6497 6630
f 6630 6497 6496
f 6630 6496 6631
f 6631 6496 6495
f 6631 6495 6632
f 6632 6495 6494
f 6632 6494 6633
f 6633 6494 6493
f 6633 6493 6634
f 6634 6493 6492
f 6634 6492 6635
f 6635 6492 6491
f 6635 6491 6636
f 6636 6491 6490
f 6636 6490 6509
f 6509 6490 6489
f 6619 6507 6620
f 6620 6507 6506
f 6423 6639 6421
f 6421 6639 6640
f 6421 6640 6419
f 6419 6640 6641
f 6419 6641 6417
f 6417 6641 6642
f 6417 6642 6415
f 6415 6642 6643
f 6415 6643 6413
f 6413 6643 6644
f 6413 6644 6411
f 6411 6644 6645
f 6411 6645 6409
f 6409 6645 6646
f 6409 6646 6407
f 6407 6646 6647
f 6407 6647 6405
f 6405 6647 6648
f 6405 6648 6403
f 6403 6648 6649
f 6403 6649 6401
f 6401 6649 6650
f 6401 6650 6399
f 6399 6650 6651
f 6399 6651 6397
f 6397 6651 6652
f 6397 6652 6395
f 6395 6652 6653
f 6395 6653 6393
f 6393 6653 6654
f 6393 6654 6391
f 6391 6654 6655
f 6391 6655 6389
f 6389 6655 6388
f 6425 6638 6423
f 6423 6638 6639
f 6382 6360 6375
f 6375 6360 6359
f 6380 6382 6373
f 6373 6382 6375
f 6370 6380 6371
f 6371 6380 6373
f 6361 6381 6362
f 6362 6381 6663
f 6362 6663 6363
f 6363 6663 6664
f 6363 6664 6364
f 6364 6664 6665
f 6364 6665 6365
f 6365 6665 6666
f 6365 6666 6366
f 6366 6666 6667
f 6366 6667 6356
f 6356 6667 6354
f 6381 6379 6663
f 6663 6379 6668
f 6663 6668 6664
f 6664 6668 6669
f 6664 6669 6665
f 6665 6669 6670
f 6665 6670 6666
f 6666 6670 6671
f 6666 6671 6667
f 6667 6671 6387
f 6667 6387 6354
f 6379 6378 6668
f 6668 6378 6377
f 6668 6377 6669
f 6669 6377 6383
f 6669 6383 6670
f 6670 6383 6384
f 6670 6384 6671
f 6671 6384 6385
f 6671 6385 6387
f 6577 6609 6578
f 6578 6609 6616
f 6606 6605 6614
f 6609 6607 6616
f 6616 6607 6614
f 6607 6606 6614
f 6602 6600 6608
f 6608 6600 6599
f 6604 6602 6610
f 6610 6602 6608
f 6575 6604 6576
f 6576 6604 6610
f 6219 6601 6672
f 6672 6601 6603
f 6672 6603 6597
f 6597 6603 6598
f 6597 6596 6672
f 6672 6596 6219
f 6594 6573 6572
f 6325 6355 6327
f 6327 6355 6673
f 6327 6673 6329
f 6329 6673 6674
f 6329 6674 6331
f 6331 6674 6675
f 6331 6675 6333
f 6333 6675 6676
f 6333 6676 6335
f 6335 6676 6341
f 6335 6341 6337
f 6355 6353 6673
f 6673 6353 6677
f 6673 6677 6674
f 6674 6677 6678
f 6674 6678 6675
f 6675 6678 6679
f 6675 6679 6676
f 6676 6679 6343
f 6676 6343 6341
f 6353 6351 6677
f 6677 6351 6680
f 6677 6680 6678
f 6678 6680 6346
f 6678 6346 6679
f 6679 6346 6345
f 6679 6345 6343
f 6343 6345 6344
f 6351 6349 6680
f 6680 6349 6348
f 6680 6348 6346
f 6594 6572 6681
f 6681 6572 6571
f 6681 6571 6682
f 6682 6571 6570
f 6682 6570 6588
f 6594 6681 6592
f 6592 6681 6683
f 6592 6683 6590
f 6590 6683 6589
f 6683 6681 6682
f 6683 6682 6684
f 6684 6682 6588
f 6684 6588 6586
f 6587 6569 6568
f 6586 6589 6684
f 6684 6589 6683
f 6587 6568 6685
f 6685 6568 6567
f 6685 6567 6686
f 6686 6567 6566
f 6686 6566 6582
f 6582 6566 6565
f 6583 6585 6685
f 6685 6585 6587
f 6583 6685 6686
f 6582 6583 6686
f 5405 6687 5932
f 5932 6687 6688
f 5932 6688 5933
f 5933 6688 6689
f 5933 6689 5934
f 5934 6689 6690
f 5934 6690 5935
f 5935 6690 6691
f 5935 6691 5936
f 5936 6691 6692
f 5936 6692 5937
f 5937 6692 6693
f 5937 6693 5938
f 5938 6693 6694
f 5938 6694 6695
f 6695 6694 6696
f 6695 6696 6697
f 6697 6696 6698
f 6697 6698 6699
f 6699 6698 6700
f 6699 6700 6701
f 6701 6700 6702
f 6701 6702 6703
f 6703 6702 6704
f 6703 6704 6705
f 6705 6704 1319
f 6705 1319 1318
f 6688 6687 6706
f 6706 6687 6707
f 6706 6707 6708
f 6708 6707 6709
f 6708 6709 6710
f 6710 6709 6711
f 6710 6711 6712
f 6713 6714 6712
f 6712 6714 6715
f 6712 6715 6710
f 6710 6715 6716
f 6710 6716 6717
f 6717 6716 6718
f 6717 6718 6719
f 6719 6718 6720
f 6719 6720 6691
f 6691 6720 6692
f 1335 1333 6713
f 6713 1333 6714
f 6714 1333 6721
f 6721 1333 1330
f 6721 1330 6722
f 6722 1330 1328
f 6722 1328 1326
f 6722 1326 6723
f 6723 1326 1323
f 6723 1323 6724
f 6724 1323 1321
f 6724 1321 6725
f 6725 1321 1320
f 6725 1320 6704
f 6704 1320 1319
f 6705 1318 6726
f 6726 1318 1317
f 6726 1317 1315
f 6726 1315 6727
f 6727 1315 1303
f 6727 1303 6728
f 6728 1303 1288
f 6728 1288 6729
f 6729 1288 1034
f 6729 1034 6730
f 6730 1034 1036
f 6730 1036 6731
f 6731 1036 6732
f 6731 6732 6733
f 6733 6732 6734
f 6733 6734 6735
f 6735 6734 6736
f 6735 6736 6737
f 6737 6736 6738
f 6737 6738 6739
f 1036 1287 6732
f 6732 1287 6740
f 6732 6740 6734
f 6734 6740 6741
f 6734 6741 6736
f 6736 6741 6742
f 6736 6742 6738
f 6740 1287 6743
f 6743 1287 1286
f 6743 1286 6742
f 6739 6744 6737
f 6737 6744 6745
f 6737 6745 6746
f 6746 6745 6747
f 6746 6747 6748
f 6748 6747 6749
f 6748 6749 6750
f 6750 6749 6751
f 6750 6751 6752
f 6752 6751 6753
f 6752 6753 6754
f 6754 6753 6755
f 6754 6755 6756
f 6756 6755 6757
f 6756 6757 6758
f 6758 6757 6759
f 6758 6759 6760
f 6760 6759 6761
f 6760 6761 6699
f 6699 6761 6697
f 6745 6744 6762
f 6762 6744 5945
f 6762 5945 5944
f 6762 5944 6763
f 6763 5944 5943
f 6763 5943 6764
f 6764 5943 5942
f 6764 5942 6749
f 6749 5942 6751
f 6751 5942 6753
f 6753 5942 5941
f 6753 5941 6755
f 6755 5941 5940
f 6755 5940 6757
f 6757 5940 5916
f 6757 5916 6759
f 6759 5916 5917
f 6759 5917 6761
f 6761 5917 5939
f 6761 5939 6697
f 6697 5939 6695
f 5939 5938 6695
f 6715 6714 6765
f 6765 6714 6721
f 6765 6721 6766
f 6766 6721 6722
f 6766 6722 6767
f 6767 6722 6723
f 6767 6723 6768
f 6768 6723 6724
f 6768 6724 6769
f 6769 6724 6725
f 6769 6725 6702
f 6702 6725 6704
f 6710 6717 6708
f 6708 6717 6770
f 6708 6770 6706
f 6706 6770 6689
f 6706 6689 6688
f 6715 6765 6716
f 6716 6765 6771
f 6716 6771 6718
f 6718 6771 6772
f 6718 6772 6720
f 6720 6772 6773
f 6720 6773 6692
f 6692 6773 6693
f 6771 6765 6766
f 6690 6689 6770
f 6690 6770 6719
f 6719 6770 6717
f 6771 6766 6774
f 6774 6766 6767
f 6774 6767 6775
f 6775 6767 6768
f 6775 6768 6776
f 6776 6768 6769
f 6776 6769 6700
f 6700 6769 6702
f 6691 6690 6719
f 6771 6774 6772
f 6772 6774 6777
f 6772 6777 6773
f 6773 6777 6778
f 6773 6778 6693
f 6693 6778 6694
f 6777 6774 6775
f 6777 6775 6779
f 6779 6775 6776
f 6779 6776 6698
f 6698 6776 6700
f 6777 6779 6778
f 6778 6779 6696
f 6778 6696 6694
f 6696 6779 6698
f 6703 6705 6780
f 6780 6705 6726
f 6780 6726 6781
f 6781 6726 6727
f 6781 6727 6782
f 6782 6727 6728
f 6782 6728 6783
f 6783 6728 6729
f 6783 6729 6784
f 6784 6729 6730
f 6784 6730 6785
f 6785 6730 6731
f 6785 6731 6733
f 6760 6699 6701
f 6701 6703 6786
f 6786 6703 6780
f 6786 6780 6787
f 6787 6780 6781
f 6787 6781 6788
f 6788 6781 6782
f 6788 6782 6789
f 6789 6782 6783
f 6789 6783 6790
f 6790 6783 6784
f 6790 6784 6791
f 6791 6784 6785
f 6791 6785 6792
f 6792 6785 6733
f 6792 6733 6735
f 6758 6760 6786
f 6786 6760 6701
f 6758 6786 6787
f 6756 6758 6787
f 6756 6787 6788
f 6754 6756 6788
f 6754 6788 6789
f 6752 6754 6789
f 6752 6789 6790
f 6750 6752 6790
f 6750 6790 6791
f 6750 6791 6748
f 6748 6791 6792
f 6748 6792 6746
f 6746 6792 6735
f 6746 6735 6737
f 6763 6764 6749
f 6763 6749 6747
f 6745 6762 6747
f 6747 6762 6763
f 6742 6741 6743
f 6743 6741 6740
f 1335 6713 1621
f 1621 6713 6712
f 1621 6712 6793
f 6793 6712 6711
f 6793 6711 6794
f 6794 6711 6795
f 6794 6795 6796
f 6796 6795 6797
f 6796 6797 6798
f 6798 6797 6799
f 6798 6799 6800
f 6800 6799 6801
f 6800 6801 6802
f 6802 6801 6803
f 6802 6803 6804
f 6804 6803 6805
f 6804 6805 6806
f 6806 6805 6807
f 6806 6807 6808
f 6808 6807 6809
f 6808 6809 6810
f 6810 6809 6811
f 6810 6811 6812
f 6812 6811 6813
f 6812 6813 6814
f 6814 6813 6815
f 6814 6815 6816
f 6816 6815 6817
f 6816 6817 6818
f 6818 6817 6819
f 6818 6819 6820
f 6820 6819 6821
f 6820 6821 6822
f 6822 6821 6823
f 6822 6823 6824
f 6824 6823 6825
f 6824 6825 6826
f 6826 6825 6827
f 6826 6827 6828
f 6828 6827 6829
f 6829 6827 6830
f 6829 6830 6831
f 6831 6830 6832
f 6832 6830 6833
f 6832 6833 6834
f 6834 6833 6835
f 6834 6835 5385
f 5385 6835 5383
f 5383 6835 6836
f 5383 6836 5381
f 5381 6836 6837
f 5381 6837 6838
f 6838 6837 6839
f 6838 6839 6840
f 6840 6839 6823
f 6840 6823 6821
f 6711 6709 6795
f 6795 6709 6841
f 6795 6841 6797
f 6797 6841 6842
f 6797 6842 6799
f 6799 6842 6843
f 6799 6843 6801
f 6801 6843 6844
f 6801 6844 6803
f 6803 6844 6845
f 6803 6845 6805
f 6805 6845 6846
f 6805 6846 6807
f 6807 6846 6847
f 6807 6847 6809
f 6809 6847 6848
f 6809 6848 6811
f 6811 6848 6849
f 6811 6849 6813
f 6813 6849 6850
f 6813 6850 6815
f 6815 6850 6851
f 6815 6851 6817
f 6817 6851 6852
f 6817 6852 6819
f 6819 6852 6853
f 6819 6853 6821
f 6821 6853 6840
f 6709 6707 6841
f 6841 6707 6854
f 6841 6854 6842
f 6842 6854 6855
f 6842 6855 6843
f 6843 6855 6856
f 6843 6856 6844
f 6844 6856 6857
f 6844 6857 6845
f 6845 6857 6858
f 6845 6858 6846
f 6846 6858 6859
f 6846 6859 6847
f 6847 6859 6860
f 6847 6860 6848
f 6848 6860 6861
f 6848 6861 6849
f 6849 6861 6862
f 6849 6862 6850
f 6850 6862 6863
f 6850 6863 6851
f 6851 6863 6864
f 6851 6864 6852
f 6852 6864 6865
f 6852 6865 6853
f 6853 6865 6866
f 6853 6866 6840
f 6840 6866 6838
f 6707 6687 6854
f 6854 6687 6867
f 6854 6867 6855
f 6855 6867 6868
f 6855 6868 6856
f 6856 6868 6869
f 6856 6869 6857
f 6857 6869 6870
f 6857 6870 6858
f 6858 6870 6871
f 6858 6871 6859
f 6859 6871 6872
f 6859 6872 6860
f 6860 6872 6873
f 6860 6873 6861
f 6861 6873 6874
f 6861 6874 6862
f 6862 6874 5397
f 6862 5397 5396
f 6687 5405 6867
f 6867 5405 5404
f 6867 5404 5403
f 6867 5403 6868
f 6868 5403 5402
f 6868 5402 6869
f 6869 5402 5401
f 6869 5401 6870
f 6870 5401 5400
f 6870 5400 6871
f 6871 5400 5399
f 6871 5399 6872
f 6872 5399 5398
f 6872 5398 6873
f 6873 5398 6874
f 5398 5397 6874
f 6862 5396 6863
f 6863 5396 5395
f 6863 5395 6864
f 6864 5395 5379
f 6864 5379 6865
f 6865 5379 5380
f 6865 5380 6866
f 6866 5380 6838
f 5380 5381 6838
f 5385 5386 6834
f 6834 5386 6832
f 6826 6828 6875
f 6875 6828 1696
f 6875 1696 1694
f 6875 1694 6876
f 6876 1694 1691
f 6876 1691 6877
f 6877 1691 6878
f 6877 6878 6820
f 6820 6878 6818
f 1691 1687 6878
f 6878 1687 6879
f 6878 6879 6818
f 6818 6879 6816
f 6879 1687 6880
f 6880 1687 1684
f 6880 1684 6881
f 6881 1684 1679
f 6881 1679 6882
f 6882 1679 1677
f 6882 1677 6883
f 6883 1677 1676
f 6883 1676 6884
f 6884 1676 1675
f 6884 1675 6885
f 6885 1675 1674
f 6885 1674 6886
f 6886 1674 1637
f 6886 1637 6887
f 6887 1637 1632
f 6887 1632 6888
f 6888 1632 1630
f 6888 1630 6889
f 6889 1630 1628
f 6889 1628 6890
f 6890 1628 1624
f 6890 1624 1621
f 1621 6793 6890
f 6890 6793 6794
f 6890 6794 6796
f 6889 6890 6796
f 6889 6796 6798
f 6888 6889 6798
f 6888 6798 6800
f 6887 6888 6800
f 6887 6800 6802
f 6886 6887 6802
f 6886 6802 6804
f 6885 6886 6804
f 6885 6804 6806
f 6884 6885 6806
f 6884 6806 6808
f 6884 6808 6883
f 6883 6808 6810
f 6883 6810 6882
f 6882 6810 6812
f 6882 6812 6881
f 6881 6812 6814
f 6881 6814 6880
f 6880 6814 6816
f 6880 6816 6879
f 6877 6820 6822
f 6837 6836 6891
f 6891 6836 6835
f 6891 6835 6833
f 6825 6823 6839
f 6839 6837 6892
f 6892 6837 6891
f 6892 6891 6830
f 6830 6891 6833
f 6876 6877 6822
f 6876 6822 6824
f 6830 6827 6892
f 6892 6827 6825
f 6892 6825 6839
f 6876 6824 6875
f 6875 6824 6826
f 444 446 1653
f 1653 446 6893
f 1653 6893 6894
f 1653 6894 1651
f 1651 6894 6895
f 1651 6895 1649
f 1649 6895 6896
f 1649 6896 1648
f 1648 6896 6897
f 1648 6897 1646
f 1646 6897 6898
f 1646 6898 1645
f 1645 6898 6899
f 1645 6899 1643
f 1643 6899 6900
f 1643 6900 1642
f 1642 6900 6901
f 1642 6901 1641
f 1641 6901 6902
f 1641 6902 1640
f 1640 6902 6903
f 1640 6903 1964
f 1964 6903 1965
f 1965 6903 6904
f 1965 6904 1618
f 1618 6904 1619
f 1619 6904 6905
f 1619 6905 1966
f 1966 6905 475
f 1966 475 476
f 446 2943 6906
f 6906 2943 2947
f 6906 2947 2946
f 6906 2946 6907
f 6907 2946 2950
f 6907 2950 6908
f 6908 2950 6909
f 6908 6909 6896
f 6896 6909 6897
f 6897 6909 6910
f 6897 6910 6898
f 6898 6910 6911
f 6898 6911 6899
f 6899 6911 6912
f 6899 6912 6900
f 6900 6912 6913
f 6900 6913 6901
f 6901 6913 6914
f 6901 6914 6902
f 6902 6914 6915
f 6902 6915 6903
f 6903 6915 6916
f 6903 6916 6904
f 6904 6916 6917
f 6904 6917 6918
f 6918 6917 3123
f 6918 3123 3115
f 2950 2949 6909
f 6909 2949 6910
f 2949 2953 6910
f 6910 2953 6911
f 2953 2952 6911
f 6911 2952 6912
f 2952 2957 6912
f 6912 2957 6913
f 2957 2956 6913
f 6913 2956 6914
f 2956 3129 6914
f 6914 3129 6915
f 3129 3128 6915
f 6915 3128 6916
f 3128 3127 6916
f 6916 3127 3126
f 6916 3126 6917
f 6917 3126 3123
f 3115 3103 6918
f 6918 3103 3105
f 6918 3105 475
f 475 6905 6918
f 6918 6905 6904
f 6908 6896 6907
f 6907 6896 6895
f 6907 6895 6894
f 6907 6894 6906
f 6906 6894 6893
f 6906 6893 446
f 475 3105 6919
f 6919 3105 3148
f 6919 3148 3147
f 6919 3147 6920
f 6920 3147 3145
f 6920 3145 6921
f 6921 3145 3144
f 6921 3144 6922
f 6922 3144 3142
f 6922 3142 6923
f 6923 3142 3139
f 6923 3139 6924
f 6924 3139 3138
f 6924 3138 6925
f 6925 3138 6926
f 6925 6926 461
f 461 6926 459
f 459 6926 6927
f 459 6927 457
f 457 6927 6928
f 457 6928 455
f 455 6928 6929
f 455 6929 453
f 453 6929 6930
f 453 6930 451
f 451 6930 449
f 449 6930 6931
f 449 6931 447
f 447 6931 446
f 446 6931 2943
f 2943 6931 2942
f 2942 6931 2941
f 2941 6931 6930
f 2941 6930 3131
f 3131 6930 6929
f 3131 6929 3132
f 3132 6929 3133
f 3133 6929 6928
f 3133 6928 3134
f 3134 6928 6927
f 3134 6927 3135
f 3135 6927 3136
f 3136 6927 6926
f 3136 6926 3138
f 461 463 6925
f 6925 463 6924
f 6924 463 6923
f 6923 463 465
f 6923 465 6922
f 6922 465 467
f 6922 467 6921
f 6921 467 469
f 6921 469 6920
f 6920 469 471
f 6920 471 473
f 6920 473 6919
f 6919 473 475
f 2102 6932 2103
f 2103 6932 6933
f 2103 6933 6934
f 2101 2794 2102
f 2102 2794 2796
f 2102 2796 6935
f 6935 6932 2102
f 6934 6936 2103
f 2103 6936 2104
f 2104 6936 6937
f 2104 6937 2080
f 2080 6937 6938
f 2080 6938 6939
f 2080 6939 2082
f 2082 6939 6940
f 2082 6940 6941
f 2082 6941 2084
f 2084 6941 6942
f 2084 6942 2086
f 2086 6942 6943
f 2086 6943 6944
f 2086 6944 2088
f 2088 6944 6945
f 2088 6945 2090
f 2090 6945 6946
f 2090 6946 6947
f 6947 6948 2090
f 2090 6948 2092
f 2092 6948 6949
f 2092 6949 6950
f 2092 6950 6951
f 6951 6950 6952
f 6951 6952 6953
f 6953 6954 6951
f 6951 6954 6955
f 6951 6955 6956
f 6951 6956 197
f 197 6956 6957
f 197 6957 6958
f 6958 6959 197
f 197 6959 6960
f 197 6960 6961
f 6961 6960 6962
f 6961 6962 6963
f 6961 6963 6964
f 6964 6963 6965
f 6964 6965 6966
f 6964 6966 6967
f 6967 6966 6968
f 6967 6968 221
f 221 6968 6969
f 221 6969 222
f 222 6969 6970
f 222 6970 6971
f 6968 6970 6969
f 222 6971 6972
f 6972 6971 6973
f 6972 6973 6974
f 6974 6975 6972
f 6972 6975 6976
f 6972 6976 6977
f 6978 6979 6977
f 6977 6979 6980
f 6977 6980 214
f 214 6980 203
f 203 6980 6981
f 203 6981 6982
f 6982 6981 6983
f 6982 6983 3080
f 6984 6981 6978
f 6978 6981 6980
f 6978 6980 6979
f 204 203 3080
f 3080 203 6982
f 6977 214 6972
f 6972 214 222
f 6967 221 6964
f 6964 221 197
f 6964 197 6961
f 197 202 6951
f 6951 202 201
f 6951 201 200
f 200 116 6951
f 6951 116 118
f 6951 118 119
f 6951 119 2098
f 2098 119 120
f 2098 120 153
f 153 120 124
f 2098 2092 6951
f 6935 6985 6932
f 6932 6985 6986
f 6932 6986 6987
f 6987 6986 6988
f 6987 6988 6989
f 6989 6988 6990
f 6989 6990 6933
f 6933 6990 6934
f 6934 6990 6991
f 6934 6991 6992
f 6992 6991 6993
f 6992 6993 6994
f 6994 6993 6995
f 6994 6995 6996
f 6996 6995 6997
f 6996 6997 6998
f 6998 6997 6999
f 6998 6999 6939
f 6939 6999 6940
f 6940 6999 7000
f 6940 7000 7001
f 7001 7000 7002
f 7001 7002 7003
f 2796 7004 6935
f 6935 7004 7005
f 6935 7005 6985
f 6985 7005 7006
f 6985 7006 7007
f 7004 2796 7008
f 7008 2796 2798
f 7008 2798 7009
f 7006 7005 7009
f 7009 7005 7004
f 7009 7004 7008
f 6985 7007 6986
f 6986 7007 6988
f 6990 6988 6991
f 6991 6988 6993
f 6997 7010 6999
f 6999 7010 7000
f 7010 7002 7000
f 7001 7003 7011
f 7011 7003 7012
f 7011 7012 7013
f 7013 7012 7014
f 7013 7014 6943
f 6943 7014 7015
f 6943 7015 6944
f 6944 7015 7016
f 6944 7016 6945
f 6945 7016 7017
f 6945 7017 6946
f 6946 7017 6947
f 6947 7017 7018
f 6947 7018 6948
f 6948 7018 7019
f 6948 7019 6949
f 6949 7019 7020
f 6949 7020 6950
f 6950 7020 7021
f 6950 7021 6952
f 6952 7021 6953
f 6953 7021 7022
f 6953 7022 7023
f 7012 7024 7014
f 7014 7024 7025
f 7014 7025 7015
f 7015 7025 7026
f 7015 7026 7016
f 7016 7026 7027
f 7016 7027 7017
f 7017 7027 7028
f 7017 7028 7018
f 7018 7028 7029
f 7018 7029 7019
f 7019 7029 7030
f 7019 7030 7031
f 7019 7031 7020
f 7020 7031 7032
f 7020 7032 7033
f 7020 7033 7021
f 7021 7033 7022
f 6953 7023 6954
f 6954 7023 7034
f 6954 7034 6955
f 6955 7034 6956
f 6956 7034 7035
f 6956 7035 7036
f 7036 7035 7037
f 7037 7035 7038
f 7038 7035 7039
f 7038 7039 7040
f 7041 7042 7040
f 7040 7042 7038
f 6956 7036 6957
f 6957 7036 7043
f 6957 7043 7044
f 6957 7044 6958
f 6958 7044 7045
f 6958 7045 6959
f 6959 7045 7046
f 6959 7046 6960
f 6960 7046 7047
f 6960 7047 7048
f 7048 7047 7049
f 7048 7049 7050
f 7048 7050 7051
f 7051 7050 7052
f 7051 7052 7053
f 7053 7052 7054
f 7053 7054 7055
f 7055 7054 7056
f 7055 7056 7057
f 7057 7056 7058
f 7057 7058 7059
f 7059 7058 7060
f 7059 7060 7061
f 7061 7060 7062
f 7061 7062 7063
f 7063 7062 7064
f 7063 7064 7065
f 7065 7064 7066
f 7065 7066 7067
f 7067 7066 7068
f 7067 7068 7069
f 7069 7068 7070
f 7069 7070 7071
f 7071 7070 7072
f 7071 7072 6984
f 6984 7072 6981
f 6981 7072 7073
f 6981 7073 6983
f 6983 7073 7074
f 6983 7074 3080
f 3080 7074 3082
f 3082 7074 7075
f 7075 7074 7073
f 7075 7073 7076
f 7076 7073 7072
f 7076 7072 7070
f 6984 6978 7071
f 7071 6978 7069
f 6978 6977 7069
f 7069 6977 7067
f 6977 6976 7067
f 7067 6976 7065
f 6976 6975 7065
f 7065 6975 7063
f 6975 6974 7063
f 7063 6974 7061
f 6974 6973 7061
f 7061 6973 7059
f 6973 6971 7059
f 7059 6971 7057
f 6971 6970 7057
f 7057 6970 7055
f 6970 6968 7055
f 7055 6968 7053
f 6968 6966 7053
f 7053 6966 7051
f 6966 6965 7051
f 7051 6965 7048
f 6965 6963 7048
f 7048 6963 6962
f 7048 6962 6960
f 6943 6942 7013
f 7013 6942 7011
f 6942 6941 7011
f 7011 6941 7001
f 6941 6940 7001
f 6939 6938 6998
f 6998 6938 6996
f 6938 6937 6996
f 6996 6937 6994
f 6937 6936 6994
f 6994 6936 6992
f 6936 6934 6992
f 6989 6933 6987
f 6987 6933 6932
f 7006 7077 7007
f 7007 7077 7078
f 7007 7078 6988
f 6988 7078 7079
f 6988 7079 7080
f 7080 7079 7081
f 7080 7081 7082
f 7082 7081 7083
f 7082 7083 7084
f 7084 7083 7085
f 7084 7085 7086
f 7086 7085 7087
f 7086 7087 7088
f 7088 7087 7089
f 7088 7089 7090
f 7090 7089 7091
f 7090 7091 7092
f 7092 7091 7093
f 7092 7093 7094
f 7094 7093 7095
f 7094 7095 7096
f 7096 7095 7097
f 7096 7097 7098
f 7098 7097 7099
f 7098 7099 7100
f 7100 7099 7101
f 7100 7101 7102
f 7102 7101 7070
f 7102 7070 7068
f 7077 7006 2800
f 2800 7006 7009
f 2800 7009 2798
f 7077 2800 7103
f 7103 2800 2993
f 7103 2993 7104
f 7104 2993 7105
f 7104 7105 7106
f 7106 7105 7107
f 7106 7107 7083
f 7083 7107 7085
f 2993 3006 7105
f 7105 3006 7108
f 7105 7108 7107
f 7107 7108 7109
f 7107 7109 7085
f 7085 7109 7087
f 3006 3018 7108
f 7108 3018 7110
f 7108 7110 7109
f 7109 7110 7111
f 7109 7111 7087
f 7087 7111 7089
f 7110 3018 7112
f 7112 3018 3100
f 7112 3100 7113
f 7113 3100 3099
f 7113 3099 7114
f 7114 3099 3097
f 7114 3097 7115
f 7115 3097 3084
f 7115 3084 7116
f 7116 3084 3083
f 7116 3083 7117
f 7117 3083 7075
f 7117 7075 7076
f 3083 3082 7075
f 7117 7076 7118
f 7118 7076 7070
f 7118 7070 7101
f 7066 7119 7068
f 7068 7119 7120
f 7068 7120 7102
f 7102 7120 7121
f 7102 7121 7100
f 7100 7121 7122
f 7100 7122 7098
f 7098 7122 7123
f 7098 7123 7096
f 7096 7123 7124
f 7096 7124 7094
f 7094 7124 7125
f 7094 7125 7092
f 7092 7125 7126
f 7092 7126 7090
f 7090 7126 7127
f 7090 7127 7088
f 7088 7127 7128
f 7088 7128 7086
f 7086 7128 7129
f 7086 7129 7084
f 7084 7129 7130
f 7084 7130 7082
f 7082 7130 7131
f 7082 7131 7080
f 7080 7131 6988
f 7119 7066 7132
f 7132 7066 7064
f 7132 7064 7133
f 7133 7064 7062
f 7133 7062 7134
f 7134 7062 7060
f 7134 7060 7135
f 7135 7060 7058
f 7135 7058 7056
f 7135 7056 7136
f 7136 7056 7054
f 7136 7054 7137
f 7137 7054 7052
f 7137 7052 7050
f 7137 7050 7138
f 7138 7050 7049
f 7138 7049 7047
f 7047 7046 7138
f 7138 7046 7139
f 7138 7139 7137
f 7137 7139 7140
f 7137 7140 7136
f 7136 7140 7141
f 7136 7141 7135
f 7135 7141 7142
f 7135 7142 7134
f 7134 7142 7143
f 7134 7143 7133
f 7133 7143 7144
f 7133 7144 7132
f 7132 7144 7145
f 7132 7145 7119
f 7119 7145 7146
f 7119 7146 7120
f 7120 7146 7121
f 7046 7045 7139
f 7139 7045 7147
f 7139 7147 7140
f 7140 7147 7148
f 7140 7148 7141
f 7141 7148 7149
f 7141 7149 7142
f 7142 7149 7150
f 7142 7150 7143
f 7143 7150 7151
f 7143 7151 7144
f 7144 7151 7152
f 7144 7152 7145
f 7145 7152 7153
f 7145 7153 7146
f 7146 7153 7154
f 7146 7154 7121
f 7121 7154 7122
f 7045 7044 7147
f 7147 7044 7155
f 7147 7155 7148
f 7148 7155 7156
f 7148 7156 7149
f 7149 7156 7157
f 7149 7157 7150
f 7150 7157 7158
f 7150 7158 7151
f 7151 7158 7159
f 7151 7159 7152
f 7152 7159 7160
f 7152 7160 7153
f 7153 7160 7161
f 7153 7161 7154
f 7154 7161 7162
f 7154 7162 7122
f 7122 7162 7123
f 7044 7043 7155
f 7155 7043 7163
f 7155 7163 7156
f 7156 7163 7164
f 7156 7164 7157
f 7157 7164 7165
f 7157 7165 7158
f 7158 7165 7166
f 7158 7166 7159
f 7159 7166 7167
f 7159 7167 7160
f 7160 7167 7168
f 7160 7168 7161
f 7161 7168 7169
f 7161 7169 7162
f 7162 7169 7170
f 7162 7170 7123
f 7123 7170 7124
f 7043 7036 7163
f 7163 7036 7035
f 7163 7035 7034
f 7037 7040 7036
f 7036 7040 7039
f 7036 7039 7035
f 7037 7038 7040
f 7040 7038 7042
f 7040 7042 7041
f 7163 7034 7171
f 7171 7034 7023
f 7171 7023 7172
f 7172 7023 7173
f 7172 7173 7174
f 7174 7173 7175
f 7174 7175 7176
f 7176 7175 7177
f 7176 7177 7178
f 7178 7177 7179
f 7178 7179 7180
f 7180 7179 7181
f 7180 7181 7182
f 7182 7181 7183
f 7182 7183 7184
f 7184 7183 7185
f 7184 7185 7186
f 7186 7185 7187
f 7186 7187 7126
f 7126 7187 7127
f 7173 7023 7188
f 7188 7023 7022
f 7188 7022 7189
f 7189 7022 7033
f 7189 7033 7190
f 7190 7033 7032
f 7190 7032 7031
f 7031 7030 7190
f 7190 7030 7191
f 7190 7191 7192
f 7192 7191 7193
f 7192 7193 7194
f 7194 7193 7195
f 7194 7195 7196
f 7196 7195 7197
f 7196 7197 7181
f 7181 7197 7183
f 7030 7029 7191
f 7191 7029 7028
f 7191 7028 7027
f 7027 7026 7191
f 7191 7026 7198
f 7191 7198 7193
f 7193 7198 7199
f 7193 7199 7195
f 7195 7199 7200
f 7195 7200 7197
f 7197 7200 7201
f 7197 7201 7183
f 7183 7201 7185
f 7026 7025 7198
f 7198 7025 7024
f 7198 7024 7012
f 7198 7012 7202
f 7202 7012 7003
f 7202 7003 7002
f 7202 7002 7203
f 7203 7002 7010
f 7203 7010 6997
f 6995 7204 6997
f 6997 7204 7205
f 6997 7205 7203
f 7203 7205 7206
f 7203 7206 7207
f 7207 7206 7208
f 7207 7208 7200
f 7200 7208 7201
f 7204 6995 7209
f 7209 6995 6993
f 7209 6993 7131
f 7131 6993 6988
f 7077 7103 7078
f 7078 7103 7210
f 7078 7210 7079
f 7079 7210 7081
f 7103 7104 7210
f 7210 7104 7106
f 7210 7106 7081
f 7081 7106 7083
f 7110 7112 7111
f 7111 7112 7211
f 7111 7211 7089
f 7089 7211 7091
f 7112 7113 7211
f 7211 7113 7212
f 7211 7212 7091
f 7091 7212 7093
f 7113 7114 7212
f 7212 7114 7213
f 7212 7213 7093
f 7093 7213 7095
f 7114 7115 7213
f 7213 7115 7214
f 7213 7214 7095
f 7095 7214 7097
f 7115 7116 7214
f 7214 7116 7215
f 7214 7215 7097
f 7097 7215 7099
f 7116 7117 7215
f 7215 7117 7118
f 7215 7118 7099
f 7099 7118 7101
f 7131 7130 7209
f 7209 7130 7216
f 7209 7216 7204
f 7204 7216 7217
f 7204 7217 7205
f 7205 7217 7206
f 7130 7129 7216
f 7216 7129 7218
f 7216 7218 7217
f 7217 7218 7219
f 7217 7219 7206
f 7206 7219 7208
f 7129 7128 7218
f 7218 7128 7220
f 7218 7220 7219
f 7219 7220 7221
f 7219 7221 7208
f 7208 7221 7201
f 7128 7127 7220
f 7220 7127 7187
f 7220 7187 7221
f 7221 7187 7185
f 7221 7185 7201
f 7126 7125 7186
f 7186 7125 7222
f 7186 7222 7184
f 7184 7222 7223
f 7184 7223 7182
f 7182 7223 7224
f 7182 7224 7180
f 7180 7224 7225
f 7180 7225 7178
f 7178 7225 7226
f 7178 7226 7176
f 7176 7226 7227
f 7176 7227 7174
f 7174 7227 7228
f 7174 7228 7172
f 7172 7228 7171
f 7125 7124 7222
f 7222 7124 7170
f 7222 7170 7223
f 7223 7170 7169
f 7223 7169 7224
f 7224 7169 7168
f 7224 7168 7225
f 7225 7168 7167
f 7225 7167 7226
f 7226 7167 7166
f 7226 7166 7227
f 7227 7166 7165
f 7227 7165 7228
f 7228 7165 7164
f 7228 7164 7171
f 7171 7164 7163
f 7196 7181 7179
f 7202 7203 7207
f 7202 7207 7199
f 7199 7207 7200
f 7196 7179 7229
f 7229 7179 7177
f 7229 7177 7230
f 7230 7177 7175
f 7230 7175 7188
f 7188 7175 7173
f 7198 7202 7199
f 7196 7229 7194
f 7194 7229 7231
f 7194 7231 7192
f 7192 7231 7190
f 7231 7229 7230
f 7188 7189 7230
f 7230 7189 7231
f 7189 7190 7231
f 7232 7233 7234
f 7234 7233 7235
f 7234 7235 7236
f 7236 7235 7237
f 7236 7237 7238
f 7238 7237 7239
f 7238 7239 7240
f 7240 7239 7241
f 7240 7241 7242
f 7242 7241 7243
f 7242 7243 7244
f 7244 7243 7245
f 7244 7245 7246
f 7246 7245 7247
f 7246 7247 7248
f 7248 7247 7249
f 7248 7249 7250
f 7250 7249 7251
f 7250 7251 7252
f 7252 7251 7253
f 7252 7253 7254
f 7254 7253 7255
f 7254 7255 7256
f 7256 7255 7257
f 7256 7257 7258
f 7258 7257 7259
f 7258 7259 7260
f 7260 7259 7261
f 7260 7261 7262
f 7262 7261 7263
f 7262 7263 7264
f 7264 7263 7265
f 7264 7265 7266
f 7266 7265 7267
f 7266 7267 7268
f 7268 7267 7269
f 7268 7269 7270
f 7270 7269 7271
f 7270 7271 7272
f 7272 7271 2853
f 7272 2853 7273
f 7273 2853 7274
f 7273 7274 7275
f 7275 7274 7276
f 7275 7276 7277
f 7277 7276 7278
f 7277 7278 7279
f 7279 7278 7280
f 7279 7280 7281
f 7237 7235 7282
f 7282 7235 7283
f 7282 7283 7284
f 7284 7283 7285
f 7284 7285 7286
f 7286 7285 7287
f 7286 7287 7288
f 7288 7287 7289
f 7288 7289 7290
f 7290 7289 7291
f 7290 7291 7292
f 7292 7291 7293
f 7292 7293 7294
f 7294 7293 7295
f 7294 7295 7296
f 7296 7295 7297
f 7296 7297 7298
f 7298 7297 7299
f 7298 7299 7300
f 7300 7299 7301
f 7300 7301 7302
f 7302 7301 7303
f 7302 7303 7304
f 7304 7303 7305
f 7304 7305 7306
f 7306 7305 7307
f 7306 7307 7267
f 7267 7307 7269
f 7285 7283 7308
f 7308 7283 2967
f 7308 2967 2826
f 2826 2825 7308
f 7308 2825 7309
f 7308 7309 7287
f 7287 7309 7289
f 2825 2965 7309
f 7309 2965 7310
f 7309 7310 7289
f 7289 7310 7291
f 2965 2959 7310
f 7310 2959 7311
f 7310 7311 7291
f 7291 7311 7293
f 2959 2954 7311
f 7311 2954 7312
f 7311 7312 7293
f 7293 7312 7295
f 2954 2951 7312
f 7312 2951 7313
f 7312 7313 7295
f 7295 7313 7297
f 2951 2948 7313
f 7313 2948 7314
f 7313 7314 7297
f 7297 7314 7299
f 2948 2945 7314
f 7314 2945 2944
f 7314 2944 7315
f 7315 2944 2939
f 7315 2939 7316
f 7316 2939 7317
f 7316 7317 7303
f 7303 7317 7305
f 2939 2914 7317
f 7317 2914 7318
f 7317 7318 7305
f 7305 7318 7307
f 2914 2900 7318
f 7318 2900 2887
f 7318 2887 7319
f 7319 2887 7271
f 7319 7271 7269
f 2887 2853 7271
f 7274 2853 7320
f 7320 2853 2855
f 7320 2855 7321
f 7321 2855 7322
f 7321 7322 7323
f 7323 7322 7324
f 7323 7324 7325
f 7323 7325 7278
f 7278 7325 7280
f 7279 7281 7326
f 7326 7281 7327
f 7326 7327 7328
f 7328 7327 7329
f 7328 7329 7330
f 7330 7331 7328
f 7328 7331 7332
f 7328 7332 7333
f 7333 7332 7334
f 7333 7334 7335
f 7335 7334 7336
f 7335 7336 7337
f 7337 7336 7268
f 7337 7268 7270
f 7331 7338 7332
f 7332 7338 7339
f 7332 7339 7334
f 7334 7339 7340
f 7334 7340 7336
f 7336 7340 7266
f 7336 7266 7268
f 7339 7338 7341
f 7341 7338 7342
f 7341 7342 7262
f 7262 7342 7260
f 7256 7343 7254
f 7254 7343 7252
f 7343 7344 7252
f 7252 7344 7250
f 7345 7346 7344
f 7344 7346 7248
f 7344 7248 7250
f 7347 7348 7345
f 7345 7348 7246
f 7345 7246 7248
f 7348 7347 7349
f 7349 7347 7350
f 7349 7350 7351
f 7351 7350 7352
f 7351 7352 7353
f 7353 7352 7354
f 7353 7354 7355
f 7355 7354 7232
f 7355 7232 7234
f 7307 7318 7319
f 7287 7285 7308
f 7239 7237 7282
f 7282 7284 7356
f 7356 7284 7286
f 7356 7286 7357
f 7357 7286 7288
f 7357 7288 7358
f 7358 7288 7290
f 7358 7290 7359
f 7359 7290 7292
f 7359 7292 7360
f 7360 7292 7294
f 7360 7294 7361
f 7361 7294 7296
f 7361 7296 7362
f 7362 7296 7298
f 7362 7298 7363
f 7363 7298 7300
f 7363 7300 7364
f 7364 7300 7302
f 7364 7302 7365
f 7365 7302 7304
f 7365 7304 7366
f 7366 7304 7306
f 7366 7306 7265
f 7265 7306 7267
f 7355 7234 7236
f 7355 7236 7238
f 7241 7239 7356
f 7356 7239 7282
f 7241 7356 7357
f 7353 7355 7238
f 7353 7238 7240
f 7243 7241 7357
f 7243 7357 7358
f 7351 7353 7240
f 7351 7240 7242
f 7245 7243 7358
f 7245 7358 7359
f 7349 7351 7242
f 7349 7242 7244
f 7247 7245 7359
f 7247 7359 7360
f 7348 7349 7244
f 7348 7244 7246
f 7249 7247 7360
f 7249 7360 7361
f 7251 7249 7361
f 7251 7361 7362
f 7248 7346 7345
f 7301 7299 7315
f 7315 7299 7314
f 7253 7251 7362
f 7253 7362 7363
f 7303 7301 7316
f 7316 7301 7315
f 7255 7253 7363
f 7255 7363 7364
f 7255 7364 7367
f 7367 7364 7365
f 7367 7365 7368
f 7368 7365 7366
f 7368 7366 7263
f 7263 7366 7265
f 7259 7257 7367
f 7367 7257 7255
f 7259 7367 7368
f 7307 7319 7269
f 7259 7368 7261
f 7261 7368 7263
f 7262 7264 7341
f 7341 7264 7340
f 7341 7340 7339
f 7264 7266 7340
f 7270 7272 7369
f 7369 7272 7273
f 7369 7273 7275
f 7270 7369 7337
f 7337 7369 7370
f 7337 7370 7335
f 7335 7370 7371
f 7335 7371 7333
f 7333 7371 7326
f 7333 7326 7328
f 7370 7369 7275
f 7277 7279 7371
f 7371 7279 7326
f 7320 7321 7323
f 7320 7323 7276
f 7276 7323 7278
f 7275 7277 7370
f 7370 7277 7371
f 7274 7320 7276
f 4044 2967 7372
f 7372 2967 7283
f 7372 7283 7373
f 7373 7283 7374
f 7373 7374 7375
f 7375 7374 7376
f 7375 7376 7377
f 7377 7376 7378
f 7377 7378 7379
f 7379 7378 7380
f 7379 7380 7381
f 7381 7380 7382
f 7381 7382 7383
f 7383 7382 7384
f 7383 7384 7385
f 7385 7384 7386
f 7385 7386 7387
f 7387 7386 7388
f 7387 7388 7389
f 7389 7388 7390
f 7389 7390 7391
f 7391 7390 7392
f 7391 7392 7393
f 7393 7392 7394
f 7394 7392 7390
f 7394 7390 7395
f 7395 7390 7388
f 7395 7388 7396
f 7396 7388 7386
f 7396 7386 7397
f 7397 7386 7384
f 7397 7384 7398
f 7398 7384 7382
f 7398 7382 7399
f 7399 7382 7380
f 7399 7380 7400
f 7400 7380 7378
f 7400 7378 7401
f 7401 7378 7376
f 7401 7376 7402
f 7402 7376 7374
f 7402 7374 7283
f 7283 7235 7402
f 7402 7235 7403
f 7402 7403 7401
f 7401 7403 7404
f 7401 7404 7400
f 7400 7404 7405
f 7400 7405 7399
f 7399 7405 7406
f 7399 7406 7398
f 7398 7406 7407
f 7398 7407 7397
f 7397 7407 7408
f 7397 7408 7396
f 7396 7408 7409
f 7396 7409 7410
f 7410 7409 7395
f 7410 7395 7396
f 7403 7235 7411
f 7411 7235 7233
f 7411 7233 7412
f 7412 7233 7413
f 7412 7413 7414
f 7414 7413 7415
f 7414 7415 7416
f 7416 7415 7417
f 7416 7417 7418
f 7418 7417 7419
f 7418 7419 7420
f 7420 7419 7421
f 7420 7421 7422
f 7422 7421 7409
f 7422 7409 7408
f 7423 7424 7393
f 7393 7424 7425
f 7393 7425 7391
f 7391 7425 7426
f 7391 7426 7427
f 7427 7426 7428
f 7427 7428 7429
f 7429 7428 7430
f 7429 7430 7431
f 7431 7430 7432
f 7431 7432 7433
f 7433 7432 3827
f 7433 3827 4061
f 7424 7423 7434
f 7434 7423 7435
f 7434 7435 7436
f 7436 7435 7437
f 7436 7437 7438
f 7438 7437 7439
f 7438 7439 7440
f 7440 7439 7441
f 7440 7441 7442
f 7442 7441 7443
f 7442 7443 7444
f 7444 7443 7445
f 7444 7445 7446
f 7446 7445 7447
f 7446 7447 7448
f 7437 7449 7439
f 7439 7449 7450
f 7439 7450 7441
f 7441 7450 7451
f 7441 7451 7443
f 7443 7451 7452
f 7443 7452 7445
f 7445 7452 7453
f 7445 7453 7447
f 7450 7449 7454
f 7454 7449 7455
f 7454 7455 7456
f 7456 7455 7457
f 7456 7457 7458
f 7455 7459 7457
f 7456 7458 7460
f 7460 7458 7461
f 7460 7461 7452
f 7452 7461 7453
f 7448 7462 7446
f 7446 7462 7463
f 7446 7463 7464
f 7464 7463 7465
f 7464 7465 7466
f 7466 7465 7467
f 7466 7467 7468
f 7468 7467 7469
f 7468 7469 7470
f 7470 7469 7471
f 7470 7471 7472
f 7472 7471 7473
f 7472 7473 7474
f 7474 7473 7475
f 7474 7475 7430
f 7430 7475 7432
f 7462 4068 7463
f 7463 4068 7465
f 4068 4066 7465
f 7465 4066 7467
f 3824 7471 4066
f 4066 7471 7469
f 4066 7469 7467
f 3825 7475 3824
f 3824 7475 7473
f 3824 7473 7471
f 7475 3825 7432
f 7432 3825 3827
f 4057 7476 4061
f 4061 7476 7477
f 4061 7477 7433
f 7433 7477 7478
f 7433 7478 7431
f 7431 7478 7479
f 7431 7479 7429
f 7429 7479 7480
f 7429 7480 7427
f 7427 7480 7389
f 7427 7389 7391
f 7476 4057 7481
f 7481 4057 4054
f 7481 4054 4051
f 7481 4051 7482
f 7482 4051 3937
f 7482 3937 7483
f 7483 3937 3938
f 7483 3938 7484
f 7484 3938 3940
f 7484 3940 7485
f 7485 3940 4049
f 7485 4049 7486
f 7486 4049 4045
f 7486 4045 7372
f 7372 4045 4044
f 7404 7403 7411
f 7404 7411 7414
f 7414 7411 7412
f 7372 7373 7487
f 7487 7373 7375
f 7487 7375 7488
f 7488 7375 7377
f 7488 7377 7489
f 7489 7377 7379
f 7489 7379 7490
f 7490 7379 7381
f 7490 7381 7491
f 7491 7381 7383
f 7491 7383 7492
f 7492 7383 7385
f 7492 7385 7493
f 7493 7385 7387
f 7493 7387 7480
f 7480 7387 7389
f 7405 7404 7414
f 7485 7486 7487
f 7487 7486 7372
f 7485 7487 7488
f 7406 7405 7416
f 7416 7405 7414
f 7484 7485 7488
f 7484 7488 7489
f 7407 7406 7418
f 7418 7406 7416
f 7483 7484 7489
f 7483 7489 7490
f 7408 7407 7420
f 7420 7407 7418
f 7422 7408 7420
f 7482 7483 7490
f 7482 7490 7491
f 7482 7491 7494
f 7494 7491 7492
f 7494 7492 7495
f 7495 7492 7493
f 7495 7493 7479
f 7479 7493 7480
f 7482 7494 7481
f 7481 7494 7496
f 7481 7496 7476
f 7476 7496 7477
f 7496 7494 7495
f 7479 7478 7495
f 7495 7478 7496
f 7478 7477 7496
f 7425 7424 7497
f 7497 7424 7434
f 7497 7434 7498
f 7498 7434 7436
f 7498 7436 7499
f 7499 7436 7438
f 7499 7438 7440
f 7426 7425 7500
f 7500 7425 7497
f 7500 7497 7501
f 7501 7497 7498
f 7501 7498 7502
f 7502 7498 7499
f 7502 7499 7503
f 7503 7499 7440
f 7503 7440 7442
f 7474 7430 7428
f 7428 7426 7504
f 7504 7426 7500
f 7504 7500 7505
f 7505 7500 7501
f 7505 7501 7506
f 7506 7501 7502
f 7506 7502 7507
f 7507 7502 7503
f 7507 7503 7508
f 7508 7503 7442
f 7508 7442 7444
f 7472 7474 7504
f 7504 7474 7428
f 7472 7504 7505
f 7470 7472 7505
f 7470 7505 7506
f 7470 7506 7468
f 7468 7506 7507
f 7468 7507 7466
f 7466 7507 7508
f 7466 7508 7464
f 7464 7508 7444
f 7464 7444 7446
f 7450 7454 7451
f 7451 7454 7460
f 7451 7460 7452
f 7456 7460 7454
f 7509 4068 7510
f 7510 4068 7462
f 7510 7462 7511
f 7511 7462 7448
f 7511 7448 7512
f 7512 7448 7513
f 7512 7513 7514
f 7514 7513 7515
f 7514 7515 7516
f 7516 7515 7517
f 7516 7517 7518
f 7518 7517 7519
f 7518 7519 7520
f 7520 7519 7521
f 7520 7521 7522
f 7522 7521 7523
f 7522 7523 7524
f 7524 7523 7453
f 7524 7453 7525
f 7525 7453 7526
f 7525 7526 7527
f 7527 7526 7528
f 7527 7528 7529
f 7448 7447 7513
f 7513 7447 7530
f 7513 7530 7515
f 7515 7530 7531
f 7515 7531 7517
f 7517 7531 7519
f 7530 7447 7532
f 7532 7447 7453
f 7532 7453 7523
f 7453 7528 7526
f 7529 7533 7527
f 7527 7533 7534
f 7527 7534 7535
f 7535 7534 7536
f 7535 7536 7522
f 7522 7536 7520
f 7533 7537 7534
f 7534 7537 7518
f 7534 7518 7536
f 7536 7518 7520
f 7518 7538 7516
f 7516 7538 7539
f 7516 7539 7514
f 7514 7539 7540
f 7514 7540 7512
f 7512 7540 7511
f 7539 7538 7541
f 7541 7538 7542
f 7541 7542 7543
f 7543 7542 7544
f 7543 7544 7545
f 7545 7544 7546
f 7545 7546 7509
f 7542 7547 7544
f 7544 7547 7548
f 7544 7548 7546
f 7545 7509 7510
f 7545 7510 7549
f 7549 7510 7511
f 7549 7511 7540
f 7541 7543 7549
f 7549 7543 7545
f 7541 7549 7540
f 7541 7540 7539
f 7530 7532 7531
f 7531 7532 7521
f 7531 7521 7519
f 7523 7521 7532
f 7525 7527 7535
f 7524 7525 7535
f 7524 7535 7522
f 7550 4074 7551
f 7551 4074 4073
f 7551 4073 7552
f 7552 4073 7553
f 7552 7553 7554
f 7554 7553 7555
f 7554 7555 7556
f 7556 7555 7557
f 7556 7557 7558
f 7558 7557 7559
f 7558 7559 7560
f 7560 7559 7561
f 7560 7561 7562
f 7562 7561 7563
f 7562 7563 7564
f 7564 7563 4070
f 7564 4070 4068
f 4073 4072 7553
f 7553 4072 7565
f 7553 7565 7555
f 7555 7565 7566
f 7555 7566 7557
f 7557 7566 7559
f 4072 4070 7565
f 7565 4070 7567
f 7565 7567 7566
f 7566 7567 7561
f 7566 7561 7559
f 7509 7568 4068
f 4068 7568 7569
f 4068 7569 7564
f 7564 7569 7570
f 7564 7570 7562
f 7562 7570 7571
f 7562 7571 7560
f 7560 7571 7558
f 7568 7509 7572
f 7572 7509 7546
f 7572 7546 7548
f 7572 7548 7573
f 7573 7548 7547
f 7573 7547 7558
f 7558 7574 7556
f 7556 7574 7575
f 7556 7575 7554
f 7554 7575 7576
f 7554 7576 7552
f 7552 7576 7551
f 7577 7578 7574
f 7574 7578 7579
f 7574 7579 7575
f 7575 7579 7576
f 7577 7580 7578
f 7578 7580 7581
f 7578 7581 7579
f 7579 7581 7576
f 7580 7550 7581
f 7581 7550 7551
f 7581 7551 7576
f 7567 4070 7563
f 7558 7571 7573
f 7573 7571 7570
f 7573 7570 7572
f 7572 7570 7569
f 7572 7569 7568
f 7563 7561 7567
f 7577 7574 7582
f 7582 7574 7583
f 7582 7583 7584
f 7584 7583 7585
f 7584 7585 7586
f 7586 7585 7587
f 7586 7587 7588
f 7588 7587 7589
f 7588 7589 4080
f 4080 7589 7590
f 4080 7590 4084
f 4084 7590 7591
f 4084 7591 7592
f 7592 7591 7593
f 7592 7593 7594
f 7594 7593 7595
f 7594 7595 7596
f 7596 7595 7597
f 7596 7597 7598
f 7598 7597 7599
f 7598 7599 7600
f 7600 7599 7601
f 7600 7601 7602
f 7585 7583 7603
f 7603 7583 7604
f 7603 7604 7605
f 7605 7604 7606
f 7605 7606 7607
f 7607 7606 7593
f 7607 7593 7591
f 7606 7604 7595
f 7595 7604 7597
f 7597 7608 7599
f 7599 7608 7609
f 7599 7609 7601
f 7608 7610 7609
f 4099 4092 7602
f 7602 4092 7611
f 7602 7611 7600
f 7600 7611 7612
f 7600 7612 7598
f 7598 7612 7596
f 4092 4090 7611
f 7611 4090 7613
f 7611 7613 7612
f 7612 7613 7594
f 7612 7594 7596
f 4090 4089 7613
f 7613 4089 7592
f 7613 7592 7594
f 4089 4084 7592
f 4074 7614 4080
f 4080 7614 7615
f 4080 7615 7588
f 7588 7615 7586
f 7614 4074 7616
f 7616 4074 7550
f 7616 7550 7617
f 7617 7550 7580
f 7617 7580 7577
f 7617 7577 7582
f 7614 7616 7617
f 7617 7582 7618
f 7618 7582 7584
f 7618 7584 7586
f 7585 7603 7587
f 7587 7603 7619
f 7587 7619 7589
f 7589 7619 7590
f 7618 7586 7615
f 7595 7593 7606
f 7591 7590 7607
f 7607 7590 7619
f 7607 7619 7605
f 7605 7619 7603
f 7617 7618 7614
f 7614 7618 7615
f 7620 7621 7622
f 7622 7621 7623
f 7623 7621 7624
f 7623 7624 7625
f 7623 7625 7626
f 7626 7625 7610
f 7626 7610 7627
f 7627 7610 7608
f 7627 7608 7628
f 7628 7608 7597
f 7628 7597 7629
f 7629 7597 7604
f 7629 7604 7630
f 7630 7604 7583
f 7630 7583 7631
f 7631 7583 7574
f 7632 7633 7634
f 7634 7633 7635
f 7635 7633 7636
f 7635 7636 7637
f 7637 7636 7638
f 7638 7636 7620
f 7638 7620 7622
f 7634 7639 7632
f 7632 7639 7640
f 7640 7639 7641
f 7641 7639 7642
f 7642 7639 7643
f 7643 7639 7644
f 7644 7639 7645
f 7645 7639 7646
f 7646 7639 7647
f 7647 7639 7648
f 7648 7639 4603
f 7649 4621 7650
f 7650 4621 7651
f 7650 7651 7652
f 7652 7651 7653
f 7652 7653 7654
f 7654 7653 7655
f 7654 7655 7656
f 7656 7655 7657
f 7656 7657 7645
f 7645 7657 7644
f 7644 7657 7658
f 7644 7658 7659
f 7659 7658 7660
f 7659 7660 7661
f 7661 7660 7662
f 7661 7662 7663
f 7653 7651 7664
f 7664 7651 7665
f 7664 7665 7655
f 7655 7665 7666
f 7655 7666 7657
f 7657 7666 7658
f 7666 7665 7667
f 7667 7665 7660
f 7667 7660 7658
f 7620 7636 7663
f 7663 7636 7641
f 7663 7641 7642
f 7641 7636 7640
f 7640 7636 7633
f 7640 7633 7632
f 7663 7642 7661
f 7661 7642 7643
f 7661 7643 7659
f 7659 7643 7644
f 7646 7668 7645
f 7645 7668 7669
f 7645 7669 7656
f 7656 7669 7654
f 7668 7646 7670
f 7670 7646 7671
f 7670 7671 7672
f 7672 7671 7649
f 7672 7649 7650
f 7658 7666 7667
f 7668 7670 7672
f 7672 7650 7673
f 7673 7650 7652
f 7673 7652 7654
f 7673 7654 7669
f 7664 7655 7653
f 7672 7673 7668
f 7668 7673 7669
f 7663 7674 7620
f 7620 7674 7675
f 7620 7675 7621
f 7621 7675 7676
f 7621 7676 7677
f 7677 7676 7678
f 7677 7678 7679
f 7679 7678 7680
f 7679 7680 7681
f 7681 7680 4625
f 7681 4625 4627
f 7663 7662 7674
f 7674 7662 7660
f 7674 7660 7682
f 7682 7660 7683
f 7682 7683 7684
f 7684 7683 7665
f 7684 7665 7685
f 7685 7665 7651
f 7685 7651 4623
f 4623 7651 4621
f 7660 7665 7683
f 4625 7686 4623
f 4623 7686 7687
f 4623 7687 7684
f 7684 7687 7682
f 7681 4627 7688
f 7688 4627 4628
f 7688 4628 7689
f 7689 7690 7688
f 7688 7690 7691
f 7688 7691 7692
f 7692 7693 7688
f 7688 7693 7694
f 7688 7694 7681
f 7681 7694 7679
f 7693 7695 7694
f 7694 7695 7696
f 7694 7696 7697
f 7697 7696 7698
f 7697 7698 7625
f 7625 7698 7610
f 7625 7624 7697
f 7697 7624 7677
f 7697 7677 7679
f 7624 7621 7677
f 7684 7685 4623
f 4625 7680 7686
f 7686 7680 7678
f 7686 7678 7699
f 7699 7678 7676
f 7699 7676 7675
f 7675 7674 7682
f 7686 7699 7687
f 7687 7699 7682
f 7699 7675 7682
f 7697 7679 7694
f 7602 7700 4099
f 4099 7700 7701
f 4099 7701 4105
f 4105 7701 7702
f 4105 7702 7703
f 7703 7702 7704
f 7703 7704 7705
f 7705 7704 7696
f 7705 7696 7695
f 7700 7602 7706
f 7706 7602 7601
f 7706 7601 7609
f 7706 7609 7707
f 7707 7609 7610
f 7707 7610 7698
f 7707 7698 7708
f 7708 7698 7696
f 7708 7696 7709
f 7709 7696 7704
f 7709 7704 7702
f 7693 7710 7695
f 7695 7710 7703
f 7695 7703 7705
f 7692 7711 7693
f 7693 7711 7712
f 7693 7712 7713
f 7713 7712 4106
f 7713 4106 4105
f 7711 7692 7712
f 7712 7692 4106
f 7693 7713 7710
f 7710 7713 4105
f 7710 4105 7703
f 7701 7700 7706
f 7708 7709 7707
f 7707 7709 7706
f 7702 7701 7709
f 7709 7701 7706
f 4628 4106 7714
f 7714 4106 7692
f 7714 7692 7691
f 7691 7690 7714
f 7714 7690 7689
f 7714 7689 4628
f 4125 4124 7715
f 7715 4124 7716
f 7715 7716 7717
f 7717 7716 4645
f 7717 4645 4644
f 4124 4123 7716
f 7716 4123 7718
f 7716 7718 4646
f 4646 7718 4647
f 4647 7718 4648
f 4648 7718 7719
f 4648 7719 4638
f 4638 7719 4639
f 4639 7719 7720
f 4639 7720 4636
f 4636 7720 7721
f 4636 7721 4634
f 4634 7721 7722
f 4634 7722 4633
f 4633 7722 7723
f 4633 7723 4632
f 4632 7723 4631
f 4631 7723 7724
f 4631 7724 4630
f 4630 7724 7725
f 4630 7725 4629
f 4629 7725 7726
f 4629 7726 4617
f 4617 7726 4618
f 4618 7726 7727
f 4618 7727 7728
f 7728 7727 4104
f 7728 4104 4103
f 4123 4121 7718
f 7718 4121 7719
f 4121 4120 7719
f 7719 4120 4118
f 7719 4118 7720
f 7720 4118 4117
f 7720 4117 7721
f 7721 4117 4116
f 7721 4116 7722
f 7722 4116 4115
f 7722 4115 7723
f 7723 4115 4114
f 7723 4114 4113
f 7723 4113 7724
f 7724 4113 4112
f 7724 4112 7725
f 7725 4112 4111
f 7725 4111 4110
f 7725 4110 7726
f 7726 4110 4108
f 7726 4108 7727
f 7727 4108 4104
f 7728 4103 7729
f 7729 4103 4101
f 7729 4101 7730
f 7730 4101 4107
f 7730 4107 4626
f 4626 4107 7731
f 4626 7731 4628
f 4628 7731 4106
f 4106 7731 4107
f 4626 4624 7730
f 7730 4624 7729
f 4624 4622 7729
f 7729 4622 7728
f 4622 4618 7728
f 4646 4645 7716
f 4640 7732 4641
f 4641 7732 7733
f 4641 7733 7734
f 7734 7733 7735
f 7734 7735 7736
f 7732 7737 7733
f 7733 7737 7738
f 7733 7738 7735
f 7734 7736 7739
f 7739 7736 7740
f 7739 7740 7741
f 7741 7740 4125
f 7741 4125 7715
f 7715 7717 7741
f 7741 7717 4643
f 7741 4643 7739
f 7739 4643 4642
f 7739 4642 7734
f 7734 4642 4641
f 7717 4644 4643
f 7742 7738 7743
f 7743 7738 7737
f 7743 7737 7732
f 7732 4640 7743
f 7743 4640 7744
f 7743 7744 7745
f 7745 7744 7746
f 7745 7746 7747
f 7747 7746 7748
f 7747 7748 7749
f 7749 7750 7747
f 7747 7750 7751
f 7747 7751 7745
f 7745 7751 7742
f 7745 7742 7743
f 7750 7752 7751
f 7751 7752 7753
f 7753 7752 7754
f 7753 7754 7755
f 7755 7754 7756
f 7755 7756 7757
f 7757 7756 7758
f 7757 7758 7759
f 7759 7758 7760
f 7759 7760 7761
f 7759 7761 7762
f 7762 7761 7763
f 7762 7763 7738
f 7738 7742 7762
f 7762 7742 7764
f 7762 7764 7759
f 7759 7764 7757
f 7742 7751 7764
f 7764 7751 7753
f 7764 7753 7757
f 7757 7753 7755
f 7752 7765 7754
f 7754 7765 7766
f 7754 7766 7767
f 7767 7766 7768
f 7768 7766 7769
f 7768 7769 7770
f 7765 7752 7748
f 7748 7752 7750
f 7748 7750 7749
f 7748 7771 7765
f 7765 7771 7772
f 7772 7771 7773
f 7772 7773 7774
f 7774 7773 4607
f 7770 7775 7768
f 7768 7775 7776
f 7754 7767 7777
f 7777 7767 7778
f 7777 7778 7779
f 7779 7778 7780
f 7780 7778 6071
f 7780 6071 6070
f 7767 7768 7778
f 7778 7768 7781
f 7778 7781 6071
f 6071 7781 6072
f 6072 7781 7782
f 6072 7782 6075
f 7768 7776 7781
f 7781 7776 7782
f 7783 7760 7784
f 7784 7760 7758
f 7784 7758 7785
f 7785 7758 7756
f 7785 7756 7786
f 7786 7756 7754
f 7786 7754 7777
f 7786 7777 7787
f 7787 7777 7779
f 7787 7779 7788
f 7788 7779 7789
f 7788 7789 7790
f 7790 7789 7791
f 7790 7791 7792
f 7792 7791 7793
f 7792 7793 7794
f 7794 7793 7795
f 7795 7793 7796
f 7795 7796 7797
f 7797 7796 7798
f 7797 7798 7799
f 7799 7798 7800
f 7799 7800 6070
f 6070 7800 7801
f 6070 7801 7780
f 7780 7801 7802
f 7780 7802 7789
f 7789 7802 7791
f 7779 7780 7789
f 7792 7794 7803
f 7803 7794 7804
f 7803 7804 7805
f 7805 7804 7806
f 7805 7806 7807
f 7807 7806 7785
f 7807 7785 7786
f 7804 7783 7806
f 7806 7783 7784
f 7806 7784 7785
f 7786 7787 7807
f 7807 7787 7808
f 7807 7808 7805
f 7805 7808 7803
f 7787 7788 7808
f 7808 7788 7790
f 7808 7790 7803
f 7803 7790 7792
f 7791 7802 7809
f 7809 7802 7801
f 7809 7801 7798
f 7798 7801 7800
f 7796 7793 7809
f 7809 7793 7791
f 7796 7809 7798
f 7738 7763 7735
f 7735 7763 7761
f 7735 7761 7760
f 7760 7783 7735
f 7735 7783 7804
f 7735 7804 7794
f 7735 7794 7810
f 7810 7794 7795
f 7810 7795 7811
f 7810 7811 7812
f 7812 7811 7813
f 7812 7813 7814
f 7814 7813 7815
f 7814 7815 7816
f 7817 7818 7816
f 7816 7818 7819
f 7816 7819 7820
f 7820 7819 7821
f 7820 7821 7822
f 7822 7821 7823
f 7822 7823 7824
f 7824 7823 7825
f 7824 7825 4130
f 4130 7825 7826
f 4130 7826 4131
f 4131 7826 7827
f 4131 7827 4132
f 4132 7827 4158
f 4158 7827 7828
f 4158 7828 4159
f 4159 7828 7829
f 4159 7829 4134
f 4134 7829 7830
f 4134 7830 4136
f 4136 7830 7831
f 4136 7831 7832
f 7832 7831 7833
f 7832 7833 7834
f 7834 7833 7835
f 7834 7835 7836
f 7836 7835 7837
f 7837 7835 7838
f 7838 7835 7839
f 7838 7839 7840
f 7840 7839 7841
f 7840 7841 7842
f 7842 7841 7843
f 7842 7843 7844
f 7844 7843 7829
f 7844 7829 7828
f 7818 7817 7840
f 7840 7817 7838
f 7834 7836 7845
f 7845 7836 7846
f 7845 7846 7847
f 7847 7846 4142
f 7847 4142 4160
f 7846 4144 4142
f 7847 4160 7848
f 7848 4160 4138
f 7848 4138 7832
f 7832 4138 4136
f 4130 4127 7824
f 7824 4127 7849
f 7824 7849 7822
f 7822 7849 7850
f 7822 7850 7820
f 7820 7850 7814
f 7820 7814 7816
f 4127 4126 7849
f 7849 4126 7851
f 7849 7851 7850
f 7850 7851 7852
f 7850 7852 7814
f 7814 7852 7812
f 4126 4125 7851
f 7851 4125 7853
f 7851 7853 7852
f 7852 7853 7812
f 4125 7740 7853
f 7853 7740 7854
f 7853 7854 7812
f 7812 7854 7735
f 7812 7735 7810
f 7740 7736 7854
f 7854 7736 7735
f 7840 7855 7818
f 7818 7855 7856
f 7818 7856 7819
f 7819 7856 7821
f 7821 7856 7857
f 7857 7856 7855
f 7857 7855 7858
f 7858 7855 7842
f 7858 7842 7844
f 7855 7840 7842
f 7821 7857 7823
f 7823 7857 7859
f 7823 7859 7825
f 7825 7859 7826
f 7859 7857 7858
f 7841 7839 7860
f 7860 7839 7835
f 7860 7835 7833
f 7841 7860 7861
f 7861 7860 7833
f 7861 7833 7831
f 7859 7858 7862
f 7862 7858 7844
f 7862 7844 7828
f 7847 7848 7845
f 7845 7848 7834
f 7848 7832 7834
f 7841 7861 7843
f 7843 7861 7830
f 7843 7830 7829
f 7830 7861 7831
f 7827 7826 7862
f 7862 7826 7859
f 7827 7862 7828
f 7799 6070 7863
f 7863 6070 6069
f 7863 6069 7864
f 7864 6069 6068
f 7864 6068 6066
f 7864 6066 7865
f 7865 6066 6064
f 7865 6064 7866
f 7866 6064 6062
f 7866 6062 6060
f 6058 7867 6060
f 6060 7867 7868
f 6060 7868 7866
f 7866 7868 7869
f 7866 7869 7870
f 7870 7869 7871
f 7870 7871 7872
f 7872 7871 7838
f 7872 7838 7817
f 7867 6058 7873
f 7873 6058 6057
f 7873 6057 7874
f 7874 6057 6055
f 7874 6055 7875
f 7875 6055 7876
f 7875 7876 7877
f 7877 7876 6096
f 7877 6096 6098
f 6055 6054 7876
f 7876 6054 6096
f 6098 6099 7877
f 7877 6099 7878
f 7877 7878 7879
f 7879 7878 7880
f 7879 7880 7881
f 7881 7880 7882
f 7881 7882 7883
f 7883 7882 7884
f 7883 7884 7885
f 7885 7884 7886
f 7885 7886 7869
f 7869 7886 7871
f 6099 4144 7878
f 7878 4144 7846
f 7878 7846 7880
f 7880 7846 7882
f 7846 7836 7882
f 7882 7836 7884
f 7836 7837 7884
f 7884 7837 7886
f 7837 7838 7886
f 7886 7838 7871
f 7817 7816 7872
f 7872 7816 7887
f 7872 7887 7888
f 7888 7887 7889
f 7888 7889 7864
f 7864 7889 7863
f 7816 7815 7887
f 7887 7815 7890
f 7887 7890 7889
f 7889 7890 7891
f 7889 7891 7863
f 7863 7891 7799
f 7815 7813 7890
f 7890 7813 7892
f 7890 7892 7891
f 7891 7892 7797
f 7891 7797 7799
f 7813 7811 7892
f 7892 7811 7795
f 7892 7795 7797
f 7864 7865 7888
f 7888 7865 7870
f 7888 7870 7872
f 7866 7870 7865
f 7869 7868 7885
f 7885 7868 7867
f 7885 7867 7883
f 7883 7867 7873
f 7883 7873 7881
f 7881 7873 7874
f 7881 7874 7879
f 7879 7874 7875
f 7879 7875 7877
f 6032 6031 7893
f 7893 6031 7894
f 7893 7894 7895
f 7895 7894 7896
f 7895 7896 7897
f 7897 7896 7898
f 7897 7898 7899
f 7899 7898 7900
f 7900 7898 7901
f 7901 7898 7902
f 7901 7902 7903
f 7903 7902 7904
f 7904 7902 7905
f 7904 7905 7906
f 7906 7905 7907
f 7907 7905 7908
f 7907 7908 7909
f 7909 7908 7910
f 7910 7908 7911
f 7910 7911 7912
f 7912 7911 7913
f 7912 7913 7914
f 7914 7913 7915
f 7914 7915 7916
f 7916 7915 7917
f 7916 7917 7918
f 7918 7917 7919
f 7918 7919 7920
f 7920 7919 7921
f 7921 7919 7922
f 7921 7922 7923
f 7896 7924 7898
f 7898 7924 7902
f 7924 7925 7902
f 7902 7925 7905
f 7925 7926 7905
f 7905 7926 7908
f 7926 7927 7908
f 7908 7927 7911
f 7927 7928 7911
f 7911 7928 7913
f 7928 7929 7913
f 7913 7929 7915
f 7929 7930 7915
f 7915 7930 7917
f 7930 7931 7917
f 7917 7931 7919
f 7931 7932 7919
f 7919 7932 7933
f 7919 7933 7922
f 7932 7934 7933
f 7899 7935 7897
f 7897 7935 7895
f 7935 7936 7895
f 7895 7936 7893
f 7936 7937 7893
f 7893 7937 6032
f 7937 7938 6032
f 2721 2724 7939
f 7939 2724 5998
f 7939 5998 7940
f 7940 5998 5997
f 7940 5997 6034
f 7940 6034 7941
f 7941 6034 6033
f 7941 6033 7937
f 7937 6033 7938
f 7938 6033 6032
f 7941 7937 7942
f 7942 7937 7936
f 7942 7936 7943
f 7943 7936 7944
f 7943 7944 7945
f 7945 7944 7946
f 7945 7946 7947
f 7947 7946 7948
f 7947 7948 2725
f 2725 7948 7949
f 2725 7949 2730
f 2730 7949 7950
f 2730 7950 2738
f 2738 7950 7951
f 2738 7951 2745
f 2745 7951 7952
f 7952 7951 7953
f 7952 7953 7954
f 7954 7953 7955
f 7955 7953 7956
f 7955 7956 7906
f 7906 7956 7904
f 7904 7956 7903
f 7903 7956 7957
f 7903 7957 7901
f 7901 7957 7900
f 7900 7957 7958
f 7900 7958 7899
f 7899 7958 7959
f 7899 7959 7935
f 7935 7959 7960
f 7935 7960 7944
f 7944 7960 7946
f 7936 7935 7944
f 2725 2722 7947
f 7947 2722 7961
f 7947 7961 7945
f 7945 7961 7962
f 7945 7962 7943
f 7943 7962 7942
f 7961 2722 7963
f 7963 2722 2721
f 7963 2721 7964
f 7964 2721 7939
f 7964 7939 7940
f 7940 7941 7965
f 7965 7941 7942
f 7965 7942 7962
f 7963 7964 7965
f 7965 7964 7940
f 7963 7965 7962
f 7963 7962 7961
f 7946 7960 7966
f 7966 7960 7959
f 7966 7959 7967
f 7967 7959 7958
f 7967 7958 7968
f 7968 7958 7957
f 7968 7957 7956
f 7949 7948 7966
f 7966 7948 7946
f 7949 7966 7967
f 7950 7949 7967
f 7950 7967 7968
f 7956 7953 7968
f 7968 7953 7950
f 7953 7951 7950
f 7955 7906 7969
f 7969 7906 7907
f 7969 7907 7970
f 7970 7907 7909
f 7970 7909 7971
f 7971 7909 7972
f 7971 7972 7973
f 7973 7972 7974
f 7973 7974 7975
f 7975 7974 7976
f 7975 7976 7977
f 7977 7976 7978
f 7977 7978 7979
f 7979 7978 7980
f 7980 7978 7981
f 7980 7981 7982
f 7982 7981 7983
f 7982 7983 7984
f 7984 7983 7985
f 7984 7985 7986
f 7986 7985 7987
f 7987 7985 7988
f 7988 7985 7989
f 7988 7989 7990
f 7990 7989 7991
f 7990 7991 7923
f 7923 7991 7921
f 7921 7991 7992
f 7921 7992 7920
f 7920 7992 7918
f 7918 7992 7993
f 7918 7993 7916
f 7916 7993 7994
f 7916 7994 7914
f 7914 7994 7995
f 7914 7995 7912
f 7912 7995 7996
f 7912 7996 7910
f 7910 7996 7972
f 7910 7972 7909
f 7977 7997 7975
f 7975 7997 7998
f 7975 7998 7973
f 7973 7998 7999
f 7973 7999 7971
f 7971 7999 7970
f 7997 8000 7998
f 7998 8000 8001
f 7998 8001 7999
f 7999 8001 8002
f 7999 8002 7970
f 7970 8002 7969
f 8000 8003 8001
f 8001 8003 8004
f 8001 8004 8002
f 8002 8004 8005
f 8002 8005 7969
f 7969 8005 7955
f 8004 8003 8006
f 8006 8003 2745
f 8006 2745 7952
f 8006 7952 8005
f 8005 7952 7954
f 8005 7954 7955
f 8004 8006 8005
f 7972 7996 7974
f 7974 7996 8007
f 7974 8007 7976
f 7976 8007 7978
f 7996 7995 8007
f 8007 7995 8008
f 8007 8008 7978
f 7978 8008 7981
f 7993 8009 7994
f 7994 8009 8008
f 7994 8008 7995
f 7983 7981 8009
f 8009 7981 8008
f 8009 7993 8010
f 8010 7993 7992
f 8010 7992 7989
f 7989 7992 7991
f 7985 7983 8010
f 8010 7983 8009
f 7985 8010 7989
f 8011 8012 8013
f 8013 8012 8014
f 8013 8014 8015
f 8015 8016 8013
f 8017 8018 8013
f 8013 8018 8019
f 8013 8019 8011
f 8020 8021 8017
f 8017 8021 8022
f 8017 8022 8018
f 8018 8022 7986
f 8018 7986 7987
f 8021 8020 8023
f 8023 8020 2784
f 8023 2784 2781
f 2771 8024 2781
f 2781 8024 8025
f 2781 8025 8023
f 8023 8025 8026
f 8023 8026 8027
f 8027 8026 8028
f 8027 8028 8029
f 8029 8028 7980
f 8029 7980 7982
f 8024 2771 8030
f 8030 2771 2769
f 8030 2769 8031
f 8031 2769 8032
f 8031 8032 8033
f 8033 8032 8034
f 8033 8034 8035
f 8035 8034 2709
f 8035 2709 2761
f 2769 2762 8032
f 8032 2762 8036
f 8032 8036 8034
f 8034 8036 2711
f 8034 2711 2709
f 2762 2712 8036
f 8036 2712 2711
f 8035 2761 8037
f 8037 2761 2760
f 8037 2760 8038
f 8038 2760 8039
f 8038 8039 8040
f 8040 8039 8041
f 8040 8041 8042
f 8042 8041 8043
f 8042 8043 8044
f 8044 8043 8045
f 8044 8045 7979
f 7979 8045 7977
f 7977 8045 8043
f 7977 8043 8046
f 8046 8043 8047
f 8046 8047 8000
f 8000 8047 8048
f 8000 8048 8003
f 8003 8048 8049
f 8003 8049 2753
f 2753 8049 2755
f 2755 8049 8050
f 2755 8050 2757
f 2757 8050 8039
f 2757 8039 2760
f 2753 2745 8003
f 8000 7997 8046
f 8046 7997 7977
f 7980 8051 7979
f 7979 8051 8052
f 7979 8052 8044
f 8044 8052 8053
f 8044 8053 8054
f 8054 8053 8055
f 8054 8055 8056
f 8056 8055 8057
f 8056 8057 8058
f 8058 8057 8024
f 8058 8024 8030
f 7982 7984 8029
f 8029 7984 8027
f 8027 7984 8022
f 8022 7984 7986
f 7987 8059 8018
f 8018 8059 8019
f 8027 8022 8021
f 8023 8027 8021
f 8026 8025 8057
f 8057 8025 8024
f 8028 8026 8055
f 8055 8026 8057
f 8055 8053 8028
f 8028 8053 8051
f 8028 8051 7980
f 8053 8052 8051
f 8058 8030 8060
f 8060 8030 8031
f 8060 8031 8033
f 8056 8058 8061
f 8061 8058 8060
f 8061 8060 8062
f 8062 8060 8033
f 8062 8033 8035
f 8042 8044 8054
f 8054 8056 8063
f 8063 8056 8061
f 8063 8061 8064
f 8064 8061 8062
f 8064 8062 8037
f 8037 8062 8035
f 8064 8040 8063
f 8063 8040 8042
f 8063 8042 8054
f 8037 8038 8064
f 8064 8038 8040
f 8043 8041 8047
f 8047 8041 8050
f 8047 8050 8049
f 8050 8041 8039
f 8049 8048 8047
f 8065 8066 8067
f 8067 8066 8068
f 8067 8068 8069
f 8069 8068 8070
f 8069 8070 8071
f 8071 8070 8072
f 8071 8072 8012
f 8012 8072 8014
f 8014 8072 8073
f 8014 8073 8015
f 8015 8073 8016
f 8016 8073 8074
f 8074 8073 8075
f 8074 8075 8076
f 8076 8075 8066
f 8076 8066 8065
f 8075 8073 8072
f 8075 8072 8070
f 8075 8070 8066
f 8066 8070 8068
f 8067 8077 8065
f 8065 8077 4851
f 8065 4851 8078
f 8078 4851 8079
f 8077 8067 8080
f 8080 8067 8081
f 8080 8081 8082
f 8083 8084 8082
f 8082 8084 8085
f 8082 8085 8086
f 8086 8080 8082
f 4851 8077 4849
f 4849 8077 8087
f 4849 8087 4847
f 4847 8087 8088
f 4847 8088 4846
f 4854 4856 8089
f 8089 4856 8090
f 8089 8090 8091
f 8091 8090 8092
f 8091 8092 8093
f 8093 8092 8016
f 8093 8016 8074
f 8093 8074 8094
f 8094 8074 8076
f 8094 8076 8095
f 8095 8076 8065
f 8095 8065 8078
f 8095 8078 8096
f 8096 8078 8079
f 8096 8079 8097
f 8097 8079 4851
f 8097 4851 4852
f 8097 4852 8098
f 8098 4852 4854
f 8098 4854 8089
f 8096 8097 8098
f 8098 8089 8099
f 8099 8089 8091
f 8099 8091 8094
f 8094 8091 8093
f 8095 8096 8099
f 8099 8096 8098
f 8095 8099 8094
f 8016 8092 8013
f 8013 8092 8100
f 8013 8100 8101
f 8101 8100 4889
f 8101 4889 4888
f 8092 8090 8100
f 8100 8090 4889
f 8090 4856 4889
f 8101 4888 8102
f 8102 4888 4887
f 8102 4887 8103
f 8103 4887 8104
f 8103 8104 8105
f 4887 4886 8104
f 8105 2784 8103
f 8103 2784 8020
f 8103 8020 8102
f 8102 8020 8017
f 8102 8017 8101
f 8101 8017 8013
f 4879 2878 8106
f 8106 2878 2877
f 8106 2877 4877
f 4877 2877 8107
f 4877 8107 4875
f 4875 8107 8108
f 4875 8108 4873
f 4873 8108 8109
f 4873 8109 4869
f 4869 8109 8110
f 4869 8110 8111
f 8111 8110 2870
f 8111 2870 2869
f 2877 2874 8107
f 8107 2874 8108
f 2874 2872 8108
f 8108 2872 8109
f 2872 2871 8109
f 8109 2871 8110
f 2871 2870 8110
f 8111 2869 8112
f 8112 2869 2828
f 8112 2828 2827
f 8112 2827 8113
f 8113 2827 2790
f 8113 2790 8114
f 8114 2790 2789
f 8114 2789 2788
f 8114 2788 8115
f 8115 2788 2780
f 8115 2780 8116
f 8116 2780 2779
f 8116 2779 8117
f 8117 2779 2777
f 8117 2777 8118
f 8118 2777 2786
f 8118 2786 2785
f 8118 2785 8119
f 8119 2785 2783
f 8119 2783 8120
f 8120 2783 2782
f 8120 2782 8105
f 8105 2782 2784
f 8105 8104 8120
f 8120 8104 4885
f 8120 4885 4884
f 8104 4886 4885
f 8120 4884 8119
f 8119 4884 4883
f 8119 4883 4882
f 8119 4882 8118
f 8118 4882 4881
f 8118 4881 4880
f 8118 4880 8117
f 8117 4880 4859
f 8117 4859 8116
f 8116 4859 4860
f 8116 4860 8115
f 8115 4860 4861
f 8115 4861 8114
f 8114 4861 4862
f 8114 4862 4863
f 8114 4863 8113
f 8113 4863 4864
f 8113 4864 8112
f 8112 4864 4865
f 8112 4865 8111
f 8111 4865 4866
f 8111 4866 4869
f 4877 4879 8106
f 8121 8122 8123
f 8123 8122 8124
f 8123 8124 4879
f 4879 8124 2878
f 2878 8124 8122
f 2878 8122 8125
f 8125 8122 8126
f 8126 8122 8121
f 8127 8128 8129
f 8129 8128 8130
f 8129 8130 8131
f 8131 8130 8132
f 8131 8132 8133
f 8133 8132 8134
f 8133 8134 2880
f 2880 2879 8133
f 8133 2879 8135
f 8133 8135 8136
f 8136 8135 8137
f 8136 8137 8127
f 8127 8137 8138
f 8138 8137 8139
f 8138 8139 8140
f 8140 8139 2879
f 8140 2879 8141
f 8141 2879 2878
f 8141 2878 8142
f 8142 2878 8126
f 8142 8126 8121
f 2878 8125 8126
f 8121 8123 8142
f 8142 8123 8143
f 8142 8143 8141
f 8141 8143 8140
f 8143 8138 8140
f 8137 8135 8139
f 8139 8135 2879
f 8127 8129 8131
f 8127 8131 8136
f 8136 8131 8133
f 8130 8128 8144
f 8144 8128 8145
f 8144 8145 8146
f 8146 8145 8147
f 8146 8147 8148
f 8148 8147 8149
f 8148 8149 8150
f 8150 8149 8151
f 8150 8151 8152
f 8152 8151 8153
f 8152 8153 2864
f 2864 8153 2862
f 2862 8153 8154
f 2862 8154 8155
f 8155 8154 8156
f 8155 8156 8157
f 8157 8156 8158
f 8157 8158 8159
f 8159 8158 8160
f 8159 8160 8161
f 8161 8160 8162
f 8161 8162 8163
f 8163 8162 8164
f 8163 8164 8165
f 8165 8164 8166
f 8165 8166 2860
f 8147 8167 8149
f 8149 8167 8168
f 8149 8168 8151
f 8151 8168 8169
f 8151 8169 8153
f 8153 8169 8154
f 8160 8158 8167
f 8167 8158 8170
f 8167 8170 8168
f 8168 8170 8169
f 8160 8171 8162
f 8162 8171 8172
f 8162 8172 8164
f 8164 8172 8173
f 8164 8173 8174
f 8171 8173 8172
f 8174 8166 8164
f 8165 2860 8175
f 8175 2860 2862
f 8175 2862 8176
f 8176 2862 8155
f 8176 8155 8157
f 8152 2864 8177
f 8177 2864 2886
f 8177 2886 8178
f 8178 2886 2884
f 8178 2884 8179
f 8179 2884 2882
f 8179 2882 8180
f 8180 2882 2880
f 8180 2880 8134
f 8180 8134 8181
f 8181 8134 8132
f 8181 8132 8130
f 8181 8130 8144
f 8163 8165 8175
f 8179 8180 8181
f 8181 8144 8182
f 8182 8144 8146
f 8182 8146 8183
f 8183 8146 8148
f 8183 8148 8150
f 8178 8179 8182
f 8182 8179 8181
f 8178 8182 8183
f 8177 8178 8183
f 8177 8183 8150
f 8158 8156 8170
f 8170 8156 8169
f 8156 8154 8169
f 8177 8150 8152
f 8157 8159 8184
f 8184 8159 8161
f 8184 8161 8163
f 8175 8176 8184
f 8184 8176 8157
f 8175 8184 8163
f 8185 8186 8187
f 8187 8186 8188
f 8187 8188 8189
f 8189 8188 8190
f 8190 8188 8191
f 8190 8191 8128
f 8128 8191 8192
f 8128 8192 8145
f 8145 8192 8193
f 8145 8193 8147
f 8147 8193 8194
f 8147 8194 8167
f 8167 8194 8195
f 8167 8195 8160
f 8160 8195 8196
f 8160 8196 8171
f 8197 8198 8199
f 8199 8198 8200
f 8199 8200 8201
f 8201 8200 8202
f 8201 8202 8203
f 8186 8185 8203
f 8203 8185 8201
f 8198 8197 8204
f 8204 8197 8205
f 8204 8205 8206
f 8206 8207 8204
f 8204 8207 8208
f 8204 8208 8209
f 8209 8210 8204
f 8204 8210 8211
f 8204 8211 8212
f 8212 8213 8204
f 8204 8213 8214
f 8200 8198 8215
f 8215 8198 8216
f 8215 8216 8217
f 8217 8216 8218
f 8217 8218 8219
f 8219 8218 8220
f 8198 8204 8216
f 8216 8204 8221
f 8216 8221 8222
f 8222 8221 8223
f 8223 8221 8224
f 8223 8224 8225
f 8225 8224 8204
f 8204 8224 8221
f 8222 8218 8216
f 8203 8202 8186
f 8186 8202 8215
f 8186 8215 8188
f 8188 8215 8217
f 8188 8217 8226
f 8226 8217 8227
f 8226 8227 8228
f 8202 8200 8215
f 8217 8219 8227
f 8227 8219 8220
f 8226 8228 8229
f 8229 8228 8230
f 8229 8230 8231
f 8231 8230 8232
f 8231 8232 8191
f 8231 8191 8229
f 8229 8191 8188
f 8229 8188 8226
f 8191 8233 8192
f 8192 8233 8234
f 8192 8234 1709
f 1709 8234 8233
f 1709 8233 8232
f 8232 8233 8191
f 1698 8196 8235
f 8235 8196 8195
f 8235 8195 8236
f 8236 8195 8194
f 8236 8194 8237
f 8237 8194 8193
f 8237 8193 8192
f 8192 1709 8237
f 8237 1709 1699
f 8237 1699 1673
f 8237 1673 8236
f 8236 1673 1672
f 8236 1672 8235
f 8235 1672 1698
f 1696 8238 8239
f 8239 8238 8240
f 8239 8240 8241
f 8239 8241 8242
f 8242 8241 8243
f 8242 8243 8196
f 8196 1698 8242
f 8242 1698 1696
f 8242 1696 8239
f 8196 8243 8171
f 8171 8243 8244
f 8244 8243 8241
f 8244 8241 8240
f 8240 8238 8244
f 8244 8238 8245
f 8245 8238 8246
f 8246 8238 8247
f 8246 8247 8248
f 8248 8247 8249
f 8249 8247 8250
f 8249 8250 8251
f 8251 8250 8252
f 2856 8253 2855
f 2855 8253 8254
f 2855 8254 8255
f 8255 8254 8256
f 8255 8256 8257
f 8257 8256 8258
f 8257 8258 8259
f 8259 8258 8245
f 8259 8245 8260
f 2858 8261 2856
f 2856 8261 8262
f 2856 8262 8263
f 8263 8262 8264
f 8263 8264 8265
f 8265 8264 8266
f 8265 8266 8267
f 8267 8266 8244
f 8267 8244 8268
f 8268 8244 8245
f 8268 8245 8258
f 8261 2858 8269
f 8269 2858 2859
f 8269 2859 8270
f 8270 2859 8271
f 8270 8271 8272
f 8272 8271 8166
f 8272 8166 8174
f 2859 2860 8271
f 8271 2860 8166
f 8272 8174 8273
f 8273 8174 8173
f 8273 8173 8171
f 8273 8171 8274
f 8274 8171 8244
f 8274 8244 8275
f 8275 8244 8276
f 8275 8276 8277
f 8277 8276 8264
f 8277 8264 8262
f 8259 8260 8257
f 8257 8260 8278
f 8257 8278 8279
f 8257 8279 8255
f 8255 8279 2855
f 2856 8263 8253
f 8253 8263 8265
f 8253 8265 8280
f 8280 8265 8267
f 8280 8267 8268
f 8244 8266 8276
f 8276 8266 8264
f 8277 8261 8281
f 8281 8261 8269
f 8281 8269 8282
f 8282 8269 8270
f 8282 8270 8272
f 8277 8262 8261
f 8274 8275 8281
f 8281 8275 8277
f 8274 8281 8282
f 8273 8274 8282
f 8273 8282 8272
f 8254 8253 8280
f 8258 8256 8268
f 8268 8256 8280
f 8256 8254 8280
f 8283 7280 8284
f 8284 7280 7325
f 8284 7325 8285
f 8285 7325 8286
f 8285 8286 8287
f 8287 8286 8288
f 8287 8288 8289
f 8289 8288 8290
f 8289 8290 8251
f 8251 8290 8291
f 8251 8291 8249
f 8249 8291 8292
f 8249 8292 8293
f 8293 8292 8294
f 8293 8294 8295
f 8295 8294 8296
f 8295 8296 8297
f 8297 8296 7324
f 8297 7324 7322
f 7324 8298 7325
f 7325 8298 8299
f 7325 8299 8300
f 8300 8299 8301
f 8300 8301 8288
f 8288 8301 8290
f 2855 8302 7322
f 7322 8302 8303
f 7322 8303 8297
f 8297 8303 8304
f 8297 8304 8295
f 8295 8304 8305
f 8295 8305 8293
f 8293 8305 8248
f 8293 8248 8249
f 2855 8279 8302
f 8302 8279 8306
f 8302 8306 8303
f 8303 8306 8304
f 8279 8278 8306
f 8306 8278 8307
f 8306 8307 8304
f 8304 8307 8305
f 8278 8260 8307
f 8307 8260 8245
f 8307 8245 8246
f 8307 8246 8305
f 8305 8246 8248
f 8308 8309 8251
f 8251 8309 8310
f 8251 8310 8311
f 8311 8310 8312
f 8311 8312 8287
f 8287 8312 8285
f 8309 8308 8313
f 8313 8308 8314
f 8313 8314 8283
f 8313 8283 8284
f 8286 7325 8300
f 7324 8296 8298
f 8298 8296 8294
f 8298 8294 8315
f 8315 8294 8292
f 8315 8292 8291
f 8310 8309 8313
f 8285 8312 8284
f 8284 8312 8313
f 8289 8251 8311
f 8312 8310 8313
f 8315 8291 8301
f 8301 8291 8290
f 8298 8315 8299
f 8299 8315 8301
f 8288 8286 8300
f 8311 8287 8289
f 7329 8316 7330
f 7330 8316 8317
f 7330 8317 8318
f 8318 8317 8319
f 8318 8319 8320
f 8320 8319 8321
f 8320 8321 8322
f 8322 8321 8323
f 8322 8323 8324
f 7327 8325 7329
f 7329 8325 8326
f 7329 8326 8327
f 8327 8326 8328
f 8327 8328 8329
f 8329 8328 8330
f 8329 8330 8331
f 8331 8330 8332
f 8331 8332 8333
f 8333 8332 8334
f 8333 8334 8335
f 8335 8334 8319
f 8335 8319 8317
f 7281 8336 7327
f 7327 8336 8337
f 7327 8337 8325
f 8325 8337 8338
f 8325 8338 8339
f 8339 8338 8340
f 8339 8340 8341
f 8341 8340 8342
f 8341 8342 8332
f 8336 7281 8343
f 8343 7281 7280
f 8343 7280 8283
f 8343 8283 8344
f 8344 8283 8314
f 8344 8314 8308
f 8344 8308 8345
f 8345 8308 8251
f 8345 8251 8346
f 8346 8347 8345
f 8345 8347 8348
f 8345 8348 8349
f 8349 8348 8338
f 8349 8338 8337
f 8347 8342 8348
f 8348 8342 8340
f 8348 8340 8338
f 8332 8323 8334
f 8334 8323 8321
f 8334 8321 8319
f 8322 8324 8320
f 8320 8324 8350
f 8320 8350 8318
f 8318 8350 8351
f 8318 8351 7330
f 8335 8317 8316
f 7329 8327 8352
f 8352 8327 8329
f 8352 8329 8353
f 8353 8329 8331
f 8353 8331 8333
f 8332 8330 8341
f 8341 8330 8328
f 8341 8328 8339
f 8339 8328 8326
f 8339 8326 8325
f 7329 8352 8316
f 8316 8352 8353
f 8316 8353 8335
f 8335 8353 8333
f 8337 8336 8349
f 8349 8336 8344
f 8349 8344 8345
f 8343 8344 8336
f 8354 8355 8356
f 8356 8355 8357
f 8356 8357 8358
f 8358 8357 8359
f 8358 8359 8360
f 8360 8359 7330
f 8360 7330 8351
f 8360 8351 8361
f 8361 8351 8350
f 8361 8350 8324
f 8361 8324 8362
f 8362 8324 8323
f 8362 8323 8363
f 8362 8363 8364
f 8364 8363 8365
f 8364 8365 8366
f 8366 8365 5426
f 8366 5426 8367
f 8366 8367 8368
f 8368 8367 8369
f 8368 8369 8354
f 8368 8354 8356
f 8364 8366 8368
f 8368 8356 8370
f 8370 8356 8358
f 8370 8358 8361
f 8361 8358 8360
f 8362 8364 8370
f 8370 8364 8368
f 8362 8370 8361
f 8371 8372 8373
f 8373 8372 8374
f 8373 8374 8375
f 8375 8374 7232
f 8375 7232 7354
f 8372 8376 8374
f 8374 8376 8377
f 8374 8377 7233
f 7233 7232 8374
f 8375 7354 8378
f 8378 7354 7352
f 8378 7352 8379
f 8379 7352 8380
f 8379 8380 8381
f 8381 8380 8382
f 8382 8380 8383
f 8382 8383 8384
f 8384 8383 8385
f 8384 8385 8386
f 8386 8385 8387
f 8386 8387 8388
f 8388 8387 7344
f 8388 7344 7343
f 7352 7350 8380
f 8380 7350 8383
f 7350 7347 8383
f 8383 7347 8385
f 7347 7345 8385
f 8385 7345 8387
f 7345 7344 8387
f 8388 7343 8389
f 8389 7343 7256
f 8389 7256 8390
f 8390 7256 7258
f 8390 7258 8391
f 8391 7258 7260
f 8391 7260 8392
f 8392 7260 7342
f 8392 7342 8393
f 8393 7342 7338
f 8393 7338 8394
f 8394 7338 8395
f 8394 8395 8396
f 8396 8395 8397
f 8396 8397 8398
f 8398 8397 8399
f 8399 8397 8400
f 7338 7331 8395
f 8395 7331 7330
f 8395 7330 8397
f 8397 7330 8359
f 8397 8359 8357
f 8357 8355 8397
f 8394 8401 8393
f 8393 8401 8402
f 8393 8402 8392
f 8392 8402 8403
f 8392 8403 8391
f 8391 8403 8390
f 8403 8404 8390
f 8390 8404 8389
f 8404 8405 8389
f 8389 8405 8388
f 8405 8386 8388
f 8379 8381 8378
f 8378 8381 8406
f 8378 8406 8375
f 8375 8406 8407
f 8375 8407 8373
f 7233 8377 7413
f 7413 8377 8408
f 7413 8408 8409
f 8409 8408 8410
f 8409 8410 8411
f 8377 8376 8408
f 8408 8376 8372
f 8408 8372 8371
f 8371 8410 8408
f 8411 8412 8409
f 8409 8412 8413
f 8409 8413 7415
f 7415 8413 7417
f 7417 8413 8414
f 7417 8414 8415
f 8415 8414 8416
f 8415 8416 8417
f 8412 8416 8413
f 8413 8416 8414
f 8415 8417 8418
f 8418 8417 8419
f 8418 8419 8420
f 8420 8419 8421
f 8420 8421 8422
f 8422 8421 8423
f 8422 8423 7395
f 7395 8423 7394
f 7394 8423 8424
f 7394 8424 7393
f 7393 8424 8425
f 7393 8425 7423
f 7423 8425 8426
f 7423 8426 7435
f 7435 8426 8427
f 7435 8427 7437
f 7437 8427 8428
f 7437 8428 7449
f 7449 8428 8429
f 7449 8429 8430
f 8430 8429 5877
f 8430 5877 8431
f 8431 5877 8432
f 8431 8432 8433
f 8421 8434 8423
f 8423 8434 8424
f 8434 8435 8424
f 8424 8435 8425
f 8435 8436 8425
f 8425 8436 8426
f 8436 8437 8426
f 8426 8437 8427
f 8427 8437 8428
f 8428 8437 8438
f 8428 8438 8429
f 8433 8439 8431
f 8431 8439 8440
f 8441 8442 8431
f 8431 8442 7459
f 8431 7459 8430
f 8430 7459 7455
f 8430 7455 7449
f 7395 7409 8422
f 8422 7409 8420
f 7409 7421 8420
f 8420 7421 8418
f 7421 7419 8418
f 8418 7419 8415
f 7419 7417 8415
f 7415 7413 8409
f 8443 7459 8444
f 8444 7459 8442
f 8444 8442 8445
f 8445 8442 8441
f 8445 8441 8446
f 8446 8441 8431
f 8446 8431 8447
f 8446 8447 8448
f 8448 8447 8449
f 8448 8449 8450
f 8448 8450 8451
f 8451 8450 5901
f 8451 5901 8452
f 8451 8452 8453
f 8453 8452 8454
f 8453 8454 8455
f 8455 8454 8456
f 8455 8456 8457
f 8455 8457 8458
f 8458 8457 8459
f 8458 8459 8443
f 8458 8443 8444
f 8453 8455 8458
f 8458 8444 8460
f 8460 8444 8445
f 8460 8445 8446
f 8458 8460 8453
f 8453 8460 8448
f 8453 8448 8451
f 8448 8460 8446
f 7528 7453 8461
f 8461 7453 7461
f 8461 7461 8462
f 8462 7461 7458
f 8462 7458 8463
f 8463 7458 7457
f 8463 7457 8464
f 8464 7457 8465
f 8464 8465 8466
f 8466 8465 8467
f 8466 8467 8468
f 8468 8467 8469
f 8468 8469 8470
f 8470 8469 8471
f 8470 8471 8456
f 8456 8471 8472
f 8456 8472 8473
f 8473 8472 8474
f 8473 8474 8475
f 8475 8474 8476
f 8475 8476 8477
f 8477 8476 7459
f 8477 7459 8443
f 8465 7457 8478
f 8478 7457 7459
f 8478 7459 8479
f 8479 7459 8480
f 8479 8480 8481
f 8481 8480 8474
f 8481 8474 8472
f 8443 8459 8477
f 8477 8459 8475
f 8459 8457 8475
f 8475 8457 8473
f 8457 8456 8473
f 8482 8483 8470
f 8470 8483 8484
f 8470 8484 8468
f 8468 8484 8466
f 8485 8486 8482
f 8482 8486 8487
f 8482 8487 8483
f 8483 8487 8488
f 8483 8488 8489
f 8489 8488 8463
f 8489 8463 8464
f 8486 8485 8490
f 8490 8485 8491
f 8490 8491 7537
f 7537 7533 8490
f 8490 7533 8492
f 8490 8492 8486
f 8486 8492 8493
f 8486 8493 8487
f 8487 8493 8488
f 7533 7529 8492
f 8492 7529 7528
f 8492 7528 8461
f 8480 7459 8476
f 8481 8472 8471
f 8493 8492 8461
f 8488 8493 8462
f 8462 8493 8461
f 8463 8488 8462
f 8465 8478 8467
f 8467 8478 8494
f 8467 8494 8469
f 8469 8494 8471
f 8483 8489 8484
f 8484 8489 8466
f 8489 8464 8466
f 8474 8480 8476
f 8479 8481 8494
f 8494 8481 8471
f 8478 8479 8494
f 8495 8470 8496
f 8496 8470 8456
f 8496 8456 8454
f 8497 8485 8495
f 8495 8485 8482
f 8495 8482 8470
f 7537 8491 8497
f 8497 8491 8485
f 8454 8452 8496
f 8496 8452 5900
f 5900 8452 5901
f 6739 8497 8498
f 8498 8497 8495
f 8498 8495 8499
f 8499 8495 8496
f 8499 8496 5945
f 5945 6744 8499
f 8499 6744 8498
f 6744 6739 8498
f 1286 8500 8501
f 8501 8500 8502
f 8501 8502 8503
f 8503 8502 8504
f 8503 8504 8505
f 8505 8504 8497
f 8505 8497 6739
f 6739 6738 8505
f 8505 6738 8503
f 6738 6742 8503
f 8503 6742 8501
f 6742 1286 8501
f 8506 7558 8500
f 8500 7558 7547
f 8500 7547 7542
f 8506 8507 7558
f 7558 8507 8508
f 7558 8508 7574
f 7574 8508 7631
f 8500 7542 8502
f 8502 7542 7538
f 8502 7538 8504
f 8504 7538 7518
f 8504 7518 8497
f 8497 7518 7537
f 1283 7631 8509
f 8509 7631 8508
f 8509 8508 8507
f 8509 8507 8510
f 8510 8507 8506
f 8510 8506 8500
f 8500 1286 8510
f 8510 1286 8509
f 1286 1283 8509
f 7628 8511 7627
f 7627 8511 1046
f 7627 1046 1280
f 7628 7629 8511
f 8511 7629 8512
f 8511 8512 1044
f 1044 8512 1281
f 1281 8512 8513
f 1281 8513 1283
f 1283 8513 7631
f 7631 8513 7630
f 7630 8513 8512
f 7630 8512 7629
f 1044 1046 8511
f 8514 7626 8515
f 8515 7626 7627
f 8515 7627 8516
f 8516 7627 1280
f 8516 1280 8515
f 8515 1280 8514
f 7637 7638 7635
f 7635 7638 7622
f 7635 7622 8517
f 8517 7622 7623
f 8517 7623 8518
f 8518 7623 8519
f 8518 8519 8520
f 8520 8519 8521
f 8521 8519 8522
f 8521 8522 8514
f 8514 8522 7626
f 7626 8522 8519
f 7626 8519 7623
f 8520 8523 8518
f 8518 8523 8524
f 8518 8524 8517
f 8525 8526 8523
f 8523 8526 8524
f 7635 8517 7634
f 7634 8517 8527
f 7634 8527 7639
f 7639 8527 8528
f 7639 8528 8529
f 8529 8528 8530
f 8529 8530 8531
f 8517 8524 8527
f 8527 8524 8532
f 8527 8532 8533
f 8524 8526 8532
f 8532 8526 8525
f 8527 8533 8528
f 8528 8533 8530
f 8531 7639 8529
f 7639 8531 8534
f 8534 8531 8535
f 8534 8535 8536
f 8536 8535 8537
f 8536 8537 8538
f 8538 8537 7774
f 8538 7774 8536
f 8536 7774 8539
f 8536 8539 8534
f 8534 8539 7639
f 8540 8541 8542
f 8542 8541 8543
f 8542 8543 8544
f 8544 8543 8537
f 8544 8537 8545
f 8545 8537 8535
f 8545 8535 8546
f 8546 8535 8531
f 8546 8531 8530
f 8530 8533 8546
f 8546 8533 8532
f 8546 8532 8525
f 8525 8523 8546
f 8546 8523 8547
f 8546 8547 8548
f 8548 8547 8549
f 8548 8549 8550
f 8550 8549 8551
f 8551 8549 8552
f 8552 8549 8553
f 8553 8549 8547
f 8553 8547 8554
f 8554 8547 8555
f 8555 8547 8556
f 8556 8547 8520
f 8556 8520 8557
f 8557 8520 8521
f 8557 8521 8558
f 8558 8521 8514
f 8523 8520 8547
f 8550 8559 8548
f 8548 8559 8560
f 8548 8560 8561
f 8561 8560 8562
f 8561 8562 8563
f 8559 8564 8560
f 8560 8564 8565
f 8560 8565 8566
f 8566 8567 8560
f 8560 8567 8562
f 8563 8568 8561
f 8561 8568 8569
f 8561 8569 8570
f 8570 8569 8571
f 8570 8571 8572
f 8572 8571 8573
f 8572 8573 8574
f 8574 8573 8571
f 8574 8575 8572
f 8572 8575 8576
f 8572 8576 8544
f 8544 8576 8542
f 8576 8577 8542
f 8542 8577 8578
f 8542 8578 8579
f 8579 8540 8542
f 8572 8544 8545
f 8545 8546 8570
f 8570 8546 8548
f 8570 8548 8561
f 8570 8572 8545
f 7774 8537 8580
f 8580 8537 8543
f 8580 8543 8581
f 8581 8543 8541
f 8581 8541 8582
f 8582 8541 7765
f 8582 7765 7772
f 7774 8580 7772
f 7772 8580 8581
f 7772 8581 8582
f 7765 8541 8583
f 8583 8541 8584
f 8583 8584 8585
f 8585 8584 8586
f 8585 8586 7769
f 7769 7766 8585
f 8585 7766 8583
f 7766 7765 8583
f 8587 8586 8588
f 8588 8586 8584
f 8588 8584 8541
f 8541 8540 8588
f 8588 8540 8589
f 8588 8589 8587
f 8587 8589 8590
f 8590 8589 8591
f 8590 8591 8592
f 8592 8591 8579
f 8592 8579 8578
f 8540 8579 8589
f 8589 8579 8591
f 8577 8593 8578
f 8578 8593 8594
f 8578 8594 8592
f 8592 8594 8595
f 8592 8595 8590
f 8593 8596 8594
f 8594 8596 1240
f 8594 1240 8595
f 8597 8587 8598
f 8598 8587 8599
f 8598 8599 8600
f 8600 8599 8601
f 8601 8599 8602
f 8602 8599 8603
f 8602 8603 8604
f 8604 8603 8605
f 8604 8605 8606
f 8606 8605 8607
f 8606 8607 8608
f 8608 8607 8609
f 8608 8609 8610
f 8610 8609 8611
f 8610 8611 8612
f 8612 8611 8613
f 8612 8613 8614
f 8614 8613 8615
f 8614 8615 8616
f 8616 8615 8617
f 8616 8617 8618
f 8618 8617 1236
f 8618 1236 8619
f 8619 1236 1232
f 8619 1232 8620
f 8620 1232 8621
f 8620 8621 8622
f 8622 8621 8623
f 8622 8623 8624
f 8624 8623 8625
f 8624 8625 8626
f 8626 8625 1230
f 8626 1230 1228
f 8597 8627 8587
f 8587 8627 8586
f 8587 8590 8599
f 8599 8590 8603
f 8603 8590 8628
f 8628 8590 8595
f 8628 8595 1240
f 1240 1239 8628
f 8628 1239 8629
f 8628 8629 8630
f 8630 8629 8631
f 8630 8631 8632
f 8632 8631 8613
f 8632 8613 8611
f 8629 1239 8633
f 8633 1239 1236
f 8633 1236 8617
f 1232 1231 8621
f 8621 1231 8634
f 8621 8634 8623
f 8623 8634 8635
f 8623 8635 8625
f 8625 8635 1082
f 8625 1082 1230
f 1079 1081 1231
f 1231 1081 8636
f 1231 8636 8634
f 8634 8636 8635
f 8636 1081 8635
f 8635 1081 1082
f 8626 1228 8637
f 8637 1228 1224
f 8637 1224 8638
f 8638 1224 1222
f 8638 1222 8639
f 8639 1222 8640
f 8639 8640 8641
f 1222 1215 8640
f 8639 8641 8642
f 8642 8641 8643
f 8642 8643 8644
f 8644 8643 8645
f 8644 8645 8646
f 8646 8645 8647
f 8646 8647 8648
f 8648 8647 8649
f 8648 8649 8650
f 8650 8649 8614
f 8650 8614 8616
f 8643 8651 8645
f 8645 8651 8652
f 8645 8652 8647
f 8647 8652 8653
f 8647 8653 8654
f 8654 8653 8655
f 8654 8655 8612
f 8612 8655 8610
f 8651 8653 8652
f 8653 8610 8655
f 8606 8602 8604
f 8605 8603 8630
f 8630 8603 8628
f 8629 8633 8631
f 8631 8633 8615
f 8631 8615 8613
f 8605 8630 8632
f 8617 8615 8633
f 8607 8605 8609
f 8609 8605 8632
f 8609 8632 8611
f 8616 8618 8656
f 8656 8618 8619
f 8656 8619 8657
f 8657 8619 8620
f 8657 8620 8622
f 8616 8656 8650
f 8650 8656 8658
f 8650 8658 8648
f 8648 8658 8659
f 8648 8659 8646
f 8646 8659 8660
f 8646 8660 8644
f 8644 8660 8638
f 8644 8638 8639
f 8658 8656 8657
f 8612 8614 8649
f 8647 8654 8649
f 8649 8654 8612
f 8658 8657 8661
f 8661 8657 8622
f 8661 8622 8624
f 8658 8661 8659
f 8659 8661 8662
f 8659 8662 8660
f 8660 8662 8637
f 8660 8637 8638
f 8662 8661 8624
f 8642 8644 8639
f 8624 8626 8662
f 8662 8626 8637
f 7770 7769 8663
f 8663 7769 8586
f 8663 8586 8627
f 8663 8627 8664
f 8664 8627 8597
f 8664 8597 8598
f 8598 7776 8664
f 8664 7776 7775
f 8664 7775 7770
f 8664 7770 8663
f 8598 8665 7776
f 7776 8665 8666
f 7776 8666 7782
f 7782 8666 8667
f 7782 8667 6075
f 6075 8667 8668
f 6075 8668 8669
f 8669 8668 8667
f 8669 8667 8670
f 8670 8667 8666
f 8670 8666 8665
f 8598 8600 8665
f 8665 8600 8670
f 8600 8601 8670
f 8670 8601 8669
f 8601 6075 8669
f 6075 8601 8671
f 8671 8601 8602
f 8671 8602 8672
f 8672 8602 8606
f 8672 8606 8673
f 8673 8606 8608
f 8673 8608 8674
f 8674 8608 8610
f 8674 8610 8675
f 8675 8610 8653
f 8675 8653 8676
f 8676 8653 8651
f 8676 8651 8677
f 8677 8651 8643
f 8677 8643 8641
f 8677 8641 8678
f 8678 8641 8640
f 8678 8640 1215
f 1215 6038 8678
f 8678 6038 6080
f 8678 6080 8677
f 8677 6080 6079
f 8677 6079 8676
f 8676 6079 6078
f 8676 6078 8675
f 8675 6078 6077
f 8675 6077 8674
f 8674 6077 6076
f 8674 6076 8673
f 8673 6076 6074
f 8673 6074 8672
f 8672 6074 6073
f 8672 6073 8671
f 8671 6073 6075
f 6031 1908 7894
f 7894 1908 1877
f 7894 1877 7896
f 7896 1877 1811
f 7896 1811 7924
f 7924 1811 1876
f 7924 1876 7925
f 7925 1876 1870
f 7925 1870 8679
f 8679 1870 8680
f 8679 8680 8681
f 8679 8681 8682
f 8682 8681 8683
f 8682 8683 8684
f 8682 8684 8685
f 8685 8684 8686
f 8685 8686 8687
f 8687 8686 8688
f 8687 8688 8689
f 8689 8688 8690
f 8689 8690 8691
f 8691 8690 8692
f 8691 8692 8693
f 8693 8692 8694
f 8693 8694 8695
f 8695 8694 8696
f 8695 8696 7934
f 7934 7932 8695
f 8695 7932 8693
f 7932 7931 8693
f 8693 7931 8691
f 7931 7930 8691
f 8691 7930 8689
f 7930 7929 8689
f 8689 7929 8687
f 7929 7928 8687
f 8687 7928 8685
f 7928 7927 8685
f 8685 7927 8682
f 7927 7926 8682
f 8682 7926 8679
f 7926 7925 8679
f 8697 8698 8699
f 8699 8698 8700
f 8699 8700 8701
f 8701 8702 8699
f 8699 8702 8703
f 8699 8703 8704
f 8704 8703 8705
f 8704 8705 8706
f 8706 8705 1782
f 1782 8705 1770
f 1770 8705 8707
f 1770 8707 8708
f 8708 8707 8709
f 8708 8709 8710
f 8710 8709 8711
f 8710 8711 8712
f 8712 8711 8713
f 8712 8713 8714
f 8714 8713 8688
f 8714 8688 8715
f 8715 8688 8716
f 8715 8716 8717
f 8717 8716 8718
f 8717 8718 8719
f 8719 8718 8720
f 8719 8720 8721
f 8721 8720 8722
f 8721 8722 8723
f 8723 8722 8724
f 8723 8724 1784
f 1784 8724 1851
f 1851 8724 8725
f 1851 8725 1852
f 1852 8725 1862
f 1862 8725 8726
f 1862 8726 1856
f 1856 8726 8727
f 1856 8727 1858
f 1858 8727 8728
f 1858 8728 1860
f 1860 8728 8729
f 1860 8729 1861
f 1861 8729 8730
f 1861 8730 1863
f 1863 8730 8731
f 1863 8731 8680
f 8680 8731 8681
f 8681 8731 8732
f 8681 8732 8683
f 8683 8732 8733
f 8683 8733 8734
f 8734 8733 8735
f 8734 8735 8736
f 8736 8735 8737
f 8736 8737 8738
f 8738 8737 8739
f 8738 8739 8740
f 8740 8739 8741
f 8740 8741 8722
f 8722 8741 8724
f 8702 8696 8703
f 8703 8696 8694
f 8703 8694 8742
f 8742 8694 8743
f 8742 8743 8709
f 8709 8743 8711
f 8694 8692 8743
f 8743 8692 8690
f 8743 8690 8711
f 8711 8690 8713
f 8690 8688 8713
f 8688 8686 8716
f 8716 8686 8744
f 8716 8744 8718
f 8718 8744 8745
f 8718 8745 8720
f 8720 8745 8740
f 8720 8740 8722
f 8744 8686 8746
f 8746 8686 8684
f 8746 8684 8734
f 8734 8684 8683
f 8680 1870 1863
f 1768 8747 1784
f 1784 8747 8748
f 1784 8748 8723
f 8723 8748 8721
f 1770 8749 1768
f 1768 8749 8750
f 1768 8750 8747
f 8747 8750 8751
f 8747 8751 8752
f 8752 8751 8753
f 8752 8753 8719
f 8719 8753 8717
f 1770 8708 8749
f 8749 8708 8710
f 8749 8710 8754
f 8754 8710 8712
f 8754 8712 8755
f 8755 8712 8714
f 8755 8714 8715
f 8707 8705 8742
f 8742 8705 8703
f 8707 8742 8709
f 8717 8753 8715
f 8715 8753 8755
f 8750 8749 8754
f 8753 8751 8755
f 8755 8751 8754
f 8751 8750 8754
f 8748 8747 8752
f 8748 8752 8721
f 8721 8752 8719
f 8734 8736 8746
f 8746 8736 8756
f 8746 8756 8744
f 8744 8756 8745
f 8745 8756 8738
f 8738 8756 8736
f 8738 8740 8745
f 8731 8730 8732
f 8732 8730 8733
f 8730 8729 8733
f 8733 8729 8735
f 8729 8728 8735
f 8735 8728 8737
f 8728 8727 8737
f 8737 8727 8739
f 8725 8724 8741
f 8727 8726 8739
f 8739 8726 8741
f 8726 8725 8741
f 8698 8697 8757
f 8757 8697 8086
f 8757 8086 8085
f 8757 8085 8758
f 8758 8085 8084
f 8758 8084 8701
f 8701 8084 8083
f 8701 8700 8758
f 8758 8700 8698
f 8758 8698 8757
f 8086 8697 8759
f 8759 8697 8760
f 8759 8760 8761
f 8761 8760 8762
f 8761 8762 8077
f 8077 8080 8761
f 8761 8080 8759
f 8080 8086 8759
f 8763 8762 8764
f 8764 8762 8760
f 8764 8760 8699
f 8699 8760 8697
f 8764 8699 8765
f 8765 8699 8704
f 8765 8704 8766
f 8766 8704 8706
f 8766 8706 8767
f 8767 8706 1782
f 8767 1782 8768
f 8768 1782 8769
f 8768 8769 8770
f 8771 8772 8770
f 8770 8772 8768
f 8768 8772 8767
f 8767 8772 8773
f 8767 8773 8766
f 8766 8773 8765
f 8773 8763 8765
f 8765 8763 8764
f 8774 8775 8776
f 8776 8775 8777
f 8776 8777 8778
f 8778 8777 8225
f 8225 8777 8223
f 8223 8777 8222
f 8222 8777 8218
f 8218 8777 8220
f 8220 8777 8779
f 8220 8779 8227
f 8227 8779 8228
f 8228 8779 8780
f 8228 8780 8781
f 8762 8782 8774
f 8774 8782 8783
f 8774 8783 8775
f 8775 8783 8784
f 8775 8784 8785
f 8785 8784 8786
f 8785 8786 8787
f 8787 8786 8788
f 8788 8786 8789
f 8789 8786 8790
f 8790 8786 8791
f 8791 8786 8792
f 8792 8786 8793
f 8792 8793 8794
f 8794 8793 8795
f 8795 8793 8796
f 8796 8793 8797
f 8797 8793 8798
f 8797 8798 8799
f 8799 8798 8800
f 8799 8800 8797
f 8762 8763 8782
f 8782 8763 8773
f 8782 8773 8772
f 8772 8771 8782
f 8782 8771 8801
f 8782 8801 8783
f 8783 8801 8798
f 8783 8798 8784
f 8784 8798 8793
f 8784 8793 8786
f 8801 8802 8798
f 8798 8802 8800
f 8787 8803 8785
f 8785 8803 8804
f 8785 8804 8777
f 8777 8804 8779
f 8803 8805 8804
f 8804 8805 8806
f 8804 8806 8807
f 8804 8807 8779
f 8779 8807 8808
f 8779 8808 8809
f 8809 8780 8779
f 8228 8781 8230
f 8230 8781 8810
f 8230 8810 8232
f 8785 8777 8775
f 8774 8811 8762
f 8762 8811 8812
f 8762 8812 8077
f 8077 8812 8811
f 8077 8811 8087
f 8087 8811 8813
f 8087 8813 8088
f 8088 8813 8776
f 8776 8813 8774
f 8774 8813 8811
f 8778 8814 8776
f 8776 8814 8815
f 8776 8815 8088
f 8088 8815 8814
f 8088 8814 8816
f 8816 8814 8817
f 8816 8817 8204
f 8204 8817 8225
f 8225 8817 8778
f 8778 8817 8814
f 8214 8818 8204
f 8204 8818 8816
f 8816 8818 8819
f 8816 8819 8820
f 4846 8088 8820
f 8820 8088 8816
f 4821 8821 4691
f 4691 8821 8822
f 4691 8822 8823
f 8823 8822 8824
f 8823 8824 8825
f 8825 8824 8826
f 8825 8826 8827
f 8827 8826 8820
f 8827 8820 8828
f 8828 8820 8819
f 8828 8819 8829
f 8829 8819 8830
f 8829 8830 8831
f 8831 8830 8832
f 8831 8832 8833
f 8833 8832 8834
f 8833 8834 4868
f 4844 8835 4821
f 4821 8835 8836
f 4821 8836 8837
f 8837 8836 8838
f 8837 8838 8839
f 8839 8838 8840
f 8839 8840 8841
f 8841 8840 4846
f 8841 4846 8820
f 8835 4844 8842
f 8842 4844 4845
f 8842 4845 8843
f 8843 4845 4846
f 8843 4846 8840
f 8819 8818 8830
f 8830 8818 8844
f 8830 8844 8832
f 8832 8844 8845
f 8832 8845 8834
f 8818 8214 8844
f 8844 8214 8845
f 8833 4868 8846
f 8846 4868 4867
f 8846 4867 8847
f 8847 4867 8848
f 8847 8848 8849
f 8849 8848 8825
f 8849 8825 8827
f 4867 4691 8848
f 8848 4691 8823
f 8848 8823 8825
f 8820 8826 8850
f 8850 8826 8824
f 8850 8824 8851
f 8851 8824 8822
f 8851 8822 8821
f 8820 8850 8841
f 8841 8850 8851
f 8841 8851 8839
f 8839 8851 8821
f 8839 8821 8837
f 8837 8821 4821
f 8836 8835 8842
f 8840 8838 8843
f 8843 8838 8842
f 8838 8836 8842
f 8849 8828 8852
f 8852 8828 8829
f 8852 8829 8831
f 8849 8827 8828
f 8846 8847 8852
f 8852 8847 8849
f 8846 8852 8831
f 8846 8831 8833
f 431 4890 429
f 429 4890 4891
f 429 4891 4907
f 4890 431 4892
f 4892 431 433
f 4892 433 4893
f 4893 433 435
f 4893 435 4894
f 4894 435 437
f 4894 437 4895
f 4895 437 436
f 4895 436 4896
f 4896 436 434
f 4896 434 4897
f 4897 434 432
f 4897 432 4898
f 4898 432 430
f 4898 430 4899
f 4899 430 428
f 4899 428 4900
f 4900 428 438
f 4900 438 4901
f 4901 438 440
f 4901 440 4902
f 4902 440 442
f 4902 442 4903
f 4903 442 443
f 4903 443 4904
f 4904 443 441
f 4904 441 4905
f 4905 441 439
f 4905 439 4906
f 4906 439 427
f 4906 427 4907
f 4907 427 429
f 4872 8853 4874
f 4874 8853 8854
f 4874 8854 8855
f 8855 8854 8856
f 8855 8856 8857
f 8857 8856 8858
f 8857 8858 8859
f 8859 8858 8860
f 8859 8860 8861
f 8861 8860 8862
f 8861 8862 8863
f 8863 8862 8864
f 8863 8864 8143
f 8143 8864 8138
f 8138 8864 8865
f 8138 8865 8127
f 8127 8865 8190
f 8127 8190 8128
f 8854 8853 8866
f 8866 8853 8867
f 8866 8867 8868
f 8869 8870 8868
f 8868 8870 8854
f 8868 8854 8866
f 8871 8872 8869
f 8869 8872 8856
f 8869 8856 8870
f 8870 8856 8854
f 8871 8873 8872
f 8872 8873 8185
f 8872 8185 8874
f 8874 8185 8187
f 8874 8187 8875
f 8875 8187 8189
f 8875 8189 8876
f 8876 8189 8865
f 8876 8865 8864
f 8189 8190 8865
f 8143 8123 8863
f 8863 8123 4879
f 8863 4879 4878
f 8863 4878 8861
f 8861 4878 4876
f 8861 4876 8859
f 8859 4876 8857
f 4876 4874 8857
f 8857 4874 8855
f 8858 8856 8872
f 8858 8872 8874
f 8860 8858 8874
f 8862 8860 8875
f 8875 8860 8874
f 8876 8864 8862
f 8875 8876 8862
f 8185 8873 8201
f 8201 8873 8205
f 8201 8205 8199
f 8199 8205 8197
f 8871 8877 8873
f 8873 8877 8206
f 8873 8206 8205
f 8877 8871 8878
f 8878 8871 8869
f 8878 8869 8879
f 8879 8869 8880
f 8879 8880 8881
f 8881 8880 8882
f 8881 8882 8883
f 8883 8882 8884
f 8883 8884 8885
f 8885 8884 8886
f 8885 8886 8887
f 8887 8886 8888
f 8887 8888 8889
f 8889 8888 8890
f 8889 8890 8891
f 8891 8890 8892
f 8891 8892 8893
f 8893 8892 8894
f 8893 8894 8895
f 8895 8894 8896
f 8896 8894 8897
f 8896 8897 4872
f 4872 8897 8898
f 4872 8898 8899
f 8899 8898 8892
f 8899 8892 8890
f 8869 8868 8880
f 8880 8868 8882
f 8868 8867 8882
f 8882 8867 8884
f 8884 8867 8900
f 8900 8867 8853
f 8900 8853 8901
f 8901 8853 8902
f 8901 8902 8888
f 8888 8902 8890
f 8853 4872 8902
f 8902 4872 8899
f 8902 8899 8890
f 8895 8211 8893
f 8893 8211 8891
f 8891 8211 8889
f 8889 8211 8210
f 8889 8210 8887
f 8887 8210 8885
f 8885 8210 8883
f 8883 8210 8209
f 8883 8209 8881
f 8881 8209 8879
f 8209 8208 8879
f 8879 8208 8878
f 8208 8207 8878
f 8878 8207 8877
f 8207 8206 8877
f 8886 8884 8900
f 8901 8888 8886
f 8900 8901 8886
f 8898 8897 8894
f 8898 8894 8892
f 8213 8903 8214
f 8214 8903 8904
f 8214 8904 8845
f 8845 8904 8905
f 8845 8905 8834
f 8834 8905 8906
f 8834 8906 4868
f 4868 8906 8907
f 4868 8907 4870
f 4870 8907 8908
f 4870 8908 8909
f 8909 8908 8910
f 8909 8910 8911
f 8911 8910 8912
f 8911 8912 8913
f 8913 8912 8914
f 8913 8914 8915
f 8915 8914 8916
f 8915 8916 8895
f 8895 8916 8211
f 8211 8916 8212
f 8212 8916 8914
f 8212 8914 8912
f 8212 8912 8213
f 8213 8912 8917
f 8213 8917 8918
f 8918 8917 8919
f 8918 8919 8903
f 8903 8919 8920
f 8903 8920 8904
f 8904 8920 8905
f 8895 8896 8915
f 8915 8896 8921
f 8915 8921 8913
f 8913 8921 8922
f 8913 8922 8911
f 8911 8922 8923
f 8911 8923 8909
f 8909 8923 4870
f 8896 4872 8921
f 8921 4872 4871
f 8921 4871 8922
f 8922 4871 8923
f 4871 4870 8923
f 8903 8213 8918
f 8907 8906 8905
f 8907 8905 8920
f 8917 8912 8910
f 8919 8917 8910
f 8919 8910 8908
f 8920 8919 8908
f 8907 8920 8908
f 1728 1709 8924
f 8924 1709 8232
f 8924 8232 8810
f 8810 8781 8924
f 8924 8781 8925
f 8924 8925 1729
f 1729 8925 1733
f 1733 8925 8926
f 1733 8926 8927
f 8927 8926 8780
f 8927 8780 8809
f 8925 8781 8926
f 8926 8781 8780
f 8927 8809 8928
f 8928 8809 8808
f 8928 8808 8929
f 8929 8808 8807
f 8929 8807 8806
f 8929 8806 8930
f 8930 8806 8805
f 8930 8805 8931
f 8931 8805 8803
f 8931 8803 8932
f 8932 8803 8787
f 8932 8787 8933
f 8933 8787 8788
f 8933 8788 8789
f 8933 8789 8934
f 8934 8789 8790
f 8934 8790 8935
f 8935 8790 8791
f 8935 8791 8936
f 8936 8791 8792
f 8936 8792 8937
f 8937 8792 8794
f 8937 8794 8938
f 8938 8794 8795
f 8938 8795 8939
f 8939 8795 8940
f 8939 8940 1776
f 1776 8940 1777
f 1777 8940 1778
f 1778 8940 8941
f 1778 8941 1779
f 1779 8941 8942
f 1779 8942 1780
f 1780 8942 8943
f 1780 8943 1772
f 1772 8943 1773
f 1773 8943 8769
f 1773 8769 1782
f 8795 8796 8940
f 8940 8796 8797
f 8940 8797 8941
f 8941 8797 8800
f 8941 8800 8942
f 8942 8800 8802
f 8942 8802 8943
f 8943 8802 8801
f 8943 8801 8770
f 8770 8801 8771
f 8770 8769 8943
f 1776 1775 8939
f 8939 1775 8938
f 1775 1757 8938
f 8938 1757 8937
f 8937 1757 8936
f 8936 1757 1774
f 8936 1774 8935
f 8935 1774 1753
f 8935 1753 8934
f 8934 1753 1750
f 8934 1750 8933
f 8933 1750 1749
f 8933 1749 8932
f 8932 1749 1751
f 8932 1751 8931
f 8931 1751 1746
f 8931 1746 8930
f 8930 1746 1742
f 8930 1742 1741
f 8930 1741 8929
f 8929 1741 1740
f 8929 1740 8928
f 8928 1740 1735
f 8928 1735 1734
f 8928 1734 8927
f 8927 1734 1733
f 1729 1728 8924
f 8702 8701 8944
f 8944 8701 8083
f 8944 8083 8945
f 8945 8083 8946
f 8945 8946 8947
f 8947 8946 7934
f 8947 7934 8948
f 8948 7934 8696
f 8948 8696 8949
f 8949 8696 8950
f 8949 8950 8948
f 8948 8950 8947
f 8696 8702 8950
f 8950 8702 8944
f 8950 8944 8947
f 8947 8944 8945
f 8946 8083 8951
f 8951 8083 8082
f 8951 8082 8952
f 8952 8082 8081
f 8952 8081 8953
f 8953 8081 8067
f 8953 8954 8952
f 8952 8954 8955
f 8952 8955 7922
f 7922 8955 7923
f 8952 7922 8951
f 8951 7922 7933
f 8951 7933 8946
f 8946 7933 7934
f 8953 8067 8956
f 8956 8067 8069
f 8956 8069 8957
f 8957 8069 8071
f 8957 8071 8958
f 8958 8071 8012
f 8958 8012 8011
f 8958 8011 8959
f 8959 8011 8019
f 8959 8019 8960
f 8960 8019 8961
f 8960 8961 8962
f 8962 8961 8963
f 8962 8963 8964
f 8964 8963 8965
f 8964 8965 8955
f 8955 8965 8966
f 8955 8966 7923
f 7923 8966 7990
f 7990 8966 8967
f 7990 8967 7988
f 7988 8967 8968
f 7988 8968 7987
f 7987 8968 8969
f 7987 8969 8059
f 8059 8969 8970
f 8059 8970 8961
f 8961 8970 8963
f 8019 8059 8961
f 8964 8955 8971
f 8971 8955 8954
f 8971 8954 8972
f 8972 8954 8973
f 8972 8973 8974
f 8974 8973 8957
f 8974 8957 8958
f 8954 8953 8973
f 8973 8953 8956
f 8973 8956 8957
f 8958 8959 8974
f 8974 8959 8975
f 8974 8975 8972
f 8972 8975 8971
f 8960 8962 8975
f 8975 8962 8971
f 8971 8962 8964
f 8959 8960 8975
f 8963 8970 8976
f 8976 8970 8969
f 8976 8969 8967
f 8967 8969 8968
f 8976 8967 8966
f 8966 8965 8976
f 8976 8965 8963
f 8558 8514 8977
f 8977 8514 1280
f 8977 1280 1279
f 1279 1278 8977
f 8977 1278 8978
f 8977 8978 8557
f 8557 8978 8979
f 8557 8979 8556
f 8556 8979 8980
f 8556 8980 8555
f 8555 8980 8981
f 8555 8981 8554
f 8554 8981 8982
f 8554 8982 8553
f 8553 8982 8552
f 8552 8982 8983
f 8552 8983 8551
f 8551 8983 8984
f 8551 8984 8550
f 8550 8984 8985
f 8550 8985 8559
f 8559 8985 8986
f 8559 8986 8564
f 8564 8986 8565
f 8565 8986 8987
f 8565 8987 8566
f 8566 8987 8988
f 8566 8988 8567
f 8567 8988 8989
f 8567 8989 8562
f 8562 8989 8990
f 8562 8990 8563
f 8563 8990 8991
f 8563 8991 8992
f 8992 8991 1255
f 8992 1255 1254
f 1278 1276 8978
f 8978 1276 8979
f 8979 1276 8980
f 8980 1276 1275
f 8980 1275 8981
f 8981 1275 1271
f 8981 1271 1270
f 8981 1270 8982
f 8982 1270 1269
f 8982 1269 8983
f 8983 1269 1267
f 8983 1267 1265
f 8983 1265 8984
f 8984 1265 1264
f 8984 1264 8985
f 8985 1264 1262
f 8985 1262 8986
f 8986 1262 1261
f 8986 1261 8987
f 8987 1261 1260
f 8987 1260 8988
f 8988 1260 1259
f 8988 1259 8989
f 8989 1259 1256
f 8989 1256 8990
f 8990 1256 8991
f 1256 1255 8991
f 8992 1254 8993
f 8993 1254 1252
f 8993 1252 1251
f 8993 1251 8994
f 8994 1251 1249
f 8994 1249 8995
f 8995 1249 1248
f 8995 1248 8996
f 8996 1248 1247
f 8996 1247 1246
f 1240 8596 1246
f 1246 8596 8996
f 8596 8593 8996
f 8996 8593 8576
f 8996 8576 8575
f 8593 8577 8576
f 8996 8575 8995
f 8995 8575 8574
f 8995 8574 8994
f 8994 8574 8571
f 8994 8571 8993
f 8993 8571 8569
f 8993 8569 8568
f 8993 8568 8992
f 8992 8568 8563
f 8557 8558 8977
f 4607 4584 7774
f 7774 4584 8539
f 8539 4584 4597
f 8539 4597 4604
f 4603 7639 4604
f 4604 7639 8539
f 7671 7646 8997
f 8997 7646 7647
f 8997 7647 8998
f 8998 7647 8999
f 8998 8999 9000
f 9000 8999 9001
f 9000 9001 9002
f 9002 9001 9003
f 9002 9003 4619
f 4619 9003 9004
f 4619 9004 9005
f 9005 9004 9006
f 9005 9006 9007
f 9007 9006 9008
f 9007 9008 9009
f 9009 9008 4603
f 9009 4603 4601
f 7647 7648 8999
f 8999 7648 9010
f 8999 9010 9001
f 9001 9010 9011
f 9001 9011 9003
f 9003 9011 9004
f 4603 9008 7648
f 7648 9008 9012
f 7648 9012 9010
f 9010 9012 9011
f 9009 4601 9007
f 9007 4601 4599
f 9007 4599 9005
f 9005 4599 4592
f 9005 4592 4619
f 9002 4619 9013
f 9013 4619 4620
f 9013 4620 9014
f 9014 4620 9015
f 9014 9015 9016
f 9016 9015 7649
f 9016 7649 7671
f 4620 4621 9015
f 9015 4621 7649
f 9016 7671 8997
f 9016 8997 9017
f 9017 8997 8998
f 9017 8998 9000
f 9013 9014 9017
f 9017 9014 9016
f 9013 9017 9000
f 9008 9006 9012
f 9012 9006 9011
f 9006 9004 9011
f 9000 9002 9013
f 4635 4450 9018
f 9018 4450 4526
f 9018 4526 4560
f 9018 4560 9019
f 9019 4560 4534
f 9019 4534 7773
f 7773 4534 4607
f 4607 4534 4536
f 4607 4536 4611
f 4611 4536 4538
f 4611 4538 4576
f 4576 4538 4540
f 7773 7771 9019
f 9019 7771 9020
f 9019 9020 9018
f 9018 9020 9021
f 9018 9021 4635
f 4635 9021 4637
f 4637 9021 7744
f 4637 7744 4640
f 7771 7748 9020
f 9020 7748 7746
f 9020 7746 9021
f 9021 7746 7744
f 9022 4657 9023
f 9023 4657 4658
f 9023 4658 4659
f 4657 9022 4656
f 4656 9022 9024
f 4656 9024 4655
f 4655 9024 9025
f 4655 9025 4654
f 4654 9025 9026
f 4654 9026 4653
f 4653 9026 9027
f 4653 9027 4652
f 4652 9027 9028
f 4652 9028 4651
f 4651 9028 9029
f 4651 9029 4650
f 4650 9029 9030
f 4650 9030 4649
f 4649 9030 9031
f 4649 9031 4666
f 4666 9031 9032
f 4666 9032 4665
f 4665 9032 9033
f 4665 9033 4664
f 4664 9033 9034
f 4664 9034 4663
f 4663 9034 9035
f 4663 9035 4662
f 4662 9035 9036
f 4662 9036 4661
f 4661 9036 9037
f 4661 9037 4660
f 4660 9037 9038
f 4660 9038 4659
f 4659 9038 9023
f 9038 9031 9023
f 9023 9031 9030
f 9023 9030 9022
f 9022 9030 9029
f 9022 9029 9024
f 9024 9029 9028
f 9024 9028 9025
f 9025 9028 9027
f 9025 9027 9026
f 9031 9038 9032
f 9032 9038 9037
f 9032 9037 9033
f 9033 9037 9036
f 9033 9036 9034
f 9034 9036 9035
f 5900 9039 8496
f 8496 9039 9040
f 8496 9040 5945
f 5945 9040 5946
f 5946 9040 9039
f 5946 9039 5947
f 5947 9039 5948
f 5948 9039 5900
f 5387 5427 9041
f 9041 5427 9042
f 9041 9042 9043
f 9043 9042 5386
f 9043 5386 5388
f 9043 5388 9041
f 9041 5388 5389
f 9041 5389 5387
f 9044 8347 8252
f 8252 8347 8346
f 8252 8346 8251
f 9042 8332 9044
f 9044 8332 8342
f 9044 8342 8347
f 5427 8365 9042
f 9042 8365 8363
f 9042 8363 8323
f 5427 5426 8365
f 8323 8332 9042
f 5386 9042 9045
f 9045 9042 9044
f 9045 9044 9046
f 9046 9044 8252
f 9046 8252 6831
f 6831 6832 9046
f 9046 6832 9045
f 6832 5386 9045
f 6831 8252 9047
f 9047 8252 8250
f 9047 8250 9048
f 9048 8250 8247
f 9048 8247 9049
f 9049 8247 8238
f 9049 8238 1696
f 1696 6828 9049
f 9049 6828 9048
f 6828 6829 9048
f 9048 6829 9047
f 6829 6831 9047
f 4939 9050 4941
f 4941 9050 9051
f 4941 9051 5084
f 9050 9052 9051
f 9051 9052 9053
f 9053 9052 9054
f 9053 9054 9055
f 9055 9054 9056
f 9056 9054 9057
f 9056 9057 9058
f 9058 9057 9059
f 9059 9057 9060
f 9059 9060 9061
f 9061 9060 9062
f 9061 9062 9063
f 9063 9062 9064
f 9063 9064 9065
f 9065 9064 9066
f 9066 9064 9067
f 9066 9067 9068
f 9068 9067 9069
f 9068 9069 9070
f 9070 9069 9071
f 9070 9071 9072
f 9072 9071 9073
f 9072 9073 9074
f 9074 9073 9075
f 9074 9075 9076
f 9054 9077 9057
f 9057 9077 9060
f 9060 9077 9078
f 9078 9077 9079
f 9078 9079 9067
f 9067 9079 9069
f 9079 9080 9069
f 9069 9080 9071
f 9071 9080 9073
f 9073 9080 9075
f 9076 9081 9074
f 9074 9081 9072
f 9072 9081 9070
f 9070 9081 9082
f 9070 9082 9068
f 9068 9082 9066
f 9064 9062 9078
f 9078 9062 9060
f 9067 9064 9078
f 5101 5088 9083
f 9083 5088 5086
f 9083 5086 9084
f 9084 5086 5084
f 9084 5084 9051
f 9084 9051 9085
f 9085 9051 9053
f 9085 9053 9086
f 9086 9053 9055
f 9086 9055 9087
f 9087 9055 9088
f 9087 9088 9089
f 9089 9088 9090
f 9089 9090 9091
f 9091 9090 9092
f 9091 9092 9093
f 9093 9092 9094
f 9094 9092 9095
f 9094 9095 9096
f 9096 9095 9097
f 9097 9095 9098
f 9097 9098 9056
f 9056 9098 9099
f 9056 9099 9055
f 9055 9099 9088
f 9091 9093 9100
f 9100 9093 9101
f 9100 9101 9102
f 9102 9101 9103
f 9102 9103 9104
f 9104 9103 9105
f 9104 9105 9085
f 9085 9105 9084
f 9101 9106 9103
f 9103 9106 9107
f 9103 9107 9105
f 9105 9107 9108
f 9105 9108 9084
f 9084 9108 9083
f 9109 9110 9106
f 9106 9110 9111
f 9106 9111 9107
f 9107 9111 9108
f 9112 9113 9109
f 9109 9113 9114
f 9109 9114 9115
f 9115 9114 9116
f 9115 9116 9117
f 9117 9116 9118
f 9117 9118 9119
f 9119 9118 5101
f 9119 5101 9083
f 9112 9120 9113
f 9113 9120 9121
f 9113 9121 9122
f 9122 9121 9123
f 9122 9123 9124
f 9124 9123 9125
f 9124 9125 5100
f 5100 9125 9126
f 5100 9126 5232
f 5232 9126 5416
f 5232 5416 5233
f 9120 9127 9121
f 9121 9127 8396
f 9121 8396 9123
f 9124 5100 9128
f 9128 5100 5099
f 9128 5099 9118
f 9118 5099 5102
f 9118 5102 5101
f 9110 9109 9115
f 9083 9108 9119
f 9119 9108 9111
f 9119 9111 9117
f 9117 9111 9110
f 9117 9110 9115
f 9128 9118 9116
f 9116 9114 9129
f 9129 9114 9113
f 9129 9113 9122
f 9085 9086 9104
f 9104 9086 9130
f 9104 9130 9102
f 9102 9130 9100
f 9087 9089 9130
f 9130 9089 9100
f 9100 9089 9091
f 9086 9087 9130
f 9099 9098 9095
f 9099 9095 9090
f 9090 9095 9092
f 9099 9090 9088
f 9124 9128 9129
f 9129 9128 9116
f 9124 9129 9122
f 8398 9131 8396
f 8396 9131 9132
f 8396 9132 9123
f 9123 9132 9133
f 9123 9133 9125
f 9125 9133 9126
f 9126 9133 9134
f 9126 9134 5416
f 5416 9134 9135
f 5416 9135 5418
f 5418 9135 9136
f 5418 9136 9137
f 9137 9136 9138
f 9137 9138 9139
f 9139 9138 9140
f 9139 9140 9141
f 9141 9140 8398
f 9141 8398 9142
f 9142 8398 9143
f 9142 9143 9144
f 9144 9143 9145
f 9144 9145 9146
f 9146 9145 9147
f 9146 9147 5420
f 5420 9147 5422
f 5422 9147 9148
f 5422 9148 5424
f 5424 9148 5425
f 5425 9148 9149
f 5425 9149 5426
f 5426 9149 8367
f 8367 9149 9150
f 8367 9150 8369
f 8369 9150 9151
f 8369 9151 8354
f 8354 9151 8355
f 8355 9151 8397
f 8397 9151 9152
f 8397 9152 8400
f 8400 9152 9153
f 8400 9153 8399
f 8399 9153 9154
f 8399 9154 9143
f 9143 9154 9145
f 8398 8399 9143
f 9146 5420 9155
f 9155 5420 5418
f 9155 5418 9156
f 9156 5418 9137
f 9156 9137 9139
f 8398 9140 9131
f 9131 9140 9138
f 9131 9138 9157
f 9157 9138 9136
f 9157 9136 9135
f 9135 9134 9133
f 9131 9157 9132
f 9132 9157 9133
f 9157 9135 9133
f 9139 9141 9158
f 9158 9141 9142
f 9158 9142 9144
f 9145 9154 9159
f 9159 9154 9153
f 9159 9153 9160
f 9160 9153 9152
f 9160 9152 9150
f 9150 9152 9151
f 9158 9144 9155
f 9155 9144 9146
f 9160 9148 9159
f 9159 9148 9147
f 9159 9147 9145
f 9150 9149 9160
f 9160 9149 9148
f 9155 9156 9158
f 9158 9156 9139
f 9127 9161 8396
f 8396 9161 9162
f 8396 9162 8394
f 8394 9162 9163
f 8394 9163 8401
f 8401 9163 9164
f 9164 9163 9165
f 9164 9165 9166
f 9166 9165 9167
f 9166 9167 9168
f 9168 9167 9169
f 9168 9169 9170
f 9170 9169 9112
f 9170 9112 9109
f 9161 9127 9169
f 9169 9127 9120
f 9169 9120 9112
f 9170 9109 9171
f 9171 9109 9106
f 9171 9106 9172
f 9172 9106 9173
f 9172 9173 9174
f 9174 9173 9175
f 9174 9175 9176
f 9176 9175 9177
f 9176 9177 9178
f 9106 9101 9173
f 9173 9101 9093
f 9173 9093 9175
f 9175 9093 9179
f 9175 9179 9177
f 9093 9094 9179
f 9176 9178 9180
f 9180 9178 9181
f 9180 9181 9182
f 9182 9183 9180
f 9180 9183 9184
f 9180 9184 9176
f 9176 9184 9174
f 9183 9185 9184
f 9184 9185 9186
f 9184 9186 9187
f 9187 9186 9188
f 9187 9188 9171
f 9171 9188 9170
f 9185 9189 9186
f 9186 9189 9190
f 9186 9190 9188
f 9188 9190 9168
f 9188 9168 9170
f 9189 9191 9190
f 9190 9191 9166
f 9190 9166 9168
f 9191 9164 9166
f 9187 9171 9172
f 9165 9163 9162
f 9169 9167 9161
f 9161 9167 9162
f 9167 9165 9162
f 9174 9184 9187
f 9187 9172 9174
f 9192 9193 9194
f 9194 9193 9195
f 9195 9193 9196
f 9195 9196 9197
f 9197 9196 9198
f 9198 9196 9199
f 9198 9199 9200
f 9200 9199 9201
f 9201 9199 9202
f 9201 9202 9203
f 9203 9202 9204
f 9204 9202 9205
f 9204 9205 9206
f 9206 9205 9207
f 9206 9207 9208
f 9208 9207 9209
f 9208 9209 9210
f 9210 9209 9211
f 9210 9211 9212
f 9212 9211 9213
f 9212 9213 9214
f 9214 9213 9215
f 9214 9215 9216
f 9216 9215 9217
f 9216 9217 9218
f 9218 9217 9219
f 9218 9219 9220
f 9220 9219 9221
f 9220 9221 9222
f 9222 9221 9223
f 9222 9223 9224
f 9224 9223 9225
f 9224 9225 9191
f 9191 9225 9164
f 9164 9225 9226
f 9164 9226 9227
f 9227 9226 9228
f 9227 9228 9229
f 9229 9228 9230
f 9229 9230 9231
f 9231 9230 9232
f 9231 9232 9233
f 9233 9232 9234
f 9233 9234 9235
f 9235 9234 9236
f 9235 9236 9237
f 9237 9236 9238
f 9237 9238 9239
f 9239 9238 9240
f 9239 9240 9241
f 9241 9240 9242
f 9241 9242 9243
f 9243 9242 9244
f 9243 9244 9245
f 9245 9244 9246
f 9245 9246 9247
f 9247 9246 9248
f 9247 9248 9249
f 9249 9248 9250
f 9249 9250 9251
f 9251 9250 9252
f 9251 9252 9253
f 9253 9252 9254
f 9253 9254 8381
f 8381 9254 8406
f 8406 9254 8407
f 8407 9254 9255
f 8407 9255 8373
f 8373 9255 8371
f 8371 9255 9256
f 9256 9255 9257
f 9256 9257 9258
f 9258 9257 9259
f 9258 9259 9260
f 9260 9259 9261
f 9260 9261 9262
f 9262 9261 9263
f 9262 9263 9193
f 9193 9263 9196
f 8381 8382 9253
f 9253 8382 9264
f 9253 9264 9251
f 9251 9264 9265
f 9251 9265 9249
f 9249 9265 9266
f 9249 9266 9247
f 9247 9266 9245
f 8382 8384 9264
f 9264 8384 9267
f 9264 9267 9265
f 9265 9267 9268
f 9265 9268 9266
f 9266 9268 9269
f 9266 9269 9245
f 9245 9269 9243
f 8384 8386 9267
f 9267 8386 9270
f 9267 9270 9268
f 9268 9270 9271
f 9268 9271 9269
f 9269 9271 9272
f 9269 9272 9243
f 9243 9272 9241
f 9270 8386 9273
f 9273 8386 8405
f 9273 8405 9274
f 9274 8405 9275
f 9274 9275 9276
f 9276 9275 9277
f 9276 9277 9278
f 9278 9277 9279
f 9278 9279 9237
f 9237 9279 9235
f 8405 8404 9275
f 9275 8404 9280
f 9275 9280 9277
f 9277 9280 9281
f 9277 9281 9279
f 9279 9281 9282
f 9279 9282 9235
f 9235 9282 9233
f 9280 8404 9283
f 9283 8404 8403
f 9283 8403 9284
f 9284 8403 8402
f 9284 8402 9285
f 9285 8402 9286
f 9285 9286 9287
f 9287 9286 9288
f 9287 9288 9289
f 9289 9288 9290
f 9289 9290 9227
f 9227 9290 9164
f 8402 8401 9286
f 9286 8401 9288
f 8401 9164 9288
f 9288 9164 9290
f 9189 9291 9191
f 9191 9291 9292
f 9191 9292 9224
f 9224 9292 9293
f 9224 9293 9222
f 9222 9293 9294
f 9222 9294 9220
f 9220 9294 9295
f 9220 9295 9218
f 9218 9295 9296
f 9218 9296 9216
f 9216 9296 9297
f 9216 9297 9214
f 9214 9297 9298
f 9214 9298 9212
f 9212 9298 9299
f 9212 9299 9210
f 9210 9299 9300
f 9210 9300 9208
f 9208 9300 9301
f 9208 9301 9206
f 9206 9301 9302
f 9206 9302 9303
f 9185 9304 9189
f 9189 9304 9305
f 9189 9305 9291
f 9291 9305 9306
f 9291 9306 9292
f 9292 9306 9293
f 9185 9183 9304
f 9304 9183 9307
f 9304 9307 9308
f 9308 9307 9309
f 9308 9309 9310
f 9310 9309 9311
f 9310 9311 9294
f 9294 9311 9295
f 9182 9312 9183
f 9183 9312 9313
f 9183 9313 9307
f 9307 9313 9314
f 9307 9314 9315
f 9315 9314 9316
f 9315 9316 9317
f 9317 9316 9318
f 9317 9318 9319
f 9319 9318 9320
f 9319 9320 9321
f 9321 9320 9322
f 9321 9322 9323
f 9323 9322 9324
f 9323 9324 9325
f 9325 9324 9326
f 9325 9326 9327
f 9327 9326 9328
f 9327 9328 9329
f 9329 9328 9330
f 9329 9330 9331
f 9331 9330 9332
f 9332 9330 9333
f 9333 9330 9334
f 9333 9334 9335
f 9335 9334 9336
f 9181 9337 9182
f 9182 9337 9338
f 9182 9338 9339
f 9339 9338 9314
f 9339 9314 9313
f 9178 9340 9181
f 9181 9340 9341
f 9181 9341 9337
f 9337 9341 9338
f 9177 9342 9178
f 9178 9342 9343
f 9178 9343 9340
f 9340 9343 9344
f 9340 9344 9345
f 9345 9344 9346
f 9345 9346 9347
f 9347 9346 9348
f 9347 9348 9349
f 9349 9348 9350
f 9349 9350 9351
f 9351 9350 9352
f 9351 9352 9353
f 9353 9352 9354
f 9353 9354 9334
f 9342 9177 9355
f 9355 9177 9179
f 9355 9179 9094
f 9355 9094 9356
f 9356 9094 9357
f 9356 9357 9358
f 9358 9357 9359
f 9358 9359 9360
f 9360 9359 9361
f 9360 9361 9362
f 9362 9361 9363
f 9362 9363 9364
f 9364 9363 9365
f 9364 9365 9366
f 9366 9365 9367
f 9366 9367 9368
f 9368 9367 9369
f 9368 9369 9370
f 9370 9369 9371
f 9368 9370 9352
f 9352 9370 9354
f 9331 9372 9329
f 9329 9372 9373
f 9329 9373 9374
f 9375 9376 9374
f 9374 9376 9327
f 9374 9327 9329
f 9376 9375 9377
f 9377 9375 9378
f 9377 9378 9379
f 9377 9379 9380
f 9380 9379 9381
f 9380 9381 9301
f 9301 9381 9302
f 9303 9204 9206
f 9199 9196 9382
f 9382 9196 9263
f 9382 9263 9261
f 9202 9199 9383
f 9383 9199 9382
f 9383 9382 9384
f 9384 9382 9261
f 9384 9261 9259
f 9205 9202 9246
f 9246 9202 9383
f 9246 9383 9248
f 9248 9383 9384
f 9248 9384 9250
f 9250 9384 9259
f 9250 9259 9252
f 9252 9259 9257
f 9252 9257 9254
f 9254 9257 9255
f 9246 9244 9205
f 9205 9244 9207
f 9244 9242 9207
f 9207 9242 9209
f 9242 9240 9209
f 9209 9240 9211
f 9240 9238 9211
f 9211 9238 9213
f 9238 9236 9213
f 9213 9236 9215
f 9236 9234 9215
f 9215 9234 9217
f 9234 9232 9217
f 9217 9232 9219
f 9232 9230 9219
f 9219 9230 9221
f 9226 9225 9223
f 9230 9228 9221
f 9221 9228 9223
f 9228 9226 9223
f 9278 9237 9239
f 9239 9241 9385
f 9385 9241 9272
f 9385 9272 9386
f 9386 9272 9271
f 9386 9271 9273
f 9273 9271 9270
f 9231 9233 9387
f 9387 9233 9282
f 9387 9282 9388
f 9388 9282 9281
f 9388 9281 9283
f 9283 9281 9280
f 9289 9227 9229
f 9229 9231 9389
f 9389 9231 9387
f 9389 9387 9390
f 9390 9387 9388
f 9390 9388 9284
f 9284 9388 9283
f 9276 9278 9385
f 9385 9278 9239
f 9276 9385 9386
f 9287 9289 9389
f 9389 9289 9229
f 9287 9389 9390
f 9274 9276 9386
f 9274 9386 9273
f 9285 9287 9390
f 9285 9390 9284
f 9301 9300 9380
f 9380 9300 9391
f 9380 9391 9392
f 9392 9391 9393
f 9392 9393 9325
f 9325 9393 9323
f 9300 9299 9391
f 9391 9299 9394
f 9391 9394 9393
f 9393 9394 9395
f 9393 9395 9323
f 9323 9395 9321
f 9299 9298 9394
f 9394 9298 9396
f 9394 9396 9395
f 9395 9396 9397
f 9395 9397 9321
f 9321 9397 9319
f 9298 9297 9396
f 9396 9297 9398
f 9396 9398 9397
f 9397 9398 9399
f 9397 9399 9319
f 9319 9399 9317
f 9297 9296 9398
f 9398 9296 9400
f 9398 9400 9399
f 9399 9400 9401
f 9399 9401 9317
f 9317 9401 9315
f 9296 9295 9400
f 9400 9295 9311
f 9400 9311 9401
f 9401 9311 9309
f 9401 9309 9315
f 9315 9309 9307
f 9294 9293 9310
f 9310 9293 9306
f 9310 9306 9308
f 9308 9306 9305
f 9308 9305 9304
f 9376 9377 9380
f 9376 9380 9392
f 9325 9327 9392
f 9392 9327 9376
f 9314 9338 9316
f 9316 9338 9402
f 9316 9402 9318
f 9318 9402 9403
f 9318 9403 9320
f 9320 9403 9404
f 9320 9404 9322
f 9322 9404 9405
f 9322 9405 9324
f 9324 9405 9406
f 9324 9406 9326
f 9326 9406 9407
f 9326 9407 9328
f 9328 9407 9408
f 9328 9408 9330
f 9330 9408 9334
f 9182 9339 9312
f 9312 9339 9313
f 9338 9341 9402
f 9402 9341 9340
f 9402 9340 9403
f 9403 9340 9345
f 9403 9345 9404
f 9404 9345 9347
f 9404 9347 9405
f 9405 9347 9349
f 9405 9349 9406
f 9406 9349 9351
f 9406 9351 9407
f 9407 9351 9353
f 9407 9353 9408
f 9408 9353 9334
f 9356 9358 9342
f 9342 9358 9343
f 9358 9360 9343
f 9343 9360 9344
f 9360 9362 9344
f 9344 9362 9346
f 9362 9364 9346
f 9346 9364 9348
f 9368 9352 9350
f 9364 9366 9348
f 9348 9366 9350
f 9366 9368 9350
f 9355 9356 9342
f 8410 8371 9409
f 9409 8371 9256
f 9409 9256 9410
f 9410 9256 9258
f 9410 9258 9411
f 9411 9258 9260
f 9411 9260 9412
f 9412 9260 9262
f 9412 9262 9413
f 9413 9262 9193
f 9413 9193 9414
f 9414 9193 9415
f 9414 9415 9416
f 9192 9417 9193
f 9193 9417 9415
f 9416 9418 9414
f 9414 9418 9419
f 9414 9419 9413
f 9413 9419 9420
f 9413 9420 9412
f 9412 9420 9421
f 9412 9421 9411
f 9411 9421 9422
f 9411 9422 9410
f 9410 9422 9423
f 9410 9423 9409
f 9409 9423 9424
f 9409 9424 8411
f 8411 9424 8412
f 8412 9424 8416
f 8416 9424 9425
f 8416 9425 9426
f 9426 9425 9427
f 9426 9427 9428
f 9428 9427 9429
f 9428 9429 9430
f 9430 9429 9431
f 9430 9431 9432
f 9432 9431 9433
f 9432 9433 9434
f 9434 9433 9435
f 9434 9435 9436
f 9436 9435 9437
f 9436 9437 9438
f 9438 9437 9439
f 9438 9439 9440
f 9440 9439 9441
f 9440 9441 9442
f 9442 9441 9443
f 9442 9443 9444
f 9444 9443 9445
f 9444 9445 9446
f 9418 9447 9419
f 9419 9447 9448
f 9419 9448 9449
f 9449 9448 9450
f 9449 9450 9451
f 9452 9453 9451
f 9451 9453 9454
f 9451 9454 9449
f 9449 9454 9455
f 9449 9455 9420
f 9420 9455 9421
f 9452 9456 9453
f 9453 9456 9457
f 9453 9457 9458
f 9458 9457 9459
f 9458 9459 9460
f 9460 9459 9461
f 9460 9461 9462
f 9462 9461 9463
f 9462 9463 9464
f 9464 9463 9465
f 9464 9465 9466
f 9466 9465 9467
f 9466 9467 9468
f 9468 9467 9469
f 9468 9469 9470
f 9470 9469 9471
f 9470 9471 9472
f 9472 9471 9473
f 9472 9473 9474
f 9474 9473 9445
f 9474 9445 9475
f 9475 9445 9443
f 9475 9443 9441
f 9456 9476 9457
f 9457 9476 9477
f 9457 9477 9459
f 9459 9477 9478
f 9459 9478 9461
f 9461 9478 9479
f 9461 9479 9463
f 9463 9479 9480
f 9463 9480 9465
f 9465 9480 9481
f 9465 9481 9467
f 9467 9481 9482
f 9467 9482 9469
f 9469 9482 9483
f 9483 9482 9484
f 9483 9484 9485
f 9485 9484 9486
f 9485 9486 9487
f 9487 9486 9488
f 9487 9488 9489
f 9489 9488 9490
f 9489 9490 9491
f 9491 9490 9492
f 9491 9492 9493
f 9493 9492 9494
f 9493 9494 9495
f 9495 9494 9496
f 9496 9494 9497
f 9497 9494 9477
f 9497 9477 9476
f 9495 9498 9493
f 9493 9498 9499
f 9493 9499 9500
f 9500 9499 9501
f 9500 9501 9502
f 9502 9503 9500
f 9500 9503 9504
f 9500 9504 9505
f 9505 9504 9506
f 9505 9506 9507
f 9507 9506 9508
f 9507 9508 9509
f 9509 9508 9510
f 9509 9510 9511
f 9511 9510 9512
f 9511 9512 9513
f 9513 9512 9514
f 9513 9514 5859
f 9504 9503 9515
f 9515 9503 9516
f 9515 9516 9517
f 9517 9336 9515
f 9515 9336 9334
f 9515 9334 9518
f 9518 9334 9519
f 9518 9519 9520
f 9520 9519 9521
f 9520 9521 9522
f 9522 9521 9523
f 9522 9523 9524
f 9524 9523 9525
f 9524 9525 9526
f 9334 9354 9519
f 9519 9354 9527
f 9519 9527 9521
f 9521 9527 9528
f 9521 9528 9523
f 9523 9528 9529
f 9523 9529 9525
f 9354 9370 9527
f 9527 9370 9530
f 9527 9530 9528
f 9528 9530 9531
f 9528 9531 9529
f 9370 9371 9530
f 9530 9371 9532
f 9530 9532 9531
f 9524 9526 9533
f 9533 9526 9534
f 9533 9534 9514
f 9513 5859 9535
f 9535 5859 9536
f 9535 9536 9537
f 9535 9537 9538
f 9538 9537 9539
f 9538 9539 9511
f 9511 9539 9485
f 9511 9485 9509
f 9509 9485 9487
f 9509 9487 9507
f 9507 9487 9489
f 9507 9489 9505
f 9505 9489 9491
f 9505 9491 9500
f 9500 9491 9493
f 9539 9483 9485
f 9540 9541 9446
f 9446 9541 9542
f 9446 9542 9444
f 9444 9542 9543
f 9444 9543 9442
f 9442 9543 9440
f 8438 9544 9540
f 9540 9544 9545
f 9540 9545 9546
f 9546 9545 9547
f 9546 9547 9548
f 9548 9547 9549
f 9548 9549 9550
f 9550 9549 9551
f 9550 9551 9552
f 9552 9551 9553
f 9552 9553 9554
f 9554 9553 9555
f 9554 9555 9556
f 9556 9555 9557
f 9556 9557 9558
f 9558 9557 9559
f 9558 9559 9432
f 9432 9559 9430
f 9544 8438 9560
f 9560 8438 8437
f 9560 8437 9561
f 9561 8437 9562
f 9561 9562 9563
f 9563 9562 9564
f 9563 9564 9547
f 9547 9564 9549
f 8437 8436 9562
f 9562 8436 9565
f 9562 9565 9564
f 9564 9565 9566
f 9564 9566 9549
f 9549 9566 9551
f 8436 8435 9565
f 9565 8435 9567
f 9565 9567 9566
f 9566 9567 9568
f 9566 9568 9551
f 9551 9568 9553
f 9567 8435 9569
f 9569 8435 8434
f 9569 8434 9570
f 9570 8434 9571
f 9570 9571 9572
f 9572 9571 9573
f 9572 9573 9557
f 9557 9573 9559
f 8434 8421 9571
f 9571 8421 9574
f 9571 9574 9573
f 9573 9574 9575
f 9573 9575 9559
f 9559 9575 9430
f 9574 8421 9576
f 9576 8421 8419
f 9576 8419 9426
f 9426 8419 8417
f 9426 8417 8416
f 8411 8410 9409
f 9540 9546 9577
f 9577 9546 9548
f 9577 9548 9578
f 9578 9548 9550
f 9578 9550 9579
f 9579 9550 9552
f 9579 9552 9580
f 9580 9552 9554
f 9580 9554 9581
f 9581 9554 9556
f 9581 9556 9582
f 9582 9556 9558
f 9582 9558 9434
f 9434 9558 9432
f 9540 9577 9541
f 9541 9577 9578
f 9541 9578 9583
f 9583 9578 9579
f 9583 9579 9584
f 9584 9579 9580
f 9584 9580 9585
f 9585 9580 9581
f 9585 9581 9586
f 9586 9581 9582
f 9586 9582 9436
f 9436 9582 9434
f 9425 9424 9587
f 9587 9424 9423
f 9587 9423 9588
f 9588 9423 9422
f 9588 9422 9589
f 9589 9422 9421
f 9589 9421 9455
f 9575 9574 9576
f 9575 9576 9428
f 9428 9576 9426
f 9568 9567 9569
f 9569 9570 9590
f 9590 9570 9572
f 9590 9572 9555
f 9555 9572 9557
f 9544 9560 9561
f 9544 9561 9563
f 9425 9587 9427
f 9427 9587 9591
f 9427 9591 9429
f 9429 9591 9592
f 9429 9592 9431
f 9431 9592 9593
f 9431 9593 9433
f 9433 9593 9594
f 9433 9594 9435
f 9435 9594 9595
f 9435 9595 9437
f 9437 9595 9596
f 9437 9596 9439
f 9439 9596 9597
f 9439 9597 9441
f 9441 9597 9475
f 9591 9587 9588
f 9430 9575 9428
f 9553 9568 9590
f 9590 9568 9569
f 9553 9590 9555
f 9545 9544 9563
f 9545 9563 9547
f 9591 9588 9598
f 9598 9588 9589
f 9598 9589 9599
f 9599 9589 9455
f 9599 9455 9454
f 9591 9598 9592
f 9592 9598 9600
f 9592 9600 9593
f 9593 9600 9601
f 9593 9601 9594
f 9594 9601 9602
f 9594 9602 9595
f 9595 9602 9603
f 9595 9603 9596
f 9596 9603 9604
f 9596 9604 9597
f 9597 9604 9605
f 9597 9605 9475
f 9475 9605 9606
f 9475 9606 9474
f 9474 9606 9472
f 9600 9598 9599
f 9449 9420 9419
f 9600 9599 9607
f 9607 9599 9454
f 9607 9454 9608
f 9608 9454 9453
f 9608 9453 9458
f 9600 9607 9601
f 9601 9607 9609
f 9601 9609 9602
f 9602 9609 9610
f 9602 9610 9603
f 9603 9610 9611
f 9603 9611 9604
f 9604 9611 9612
f 9604 9612 9605
f 9605 9612 9613
f 9605 9613 9606
f 9606 9613 9472
f 9609 9607 9608
f 9436 9438 9586
f 9586 9438 9614
f 9586 9614 9585
f 9585 9614 9615
f 9585 9615 9584
f 9584 9615 9616
f 9584 9616 9583
f 9583 9616 9541
f 9542 9541 9616
f 9609 9608 9617
f 9617 9608 9458
f 9617 9458 9460
f 9438 9440 9614
f 9614 9440 9543
f 9614 9543 9615
f 9615 9543 9542
f 9615 9542 9616
f 9609 9617 9610
f 9610 9617 9618
f 9610 9618 9611
f 9611 9618 9619
f 9611 9619 9612
f 9612 9619 9620
f 9612 9620 9613
f 9613 9620 9621
f 9613 9621 9472
f 9472 9621 9470
f 9618 9617 9460
f 9478 9477 9492
f 9492 9477 9494
f 9619 9618 9462
f 9462 9618 9460
f 9479 9478 9490
f 9490 9478 9492
f 9620 9619 9464
f 9464 9619 9462
f 9480 9479 9488
f 9488 9479 9490
f 9621 9620 9466
f 9466 9620 9464
f 9504 9515 9622
f 9622 9515 9518
f 9622 9518 9520
f 9481 9480 9486
f 9486 9480 9488
f 9470 9621 9468
f 9468 9621 9466
f 9520 9623 9622
f 9622 9623 9506
f 9622 9506 9504
f 9506 9623 9508
f 9508 9623 9624
f 9508 9624 9510
f 9510 9624 9533
f 9510 9533 9512
f 9512 9533 9514
f 9624 9623 9522
f 9522 9623 9520
f 9481 9486 9484
f 9484 9482 9481
f 9533 9624 9524
f 9524 9624 9522
f 9535 9538 9513
f 9513 9538 9511
f 9536 5859 9625
f 9625 5859 5860
f 9625 5860 5883
f 9625 5883 9626
f 9626 5883 5882
f 9626 5882 9627
f 9627 5882 9628
f 9627 9628 9629
f 9629 9628 9630
f 9629 9630 9631
f 9631 9630 9632
f 9631 9632 9446
f 9446 9632 9540
f 9540 9632 9633
f 9540 9633 8438
f 8438 9633 8429
f 8429 9633 9634
f 8429 9634 9635
f 9635 9634 9636
f 9635 9636 5878
f 5878 9636 5879
f 5879 9636 5880
f 5880 9636 9637
f 5880 9637 5881
f 5881 9637 9628
f 5881 9628 5882
f 5878 5877 9635
f 9635 5877 8429
f 9631 9446 9638
f 9638 9446 9445
f 9638 9445 9639
f 9639 9445 9473
f 9639 9473 9640
f 9640 9473 9471
f 9640 9471 9641
f 9641 9471 9469
f 9641 9469 9483
f 9483 9539 9641
f 9641 9539 9537
f 9641 9537 9642
f 9642 9537 9536
f 9642 9536 9625
f 9640 9641 9642
f 9642 9625 9643
f 9643 9625 9626
f 9643 9626 9644
f 9644 9626 9627
f 9644 9627 9629
f 9644 9639 9643
f 9643 9639 9640
f 9643 9640 9642
f 9639 9644 9638
f 9638 9644 9629
f 9638 9629 9631
f 9628 9637 9630
f 9630 9637 9645
f 9630 9645 9632
f 9632 9645 9633
f 9636 9634 9645
f 9645 9634 9633
f 9637 9636 9645
f 5618 5841 5450
f 5450 5841 9646
f 5450 9646 5448
f 5841 5886 9646
f 9646 5886 9647
f 9647 5886 5885
f 9647 5885 5884
f 9647 5884 9648
f 9648 5884 9649
f 9648 9649 9650
f 9650 9649 9651
f 9650 9651 9652
f 9652 9651 9653
f 9652 9653 9654
f 9654 9653 9655
f 9654 9655 9656
f 9656 9655 9657
f 9656 9657 9658
f 9659 9660 9658
f 9658 9660 9661
f 9658 9661 9656
f 9656 9661 9654
f 9659 9662 9660
f 9660 9662 9663
f 9660 9663 9661
f 9661 9663 9664
f 9661 9664 9665
f 9665 9664 9666
f 9665 9666 9667
f 9663 9662 9668
f 9668 9662 9076
f 9668 9076 9669
f 9669 9076 9075
f 9669 9075 9670
f 9670 9075 9671
f 9670 9671 9672
f 9672 9671 9664
f 9672 9664 9668
f 9668 9664 9663
f 9671 9666 9664
f 9648 9650 9667
f 9667 9650 9652
f 9667 9652 9665
f 9665 9652 9654
f 9665 9654 9661
f 9669 9670 9672
f 9669 9672 9668
f 8447 8431 9673
f 9673 8431 8440
f 9673 8440 9674
f 9674 8440 8439
f 9674 8439 9675
f 9675 8439 9676
f 9675 9676 9677
f 9677 9676 9678
f 9677 9678 9679
f 9679 9678 9680
f 9679 9680 5892
f 5892 9680 9681
f 5892 9681 9682
f 9682 9681 9683
f 9682 9683 9684
f 9684 9683 9685
f 9684 9685 9686
f 9686 9685 8432
f 9686 8432 9687
f 9687 8432 5877
f 9687 5877 9688
f 9688 5877 5869
f 9688 5869 9689
f 9689 5869 5866
f 9689 5866 5867
f 8439 8433 9676
f 9676 8433 9690
f 9676 9690 9678
f 9678 9690 9691
f 9678 9691 9680
f 9680 9691 9681
f 9690 8433 9692
f 9692 8433 8432
f 9692 8432 9685
f 9689 5867 9693
f 9693 5867 5868
f 9693 5868 5892
f 5892 5894 9679
f 9679 5894 9694
f 9679 9694 9677
f 9677 9694 9695
f 9677 9695 9675
f 9675 9695 9674
f 9694 5894 9696
f 9696 5894 5896
f 9696 5896 9697
f 9697 5896 5898
f 9697 5898 5899
f 9697 5899 9698
f 9698 5899 5901
f 9698 5901 8450
f 9698 8450 9699
f 9699 8450 8449
f 9699 8449 9673
f 9673 8449 8447
f 9697 9698 9699
f 9699 9673 9700
f 9700 9673 9674
f 9700 9674 9695
f 9696 9697 9700
f 9700 9697 9699
f 9696 9700 9695
f 9696 9695 9694
f 9690 9692 9691
f 9691 9692 9683
f 9691 9683 9681
f 9685 9683 9692
f 5892 9682 9701
f 9701 9682 9684
f 9701 9684 9702
f 9702 9684 9686
f 9702 9686 9687
f 5892 9701 9693
f 9693 9701 9702
f 9693 9702 9689
f 9689 9702 9687
f 9689 9687 9688
f 5897 9703 5900
f 5900 9703 5910
f 5900 5910 5948
f 5897 5895 9703
f 9703 5895 9704
f 9703 9704 5912
f 5912 9704 5911
f 5911 9704 9705
f 5911 9705 5903
f 5903 9705 5890
f 5890 9705 5891
f 5891 9705 5893
f 5893 9705 9704
f 5893 9704 5895
f 5912 5910 9703
f 5443 5444 9706
f 9706 5444 9707
f 9706 9707 9708
f 9708 9707 9646
f 9708 9646 9709
f 5444 5446 9707
f 9707 5446 5447
f 9707 5447 5448
f 5448 9646 9707
f 9709 9706 9708
f 5443 9710 5451
f 5451 9710 9711
f 5451 9711 9712
f 9712 9711 9713
f 9712 9713 9709
f 9709 9713 9714
f 9709 9714 9706
f 9706 9714 9710
f 9706 9710 5443
f 9709 9715 9712
f 9714 9713 9711
f 9710 9714 9711
f 5920 5456 9716
f 9716 5456 5455
f 9716 5455 5454
f 9716 5454 9717
f 9717 5454 5453
f 9717 5453 9718
f 9718 5453 5452
f 9718 5452 9712
f 9712 5452 5451
f 9712 9715 9718
f 9718 9715 9719
f 9718 9719 9717
f 9717 9719 9720
f 9717 9720 9716
f 9716 9720 9721
f 9716 9721 5920
f 5920 9721 5921
f 5921 9721 9722
f 5921 9722 5923
f 5923 9722 9723
f 5923 9723 9724
f 9724 9723 9725
f 9724 9725 9726
f 9726 9725 9727
f 9726 9727 9728
f 9728 9727 9729
f 9728 9729 9730
f 9715 9731 9719
f 9719 9731 9732
f 9719 9732 9733
f 9733 9732 9734
f 9733 9734 9735
f 9735 9734 9736
f 9735 9736 9737
f 9737 9736 9738
f 9737 9738 9727
f 9727 9738 9729
f 9728 9730 9739
f 9739 9730 9740
f 9739 9740 9741
f 9741 9740 9742
f 9741 9742 5341
f 9741 5341 9743
f 9743 5341 5343
f 9743 5343 9744
f 9744 5343 5931
f 9744 5931 9745
f 9745 5931 5929
f 9745 5929 9746
f 9746 5929 5927
f 9746 5927 9747
f 9747 5927 5925
f 9747 5925 9724
f 9724 5925 5923
f 9722 9721 9748
f 9748 9721 9720
f 9748 9720 9733
f 9733 9720 9719
f 9723 9722 9749
f 9749 9722 9748
f 9749 9748 9735
f 9735 9748 9733
f 9724 9726 9747
f 9747 9726 9750
f 9747 9750 9746
f 9746 9750 9751
f 9746 9751 9745
f 9745 9751 9743
f 9745 9743 9744
f 9723 9749 9725
f 9725 9749 9737
f 9725 9737 9727
f 9737 9749 9735
f 9726 9728 9750
f 9750 9728 9739
f 9750 9739 9751
f 9751 9739 9741
f 9751 9741 9743
f 9050 4939 9752
f 9752 4939 4938
f 9752 4938 4937
f 4937 4924 9752
f 9752 4924 9753
f 9752 9753 9754
f 9754 9753 9755
f 9754 9755 9050
f 4924 4923 9753
f 9754 9050 9752
f 9756 9075 9757
f 9757 9075 9758
f 9757 9758 9759
f 9759 9758 9760
f 9759 9760 9761
f 9761 9760 9762
f 9761 9762 9763
f 9763 9762 9077
f 9763 9077 9054
f 9075 9080 9758
f 9758 9080 9079
f 9758 9079 9760
f 9760 9079 9762
f 9079 9077 9762
f 9763 9054 9764
f 9764 9054 9052
f 9764 9052 9050
f 9050 9755 9764
f 9764 9755 9765
f 9764 9765 9763
f 9763 9765 9761
f 9756 9766 9075
f 9075 9766 9767
f 9075 9767 9671
f 9671 9767 9666
f 9666 9767 9768
f 9666 9768 9769
f 9769 9768 9770
f 9769 9770 9771
f 9771 9770 9772
f 9771 9772 9773
f 9773 9772 9709
f 9773 9709 9646
f 9766 9774 9767
f 9767 9774 9768
f 9774 9770 9768
f 9646 9647 9773
f 9773 9647 9648
f 9773 9648 9771
f 9771 9648 9667
f 9771 9667 9769
f 9769 9667 9666
f 9756 5341 9766
f 9766 5341 9742
f 9766 9742 9774
f 9774 9742 9740
f 9774 9740 9730
f 9774 9730 9770
f 9770 9730 9729
f 9770 9729 9738
f 9770 9738 9772
f 9772 9738 9736
f 9772 9736 9734
f 9732 9731 9734
f 9734 9731 9715
f 9734 9715 9772
f 9772 9715 9709
f 9756 9757 5341
f 5341 9757 5340
f 5340 9757 9759
f 5340 9759 5338
f 5338 9759 5336
f 5336 9759 9761
f 5336 9761 5334
f 5334 9761 5332
f 5332 9761 9765
f 5332 9765 5330
f 5330 9765 5328
f 5328 9765 5326
f 5326 9765 9755
f 5326 9755 5325
f 5325 9755 5323
f 9753 4923 9775
f 9775 4923 4935
f 9775 4935 9776
f 9776 4935 5321
f 9776 5321 9753
f 9753 5321 9755
f 9755 5321 5323
f 9776 9753 9777
f 9777 9753 9775
f 9777 9775 9776
f 5391 5412 9778
f 9778 5412 5417
f 9778 5417 5419
f 9778 5419 9779
f 9779 5419 5421
f 9779 5421 9780
f 9780 5421 5423
f 9780 5423 5427
f 5427 5387 9780
f 9780 5387 5394
f 9780 5394 5393
f 9780 5393 9779
f 9779 5393 5392
f 9779 5392 9778
f 9778 5392 5391
f 9781 9782 9783
f 9783 9782 9784
f 9783 9784 9785
f 9785 9784 9786
f 9786 9784 9787
f 9786 9787 9371
f 9371 9787 9532
f 9532 9787 9788
f 9532 9788 9531
f 9531 9788 9789
f 9531 9789 9790
f 9790 9789 9791
f 9790 9791 9792
f 9792 9791 9793
f 9792 9793 9794
f 9794 9793 9659
f 9794 9659 9658
f 9781 9795 9782
f 9782 9795 9662
f 9782 9662 9796
f 9796 9662 9659
f 9796 9659 9793
f 9795 9076 9662
f 9657 9797 9658
f 9658 9797 9798
f 9658 9798 9794
f 9794 9798 9799
f 9794 9799 9792
f 9792 9799 9800
f 9792 9800 9790
f 9790 9800 9531
f 9797 9657 9801
f 9801 9657 9655
f 9801 9655 9802
f 9802 9655 9653
f 9802 9653 9803
f 9803 9653 9651
f 9803 9651 9804
f 9804 9651 9649
f 9804 9649 5856
f 5856 9649 5884
f 9804 5856 9805
f 9805 5856 5857
f 9805 5857 9806
f 9806 5857 9514
f 9806 9514 9534
f 5857 5859 9514
f 9806 9534 9807
f 9807 9534 9526
f 9807 9526 9808
f 9808 9526 9525
f 9808 9525 9809
f 9809 9525 9529
f 9809 9529 9810
f 9810 9529 9800
f 9810 9800 9799
f 9529 9531 9800
f 9788 9787 9784
f 9784 9782 9811
f 9811 9782 9796
f 9811 9796 9791
f 9791 9796 9793
f 9789 9788 9811
f 9811 9788 9784
f 9789 9811 9791
f 9799 9798 9812
f 9812 9798 9797
f 9812 9797 9813
f 9813 9797 9801
f 9813 9801 9814
f 9814 9801 9802
f 9814 9802 9815
f 9815 9802 9803
f 9815 9803 9805
f 9805 9803 9804
f 9813 9809 9812
f 9812 9809 9810
f 9812 9810 9799
f 9809 9813 9808
f 9808 9813 9814
f 9808 9814 9807
f 9807 9814 9815
f 9807 9815 9806
f 9806 9815 9805
f 9076 9795 9081
f 9081 9795 9816
f 9081 9816 9817
f 9817 9816 9818
f 9817 9818 9819
f 9819 9818 9820
f 9819 9820 9821
f 9821 9820 9369
f 9821 9369 9367
f 9795 9781 9816
f 9816 9781 9783
f 9816 9783 9818
f 9818 9783 9785
f 9818 9785 9786
f 9818 9786 9820
f 9820 9786 9371
f 9820 9371 9369
f 9365 9822 9367
f 9367 9822 9823
f 9367 9823 9824
f 9824 9823 9825
f 9824 9825 9826
f 9826 9825 9827
f 9826 9827 9828
f 9828 9827 9082
f 9828 9082 9081
f 9363 9829 9365
f 9365 9829 9830
f 9365 9830 9822
f 9822 9830 9831
f 9822 9831 9832
f 9832 9831 9833
f 9832 9833 9834
f 9834 9833 9066
f 9834 9066 9827
f 9827 9066 9082
f 9829 9363 9835
f 9835 9363 9361
f 9835 9361 9836
f 9836 9361 9359
f 9836 9359 9837
f 9837 9359 9357
f 9837 9357 9096
f 9096 9357 9094
f 9837 9096 9838
f 9838 9096 9097
f 9838 9097 9839
f 9839 9097 9056
f 9839 9056 9058
f 9058 9059 9839
f 9839 9059 9840
f 9839 9840 9841
f 9841 9840 9842
f 9841 9842 9835
f 9835 9842 9829
f 9059 9061 9840
f 9840 9061 9843
f 9840 9843 9842
f 9842 9843 9844
f 9842 9844 9829
f 9829 9844 9830
f 9061 9063 9843
f 9843 9063 9845
f 9843 9845 9844
f 9844 9845 9831
f 9844 9831 9830
f 9063 9065 9845
f 9845 9065 9833
f 9845 9833 9831
f 9065 9066 9833
f 9081 9817 9828
f 9828 9817 9819
f 9828 9819 9826
f 9826 9819 9821
f 9826 9821 9824
f 9824 9821 9367
f 9834 9827 9825
f 9822 9832 9823
f 9823 9832 9825
f 9832 9834 9825
f 9835 9836 9841
f 9841 9836 9838
f 9841 9838 9839
f 9837 9838 9836
f 9846 9847 9848
f 9848 9847 9849
f 9848 9849 9850
f 9850 9849 9851
f 9850 9851 9852
f 9852 9851 9853
f 9852 9853 9854
f 9854 9853 9855
f 9854 9855 9856
f 9856 9855 9416
f 9856 9416 9415
f 9847 9846 9857
f 9857 9846 9858
f 9857 9858 9859
f 9859 9858 9860
f 9859 9860 9861
f 9861 9860 9862
f 9861 9862 9863
f 9863 9862 9864
f 9863 9864 9865
f 9865 9864 9866
f 9865 9866 9476
f 9476 9866 9497
f 9497 9866 9867
f 9497 9867 9496
f 9496 9867 9495
f 9495 9867 9868
f 9495 9868 9498
f 9498 9868 9869
f 9498 9869 9499
f 9499 9869 9870
f 9499 9870 9501
f 9501 9870 9871
f 9501 9871 9502
f 9502 9871 9872
f 9502 9872 9873
f 9873 9872 9874
f 9873 9874 9875
f 9875 9874 9876
f 9875 9876 9877
f 9877 9876 9878
f 9877 9878 9879
f 9879 9878 9880
f 9879 9880 9881
f 9881 9880 9336
f 9860 9858 9882
f 9882 9858 9883
f 9882 9883 9884
f 9884 9883 9885
f 9884 9885 9886
f 9886 9885 9887
f 9886 9887 9888
f 9888 9887 9889
f 9888 9889 9868
f 9868 9889 9869
f 9885 9883 9890
f 9890 9883 9891
f 9890 9891 9892
f 9892 9891 9893
f 9892 9893 9894
f 9894 9893 9895
f 9894 9895 9896
f 9896 9895 9897
f 9896 9897 9871
f 9871 9897 9872
f 9891 9898 9893
f 9893 9898 9899
f 9893 9899 9895
f 9895 9899 9900
f 9895 9900 9897
f 9897 9900 9874
f 9897 9874 9872
f 9880 9878 9898
f 9898 9878 9901
f 9898 9901 9899
f 9899 9901 9900
f 9336 9517 9902
f 9902 9517 9516
f 9902 9516 9503
f 9902 9503 9873
f 9873 9503 9502
f 9476 9456 9865
f 9865 9456 9903
f 9865 9903 9863
f 9863 9903 9904
f 9863 9904 9861
f 9861 9904 9905
f 9861 9905 9859
f 9859 9905 9857
f 9456 9452 9903
f 9903 9452 9906
f 9903 9906 9904
f 9904 9906 9907
f 9904 9907 9905
f 9905 9907 9908
f 9905 9908 9857
f 9857 9908 9847
f 9452 9451 9906
f 9906 9451 9909
f 9906 9909 9907
f 9907 9909 9910
f 9907 9910 9908
f 9908 9910 9911
f 9908 9911 9847
f 9847 9911 9849
f 9451 9450 9909
f 9909 9450 9912
f 9909 9912 9910
f 9910 9912 9913
f 9910 9913 9911
f 9911 9913 9851
f 9911 9851 9849
f 9450 9448 9912
f 9912 9448 9914
f 9912 9914 9913
f 9913 9914 9853
f 9913 9853 9851
f 9448 9447 9914
f 9914 9447 9418
f 9914 9418 9855
f 9855 9418 9416
f 9415 9417 9856
f 9856 9417 9192
f 9881 9336 9915
f 9915 9336 9916
f 9856 9192 9854
f 9854 9192 9852
f 9852 9192 9850
f 9862 9860 9882
f 9914 9855 9853
f 9192 9848 9850
f 9885 9890 9887
f 9887 9890 9917
f 9887 9917 9889
f 9889 9917 9918
f 9889 9918 9869
f 9869 9918 9870
f 9888 9867 9919
f 9919 9867 9866
f 9919 9866 9864
f 9867 9888 9868
f 9888 9919 9886
f 9886 9919 9920
f 9886 9920 9884
f 9884 9920 9882
f 9920 9919 9864
f 9892 9894 9917
f 9917 9894 9918
f 9870 9918 9896
f 9896 9918 9894
f 9890 9892 9917
f 9878 9876 9901
f 9901 9876 9900
f 9870 9896 9871
f 9876 9874 9900
f 9881 9915 9879
f 9879 9915 9877
f 9902 9873 9875
f 9915 9916 9877
f 9877 9916 9875
f 9875 9916 9902
f 9902 9916 9336
f 9882 9920 9862
f 9862 9920 9864
f 9898 9921 9880
f 9880 9921 9922
f 9880 9922 9923
f 9923 9922 9924
f 9923 9924 9925
f 9925 9924 9926
f 9925 9926 9927
f 9927 9926 9928
f 9927 9928 9929
f 9929 9928 9332
f 9929 9332 9333
f 9891 9930 9898
f 9898 9930 9931
f 9898 9931 9921
f 9921 9931 9932
f 9921 9932 9933
f 9933 9932 9934
f 9933 9934 9935
f 9935 9934 9936
f 9935 9936 9937
f 9937 9936 9331
f 9937 9331 9332
f 9883 9938 9891
f 9891 9938 9939
f 9891 9939 9940
f 9940 9939 9941
f 9940 9941 9942
f 9942 9941 9943
f 9942 9943 9944
f 9944 9943 9945
f 9944 9945 9946
f 9946 9945 9374
f 9946 9374 9373
f 9858 9947 9883
f 9883 9947 9948
f 9883 9948 9938
f 9938 9948 9949
f 9938 9949 9950
f 9950 9949 9951
f 9950 9951 9952
f 9952 9951 9953
f 9952 9953 9954
f 9954 9953 9379
f 9954 9379 9378
f 9846 9955 9858
f 9858 9955 9956
f 9858 9956 9957
f 9957 9956 9958
f 9957 9958 9959
f 9959 9958 9960
f 9959 9960 9961
f 9961 9960 9962
f 9961 9962 9963
f 9963 9962 9303
f 9963 9303 9302
f 9848 9964 9846
f 9846 9964 9965
f 9846 9965 9955
f 9955 9965 9966
f 9955 9966 9967
f 9967 9966 9968
f 9967 9968 9969
f 9969 9968 9970
f 9969 9970 9971
f 9971 9970 9203
f 9971 9203 9204
f 9192 9972 9848
f 9848 9972 9973
f 9848 9973 9964
f 9964 9973 9974
f 9964 9974 9975
f 9975 9974 9976
f 9975 9976 9977
f 9977 9976 9978
f 9977 9978 9979
f 9979 9978 9198
f 9979 9198 9200
f 9192 9194 9980
f 9980 9194 9195
f 9980 9195 9197
f 9980 9197 9978
f 9978 9197 9198
f 9200 9201 9979
f 9979 9201 9970
f 9979 9970 9968
f 9201 9203 9970
f 9971 9204 9962
f 9962 9204 9303
f 9963 9302 9981
f 9981 9302 9381
f 9981 9381 9953
f 9953 9381 9379
f 9378 9375 9954
f 9954 9375 9945
f 9954 9945 9943
f 9375 9374 9945
f 9946 9373 9982
f 9982 9373 9372
f 9982 9372 9936
f 9936 9372 9331
f 9333 9335 9929
f 9929 9335 9336
f 9972 9192 9983
f 9983 9192 9984
f 9984 9192 9980
f 9929 9336 9927
f 9927 9336 9925
f 9925 9336 9923
f 9332 9928 9937
f 9937 9928 9926
f 9937 9926 9935
f 9935 9926 9924
f 9935 9924 9933
f 9933 9924 9922
f 9933 9922 9921
f 9336 9880 9923
f 9891 9940 9930
f 9930 9940 9942
f 9930 9942 9985
f 9985 9942 9944
f 9985 9944 9986
f 9986 9944 9946
f 9986 9946 9982
f 9947 9858 9957
f 9932 9931 9985
f 9985 9931 9930
f 9934 9932 9986
f 9986 9932 9985
f 9936 9934 9982
f 9982 9934 9986
f 9938 9950 9939
f 9939 9950 9941
f 9950 9952 9941
f 9941 9952 9943
f 9952 9954 9943
f 9949 9948 9987
f 9987 9948 9947
f 9987 9947 9959
f 9959 9947 9957
f 9981 9953 9951
f 9951 9949 9988
f 9988 9949 9987
f 9988 9987 9961
f 9961 9987 9959
f 9958 9956 9967
f 9967 9956 9955
f 9960 9958 9969
f 9969 9958 9967
f 9962 9960 9971
f 9971 9960 9969
f 9966 9965 9975
f 9975 9965 9964
f 9968 9966 9977
f 9977 9966 9975
f 9977 9979 9968
f 9974 9973 9983
f 9983 9973 9972
f 9976 9974 9984
f 9984 9974 9983
f 9978 9976 9980
f 9980 9976 9984
f 9988 9961 9963
f 9951 9988 9981
f 9981 9988 9963
f 9989 9990 9991
f 9991 9990 9992
f 9991 9992 9993
f 9993 9992 4319
f 9993 4319 4320
f 9990 9989 9994
f 9994 9989 9995
f 9994 9995 9996
f 9996 9995 3883
f 9996 3883 9997
f 9997 3883 3873
f 9997 3873 4318
f 4319 9994 4318
f 4318 9994 9996
f 4318 9996 9997
f 4321 9998 4320
f 4320 9998 9999
f 4320 9999 9993
f 9993 9999 9991
f 9998 4321 10000
f 10000 4321 4322
f 10000 4322 10001
f 10001 4322 10002
f 10001 10002 10003
f 10003 10002 10004
f 10004 10002 10005
f 10004 10005 10006
f 10006 10005 4324
f 10006 4324 10007
f 10007 4324 4325
f 10007 4325 10008
f 10008 4325 4326
f 10008 4326 10009
f 10009 4326 4327
f 10009 4327 10010
f 10010 4327 4328
f 10010 4328 10011
f 10011 4328 4329
f 10011 4329 10012
f 10012 4329 4330
f 10012 4330 10013
f 10013 4330 10014
f 10013 10014 10015
f 10015 10014 10016
f 10016 10014 10017
f 10016 10017 10018
f 10018 10017 10019
f 10018 10019 10020
f 10020 10019 10021
f 10020 10021 10022
f 10022 10021 10023
f 10022 10023 10024
f 10024 10023 10025
f 10025 10023 10026
f 10025 10026 10027
f 10027 10026 10028
f 10028 10026 4370
f 10028 4370 10029
f 10029 4370 4369
f 10029 4369 10030
f 10030 4369 4339
f 10030 4339 10031
f 10031 4339 4338
f 10031 4338 10032
f 10032 4338 10033
f 10032 10033 10034
f 4322 4323 10002
f 10002 4323 10005
f 4323 4324 10005
f 4330 4331 10014
f 10014 4331 10017
f 4331 4332 10017
f 10017 4332 4333
f 10017 4333 10019
f 10019 4333 4334
f 10019 4334 10021
f 10021 4334 4335
f 10021 4335 10023
f 10023 4335 4336
f 10023 4336 10026
f 10026 4336 4372
f 10026 4372 4371
f 4371 4370 10026
f 4338 4368 10033
f 10033 4368 10035
f 10035 4368 4342
f 10035 4342 10036
f 10036 4342 4341
f 10036 4341 10037
f 10037 4341 4367
f 10037 4367 10038
f 10038 4367 4366
f 10038 4366 10039
f 10039 4366 10040
f 10039 10040 10041
f 10041 10040 10042
f 10042 10040 10043
f 10042 10043 10044
f 10044 10043 10045
f 10044 10045 10046
f 10046 10045 10047
f 10046 10047 10048
f 10048 10047 10049
f 10048 10049 10050
f 10050 10049 10051
f 10050 10051 10052
f 10052 10051 10053
f 10052 10053 10054
f 10054 10053 10055
f 10054 10055 10056
f 10056 10055 10057
f 10056 10057 10058
f 10058 10057 10059
f 10058 10059 10060
f 10060 10059 10061
f 10060 10061 10062
f 10062 10061 10063
f 10062 10063 10064
f 10064 10063 4360
f 10064 4360 4361
f 4366 4365 10040
f 10040 4365 4345
f 10040 4345 10043
f 10043 4345 4346
f 10043 4346 10045
f 10045 4346 4347
f 10045 4347 10047
f 10047 4347 4348
f 10047 4348 10049
f 10049 4348 4349
f 10049 4349 10051
f 10051 4349 4351
f 10051 4351 10053
f 10053 4351 4352
f 10053 4352 10055
f 10055 4352 4353
f 10055 4353 4354
f 10055 4354 10057
f 10057 4354 4356
f 10057 4356 10059
f 10059 4356 4358
f 10059 4358 10061
f 10061 4358 4359
f 10061 4359 10063
f 10063 4359 4360
f 10064 4361 10065
f 10065 4361 4363
f 10065 4363 10066
f 10066 4363 4012
f 10066 4012 4010
f 4010 10067 10066
f 10066 10067 10065
f 10067 10068 10065
f 10065 10068 10064
f 10068 10062 10064
f 10034 10069 10032
f 10032 10069 10070
f 10070 10069 10071
f 10071 10069 10072
f 10071 10072 10073
f 10015 10074 10013
f 10013 10074 10012
f 10074 10075 10012
f 10012 10075 10011
f 10075 10076 10011
f 10011 10076 10010
f 10076 10077 10010
f 10010 10077 10009
f 10077 10078 10009
f 10009 10078 10008
f 10078 10079 10008
f 10008 10079 10007
f 10007 10079 10006
f 10006 10079 10004
f 10001 10003 10000
f 10000 10003 10080
f 10000 10080 9998
f 9998 10080 9999
f 10080 9991 9999
f 9992 9990 4319
f 4319 9990 9994
f 3892 10081 3902
f 3902 10081 10082
f 3902 10082 10083
f 10083 10082 10084
f 10083 10084 10085
f 10085 10084 10086
f 10085 10086 10087
f 10087 10086 10088
f 10087 10088 10089
f 10089 10088 10090
f 10089 10090 10091
f 10091 10090 10092
f 10091 10092 10093
f 10093 10092 10094
f 10093 10094 10095
f 10095 10094 10096
f 10095 10096 10097
f 10097 10096 10098
f 10097 10098 10099
f 10099 10098 10100
f 10099 10100 10052
f 10052 10100 10050
f 10050 10100 10048
f 10048 10100 10101
f 10048 10101 10046
f 10046 10101 10102
f 10046 10102 10044
f 10044 10102 10042
f 10042 10102 10103
f 10042 10103 10041
f 10041 10103 10039
f 10039 10103 10038
f 10038 10103 10104
f 10038 10104 10037
f 10037 10104 10105
f 10037 10105 10036
f 10036 10105 10106
f 10036 10106 10035
f 10035 10106 10107
f 10035 10107 10033
f 10033 10107 10070
f 10033 10070 10071
f 3883 9995 3892
f 3892 9995 10108
f 3892 10108 10081
f 10081 10108 10109
f 10081 10109 10110
f 10110 10109 10111
f 10110 10111 10112
f 10112 10111 10113
f 10112 10113 10114
f 10114 10113 10115
f 10114 10115 10116
f 10116 10115 10117
f 10116 10117 10118
f 10118 10117 10119
f 10118 10119 10120
f 10120 10119 10121
f 10120 10121 10122
f 10122 10121 10123
f 10122 10123 10124
f 10124 10123 10125
f 10124 10125 10126
f 10126 10125 10127
f 10126 10127 10101
f 10101 10127 10102
f 9995 9989 10108
f 10108 9989 9991
f 10108 9991 10128
f 10128 9991 10080
f 10128 10080 10129
f 10129 10080 10130
f 10129 10130 10131
f 10131 10130 10132
f 10131 10132 10133
f 10133 10132 10134
f 10133 10134 10135
f 10135 10134 10136
f 10135 10136 10137
f 10137 10136 10138
f 10137 10138 10139
f 10139 10138 10140
f 10139 10140 10141
f 10141 10140 10142
f 10141 10142 10143
f 10143 10142 10144
f 10143 10144 10145
f 10145 10144 10146
f 10145 10146 10147
f 10147 10146 10105
f 10147 10105 10104
f 10080 10003 10130
f 10130 10003 10148
f 10130 10148 10132
f 10132 10148 10149
f 10132 10149 10134
f 10134 10149 10150
f 10134 10150 10136
f 10136 10150 10151
f 10136 10151 10138
f 10138 10151 10152
f 10138 10152 10140
f 10140 10152 10153
f 10140 10153 10142
f 10142 10153 10154
f 10142 10154 10144
f 10144 10154 10155
f 10144 10155 10146
f 10146 10155 10106
f 10146 10106 10105
f 10148 10003 10156
f 10156 10003 10004
f 10156 10004 10157
f 10157 10004 10079
f 10157 10079 10158
f 10158 10079 10159
f 10158 10159 10160
f 10160 10159 10161
f 10160 10161 10162
f 10162 10161 10163
f 10162 10163 10164
f 10164 10163 10165
f 10164 10165 10166
f 10166 10165 10167
f 10166 10167 10168
f 10168 10167 10030
f 10168 10030 10031
f 10079 10078 10159
f 10159 10078 10077
f 10159 10077 10169
f 10169 10077 10076
f 10169 10076 10075
f 10169 10075 10170
f 10170 10075 10074
f 10170 10074 10015
f 10015 10016 10170
f 10170 10016 10171
f 10170 10171 10172
f 10172 10171 10173
f 10172 10173 10174
f 10174 10173 10029
f 10174 10029 10175
f 10175 10029 10030
f 10175 10030 10167
f 10016 10018 10171
f 10171 10018 10020
f 10171 10020 10022
f 10022 10024 10171
f 10171 10024 10025
f 10171 10025 10173
f 10173 10025 10027
f 10173 10027 10028
f 10028 10029 10173
f 10032 10107 10031
f 10031 10107 10176
f 10031 10176 10168
f 10168 10176 10177
f 10168 10177 10166
f 10166 10177 10178
f 10166 10178 10164
f 10164 10178 10179
f 10164 10179 10162
f 10162 10179 10180
f 10162 10180 10160
f 10160 10180 10181
f 10160 10181 10158
f 10158 10181 10157
f 10032 10070 10107
f 10073 10072 10071
f 10071 10072 10069
f 10071 10069 10034
f 10034 10033 10071
f 10052 10054 10099
f 10099 10054 10182
f 10099 10182 10097
f 10097 10182 10183
f 10097 10183 10095
f 10095 10183 10184
f 10095 10184 10093
f 10093 10184 10185
f 10093 10185 10091
f 10091 10185 10186
f 10091 10186 10089
f 10089 10186 10187
f 10089 10187 10087
f 10087 10187 10188
f 10087 10188 10085
f 10085 10188 10189
f 10085 10189 10083
f 10083 10189 3904
f 10083 3904 3902
f 10054 10056 10182
f 10182 10056 10190
f 10182 10190 10183
f 10183 10190 10191
f 10183 10191 10184
f 10184 10191 10192
f 10184 10192 10185
f 10185 10192 10193
f 10185 10193 10186
f 10186 10193 10194
f 10186 10194 10187
f 10187 10194 10195
f 10187 10195 10188
f 10188 10195 10196
f 10188 10196 10189
f 10189 10196 3904
f 10056 10058 10190
f 10190 10058 10197
f 10190 10197 10191
f 10191 10197 10198
f 10191 10198 10192
f 10192 10198 10199
f 10192 10199 10193
f 10193 10199 10200
f 10193 10200 10194
f 10194 10200 10201
f 10194 10201 10195
f 10195 10201 10202
f 10195 10202 10196
f 10196 10202 3992
f 10196 3992 3904
f 10058 10060 10197
f 10197 10060 10203
f 10197 10203 10198
f 10198 10203 10204
f 10198 10204 10199
f 10199 10204 10205
f 10199 10205 10200
f 10200 10205 10206
f 10200 10206 10201
f 10201 10206 10207
f 10201 10207 10202
f 10202 10207 4002
f 10202 4002 3992
f 10203 10060 10208
f 10208 10060 10062
f 10208 10062 10209
f 10209 10062 10210
f 10209 10210 10211
f 10211 10210 10212
f 10211 10212 10213
f 10213 10212 4007
f 10213 4007 4005
f 10062 10068 10210
f 10210 10068 10214
f 10210 10214 10212
f 10212 10214 4007
f 10068 10067 10214
f 10214 10067 4009
f 10214 4009 4007
f 10067 4010 4009
f 10213 4005 10215
f 10215 4005 4003
f 10215 4003 10207
f 10207 4003 4002
f 10084 10082 10110
f 10110 10082 10081
f 10207 10206 10215
f 10215 10206 10216
f 10215 10216 10213
f 10213 10216 10211
f 10108 10128 10109
f 10109 10128 10217
f 10109 10217 10111
f 10111 10217 10218
f 10111 10218 10113
f 10113 10218 10219
f 10113 10219 10115
f 10115 10219 10220
f 10115 10220 10117
f 10117 10220 10221
f 10117 10221 10119
f 10119 10221 10222
f 10119 10222 10121
f 10121 10222 10223
f 10121 10223 10123
f 10123 10223 10224
f 10123 10224 10125
f 10125 10224 10225
f 10125 10225 10127
f 10127 10225 10226
f 10127 10226 10102
f 10102 10226 10103
f 10086 10084 10112
f 10112 10084 10110
f 10206 10205 10216
f 10216 10205 10227
f 10216 10227 10211
f 10211 10227 10209
f 10209 10227 10208
f 10208 10227 10204
f 10208 10204 10203
f 10227 10205 10204
f 10088 10086 10114
f 10114 10086 10112
f 10218 10217 10131
f 10131 10217 10129
f 10129 10217 10128
f 10219 10218 10133
f 10133 10218 10131
f 10090 10088 10116
f 10116 10088 10114
f 10092 10090 10118
f 10118 10090 10116
f 10220 10219 10135
f 10135 10219 10133
f 10148 10156 10149
f 10149 10156 10228
f 10149 10228 10150
f 10150 10228 10229
f 10150 10229 10151
f 10151 10229 10230
f 10151 10230 10152
f 10152 10230 10231
f 10152 10231 10153
f 10153 10231 10232
f 10153 10232 10154
f 10154 10232 10233
f 10154 10233 10155
f 10155 10233 10107
f 10155 10107 10106
f 10221 10220 10137
f 10137 10220 10135
f 10094 10092 10120
f 10120 10092 10118
f 10156 10157 10228
f 10228 10157 10181
f 10228 10181 10229
f 10229 10181 10180
f 10229 10180 10230
f 10230 10180 10179
f 10230 10179 10231
f 10231 10179 10178
f 10231 10178 10232
f 10232 10178 10177
f 10232 10177 10233
f 10233 10177 10176
f 10233 10176 10107
f 10222 10221 10139
f 10139 10221 10137
f 10096 10094 10122
f 10122 10094 10120
f 10098 10096 10124
f 10124 10096 10122
f 10223 10222 10141
f 10141 10222 10139
f 10224 10223 10143
f 10143 10223 10141
f 10100 10098 10126
f 10126 10098 10124
f 10159 10169 10161
f 10161 10169 10234
f 10161 10234 10163
f 10163 10234 10235
f 10163 10235 10165
f 10165 10235 10175
f 10165 10175 10167
f 10225 10224 10145
f 10145 10224 10143
f 10101 10100 10126
f 10169 10170 10234
f 10234 10170 10172
f 10234 10172 10235
f 10235 10172 10174
f 10235 10174 10175
f 10226 10225 10147
f 10147 10225 10145
f 10103 10226 10104
f 10104 10226 10147

