# https://github.com/mikedh/trimesh

o jaw_1.stl
v 45.87073135 5.39964294 47.30484009
v 43.77612305 6.95015097 48.51416016
v 46.02036285 5.77598619 47.21844864
v 44.60520935 8.10491848 48.03548813
v 46.31290817 6.01551914 47.04954910
v 46.12251282 8.21117687 47.15947342
v 46.66998291 6.05405855 46.84339142
v 47.63153839 6.76659966 46.28823853
v 46.99590683 5.88127804 46.65522003
v 48.01119232 6.25040531 46.06904602
v 47.20334625 5.54347420 46.53545380
v 48.21504974 5.61540508 45.95134735
v 47.23672485 5.13116074 46.51618576
v 48.21853256 4.93818903 45.94933701
v 48.02121353 4.30043983 46.06325912
v 43.96688843 5.20878029 48.40402603
v 45.90410614 4.98732948 47.28557205
v 45.47591400 3.76420355 47.53278732
v 46.11154938 4.64952564 47.16580582
v 45.98556900 3.42907572 47.23854065
v 46.43746948 4.47674513 46.97763443
v 46.56374741 3.31543612 46.90472794
v 46.79454422 4.51528454 46.77147675
v 47.14072037 3.43699098 46.57161331
v 47.64689255 3.77907920 46.27937317
v 47.08709335 4.75481749 46.60257339
v 64.87184143 -12.78992748 36.33454514
v 64.08734894 -11.95920658 36.78746796
v 65.02146912 -12.41358376 36.24815369
v 64.46166992 -11.43784523 36.57135391
v 65.31401825 -12.17405128 36.07925415
v 64.96784210 -11.09575748 36.27911758
v 65.54481506 -10.97420216 35.94600296
v 64.90521240 -13.20223999 36.31527328
v 63.89351273 -13.27417183 36.89938354
v 63.89003372 -12.59695530 36.90139008
v 64.09737396 -13.90917206 36.78168488
v 65.11265564 -13.54004383 36.19550705
v 64.47702789 -14.42536640 36.56249237
v 64.86117554 -14.79310608 36.34070587
v 65.43858337 -13.71282482 36.00733566
v 65.79565430 -13.67428493 35.80118179
v 66.08820343 -13.43475246 35.63227844
v 67.33793640 -14.63110924 34.91074371
v 66.35537720 -15.90961170 35.47802353
v 65.28797150 -17.10241318 36.09429169
v 63.85199738 -15.91038036 36.92335129
v 64.13832092 -18.16524696 36.75804520
v 62.75970840 -16.92023087 37.55398560
v 62.89800644 -19.05879021 37.47414017
v 61.58286285 -17.77844238 38.23343658
v 61.55687714 -19.73656464 38.24843979
v 60.31509399 -18.43721962 38.96538162
v 60.85423279 -19.97707558 38.65410995
v 60.13599014 -20.14375305 39.06879044
v 66.23783112 -13.05840874 35.54588699
v 68.27087402 -13.23672390 34.37211227
v 67.01679230 -11.79070950 35.09615326
v 69.10736847 -11.75704384 33.88916016
v 67.78060150 -10.43854427 34.65517426
v 69.80649567 -10.20971680 33.48551941
v 68.43757629 -9.01197433 34.27586365
v 70.33139038 -8.58968067 33.18247223
v 68.94983673 -7.51756430 33.98011017
v 70.51493073 -7.74836493 33.07650375
v 70.63733673 -6.90220404 33.00583267
v 69.27552795 -5.95694447 33.79207611
v 70.69462585 -6.07201529 32.97275925
v 69.35018158 -5.17175102 33.74897385
v 70.68774414 -5.25854301 32.97673035
v 70.61706543 -4.46107769 33.01753616
v 69.35951233 -4.42949724 33.74358368
v 70.48277283 -3.68179536 33.09506989
v 69.30757904 -3.73763633 33.77357101
v 70.28495026 -2.92249107 33.20928574
v 69.19975281 -3.09318304 33.83582306
v 70.02366638 -2.18493652 33.36013794
v 69.04798889 -2.51439357 33.92344284
v 68.87026978 -2.01930881 34.02605057
v 66.20446014 -12.64609623 35.56515884
v 65.99701691 -12.30829144 35.68492508
v 66.63264465 -11.42296982 35.31794357
v 66.12299347 -11.08784199 35.61219025
v 65.67108917 -12.13551140 35.87309647
v 69.83232117 -1.56801176 33.47061157
v 68.68206787 -1.60584879 34.13470840
v 69.72314453 -0.85140759 33.53364182
v 68.49769592 -1.26847243 34.24115753
v 68.75823975 -0.27529341 34.09072876
v 69.69479370 -0.08302447 33.55001068
v 68.92926788 0.72733092 33.99198914
v 69.72155762 0.71849746 33.53455734
v 68.98188019 1.55049610 33.96160889
v 69.78276825 2.32009315 33.49921799
v 68.95669556 2.14636469 33.97615433
v 68.87952423 2.66507125 34.02070618
v 69.73443604 3.08029652 33.52712631
v 68.74242401 3.16618514 34.09986115
v 69.58795929 3.77196884 33.61169052
v 68.51582336 3.68772388 34.23069000
v 69.17096710 4.72228432 33.85244370
v 68.11612701 4.28587389 34.46145630
v 68.57030487 5.53288221 34.19923782
v 66.42406464 6.10677528 35.43836594
v 67.12358093 7.04157639 35.03450012
v 65.78524780 8.33621407 35.80718613
v 64.65203857 7.83531904 36.46144485
v 64.55236816 9.43514252 36.51898956
v 62.76918030 9.43385601 37.54851532
v 63.42201996 10.35673046 37.17159653
v 62.39004517 11.12072468 37.76741028
v 61.77758789 10.16694641 38.12100983
v 61.45102310 11.74805355 38.30955505
v 60.74264908 10.84802246 38.71853256
v 60.60221481 12.25886440 38.79961395
v 59.66135025 11.46246147 39.34282303
v 59.82033920 12.67850876 39.25102997
v 58.54646683 11.98620796 39.98649979
v 58.26979446 13.35838509 40.14623642
v 57.40719986 12.39628220 40.64425659
v 56.66476822 13.84183884 41.07290268
v 56.34152985 12.65846634 41.25952148
v 55.38023758 12.78823280 41.81452560
v 55.03021240 14.08439064 42.01661301
v 54.52217102 12.81411171 42.30992889
v 54.20642853 14.10559845 42.49222183
v 53.76542664 12.76455212 42.74683762
v 53.37916565 14.05570602 42.96984100
v 53.06966782 12.65952396 43.14853287
v 52.17435074 13.85632420 43.66544342
v 51.79869843 12.31907368 43.88232803
v 50.99311447 13.51675510 44.34743118
v 50.69853210 11.86515808 44.51750946
v 49.84545135 13.04600906 45.01003265
v 49.78124619 11.37024975 45.04710388
v 48.74129868 12.45423031 45.64751816
v 48.98176193 10.84963989 45.50868607
v 47.65761948 11.72713280 46.27318192
v 47.48439026 9.62983418 46.37319565
v 46.55540085 10.82580280 46.90954590
v 45.43870926 9.72120953 47.55426788
v 42.58741760 5.76315737 49.20046234
v 43.01196671 3.40054965 48.95534897
v 41.86024475 4.31681967 49.62029648
v 41.28946304 2.90103292 49.94983673
v 42.25138092 1.47542322 49.39447403
v 40.86037445 1.52327025 50.19757080
v 41.95649338 0.47176760 49.56472778
v 40.55220795 0.14344488 50.37548828
v 41.70530701 -0.66079050 49.70974731
v 40.35766220 -1.26429498 50.48781204
v 41.52290344 -1.99326909 49.81505966
v 40.28393173 -2.68642449 50.53038025
v 41.46871185 -3.49852824 49.84634781
v 40.33788681 -4.10846424 50.49922943
v 41.50827026 -4.30746937 49.82350922
v 40.46910858 -5.18716908 50.42346954
v 41.60633469 -5.17533159 49.76689148
v 40.67716599 -6.24302387 50.30334854
v 41.78738022 -6.14418268 49.66236496
v 40.95806885 -7.27648830 50.14116669
v 42.07596588 -7.21091223 49.49575043
v 41.30777740 -8.28788471 49.93926239
v 42.49658203 -8.37153625 49.25290680
v 42.18386841 -10.22483921 49.43345261
v 43.05670166 -9.58826447 48.92952347
v 43.70903397 -10.75625610 48.55289841
v 43.25865173 -12.05138969 48.81292725
v 44.43232727 -11.86933613 48.13530350
v 43.88587570 -12.96308613 48.45079803
v 45.20373917 -12.91746140 47.68992996
v 44.58290482 -13.88761330 48.04836655
v 46.01137924 -13.90675831 47.22363663
v 45.35228348 -14.82472610 47.60416794
v 46.19677353 -15.77543163 47.11660004
v 47.72071075 -15.74699116 46.23675537
v 47.11996841 -16.74204826 46.58359528
v 48.12631226 -17.72747040 46.00257874
v 49.52014160 -17.43736458 45.19785309
v 49.22026825 -18.73459816 45.37098312
v 51.38335037 -19.01988411 44.12212753
v 50.40628433 -19.76633835 44.68623734
v 51.20621109 -20.29887772 44.22439957
v 51.96646500 -19.36257172 43.78546906
v 52.09346008 -20.59473801 43.71214676
v 52.45230103 -19.52304077 43.50497055
v 52.75944138 -20.62992477 43.32764053
v 52.90416718 -19.58574104 43.24408340
v 53.41503143 -20.53645706 42.94913864
v 53.35990143 -19.57717323 42.98096466
v 53.87166595 -19.49532890 42.68549728
v 54.73049927 -20.17651939 42.18965149
v 54.56245041 -19.28307152 42.28667450
v 55.38401031 -18.90320206 41.81234360
v 56.04990387 -19.89158821 41.42789078
v 56.18094254 -18.42349625 41.35223770
v 56.50222778 -18.57018089 41.16674423
v 56.67787933 -19.88202477 41.06533051
v 56.88896942 -18.70711327 40.94345474
v 57.24355316 -19.98514366 40.73873901
v 57.34323502 -18.81701851 40.68118668
v 57.86392212 -18.88195801 40.38056564
v 57.95962143 -20.15125465 40.32531738
v 58.43235016 -18.88487816 40.05238342
v 58.68180847 -20.23311424 39.90835953
v 59.03076553 -18.81559372 39.70689011
v 59.40822601 -20.23056602 39.48896408
v 59.66071320 -18.66744614 39.34318924
v 43.48441315 7.22940397 48.68258286
v 44.31398392 8.38370609 48.20362854
v 51.36975861 7.38192749 56.38722610
v 52.38158035 7.42638636 58.36853409
v 51.33223343 7.28787851 56.40849686
v 53.39340210 7.47084522 60.34984207
v 54.40522385 7.51530409 62.33115005
v 54.39566422 7.61829853 62.33372116
v 55.40748596 7.66275740 64.31502533
v 55.74943161 7.69558334 65.00093079
v 56.31380081 7.67566776 66.07254028
v 52.37202072 7.52938032 58.37110519
v 51.36019897 7.48492146 56.38979721
v 51.30611420 7.56929541 56.41552353
v 53.38384247 7.57383966 60.35241318
v 54.57603455 7.71297359 62.81854248
v 56.41005707 7.67119741 66.25733948
v 56.55064774 7.66388941 66.52871704
v 55.41704559 7.55976295 64.31245422
v 56.42886734 7.60422182 66.29376221
v 57.37866974 7.57428026 68.21453094
v 57.33988571 7.58618689 68.12108612
v 57.22565079 7.60708332 67.87246704
v 56.89868927 7.64092207 67.20969391
v 57.40316391 7.55463171 68.29634857
v 50.86251450 7.08757925 55.02964020
v 50.78984070 6.86483049 54.32948685
v 50.85626602 7.08176899 54.82196426
v 50.82279205 6.95575809 54.29438782
v 50.86587906 7.13399315 54.80534363
v 50.80294800 7.05037212 54.25917435
v 50.86266708 7.17666292 54.79331970
v 50.84487534 7.22776985 54.78087234
v 50.96605301 7.30680704 55.31433487
v 50.94941711 7.35942888 55.30758286
v 51.13778687 7.39621544 55.85848618
v 51.12306213 7.44991446 55.85768890
v 51.09522629 7.49804115 55.86251831
v 51.00455475 7.50823307 55.70394516
v 50.91939545 7.40631723 55.30544281
v 50.81218338 7.35797310 54.96813965
v 50.81354904 7.27291059 54.77207184
v 50.73555374 7.12363338 54.23316574
v 51.13901138 7.35191679 55.86328506
v 51.12763596 7.29833746 55.87395477
v 51.04538727 7.23021460 55.73060226
v 50.95820999 7.21016979 55.33652878
v 50.96850586 7.26318598 55.32282257
v 50.93784714 5.86345720 52.06523132
v 51.16328430 5.27655220 50.99456406
v 51.00382614 5.76146078 51.78416443
v 51.17642975 5.36209440 51.02206802
v 51.17158508 5.45217037 51.02680969
v 51.01628876 5.81021309 51.76065445
v 51.15956497 5.49365473 51.01486588
v 51.01382828 5.85895967 51.73439789
v 51.00092697 5.89527702 51.71279526
v 50.89104080 6.27857256 52.57046127
v 50.87781143 6.31607771 52.55115891
v 50.82687378 6.65868759 53.41478348
v 50.81347656 6.69727325 53.39780426
v 50.78417206 6.74029732 53.37827301
v 50.75716400 6.65753174 53.09272385
v 50.84877014 6.35753155 52.52822876
v 50.87745667 6.13223267 51.98463058
v 50.97239304 5.93500376 51.68650055
v 51.11847305 5.54592228 50.95745087
v 51.14094925 5.52627993 50.99087524
v 51.09530640 5.55267954 50.91931152
v 50.82977676 6.60774231 53.43658066
v 50.81752396 6.55764723 53.45738220
v 50.81295395 6.39462996 53.18054199
v 50.88149261 6.17921877 52.61666107
v 50.89380264 6.22867441 52.59450150
v 50.94324112 4.62458181 50.83001709
v 50.78463364 4.30616760 50.84444046
v 50.60380173 4.02085209 50.92305374
v 50.40360260 3.77546096 51.06443024
v 50.18923187 3.57438636 51.26534271
v 49.77803421 3.34714556 51.79433823
v 49.69423294 3.32941484 51.88332748
v 49.64417648 3.32347059 51.90890503
v 49.59891129 3.32004571 51.91586685
v 49.49005127 3.31685019 51.84610367
v 48.05535126 3.31540275 49.50764847
v 49.56573105 3.31843185 51.91010666
v 49.53567505 3.31748152 51.89530563
v 47.66857910 3.36679292 49.73095322
v 47.30228043 3.51909113 49.94243622
v 46.97591400 3.76420355 50.13086319
v 49.59811020 6.05428362 48.61693573
v 49.71352386 5.62493849 48.55030441
v 49.40061951 6.44170094 48.73096085
v 49.13153839 6.76659966 48.88631439
v 49.56856537 3.95629120 52.85578537
v 49.46138382 4.51213264 53.96086884
v 49.45755005 5.00918722 55.09868622
v 49.54324341 5.25007200 55.79132080
v 50.04191589 5.49069548 57.15346527
v 49.74026871 5.41241789 56.48411179
v 57.33892441 7.20992613 68.81320190
v 57.25797653 7.03320312 68.98019409
v 57.14453888 6.85372448 69.08606720
v 56.99857712 6.67190695 69.12995911
v 56.82074738 6.48820162 69.11235809
v 56.37006760 6.11571550 68.89280701
v 49.28790665 3.91827059 52.90235901
v 49.38980484 3.72012019 52.58815384
v 49.44397736 3.71614528 52.59968948
v 49.48751450 3.72253275 52.60363770
v 49.53921509 3.74239063 52.60149765
v 49.58414459 3.77359390 52.59189224
v 49.47509003 4.20296812 53.40292740
v 49.42245865 4.60774088 54.24909973
v 49.38060379 4.94704676 55.12703705
v 49.37725449 4.57780123 54.26145172
v 49.27994537 4.92910099 55.13848114
v 49.32508087 4.56010294 54.26805878
v 49.28104401 4.55599499 54.26873398
v 49.37796402 4.15367603 53.41820526
v 49.33409882 4.14846325 53.41651917
v 49.22614288 4.56333685 54.26392365
v 49.18220520 4.96009874 55.12999344
v 49.18496704 4.46774387 54.00043106
v 49.27944946 4.15417147 53.40827179
v 49.42997742 4.17241955 53.41387939
v 49.77618027 5.40434504 56.68859100
v 49.96896744 5.43088007 57.19596863
v 49.73130798 5.37950659 56.71059418
v 49.87850571 5.42119074 57.24525070
v 49.69151688 5.37000656 56.72829819
v 49.63992691 5.37223577 56.74916458
v 49.51377106 5.27468586 56.21992874
v 49.46030807 5.27591658 56.23517609
v 49.38889694 5.12651014 55.67587280
v 49.33414078 5.12616301 55.68511581
v 49.28049088 5.14024925 55.68960571
v 49.27185822 5.21257448 55.85744476
v 49.40817261 5.29189539 56.24666214
v 49.47838211 5.38254499 56.58507919
v 49.58998871 5.38943291 56.76720428
v 49.79473877 5.46422148 57.28811264
v 49.43067169 5.13753319 55.66541290
v 49.47721100 5.16351509 55.64943314
v 49.60059357 5.31002522 56.18662643
v 49.55473709 5.28476620 56.20572662
v 56.31350708 6.09228420 68.82670593
v 55.24243164 5.95173025 66.97875214
v 54.18773651 5.84755993 65.02219391
v 53.13304520 5.74339008 63.06563950
v 53.04258347 5.73370075 63.11492157
v 51.98789215 5.62953091 61.15836334
v 53.20320511 5.80086899 63.61114883
v 56.25368500 6.07689714 68.74189758
v 56.09905243 6.04750538 68.50621796
v 55.69718933 5.99280596 67.85930634
v 55.29133987 5.94949436 67.18704987
v 55.13172531 5.93433714 66.91968536
v 55.02487946 5.92469978 66.73989868
v 54.09727478 5.83787060 65.07147980
v 54.42115021 5.87608767 65.71485138
v 50.93320084 5.52536106 59.20180893
v 51.02366257 5.53504992 59.15252686
v 52.07835388 5.63922024 61.10908508
v 48.81290817 6.01551914 51.37967682
v 49.73672485 5.13116074 50.84630966
v 48.52036285 5.77598619 51.54857635
v 49.58709335 4.75481749 50.93270111
v 48.37073135 5.39964294 51.63496780
v 49.29454422 4.51528454 51.10160446
v 48.40410614 4.98732948 51.61569977
v 48.93746948 4.47674513 51.30775833
v 48.61154938 4.64952564 51.49592972
v 49.70334625 5.54347420 50.86558151
v 49.16998291 6.05405855 51.17351913
v 49.49590683 5.88127804 50.98534775
v 45.84974670 5.42680645 50.78105545
v 47.50791931 7.73634243 49.82371140
v 58.00712585 7.97642279 68.58805084
v 57.16705704 8.78061390 69.07306671
v 56.30643082 7.65603876 69.56994629
v 55.50888443 6.47107887 70.03041077
v 56.34895706 5.66688681 69.54539490
v 58.21460342 8.27565956 68.36318207
v 55.22144699 7.71751738 63.99174881
v 58.27852249 8.61846542 67.75554657
v 55.94088745 8.58422947 63.53496170
v 58.13262939 8.67659569 67.36089325
v 57.15606308 8.65416527 65.61531067
v 56.66034317 8.68076420 64.64605713
v 56.22774506 8.77403831 63.64355850
v 55.53575134 9.10645294 61.60498810
v 53.30767059 8.51648808 58.84407043
v 55.04580688 9.57882977 59.53411102
v 54.41465759 9.68585205 58.08728409
v 54.76208496 10.15013409 57.44324112
v 53.09720230 9.64911270 55.74716949
v 54.71006393 10.46519566 56.39314270
v 54.22623062 10.64679146 54.90179062
v 54.73301697 10.80006695 55.33240509
v 54.84881210 11.14459038 54.29047775
v 53.16661453 10.84479809 52.23691177
v 53.88774109 11.34797287 51.64852905
v 50.35036087 8.11874676 54.25934601
v 47.78055954 8.05987930 49.66630173
v 51.03774261 8.89905930 53.80719757
v 50.67855835 8.44885254 54.16049194
v 51.99311447 8.48267078 56.50228119
v 51.73880768 9.61680412 53.31958771
v 51.77974701 9.61237335 53.40705109
v 52.44950867 10.26675224 52.79555130
v 52.90533447 10.60723114 52.56365967
v 54.61030197 11.77329063 51.03837585
v 54.04351425 11.41848946 51.64094925
v 55.07770538 11.49131870 53.28921890
v 55.33137512 12.11767864 50.41850281
v 55.18413162 12.03433990 50.66925430
v 55.45475006 11.83718204 52.33366394
v 56.01385117 12.16164303 51.47163010
v 56.04722595 12.37978935 49.79932404
v 56.76971817 12.43511295 50.76427078
v 56.31414795 12.44607830 49.69200134
v 56.75267029 12.56147003 49.18767929
v 57.44170761 12.66590214 48.58836746
v 57.41360092 12.65958118 48.73729324
v 57.69307709 12.62720013 50.25944519
v 58.99154282 12.73228741 49.77418900
v 58.10675430 12.69871235 48.00213242
v 58.45576477 12.69286633 47.81504440
v 58.74361801 12.66621208 47.42940521
v 60.30527878 12.67319298 49.33792114
v 59.43721008 12.57181644 46.92830658
v 60.89588928 12.58684731 49.03976440
v 59.96817017 12.43397427 46.33185577
v 61.43415070 12.48139191 48.80376816
v 61.75127029 12.36711311 48.40827942
v 62.36624527 12.24219418 48.48119354
v 60.39874268 12.32164288 46.08841324
v 61.21282196 12.00362396 45.33721161
v 61.87932205 11.71311760 44.89900208
v 61.39510727 11.94961452 45.32564926
v 62.75107574 11.99389458 47.64352798
v 62.77360535 12.12024021 48.37356186
v 63.27446747 11.95437145 48.25401306
v 63.90055466 11.72919178 48.13441467
v 63.84385681 11.49138832 46.98761749
v 64.63223267 11.44756889 48.04743576
v 65.06011963 10.85657597 46.47589111
v 65.43601227 11.11832142 48.02383041
v 65.80319214 10.96173859 48.03343964
v 66.09662628 10.83349037 48.04659271
v 66.37132263 10.11019993 46.13805771
v 67.01725769 10.41516495 48.12522888
v 67.93095398 9.99309254 48.29392624
v 67.69132996 9.30097771 45.94031525
v 68.88901520 9.53736687 48.52740479
v 69.05702972 9.33957291 48.25257874
v 69.78350067 9.08162212 48.73686600
v 68.94630432 8.46154308 45.79164886
v 70.31343842 8.49894333 48.10308456
v 70.08011627 7.61092949 45.58427429
v 71.44834900 7.64733887 47.89507675
v 72.19866180 7.18928957 48.06149292
v 71.84373474 7.59167719 48.40831375
v 62.59421158 11.36847210 44.51042938
v 62.48482895 11.44849205 44.67150497
v 63.35927582 10.97108078 44.18172836
v 63.69845963 10.81515312 44.16129684
v 64.16897583 10.52518082 43.92350769
v 65.84432983 9.53312778 43.59988022
v 65.00744629 10.07024002 43.82474518
v 67.45184326 8.47807693 43.40841675
v 66.32563782 9.26238251 43.62805557
v 68.19213867 7.94039440 43.29381561
v 67.57917023 8.42414379 43.48021317
v 68.87162781 7.40286064 43.13455200
v 68.71189117 7.57452011 43.27347565
v 69.48309326 6.86948299 42.91667557
v 71.05036163 6.76736593 45.24231339
v 69.68130493 6.73176003 42.93199539
v 70.02992249 6.34208202 42.64065552
v 71.86476135 5.93751764 44.75725555
v 72.81004333 6.35252810 47.19455719
v 73.05985260 5.97528791 46.77729416
v 73.31936646 5.55064631 46.29484177
v 72.57594299 5.09723520 44.14601135
v 73.62998962 5.00151157 45.66261292
v 73.81741333 4.65616751 45.26390457
v 74.03314972 4.25079060 44.79602814
v 71.79999542 4.19677830 41.03602219
v 71.20565796 5.06288719 41.83639908
v 70.97335815 5.28915262 41.92856979
v 70.49502563 5.90258503 42.44731903
v 72.41942596 6.80297136 47.55263519
v 71.55269623 7.87834644 48.60836792
v 71.06024170 8.28903961 48.79691696
v 70.49455261 8.67397499 48.83599854
v 58.29449844 8.47801399 68.08621216
v 78.83169556 -15.23508358 49.11962509
v 78.34657288 -15.91076565 49.39970779
v 79.04642487 -15.36986542 49.16639328
v 78.39263153 -16.28048515 49.54386520
v 78.25164795 -16.16336441 49.50188828
v 78.08956146 -15.90008163 49.40300751
v 78.27683258 -15.76338291 49.34374237
v 77.97290039 -15.50581169 49.25125122
v 78.18817139 -15.42417240 49.21283722
v 77.80543518 -14.96036434 49.04148483
v 78.05516815 -14.96238613 49.03498459
v 77.91361237 -14.71062851 48.94004059
v 77.59338379 -14.71275234 48.95022964
v 77.72317505 -14.54201412 48.87924576
v 77.50622559 -14.44732285 48.84831619
v 77.45841217 -14.65397358 48.93104172
v 77.28022766 -14.43166828 48.84875870
v 77.31772614 -14.64401722 48.93123245
v 77.06277466 -14.50588417 48.88431549
v 77.18534088 -14.68645287 48.95179749
v 76.90965271 -14.65439129 48.94723511
v 77.09189606 -14.77423477 48.98907471
v 77.03808594 -14.89370346 49.03766251
v 76.81931305 -14.83964729 49.02277756
v 77.04837036 -15.03047276 49.09118652
v 76.81964874 -15.05186081 49.10628510
v 77.26317596 -15.27299690 49.18035889
v 76.92785645 -15.25910187 49.18468475
v 77.11476898 -15.43204784 49.24728775
v 78.78192139 -15.23508358 49.03342056
v 78.99559784 -15.36986542 49.07835770
v 78.27404785 -15.91076565 49.27408218
v 78.20645142 -15.76338291 49.22183609
v 78.12408447 -15.42417240 49.10184097
v 78.00213623 -14.96238613 48.94313431
v 77.86669159 -14.71062851 48.85876846
v 77.67899323 -14.54201412 48.80272293
v 77.47289276 -14.45021057 48.77241135
v 77.23319244 -14.43166828 48.76728439
v 77.01038361 -14.50636959 48.79515839
v 76.85338593 -14.65439129 48.84977341
v 76.75938416 -14.83888054 48.91835785
v 76.75651550 -15.05186081 48.99694061
v 78.31589508 -16.28048515 49.41096115
v 76.98582458 -15.03047276 48.98285675
v 76.97783661 -14.89344788 48.93312836
v 77.03421021 -14.77423477 48.88915634
v 77.19755554 -15.27299690 49.06671143
v 77.04750824 -15.43204784 49.13078690
v 77.13005829 -14.68660069 48.85654449
v 77.26501465 -14.64401722 48.83993149
v 77.39601898 -14.65147972 48.84117889
v 77.54186249 -14.71275234 48.86098099
v 76.86471558 -15.26199913 49.07239151
v 77.74937439 -14.96036434 48.94438171
v 77.90576172 -15.50581169 49.13495636
v 78.01683807 -15.90008163 49.27704620
v 78.17616272 -16.16336441 49.37115479
v 75.98059845 -15.96344280 49.48954391
v 75.63986969 -16.43801880 49.68626404
v 75.98549652 -16.39048767 49.65746307
v 77.45950317 -17.58016396 50.08260345
v 77.37566376 -17.26306915 49.96026230
v 77.81642151 -17.08303452 49.87653351
v 77.58684540 -16.96892738 49.83833313
v 77.70683289 -16.73409843 49.74241257
v 77.94429016 -16.84224510 49.77803802
v 77.97113037 -16.62052536 49.68999863
v 77.70122528 -16.55130959 49.67063904
v 77.89612579 -16.39145088 49.60203552
v 77.54351044 -16.30576515 49.57861328
v 77.69859314 -16.13113976 49.50535965
v 77.21884155 -16.04949188 49.48723984
v 77.35750580 -15.86387825 49.41014481
v 76.88614655 -15.64640141 49.33832169
v 76.72912598 -15.84503460 49.42108154
v 76.45815277 -15.61428642 49.33818436
v 76.39989471 -15.88853931 49.44781876
v 76.18276215 -15.73452854 49.39355087
v 76.19330597 -16.10104561 49.53748322
v 75.60476685 -16.43801880 49.62546539
v 77.41577148 -17.58016396 50.00686264
v 77.74988556 -17.08303452 49.76129150
v 77.87205505 -16.84224510 49.65293121
v 77.89674377 -16.62052536 49.56114960
v 77.82165527 -16.39145088 49.47304916
v 75.92653656 -15.96344280 49.39590073
v 77.52234650 -16.96892738 49.72661972
v 77.47207642 -17.04250145 49.76153946
v 77.42210388 -17.11605263 49.79693604
v 77.37243652 -17.18957710 49.83282089
v 77.32308197 -17.26306915 49.86919403
v 75.94052124 -16.39048767 49.57956314
v 75.98945618 -16.31815910 49.54439926
v 76.03865814 -16.24580765 49.50965118
v 76.08811188 -16.17343521 49.47531891
v 76.13782501 -16.10104561 49.44139099
v 76.33840179 -15.88853931 49.34130859
v 77.63669586 -16.73409843 49.62093735
v 76.39423370 -15.61428642 49.22747421
v 76.81884766 -15.64640141 49.22175980
v 77.28699493 -15.86387825 49.28801346
v 76.12268829 -15.73452854 49.28950119
v 77.62554932 -16.13113976 49.37884521
v 77.62938690 -16.55130959 49.54621887
v 77.47191620 -16.30576515 49.45460892
v 77.14933777 -16.04949188 49.36685562
v 77.31045532 -16.16098213 49.40407562
v 77.33227539 -16.17822456 49.40997314
v 77.38335419 -16.22202110 49.42515182
v 76.66347504 -15.84503460 49.30736542
v 84.74983215 -20.69741440 50.43421936
v 83.84442139 -20.08198166 50.35094833
v 84.27455902 -21.22353745 50.67875290
v 83.19504547 -20.95458794 50.75338364
v 83.67938232 -21.59009933 50.91732407
v 83.26675415 -21.71168709 51.04956818
v 82.57952881 -21.73393631 51.21631622
v 81.35987091 -19.82952881 50.65135574
v 80.66719055 -20.74831200 51.20495605
v 79.85306549 -20.33432579 51.15221405
v 79.50880432 -20.75905800 51.49084091
v 78.68974304 -20.41274643 51.43661499
v 78.60382080 -20.67001152 51.65091705
v 76.65513611 -20.25042343 51.77870178
v 78.34150696 -20.79481506 51.82627869
v 76.26410675 -20.60208893 52.25221252
v 78.01603699 -21.10206223 52.24058914
v 75.89799500 -20.87104797 52.75462341
v 77.71446228 -21.33249474 52.67891312
v 75.62673950 -21.02889824 53.17963028
v 77.49063873 -21.46376610 53.04832840
v 75.37950134 -21.13734818 53.63423538
v 77.28373718 -21.54980278 53.44164658
v 75.56667328 -21.28697205 54.29811096
v 77.01604462 -21.59501648 54.08002853
v 76.80310059 -21.55519104 54.42402267
v 77.84644318 -21.83959389 54.22281265
v 78.11491394 -21.91297531 54.45575333
v 78.75673676 -22.14142227 53.98340225
v 79.77201080 -22.52079964 53.80784225
v 78.86896515 -22.16162682 53.70463943
v 80.96031189 -22.96528816 53.23946381
v 80.59726715 -22.73903465 53.01211929
v 81.50899506 -23.20254898 53.21638489
v 81.13529968 -23.06026077 53.39317322
v 81.82369995 -23.34025574 53.22634888
v 82.50277710 -19.16072845 50.24957657
v 80.57479095 -19.37046623 50.56208038
v 80.71222687 -17.98716736 49.97939682
v 79.81943512 -18.95528030 50.44509888
v 79.05766296 -16.94108009 49.63721466
v 78.35851288 -18.19751740 50.21628571
v 77.41043854 -15.89941788 49.29707718
v 75.76422119 -14.85814476 48.95782089
v 74.88287354 -16.06481552 49.51279831
v 73.98110962 -17.24493027 50.18644714
v 75.21334839 -16.63651657 49.74923706
v 73.39222717 -17.97568512 50.69308853
v 73.79401398 -17.91187859 50.59369659
v 75.51428223 -18.57088661 50.74868774
v 76.51429749 -17.28089333 49.94176483
v 77.43730927 -17.73823738 50.07924652
v 76.50314331 -18.94364357 50.83716202
v 77.49285889 -19.31901932 50.92344666
v 76.03999329 -19.48534966 51.27869415
v 77.06639099 -19.81877327 51.33477020
v 75.59092712 -19.95832062 51.75616455
v 75.16210175 -20.34869766 52.26538086
v 74.76058197 -20.65165901 52.80437088
v 74.46480560 -20.83210373 53.25860596
v 74.19798279 -20.95876312 53.74272156
v 74.50900269 -21.09993172 54.18913269
v 73.07202148 -18.50972939 51.10033798
v 72.63010406 -18.85124779 51.43694305
v 75.01802063 -19.15598869 51.21903229
v 74.53609467 -19.67278290 51.72838211
v 72.20549774 -19.29115295 51.89810944
v 74.07579041 -20.10476112 52.27107239
v 71.79158783 -19.67630959 52.38385391
v 73.64636230 -20.44352150 52.84286499
v 71.40323639 -19.99223518 52.88254929
v 71.04965973 -20.23405075 53.39234543
v 73.33268738 -20.64610672 53.32124329
v 70.74014282 -20.40356064 53.92164612
v 73.05286407 -20.78899384 53.82711792
v 71.46936798 -20.67810822 54.53356934
v 71.95614624 -20.75098801 54.48124313
v 70.44632721 -20.51093674 54.58441925
v 72.34937286 -20.80590057 54.42089462
v 73.70385742 -20.98015022 54.18698120
v 80.86372375 -22.94893646 53.44465637
v 80.62545776 -22.85478973 53.53435898
v 81.82054901 -23.33636665 53.20516586
v 82.49774170 -23.60713196 53.09118271
v 82.23662567 -23.47368622 52.97983551
v 82.72814941 -23.68482971 52.99975586
v 82.89949799 -23.65562248 52.70210648
v 83.23529053 -23.88078499 52.98302078
v 84.11597443 -24.17806816 52.91283417
v 84.96626282 -24.43247986 52.90248108
v 84.23942566 -24.14649582 52.71964264
v 84.21774292 -24.13905525 52.71815491
v 84.32221222 -24.07786751 52.54491043
v 83.03077698 -23.60035324 52.50209045
v 83.38307953 -23.57985306 52.28388214
v 82.76176453 -23.57273102 52.64883423
v 85.62155914 -24.59041786 52.89723969
v 85.68634033 -24.61920166 52.93035126
v 86.31961060 -24.73916245 52.96344376
v 86.92852783 -24.76052856 52.96466827
v 86.37033844 -24.69891739 52.87888718
v 85.70689392 -24.52535057 52.74295807
v 87.34301758 -24.68855476 52.93522263
v 87.05911255 -24.67299843 52.82426834
v 86.47177887 -24.61030579 52.72695541
v 85.81046295 -24.43508339 52.58181381
v 84.34990692 -24.08744049 52.54731750
v 87.44468689 -24.59917068 52.81073761
v 87.20436859 -24.53606033 52.64420319
v 86.62088776 -24.46501732 52.53074265
v 86.79026794 -24.28595924 52.33457565
v 86.14328003 -24.09768105 52.16639709
v 86.34093475 -23.87779999 51.96530914
v 84.86611176 -23.65162659 51.91536331
v 85.09512329 -23.41378975 51.69462204
v 84.81864929 -23.63376236 51.90848541
v 85.04122925 -23.39216232 51.68566132
v 84.62710571 -23.24617195 51.64155579
v 85.28229523 -23.11230469 51.47178268
v 85.20985413 -22.91322899 51.35750580
v 85.34218597 -23.13834953 51.48307419
v 85.87437439 -22.49560356 51.09542847
v 87.01459503 -23.05161095 51.42202759
v 86.93394470 -22.06824875 50.91030121
v 87.51271820 -22.39778709 51.11780930
v 87.59259796 -23.30487633 51.63055420
v 88.38759613 -22.86823463 51.49688721
v 88.09462738 -23.48411369 51.82231522
v 88.32222748 -23.52915001 51.92566681
v 87.71595001 -23.96952057 52.12615204
v 87.98299408 -23.97951126 52.21291351
v 87.53633881 -24.18033218 52.29081726
v 87.82273865 -24.17679024 52.36886215
v 87.36481476 -24.37019157 52.46450806
v 87.66962433 -24.35621071 52.53403473
v 87.52613831 -24.51469803 52.70531082
v 87.55959320 -24.48929405 52.67994308
v 87.68643951 -24.35976982 52.54587555
v 87.82400513 -24.21172333 52.41167068
v 88.09493256 -23.96887779 52.25086594
v 88.35873413 -23.69748306 52.09817886
v 88.61320496 -23.39937592 51.95166779
v 88.85843658 -23.07676125 51.81074905
v 86.17655182 -21.96210098 50.84041214
v 86.34851837 -21.71995735 50.73660660
v 86.21916962 -21.90158081 50.81380463
v 86.26203918 -21.84104919 50.78764343
v 86.30516052 -21.78050804 50.76191330
v 85.80366516 -22.45897484 51.07900620
v 85.73390198 -22.48213577 51.09285736
v 84.00933838 -23.47106552 51.94992065
v 84.61824799 -23.83365822 52.13737106
v 84.65891266 -23.84829140 52.14242172
v 85.96494293 -24.28501129 52.37397766
v 84.44302368 -23.98835373 52.36640549
v 84.47657776 -24.00010300 52.36988831
v 79.11575317 -22.13732719 53.19881821
v 80.45250702 -22.64837265 52.95323563
v 79.29770660 -22.07150459 52.88093567
v 79.92521667 -22.24491501 52.67712402
v 79.73095703 -22.06621933 52.56006622
v 79.49098206 -21.96331978 52.57662582
v 79.65071106 -21.98735046 52.50913239
v 79.52114868 -21.85499001 52.42433548
v 78.60961151 -21.62528038 52.63896942
v 79.33897400 -21.66169357 52.30144119
v 78.88587952 -21.41041565 52.23604965
v 79.10091400 -21.40001488 52.13620758
v 78.83538055 -21.07569885 51.92675400
v 78.70442963 -20.87763405 51.79413605
v 78.40421295 -21.74540329 52.97593689
v 78.21253204 -21.82183456 53.33198929
v 77.95840454 -21.85737991 53.90543747
v 78.63039398 -20.73501587 51.69626999
v 79.52978516 -20.88833046 51.57464600
v 80.38821411 -21.09308815 51.47044754
v 80.93653107 -21.24333954 51.40218735
v 82.17222595 -21.63963509 51.27331161
v 79.05733490 -19.96593857 51.07364655
v 86.55392456 -23.62864494 51.77367020
v 87.17192841 -23.84470367 51.96369934
v 86.97518921 -24.07813072 52.14455795
v 83.51626587 -14.88518047 49.39848709
v 83.51506042 -14.88782692 49.39938354
v 83.75069427 -14.92370129 49.45165253
v 84.09984589 -15.13750553 49.60324478
v 84.69308472 -15.35727787 49.79845047
v 84.36988068 -15.26991463 49.70602036
v 84.65266418 -15.41898251 49.81890488
v 84.29392242 -15.41335201 49.72279358
v 84.56685638 -15.57330132 49.83179092
v 84.26754761 -15.47158909 49.71788406
v 84.53753662 -15.63585567 49.82336044
v 84.48184967 -15.77917004 49.77532196
v 84.63068390 -15.69477654 49.86071396
v 84.68475342 -15.91681957 49.84860611
v 84.74304962 -15.76735115 49.90642166
v 85.01476288 -15.94939041 50.01983643
v 85.04885101 -15.87980270 50.03533554
v 85.60129547 -16.26662254 50.28526306
v 85.72317505 -16.07538033 50.29280472
v 85.86217499 -16.17092133 50.35955811
v 85.92406464 -16.09398842 50.33836365
v 86.09421539 -16.33588982 50.47376633
v 86.27914429 -16.34103394 50.51172256
v 86.14014435 -16.51797104 50.53525543
v 85.96017456 -16.53800392 50.45725632
v 86.03096008 -16.70825005 50.47998810
v 85.91877747 -16.61861038 50.42617035
v 85.96505737 -16.88312912 50.35290146
v 85.79940033 -16.74874878 50.28316879
v 85.63193512 -16.61587334 50.21417999
v 85.69596863 -16.44458008 50.32175446
v 85.56255341 -16.34328651 50.26062393
v 85.73573303 -16.36637497 50.34876633
v 83.11569214 -14.85140610 49.31274414
v 83.46962738 -14.99590015 49.42347717
v 84.03320312 -15.26997566 49.62299728
v 82.84654236 -14.86269474 49.26208115
v 83.19840240 -14.93154144 49.34732056
v 83.21092987 -14.89235306 49.34224701
v 83.45321655 -15.03979683 49.42673492
v 83.41893005 -15.14292526 49.42069626
v 84.00972748 -15.32381058 49.62107086
v 83.96270752 -15.44897270 49.59572220
v 82.76487732 -14.87439823 49.24852753
v 84.95372772 -16.10619164 49.94844055
v 85.96696472 -16.88492966 50.35392761
v 85.20102692 -15.63895321 50.00984955
v 85.15179443 -15.70740223 50.03095627
v 84.77449036 -15.70166588 49.91777420
v 84.86770630 -15.53936100 49.90830612
v 84.75016022 -15.47282028 49.85906601
v 84.66098022 -15.63078690 49.87044525
v 79.14749146 -21.09224701 51.88680649
v 78.69335938 -20.84592628 51.77156830
v 78.87954712 -21.04210854 51.90113068
v 78.91040039 -21.02071762 51.88011551
v 79.21578979 -21.41506004 52.15589523
v 79.04309082 -21.16127968 51.97914505
v 79.95882416 -21.95126915 52.53178406
v 79.47231293 -21.58288956 52.27495575
v 79.56594086 -21.49207497 52.20217514
v 80.10532379 -21.78742981 52.40766525
v 80.14431763 -21.75492477 52.35969162
v 80.24386597 -21.80491829 52.39333725
v 80.22753143 -21.70467758 52.23155594
v 80.44944763 -21.81583786 52.29385757
v 80.66609955 -22.00641060 52.53041077
v 80.75046539 -21.96059799 52.37519836
v 81.03404236 -22.16974640 52.64345932
v 81.29935455 -22.28129768 52.72181702
v 80.99270630 -22.20476723 52.70956421
v 81.25772858 -22.31647301 52.79304123
v 80.88172150 -22.33455849 52.84183884
v 81.14521027 -22.45167542 52.93583679
v 81.25507355 -22.59705162 53.03400421
v 81.30413055 -22.51945114 52.99107361
v 81.57508087 -22.63022423 53.08280945
v 81.68897247 -22.48708725 52.92325974
v 81.76940155 -22.60562706 53.05870056
v 81.86936951 -22.50460243 52.88268280
v 80.47069550 -22.22747040 52.74091721
v 80.10089874 -21.94844818 52.54329681
v 80.00299072 -21.89518929 52.50338364
v 80.51741028 -22.16229248 52.70658112
v 80.62546539 -22.04080772 52.58918762
v 80.20449829 -21.83788300 52.44340134
v 81.66459656 -22.76827049 53.17593384
v 81.95036316 -22.47933388 52.67291260
v 81.94773102 -22.47855186 52.67230606
v 81.73065186 -22.45209694 52.84400177
v 81.41732025 -22.38119316 52.84202194
v 81.74439240 -22.39676476 52.62436295
v 81.45902252 -22.34602928 52.76778030
v 81.54180145 -22.31275749 52.57563782
v 79.60206604 -21.46296883 52.16577148
v 79.68121338 -21.41230774 52.06763840
v 79.33831787 -21.30692673 52.06368256
v 79.07531738 -21.13749504 51.95428848
v 79.30406952 -21.33372116 52.09437943
v 86.09031677 -22.47485352 53.61602020
v 86.52076721 -22.18523407 53.52561951
v 85.93433380 -22.48765182 53.59655380
v 86.42490387 -22.09237480 53.44211960
v 85.86175537 -22.38020897 53.47946548
v 86.34052277 -22.02454948 53.32783127
v 85.83527374 -22.34543228 53.41967773
v 86.27340698 -21.98642731 53.19062424
v 85.59798431 -22.37900734 53.27246094
v 85.26797485 -22.57554626 53.44825745
v 84.83341217 -22.62384033 53.25273895
v 84.66770935 -22.72288132 53.42691803
v 83.76357269 -22.75001526 53.09858322
v 84.05399323 -22.79358864 53.36205292
v 83.33977509 -22.79020119 53.24020767
v 83.32418823 -22.83428383 53.32781601
v 82.63777924 -22.70340729 53.06501389
v 82.57782745 -22.81575966 53.26782990
v 82.69023132 -22.68156052 52.83236694
v 83.29081726 -22.99191284 53.49727631
v 82.51991272 -23.00071335 53.40850830
v 83.55850220 -23.08305359 53.58892441
v 84.04637909 -22.98752403 53.59717178
v 84.60486603 -22.99540520 53.68364716
v 84.69595337 -22.90492058 53.64270782
v 85.33199310 -22.74045372 53.64450836
v 85.28424835 -22.61551857 53.51452637
v 85.61897278 -22.70464706 53.67044830
v 84.67368317 -22.76607323 53.49990463
v 84.04981995 -22.83815575 53.44182205
v 87.79533386 -20.40998077 52.78974152
v 87.64956665 -20.38664246 52.73506165
v 87.58513641 -20.90854073 53.01609421
v 87.39636993 -20.85568619 52.91804886
v 87.29966736 -21.37507820 53.21607971
v 87.12789154 -21.29660988 53.10786057
v 86.94313049 -21.80273628 53.38675690
v 86.79013062 -21.70006371 53.26805878
v 86.65624237 -21.64426422 53.07471466
v 87.51869965 -20.38355064 52.64760590
v 87.22859192 -20.84707832 52.74426651
v 86.97569275 -21.26300430 52.92531586
v 87.41175079 -20.40092087 52.53340149
v 87.51197815 -19.71315384 52.16741562
v 87.55312347 -19.87316513 52.32011032
v 87.68862915 -19.83569527 52.42471695
v 87.75387573 -19.82636070 52.45750046
v 87.90625763 -19.94557190 52.56758499
v 87.93766785 -19.47512054 52.33174896
v 87.74549866 -19.26110840 52.16392136
v 87.79528809 -18.55172157 51.84165573
v 87.63312531 -18.70790863 51.86157990
v 87.43210602 -18.17956161 51.55924988
v 87.36024475 -18.22732162 51.53054428
v 87.03446960 -17.66652489 51.18568420
v 86.90446472 -17.81989098 51.06497192
v 86.56337738 -17.23575974 50.79857254
v 86.48311615 -17.39875031 50.64254379
v 87.42943573 -17.69153976 51.35403824
v 87.10572052 -17.60459709 51.21456528
v 86.70721436 -17.06426239 50.88372803
v 86.89170837 -16.91157913 50.88444519
v 87.05281067 -18.16870499 51.19954300
v 87.22261047 -18.35101700 51.41884613
v 87.56207275 -18.74306870 51.83229446
v 87.41596985 -19.02680016 51.76169968
v 87.42127991 -18.83920097 51.72578049
v 87.67661285 -19.28339195 52.13329697
v 87.53637695 -19.35051155 52.02925491
v 82.49459839 -22.90017891 53.34199142
v 82.06770325 -22.80624390 53.23783875
v 82.16326904 -22.64886665 53.05832672
v 82.19728088 -22.61295700 52.97378540
v 82.19153595 -22.56481361 52.73430634
v 82.43867493 -22.63249588 52.78757095
v 82.59025574 -22.69704247 53.05839920
v 82.56444550 -22.73419952 53.14840698
v 86.32770538 -17.21577644 50.54224014
v 86.48467255 -17.29233742 50.70289230
v 86.23582458 -17.01941872 50.54668808
v 86.34790802 -16.81888199 50.66234589
v 86.40563202 -16.74217987 50.68153381
v 86.67658234 -17.02990723 50.86146927
v 86.61087799 -17.10180664 50.83595276
v 86.15518188 -17.04417038 50.44589615
v 86.30782318 -17.48935318 50.35754776
v 86.49501801 -18.02242279 50.38074112
v 86.67402649 -17.93346405 50.65216446
v 86.60086060 -18.58265686 50.43169022
v 86.78420258 -18.49503899 50.69171906
v 86.80284119 -19.22608566 50.78664398
v 86.61150360 -19.28355217 50.53582001
v 86.57666779 -19.56921005 50.59202194
v 86.33809662 -19.59764671 50.38388824
v 86.51883698 -19.85046196 50.65568161
v 86.28289795 -19.86136818 50.44718933
v 86.13636780 -20.37095261 50.61169052
v 86.06072998 -19.85561752 50.30666733
v 85.64160919 -20.26286888 50.31770325
v 85.77175903 -19.83088493 50.18399429
v 85.46756744 -19.78781509 50.11421204
v 85.50746155 -19.58980751 50.06013489
v 85.26346588 -19.38375282 50.00275040
v 85.53146362 -19.38834953 50.00942230
v 85.25308228 -18.94508362 49.90275955
v 85.52423096 -18.89398766 49.90206146
v 85.45083618 -18.50103951 49.83209991
v 85.84188843 -18.82245445 49.95855331
v 85.76219177 -18.37709236 49.88836288
v 86.14028931 -18.74229813 50.07523727
v 86.05297089 -18.24948311 50.00870895
v 86.36618805 -18.67085838 50.21638489
v 86.27120972 -18.14379501 50.15571213
v 86.10034180 -17.64206505 50.11872101
v 85.66677856 -17.18951035 49.97635269
v 85.89477539 -17.78105164 49.96263885
v 85.27812195 -17.54700279 49.76039505
v 85.61806488 -17.95550346 49.83523941
v 85.31976318 -18.13154411 49.77651596
v 84.84493256 -17.91703606 49.73022461
v 85.06351471 -18.27418709 49.78218460
v 85.09886932 -20.07542038 50.20283508
v 86.52444458 -20.38684654 51.04991913
v 86.71255493 -19.81994247 50.90196228
v 85.84656525 -19.38051414 50.07088470
v 86.14445496 -19.35846329 50.18831635
v 85.81809235 -19.60764313 50.12528229
v 86.37200928 -19.32954979 50.32690430
v 86.11247253 -19.60914803 50.24480438
v 85.55425262 -17.09407616 49.94667435
v 85.37336731 -16.87136841 49.92070770
v 85.26641846 -16.73886299 49.90549088
v 85.10242462 -16.89090157 49.79119873
v 84.68604279 -16.35467148 49.73102951
v 84.26184845 -16.72052574 49.59225845
v 84.49127197 -16.09449387 49.70202255
v 84.07446289 -16.45261383 49.55914307
v 84.00004578 -16.34333801 49.54535294
v 83.75538635 -16.40322113 49.52641296
v 83.93951416 -16.25344276 49.53379822
v 83.76860046 -15.99585819 49.49923706
v 84.34921265 -15.90062714 49.67995453
v 84.16745758 -15.64919281 49.64969635
v 84.84576416 -16.20853996 49.84504318
v 84.64786530 -15.95139313 49.81575394
v 84.41310120 -15.98816776 49.69001770
v 84.56809235 -15.84619427 49.80360794
v 83.45523071 -15.51666546 49.42619324
v 83.61225891 -15.75631618 49.46454239
v 83.28395844 -15.65943146 49.40716934
v 83.18685150 -15.11724949 49.35381317
v 83.28416443 -15.26078320 49.38095093
v 84.07246399 -16.87554550 49.59165573
v 84.66793060 -17.27128983 49.65968323
v 84.77214050 -17.40793991 49.67655563
v 84.94896698 -17.63657951 49.70524216
v 85.38832092 -17.24918365 49.83254623
v 85.20858002 -17.02464676 49.80644226
v 84.13858032 -14.99906540 49.54179382
v 84.92737579 -15.18687057 49.74272919
v 85.62705231 -15.44115829 49.96570969
v 85.68637085 -15.49431896 50.00073624
v 85.74575806 -15.54742146 50.03574371
v 86.35162354 -16.08421326 50.39035416
v 86.44864655 -16.16967201 50.44688416
v 86.96341705 -16.67543221 50.77352142
v 87.40914917 -17.23192787 51.11684418
v 87.77169800 -17.83657455 51.47364807
v 88.03646851 -18.48636246 51.84045029
v 88.18148041 -19.17111015 52.20913315
v 88.17870331 -19.87459564 52.56768036
v 88.00737000 -20.57127953 52.90029526
v 87.65985870 -21.21955490 53.18473053
v 87.29636383 -21.72583580 53.39459229
v 86.77951050 -22.28147507 53.60920334
v 86.13592529 -22.71981621 53.74707794
v 85.41184235 -23.02871895 53.80818558
v 84.64263916 -23.21336174 53.79988098
v 83.85726166 -23.28868103 53.73364639
v 83.07579803 -23.26751137 53.61870575
v 82.30770111 -23.15999985 53.46149445
v 81.56182861 -22.97613907 53.26829147
v 81.43141174 -22.93718529 53.23103714
v 80.61382294 -22.69528961 52.99866867
v 80.53318024 -22.67179298 52.97593307
v 79.48159790 -21.05144501 51.72059631
v 79.18128204 -20.97548866 51.74994659
v 79.01177216 -20.93261719 51.76452255
v 79.93289185 -21.51780128 52.08697891
v 80.01950073 -21.18881798 51.65612793
v 79.76010895 -21.12182617 51.68878555
v 80.32804871 -21.75218010 52.25263214
v 80.34851074 -21.64963722 52.03718567
v 80.24559784 -21.61642647 52.04964447
v 80.33489990 -21.27418900 51.61512756
v 80.75901794 -21.90099525 52.20558548
v 80.45286560 -21.79459953 52.23876572
v 80.47361755 -21.69055557 52.02208328
v 80.56582642 -21.33967590 51.58505630
v 80.43903351 -21.30337524 51.60151672
v 81.39527130 -22.13101959 52.14156342
v 81.55502319 -22.19001961 52.12631607
v 81.82393646 -22.28989410 52.10142517
v 81.58106232 -22.07736588 51.90128708
v 81.85116577 -22.17586517 51.87518692
v 81.69163513 -21.69871330 51.45528793
v 81.96508026 -21.79273033 51.42818069
v 82.03647614 -22.06204605 51.63196182
v 81.95960236 -22.35294151 52.11669159
v 80.87839508 -21.43323517 51.54589844
v 81.52885437 -21.64363861 51.47223282
v 80.78103638 -21.79386330 51.98607254
v 81.42056274 -22.01928520 51.91740799
v 78.99470520 -20.92830086 51.76592255
v 82.56357574 -22.56792641 52.16020584
v 82.59857941 -22.65558624 52.49882889
v 82.86489868 -22.69083405 52.41308594
v 83.22293854 -22.74020386 52.64464951
v 83.13321686 -22.70469666 52.32143021
v 83.40185547 -22.69658470 52.22478867
v 83.32418823 -22.58921814 51.91698074
v 83.66912079 -22.66590309 52.12408447
v 83.57688141 -22.55550194 51.82633591
v 83.99198914 -22.59704399 51.99664688
v 83.88189697 -22.48548317 51.71107101
v 84.17864227 -22.38408661 51.59279251
v 84.06601715 -22.25334930 51.38830185
v 84.49829102 -22.03181648 51.20874405
v 84.32144165 -21.85062027 51.02115631
v 84.68572235 -21.59424210 50.86958313
v 84.14171600 -21.63383102 50.87939453
v 83.75766754 -22.71046638 52.43909454
v 84.42053986 -22.54420280 52.16206360
v 84.30644989 -22.49390221 51.86640167
v 84.79512787 -22.25109482 51.65062714
v 84.63895416 -22.15060806 51.39586639
v 85.07387543 -21.85081482 51.22512054
v 84.93148804 -22.30065346 51.93026352
v 85.39295959 -21.96281242 51.70318604
v 83.56221771 -21.89408302 51.09400558
v 83.78971100 -21.81369400 51.01472855
v 83.92739105 -22.05329895 51.17874146
v 83.13494110 -21.98194695 51.22743225
v 83.32839203 -21.95188141 51.16954422
v 83.67283630 -22.14346886 51.27203751
v 82.55583954 -21.98084831 51.37199402
v 82.74734497 -21.99614906 51.32942200
v 82.94081879 -21.99660873 51.28097916
v 82.75868988 -22.25617409 51.55662537
v 82.97631073 -22.25712585 51.49661255
v 82.78430176 -22.46579742 51.82975006
v 83.02330017 -22.46926308 51.75788498
v 82.81597137 -22.59489250 52.08482742
v 83.07003021 -22.60216904 52.00344849
v 82.54275513 -22.23870277 51.61059189
v 82.54687500 -22.44408798 51.89555359
v 83.19422913 -22.24117279 51.43139648
v 83.41105652 -22.20792580 51.36181641
v 83.50013733 -22.41955185 51.59952927
v 83.78704071 -22.35086823 51.49553680
v 83.26240540 -22.45400620 51.68085098
v 85.00716400 -21.31391525 50.73696899
v 85.19879913 -21.42571449 50.87129593
v 85.60361481 -21.59232140 51.30498123
v 86.04228210 -21.24291611 51.35701370
v 85.68305969 -21.17281723 50.90383911
v 85.23469543 -20.98357773 50.58371353
v 85.16675568 -20.51890182 50.35410690
v 85.69837952 -20.72988129 50.58285904
v 85.90139008 -20.78652382 50.73436737
v 86.01119995 -20.58020592 50.66132355
v 85.80359650 -20.53221321 50.51232910
v 85.25827789 -20.34608841 50.29156494
v 87.37648773 -19.72170448 51.94701004
v 87.10614014 -19.71912956 51.49634171
v 86.97097015 -19.71784019 51.27100754
v 87.21945190 -19.00446892 51.43092346
v 87.08413696 -19.00408554 51.20566940
v 86.94882202 -19.00370026 50.98041916
v 86.92981720 -18.18683243 50.99139023
v 86.81350708 -19.00331688 50.75516891
v 86.79452515 -18.18748283 50.76612854
v 86.83579254 -19.71655273 51.04567337
v 83.52619171 -22.73968506 52.65309906
v 83.65773010 -22.74426270 52.88053131
v 84.48885345 -22.61885262 52.70405960
v 84.35643005 -22.61444092 52.47713852
v 85.07530212 -22.35816574 52.36547089
v 84.94213867 -22.35408211 52.13898087
v 84.62127686 -22.62326241 52.93098068
v 85.20847321 -22.36224556 52.59196472
v 85.47480774 -22.37040901 53.04494476
v 84.22400665 -22.61002731 52.25021744
v 87.45500946 -21.94372177 53.14373398
v 87.81849670 -21.43744087 52.93387222
v 87.48452759 -21.92900848 53.23036575
v 87.84802246 -21.42272758 53.02050018
v 87.47869873 -21.89003754 53.31427002
v 87.84218597 -21.38375664 53.10440826
v 87.43875885 -21.83518219 53.37742996
v 87.80224609 -21.32890129 53.16756439
v 87.37329102 -21.77622604 53.40626907
v 87.73678589 -21.26994514 53.19640350
v 87.56198883 -17.21000671 50.81504822
v 86.83358002 -16.35410881 50.31089020
v 87.34310913 -16.87791061 50.70469284
v 86.60246277 -16.10825920 50.27566910
v 87.32381439 -16.85398102 50.76874542
v 86.56436920 -16.10186005 50.35073090
v 87.30509186 -16.84808350 50.80298996
v 87.25769043 -16.85200119 50.85941315
v 87.61691284 -17.26206589 51.04933167
v 87.56677246 -17.26158714 51.10673141
v 87.88576508 -17.70217896 51.30326843
v 87.83316040 -17.69676590 51.36138916
v 88.08940125 -18.12656403 51.54108047
v 88.03483582 -18.11613083 51.59960175
v 88.24794006 -18.57101631 51.78322983
v 88.19176483 -18.55504799 51.84185410
v 88.39721680 -19.50454140 52.26898956
v 88.33955383 -19.47605133 52.32668686
v 88.37093353 -19.98483658 52.50626755
v 88.31377411 -19.94942474 52.56279755
v 88.26931000 -20.46363449 52.73366165
v 88.21368408 -20.42106819 52.78853989
v 88.08995819 -20.92781639 52.94442368
v 88.03697205 -20.87821770 52.99721909
v 87.96212006 -20.83275223 53.01634979
v 88.13535309 -20.38639641 52.81189728
v 88.23403931 -19.92537308 52.59012985
v 88.26021576 -19.46178436 52.35746384
v 86.50986481 -16.12362480 50.41140747
v 87.19986725 -16.87482834 50.89917755
v 87.50431824 -17.28034401 51.14612198
v 87.76621246 -17.71054077 51.39998245
v 87.96396637 -18.12443542 51.63702011
v 88.11727142 -18.55690193 51.87762070
v 88.10540009 -20.95245934 52.90607834
v 88.28569031 -20.48663330 52.69518280
v 88.38817596 -20.00602150 52.46788406
v 88.41519928 -19.52375412 52.23088455
v 88.26694489 -18.58594131 51.74606323
v 88.10864258 -18.13928032 51.50452423
v 87.90504456 -17.71270180 51.26738358
v 87.63601685 -17.27023888 51.01424026
v 88.10690308 -20.98810768 52.82730484
v 88.28791809 -20.52352333 52.61778259
v 88.39197540 -20.04372787 52.39216614
v 88.42116547 -19.56152153 52.15693283
v 88.27809143 -18.62137413 51.67552185
v 88.12231445 -18.17258072 51.43560791
v 87.92090607 -17.74341202 51.20002747
v 87.65382385 -17.29771042 50.94854355
v 88.22002411 -20.65660667 52.59210205
v 88.38605499 -19.81792831 52.19724274
v 88.33309937 -18.98214531 51.77704620
v 88.09603882 -18.18210220 51.35431290
v 82.59815979 -23.43596649 53.49710083
v 82.59794617 -23.40430260 53.52066422
v 81.51521301 -23.13443565 53.26586533
v 82.60273743 -23.33550835 53.54694748
v 81.53393555 -23.05420113 53.28425980
v 82.61370087 -23.26253128 53.54700089
v 83.16435242 -23.32514000 53.65180588
v 83.72188568 -23.34356308 53.73497391
v 83.15878296 -23.40112114 53.65168381
v 83.72258759 -23.42205238 53.73463058
v 83.15844727 -23.47190857 53.62342834
v 83.72715759 -23.49437332 53.70424271
v 83.16045380 -23.50389671 53.59820557
v 83.73094940 -23.52646446 53.67729568
v 83.16758728 -23.54623985 53.53867722
v 83.73949432 -23.56736565 53.61416245
v 83.01013184 -23.54992867 53.44306564
v 84.23538208 -23.55930328 53.58326340
v 82.60343933 -23.47942543 53.44114304
v 85.15757751 -23.40507698 53.61043167
v 84.79334259 -23.47500420 53.68744278
v 84.26618195 -23.54348755 53.66194916
v 84.25683594 -23.50415993 53.72837067
v 84.25142670 -23.47217941 53.75693893
v 84.24195862 -23.39892387 53.78941727
v 84.23466492 -23.31868553 53.79013443
v 85.81890869 -23.18599319 53.65934753
v 86.03768158 -23.08879089 53.55307388
v 86.30090332 -22.95620918 53.59944534
v 86.82612610 -22.59806252 53.39686966
v 86.74833679 -22.66788673 53.50666428
v 87.14720917 -22.32478905 53.38138580
v 87.14407349 -22.29141426 53.46110153
v 87.13062286 -22.26399803 53.49829483
v 87.08642578 -22.20215607 53.54601669
v 87.02536774 -22.13748741 53.55718613
v 86.64076996 -22.46808243 53.67479706
v 86.20858002 -22.74646759 53.75952530
v 85.74216461 -22.96897888 53.81126022
v 85.77430725 -23.04897499 53.80773163
v 84.76199341 -23.33210373 53.82203293
v 84.77675629 -23.40575790 53.78731918
v 84.74720764 -23.25079155 53.82332230
v 84.78373718 -23.43742371 53.75709152
v 85.81053925 -23.15158463 53.73468781
v 86.29405212 -22.92276382 53.67692566
v 86.74337769 -22.63479614 53.58563614
v 85.80062866 -23.12111473 53.76812744
v 86.25042725 -22.82330132 53.75407410
v 86.28285217 -22.89315605 53.71181870
v 86.73101044 -22.60620880 53.62179947
v 86.69250488 -22.53979301 53.66679382
v 80.60169220 -22.72646332 53.00942993
v 80.87438202 -22.80644608 53.08658981
v 81.39417267 -23.05024910 53.24325562
v 81.41911316 -22.96818733 53.24171448
v 81.46257782 -22.98116493 53.25412750
v 81.38650513 -23.08633995 53.23239517
v 81.43763733 -23.06321526 53.25566864
v 81.42996216 -23.09930420 53.24480820
v 84.69895935 -23.45080566 53.09992599
v 85.38166809 -23.17725372 52.71880722
v 84.86719513 -23.44837570 53.40291977
v 85.54988861 -23.17482185 53.02180862
v 85.71810913 -23.17238808 53.32481003
v 86.47908783 -22.65088272 52.89826965
v 86.31088257 -22.65331268 52.59525681
v 86.14267731 -22.65574074 52.29224396
v 86.39210510 -21.65940857 50.71171570
v 86.43592834 -21.59885406 50.68724823
v 86.47998810 -21.53830147 50.66321945
v 86.52429962 -21.47774887 50.63963699
v 86.90673065 -20.83273697 50.41383743
v 87.61332703 -20.60704231 51.44256973
v 87.78364563 -20.60175323 51.74451065
v 87.95396423 -20.59646606 52.04645157
v 88.08191681 -19.64789963 51.55949402
v 88.25223541 -19.64263153 51.86143494
v 87.17014313 -20.12153816 50.21829224
v 87.91159821 -19.65316963 51.25755310
v 87.32302094 -19.33172989 50.07050323
v 88.01327515 -18.83421516 51.18581009
v 88.18360138 -18.82896042 51.48774719
v 87.35180664 -18.45643997 50.00334549
v 87.26176453 -17.65472031 50.04631424
v 87.12056732 -17.06051064 50.14742279
v 85.78128815 -15.51861954 50.01911926
v 86.46156311 -16.01768494 50.30230331
v 86.49388123 -16.04616547 50.32115173
v 86.46998596 -16.05404854 50.35023880
v 86.43766785 -16.02556610 50.33139420
v 86.37699127 -16.06275177 50.37928391
v 85.97272491 -15.70536518 50.14305878
v 85.77136230 -15.52603531 50.02471924
v 86.40932465 -16.09123993 50.39812469
v 68.48178101 -11.75719166 37.71444702
v 68.13264465 -11.42296982 37.91601944
v 67.62299347 -11.08784199 38.21026611
v 67.04481506 -10.97420216 38.54407883
v 66.46784210 -11.09575748 38.87719345
v 65.96166992 -11.43784523 39.16943359
v 65.58734894 -11.95920658 39.38554382
v 65.39002991 -12.59695530 39.49946976
v 65.39350891 -13.27417183 39.49745941
v 65.59737396 -13.90917206 39.37976074
v 65.97702789 -14.42536640 39.16056824
v 66.32615662 -14.75958824 38.95899582
v 43.43627548 7.42080307 49.06094360
v 43.52482605 7.41936398 49.21084976
v 44.27612305 6.95015097 49.38018799
v 43.61338425 7.41792297 49.36075592
v 43.70193863 7.41648102 49.51065826
v 43.79049683 7.41503716 49.66056442
v 44.61958313 8.56980515 49.18189240
v 44.53111649 8.57124710 49.03214645
v 45.10520935 8.10491848 48.90151596
v 44.44265747 8.57268810 48.88240051
v 44.35419464 8.57412720 48.73265457
v 44.26573563 8.57556438 48.58290863
v 43.89034653 7.56294441 49.60291672
v 43.99130249 7.70984650 49.54462814
v 44.09335327 7.85573912 49.48571014
v 44.19647598 8.00062084 49.42617416
v 44.30065918 8.14448452 49.36602020
v 44.40590668 8.28731537 49.30525589
v 44.51221466 8.42909527 49.24388123
v 45.67430878 7.97729301 51.92957687
v 46.09910583 6.88810349 54.27160645
v 47.66399002 6.86748171 56.91873550
v 47.02738190 5.75395012 57.29042435
v 47.79063797 5.72780800 58.62465668
v 47.54313278 5.24961567 58.76862717
v 48.28212738 5.20547819 60.11247635
v 47.70137787 3.97983789 60.44537354
v 48.15783691 3.72819185 61.56558990
v 46.98793030 4.03825617 59.08942413
v 46.51610565 2.78935552 59.35808563
v 46.24530029 4.07508564 57.74332809
v 45.78996277 2.83462572 58.00317764
v 44.68434143 4.08632565 55.08782578
v 44.23591995 2.84385920 55.34274673
v 41.35871506 3.43510985 50.26613235
v 40.87344742 1.98922288 50.54897690
v 42.65053558 6.15440655 49.51562500
v 45.46194839 5.77035284 54.64070892
v 41.95355225 4.82309103 49.92037201
v 45.22050095 5.29347515 54.78002167
v 40.50967407 0.49459898 50.76160049
v 43.77772522 1.14781058 55.59845734
v 44.07683945 2.32247472 55.43229294
v 45.62722015 2.31344938 58.09475708
v 46.34653473 2.26441503 59.45310974
v 46.91326141 2.56717086 60.29391861
v 43.55359650 -0.04236168 55.71936798
v 40.27688599 -1.03524947 50.89800644
v 43.45039749 -0.79888284 55.77256775
v 40.18319702 -2.58586049 50.95209885
v 43.36089706 -1.77255857 55.81489182
v 43.31867981 -2.74476719 55.82869720
v 44.52957153 -1.79969835 57.84071350
v 44.43502426 -2.48313832 57.74890518
v 44.41186905 -3.18075967 57.73184586
v 43.31536102 -3.30627227 55.82395554
v 43.46141815 -3.85973859 56.03541183
v 42.40894699 -3.92235875 54.31459427
v 41.32490158 -4.02782965 52.61577225
v 40.23656845 -4.13850832 50.92009354
v 44.46031570 -3.87364864 57.78960419
v 44.68946838 -1.13946009 58.00111008
v 44.90522385 -0.51170152 58.22067642
v 45.08369064 -0.05602923 58.38882446
v 45.16266632 0.07309963 58.48506165
v 45.31856537 1.13765001 58.26505280
v 45.74715424 1.09470332 59.08921432
v 46.33800507 1.90382540 59.70092010
v 49.49290466 4.67248201 62.93000412
v 49.36021042 5.12005377 62.12963104
v 48.53907013 5.68929100 59.96394730
v 49.63717651 5.61573744 61.97268677
v 49.20590210 6.82302999 59.57602310
v 50.34550858 6.77744818 61.56705856
v 48.62997055 7.93063736 56.93638229
v 50.10780334 7.90730953 59.43978882
v 51.49038696 6.73756838 63.55736160
v 51.58563614 7.88398170 61.94319153
v 52.07001495 6.72477770 64.55030060
v 52.65521240 6.71767950 65.54058075
v 52.21870041 5.87798882 66.02477264
v 52.84086609 6.00525331 66.88182068
v 50.87875366 5.40061998 64.41524506
v 50.74644089 5.55329370 63.98094177
v 51.56199265 5.67428446 65.20476532
v 53.24570084 6.71628332 66.52758789
v 53.41699982 6.04359388 67.77938080
v 53.84111404 6.72057104 67.51090240
v 53.94694138 6.02904081 68.66729736
v 54.56707382 6.73346806 68.69400787
v 54.44482040 6.01273203 69.49732971
v 55.21165848 6.61865997 69.91906738
v 55.03640366 6.38526821 69.95581818
v 54.83023453 6.18681717 69.88896179
v 54.62273026 6.05545425 69.72805023
v 56.01913071 7.81399870 69.45339966
v 54.54129791 7.83732653 66.94999695
v 53.06346893 7.86065435 64.44659424
v 48.43807602 6.84830427 58.24629593
v 47.15213776 7.95396519 54.43297958
v 46.78531647 5.27873516 57.43117905
v 42.86670303 6.38705349 49.21512222
v 42.33762741 5.44327211 49.52115631
v 41.74269104 4.20844507 49.86564636
v 41.25409317 2.97897673 50.14888763
v 40.86674881 1.75865352 50.37368011
v 40.57530594 0.54795045 50.54298401
v 40.40035629 -0.46479395 50.64467621
v 40.23648453 -2.45273566 50.73984528
v 40.28799057 -1.46650481 50.70998764
v 40.24411011 -3.41904020 50.73517227
v 56.09568024 5.32437754 69.58654785
v 53.86426544 5.82720518 64.77532196
v 55.36901093 4.82736921 68.95646667
v 55.85684204 5.08279610 69.49359131
v 55.61445618 4.90789557 69.29364777
v 53.24538803 4.82988453 65.09120941
v 54.39244461 4.80493879 67.21089172
v 53.83505630 4.74564457 66.27723694
v 53.23375320 4.60394430 65.37213898
v 51.96254349 4.12961388 63.66798019
v 50.62395477 4.77855158 60.39351654
v 50.63942337 3.44152379 62.07814026
v 49.79243851 3.24793220 60.75592041
v 49.30527496 2.54977703 60.59373093
v 48.48571396 3.22613668 58.40961075
v 48.64647675 2.01970553 59.89395905
v 47.77762985 1.66504753 58.62489319
v 47.99623108 1.41693127 59.22188950
v 47.38051987 0.74259800 58.60229874
v 46.82127380 -0.00841023 58.05607224
v 45.90159988 0.22470939 56.25933075
v 46.25686264 1.22074986 56.22626114
v 46.47266769 1.64767599 56.27756500
v 46.66691208 2.21263289 56.13413620
v 45.89950943 0.07534873 56.34289169
v 46.33651733 -0.86288321 57.59807587
v 45.60547256 -0.76881981 56.23731613
v 45.47631836 -1.48690498 56.27406311
v 45.37421417 -1.75086117 56.16727066
v 45.97378540 -1.82236910 57.26826477
v 45.21118927 -2.71287084 56.05551147
v 45.78555298 -2.86386609 57.10598373
v 45.22074509 -3.00504422 56.09677887
v 45.11521912 -3.64741445 55.90656281
v 45.80317688 -3.93330193 57.12408447
v 45.12994003 -4.44935799 55.82926559
v 45.08296204 -4.54761982 55.72369385
v 46.04765320 -5.29622889 57.24734497
v 45.10693359 -5.40771055 55.50758362
v 45.18167114 -5.79556656 55.47884750
v 45.18028641 -6.22507763 55.26019669
v 46.45508194 -6.61765242 57.33433914
v 45.35365295 -7.04405403 55.05945206
v 46.65312576 -7.25077009 57.26282501
v 45.46709442 -7.76342869 54.70405960
v 46.86899948 -7.80525541 57.21296310
v 46.95009613 -8.24827194 56.95373917
v 47.32134628 -8.71265316 57.16736984
v 45.64430237 -8.22865391 54.60689545
v 45.96661758 -9.23161125 54.13961411
v 47.38685226 -9.40571594 56.51406860
v 47.54562378 -9.08960819 57.16543961
v 47.83943939 -9.54385376 57.16542816
v 48.23242950 -10.09370327 57.18041229
v 48.00819778 -10.56484509 56.13033676
v 46.31851959 -9.96028996 53.88303375
v 46.69900894 -10.53832817 53.78544998
v 46.75283432 -10.69572735 53.65645218
v 47.27267456 -11.43467140 53.46933365
v 48.84103775 -11.73370266 55.83998108
v 47.53010559 -11.70446968 53.49610138
v 47.87602234 -12.16798496 53.33024597
v 48.72602844 -10.70692062 57.23088455
v 49.31056595 -11.34153938 57.33386230
v 49.59003830 -11.62027550 57.39410400
v 49.81796646 -11.83976841 57.44508362
v 49.86709595 -12.87723541 55.66677856
v 50.55982971 -12.50708389 57.62693024
v 51.33395767 -13.12355518 57.87620926
v 50.99948120 -13.94778442 55.57736206
v 52.17683029 -13.73971462 58.17618942
v 52.31356812 -13.98107433 57.91942215
v 52.98651886 -14.31356144 58.43460846
v 53.46495819 -14.96796989 57.83055878
v 53.64500427 -14.79443359 58.56409073
v 54.17885590 -15.22371387 58.54339218
v 54.65341187 -15.65933132 58.36517334
v 54.55778885 -15.87818432 57.64684677
v 52.14958954 -14.93327427 55.48923874
v 53.24137115 -15.84242821 55.30612946
v 51.41858292 -15.42216110 52.97803116
v 51.92495728 -15.80667305 52.96541595
v 52.08417130 -15.97905636 52.82679367
v 54.21605301 -16.67981720 54.96160889
v 55.29817200 -16.35006905 57.81899643
v 55.53330612 -16.71637154 57.30184174
v 55.94227219 -17.14125252 56.93317032
v 55.06795120 -17.45742416 54.45489502
v 53.26325989 -17.01087761 52.32089233
v 53.75000000 -17.42023849 52.11506653
v 54.27511978 -17.96850777 51.56930542
v 55.84407425 -18.20725822 53.80615997
v 56.50542831 -17.86815643 56.00237274
v 56.87055969 -18.34137726 55.33867645
v 54.94001389 -15.95218086 58.16768265
v 56.21329117 -17.48895454 56.50365829
v 57.09671021 -18.63278198 54.91760635
v 57.36056519 -18.97113609 54.42195129
v 55.21144867 -18.90809441 50.61342239
v 54.52552032 -18.16955185 51.46667862
v 52.89879608 -16.64326286 52.62137985
v 52.69908524 -16.50762939 52.60692596
v 50.83421707 -14.89857864 53.14791870
v 50.71346283 -14.83549213 53.07232666
v 49.68539429 -13.91449451 53.23530197
v 49.25782013 -13.56891251 53.17610550
v 48.55450439 -12.84575462 53.32385254
v 46.07940674 -9.38240910 54.16817474
v 47.12843704 3.19538665 55.98138428
v 47.17898941 3.20434117 56.06330109
v 47.63855743 4.16460466 55.76971817
v 48.19473648 5.11635017 55.50389481
v 48.00660706 4.72729874 55.70314407
v 49.31528091 4.75292540 58.04833221
v 45.62493515 5.05748272 50.91085052
v 67.74678802 -12.88416672 38.13879395
v 68.24166107 -12.70211601 38.74238205
v 69.16236115 -12.68180561 40.38891220
v 69.21224213 -11.15031624 38.18270874
v 70.13134003 -11.13221169 39.82961655
v 69.98693085 -9.64469528 37.73613739
v 70.90439606 -9.62933826 39.38344193
v 70.49015808 -8.41111755 37.44618988
v 71.40628815 -8.39856339 39.09379959
v 70.85504913 -7.22309923 37.23610687
v 71.76998901 -7.21380091 38.88393784
v 71.08512115 -6.09262753 37.10386276
v 71.99912262 -6.08702660 38.75177383
v 71.18650818 -5.03229666 37.04592133
v 72.09992218 -5.03081465 38.69369888
v 71.16824341 -4.04825735 37.05705261
v 72.08155823 -4.05128574 38.70442963
v 71.03781128 -3.13719773 37.13294601
v 71.95161438 -3.14496589 38.77957153
v 70.80256653 -2.29932976 37.26935196
v 71.71752167 -2.31186223 38.91485214
v 70.47027588 -1.54185903 37.46179199
v 71.38703918 -1.55895388 39.10578156
v 70.32209015 -1.27823126 37.54756927
v 71.23141479 -1.28315282 39.19567871
v 72.13883209 -1.28810287 40.84039688
v 72.46105957 -1.89621830 40.66137695
v 72.70545197 -2.55598879 40.50740051
v 72.87078094 -3.19955921 40.41201782
v 72.96726990 -3.77422571 40.36791992
v 73.01047516 -4.27487278 40.34544754
v 73.01830292 -4.71151495 40.33462906
v 72.98171997 -5.46303129 40.34932327
v 72.75263214 -6.91642761 40.48772812
v 72.33856964 -8.32122135 40.71576691
v 71.80361938 -9.64702702 41.03363800
v 71.17553711 -10.88207436 41.39150620
v 70.46003723 -12.08537102 41.81106186
v 69.66638184 -13.25319576 42.26786423
v 67.67358398 -12.98967171 38.18106079
v 67.59992981 -13.09476376 38.22358322
v 67.52584076 -13.19944668 38.26635742
v 67.45132446 -13.30372524 38.30937958
v 69.41085052 -1.27333796 35.89606094
v 67.42345428 -12.24679947 38.32546997
v 67.65264130 -12.51981258 38.19314957
v 67.11100006 -12.12680054 38.50586700
v 66.78585052 -12.18692207 38.69358826
v 66.52146912 -12.41358376 38.84622955
v 66.37757111 -12.75558281 38.92930984
v 66.38666534 -13.13566494 38.92406082
v 66.54669189 -13.46797085 38.83166885
v 66.82151031 -13.67743492 38.67300415
v 67.14903259 -13.71673965 38.48390961
v 66.25902557 -15.26361752 39.88774872
v 68.32122803 -13.85335445 40.87453842
v 67.18211365 -15.23995781 41.53235626
v 68.82011414 -14.36949158 42.75787354
v 67.92639160 -15.40754604 43.26739883
v 66.04644775 -16.39558792 42.18817902
v 66.99340820 -16.34677887 43.81081390
v 65.09208679 -17.19311333 42.73930359
v 65.96107483 -17.20392036 44.39781570
v 64.15126801 -17.82531166 43.28260803
v 64.84619141 -17.92867851 45.05251694
v 63.23486710 -18.29406357 43.81181717
v 63.64960861 -18.46098518 45.73722076
v 62.35472870 -18.60412216 44.32009125
v 63.01909637 -18.63860703 46.10766983
v 61.51776886 -18.76475143 44.80343628
v 62.64827728 -18.70755005 46.32806778
v 62.21333694 -18.75252151 46.57670593
v 60.72243118 -18.78521156 45.26274872
v 61.70230484 -18.75523758 46.86013794
v 61.12394714 -18.68694496 47.19398117
v 59.97010040 -18.67391777 45.69723129
v 60.52172089 -18.52557373 47.55455780
v 59.26815414 -18.43838882 46.10262299
v 59.94200897 -18.27609062 47.88223648
v 59.00461960 -18.31289101 46.25482559
v 58.06531143 -18.34972382 44.62402344
v 58.31705093 -18.46912193 44.47845840
v 57.12408829 -18.38659286 42.98982620
v 59.02304840 -18.70609093 44.07026291
v 59.77948380 -18.81803513 43.63294601
v 60.57878113 -18.79747772 43.17088318
v 61.41939926 -18.63612747 42.68496323
v 62.30276871 -18.32487297 42.17435837
v 63.22198105 -17.85459518 41.64306259
v 64.16518402 -17.22067261 41.09791565
v 65.12152100 -16.42134476 40.54518509
v 67.22525024 -13.61411858 38.43990326
v 67.37639618 -13.40760136 38.35264206
v 67.30103302 -13.51106930 38.39614868
v 67.39952850 -13.87505627 39.22858429
v 67.68024445 -13.26838303 38.17721176
v 67.46367645 -13.57002735 38.30224991
v 73.06067657 -13.61520386 47.27363205
v 72.73465729 -13.54641151 46.87485886
v 72.09538269 -14.87947369 47.83613968
v 71.76091003 -14.82384682 47.44501877
v 71.04235840 -16.07373619 48.46316147
v 70.69953918 -16.03053284 48.08252335
v 69.89479065 -17.16231155 49.16409302
v 69.54508972 -17.12774658 48.79629898
v 68.67511749 -18.08741379 49.93260574
v 68.32117462 -18.05500984 49.57948303
v 67.69688416 -18.43267250 49.98971558
v 68.04550171 -18.01419640 49.22940826
v 67.42164612 -18.39010620 49.64030075
v 67.78416443 -17.97831345 48.89299011
v 67.15943146 -18.35224915 49.30288315
v 66.33000946 -17.83277321 46.88621521
v 65.70275879 -18.19461632 47.29618835
v 72.21115112 -13.45966721 46.17748642
v 71.48777771 -14.78073883 47.08871078
v 70.42447662 -15.99054718 47.72878265
v 69.26911926 -17.08879089 48.44468689
v 71.23365021 -14.74334049 46.75171661
v 71.44815063 -13.35459900 45.10932541
v 70.96072388 -13.30590057 44.38257599
v 69.81272888 -14.59362411 44.72339249
v 68.73149872 -15.82206059 45.37649918
v 70.16748810 -15.95612907 47.39328766
v 69.00965118 -17.05513382 48.10944748
v 67.56217194 -16.92391968 46.10016251
v 64.44991302 -18.70018005 48.13497162
v 65.07473755 -18.48556709 47.71333313
v 66.53394318 -18.65723991 49.72033310
v 66.79707336 -18.69741631 50.05894470
v 67.07179260 -18.74204636 50.40770721
v 67.42680359 -18.77947617 50.74482727
v 63.83275986 -18.83356476 48.55779266
v 65.29773712 -19.03658295 50.56625748
v 64.69944763 -19.10099792 50.98530579
v 64.96594238 -19.14906693 51.32814407
v 64.39219666 -19.12718582 51.73787308
v 64.66587830 -19.18100929 52.08362198
v 64.12074280 -19.07003784 52.47639465
v 64.46691895 -19.14968872 52.77680588
v 63.95202255 -18.95884132 53.14513397
v 63.84557724 -19.01384735 52.13211060
v 63.57423019 -18.96047211 51.78795624
v 64.12372589 -19.07650948 51.39403915
v 62.64388657 -18.84136581 49.38800812
v 63.22906494 -18.88186073 48.97702026
v 62.07901001 -18.70841599 49.78734970
v 61.84965134 -18.54275894 50.51739502
v 65.01408386 -19.24880981 52.38991928
v 65.23920441 -19.20063591 51.67493439
v 65.56285858 -19.08197975 50.90773010
v 65.91171265 -18.88718605 50.14265823
v 65.58989716 -19.25839996 51.98812103
v 65.83638000 -19.13122368 51.25526428
v 66.17579651 -18.92991257 50.48265076
v 66.18933868 -19.18054390 51.57600021
v 66.44990540 -18.97680664 50.83079147
v 66.80434418 -19.01933479 51.15960312
v 71.73028564 -11.92280388 43.61629105
v 72.58551025 -10.45409775 43.15137863
v 73.32364655 -8.89921188 42.77377701
v 73.89508057 -7.29596663 42.51851654
v 74.10364532 -6.49366951 42.44593430
v 74.25411224 -5.70033455 42.41362000
v 75.51232147 -6.71815300 44.48033905
v 75.67582703 -5.92422104 44.44226074
v 75.76557159 -6.76849985 44.82293320
v 75.93183136 -5.97433281 44.78499603
v 76.03212738 -6.82317114 45.17736435
v 76.19970703 -6.02849436 45.13770676
v 76.48857880 -6.15805292 45.51301193
v 76.59689331 -5.38007784 45.50587845
v 73.12595367 -12.10770607 45.65919876
v 73.96965027 -10.66038799 45.19810486
v 74.70717621 -9.11949825 44.81998444
v 75.29251862 -7.52050829 44.55804062
v 73.37551117 -12.15146255 45.99882889
v 73.64413452 -12.20084953 46.35773849
v 74.21726227 -10.70787430 45.53902054
v 74.48307800 -10.76074219 45.89809799
v 74.95500946 -9.16935635 45.16193771
v 75.21955109 -9.22423363 45.52014923
v 75.54338837 -7.57096720 44.90049744
v 75.80885315 -7.62600279 45.25646973
v 73.95954132 -12.28303719 46.75986862
v 74.78746033 -10.85748196 46.30092621
v 75.51473236 -9.33474350 45.91941833
v 76.09867859 -7.74772501 45.64661026
v 76.30683136 -5.24786997 45.13989639
v 76.64173889 -4.62222385 45.54130554
v 76.34932709 -4.48857260 45.18561554
v 76.62020111 -3.89516664 45.61977386
v 76.32414246 -3.76130009 45.27504349
v 76.52979279 -3.20949411 45.74132538
v 76.22859192 -3.07621646 45.40789032
v 76.36907196 -2.57212019 45.90509415
v 76.06065369 -2.43988180 45.58288193
v 76.13629913 -1.98832369 46.11053848
v 74.03742218 -1.56737554 43.48078156
v 74.01008606 -2.09056497 42.89894485
v 75.51196289 -2.33334589 44.89570236
v 75.78434753 -2.38527870 45.23925781
v 75.95436096 -3.02316737 45.06245804
v 74.20208740 -2.74285841 42.71487808
v 74.31919861 -3.43528652 42.57413101
v 74.36504364 -4.16397715 42.47698212
v 74.34243774 -4.92165804 42.42351913
v 76.03748322 -5.19434023 44.78900146
v 76.07841492 -4.43567896 44.83657074
v 76.05162048 -3.70869446 44.92782593
v 75.77845764 -5.14456987 44.44609070
v 75.81619263 -4.38624573 44.49341965
v 75.78610992 -3.65925670 44.58441925
v 75.68550110 -2.97301745 44.71884155
v 78.41476440 -2.86822963 48.73681641
v 78.64397430 -3.02463388 48.99312592
v 78.91610718 -2.39548278 48.90303040
v 78.92881775 -2.97001958 49.17378998
v 79.32339478 -2.47291613 49.24773026
v 79.18908691 -2.92273569 49.33533478
v 79.42650604 -2.88181448 49.47997665
v 79.64242554 -2.84628797 49.60943604
v 79.62926483 -2.25312424 49.40274048
v 79.49813843 -1.90249872 49.19112396
v 79.57084656 -1.53604901 49.15258026
v 79.12404633 -1.78864539 48.83425140
v 79.32400513 -1.02748656 48.79100037
v 78.74216461 -1.67996585 48.45911026
v 78.97270966 -0.88655913 48.40478897
v 78.35351562 -1.57608151 48.06655502
v 78.60424042 -0.75782222 48.00350571
v 77.95909119 -1.47661316 47.65743256
v 78.22071838 -0.64014035 47.58728790
v 77.55989075 -1.38118196 47.23258972
v 77.82424927 -0.53237808 47.15626907
v 77.15693665 -1.28940916 46.79288101
v 77.41695404 -0.43339983 46.71059036
v 76.75122070 -1.20091558 46.33915329
v 77.00093842 -0.34207013 46.25038528
v 76.12083435 -1.06966710 45.61201477
v 76.34547424 -0.21327622 45.51058578
v 75.48996735 -0.94395143 44.85652924
v 75.68202972 -0.09585497 44.73689651
v 74.24395752 -0.70601922 43.27792740
v 74.38543701 0.12441824 43.12481689
v 73.69394684 -0.61251849 42.54789734
v 73.84084320 0.21433145 42.41136551
v 73.14756012 -0.52959204 41.80223846
v 73.30622101 0.29328394 41.69233322
v 72.67779541 -0.46352211 41.14145279
v 72.84505463 0.35584646 41.05188751
v 72.52281189 0.30693132 40.61994171
v 72.61845398 1.12183511 40.56117249
v 72.93331909 1.09904540 41.00628662
v 72.94764709 1.76509821 41.00110626
v 73.39930725 1.71102083 41.61613464
v 73.38031006 2.01866913 41.62430954
v 73.90652466 1.95777500 42.31023788
v 73.87469482 2.25282168 42.32803345
v 74.44660187 2.19698453 43.04547119
v 74.36881256 2.74962616 43.13515091
v 75.94172668 2.67567420 44.95187378
v 75.04928589 3.09640765 44.12249374
v 75.45398712 2.99260306 44.53224564
v 75.79694366 2.90975165 44.88228607
v 76.70439148 2.59905314 45.78294373
v 77.09583282 2.64248419 46.24216080
v 77.40223694 2.47941566 46.53939056
v 77.70628357 2.55936337 46.92966843
v 77.81365967 2.37697697 46.99395370
v 78.19002533 2.25338984 47.42470169
v 77.80289459 1.76616895 46.84072113
v 78.19412994 1.64778852 47.28191757
v 77.77677155 1.43653703 46.78273010
v 78.17375946 1.32110763 47.22740555
v 77.73612976 1.09274697 46.73853302
v 78.13764191 0.98041397 47.18550491
v 77.60896301 0.36069554 46.69372177
v 78.01583862 0.25488639 47.14200592
v 79.45964813 -0.74101830 48.87314987
v 79.11888885 -0.14745247 48.40016174
v 79.28816223 0.08601201 48.57863998
v 78.86376190 0.70375395 48.03341293
v 79.06277466 0.86230963 48.29710388
v 78.88045502 1.03346276 48.06863785
v 78.80828857 1.52517998 48.05170441
v 78.55393982 1.50955236 47.70534515
v 78.53883362 2.08338237 47.84037781
v 78.26847076 2.54604411 47.66093445
v 74.24870300 3.25393176 43.27932358
v 74.57985687 3.22657323 43.65393448
v 74.04271698 3.38850832 43.12748337
v 73.53475952 3.49953032 42.58810425
v 73.43486023 3.58762050 42.54404449
v 72.86254120 3.73827910 41.94457626
v 72.77008820 3.82312202 41.92018509
v 72.26182556 3.97286963 41.39014435
v 72.20793152 4.03564548 41.40432358
v 71.94818115 4.00322342 40.94912338
v 72.39613342 3.76940846 41.31288528
v 72.51470184 3.55919981 41.24538803
v 72.97667694 3.52488995 41.86986542
v 72.61871338 3.34113288 41.18668747
v 73.07701874 3.30370045 41.80541611
v 72.78511047 2.87536669 41.09357834
v 73.23829651 2.83192444 41.70525360
v 72.89533234 2.35764742 41.03184128
v 73.34632874 2.30864024 41.64230347
v 72.92934418 2.07028580 41.01227951
v 72.11628723 3.74518943 40.85361862
v 72.38057709 3.18454218 40.70098877
v 72.54917908 2.57763195 40.60630035
v 72.62742615 1.91653955 40.55855942
v 72.49592590 -1.13347018 41.24050522
v 72.97383118 -1.20190299 41.91997910
v 73.53202820 -1.28676224 42.69039154
v 74.09079742 -1.38066220 43.43814087
v 75.30564880 -1.62697959 44.99702072
v 75.91027069 -1.75866532 45.73807526
v 76.51800537 -1.89200950 46.45376968
v 76.91299438 -1.97838545 46.90093613
v 77.30966187 -2.06435299 47.33422470
v 77.70816040 -2.14947939 47.75236130
v 78.10863495 -2.23333168 48.15406036
v 78.51123810 -2.31547713 48.53804398
v 76.77568054 -2.14834523 46.86040878
v 77.41455841 -2.35757041 47.59574509
v 77.92179871 -2.57929468 48.17436218
v 78.77362061 0.00237276 47.99456024
v 78.40499878 0.13596559 47.57539749
v 78.51458740 0.85131204 47.61663437
v 78.54273987 1.18730080 47.65541458
v 77.18717957 0.45495340 46.22987747
v 76.51229858 0.58158141 45.48053741
v 75.81896973 0.69009334 44.68994904
v 74.46240997 0.88479531 43.03654861
v 73.91593170 0.96728110 42.33116531
v 73.38842010 1.04046667 41.63141632
v 77.31324005 1.18999863 46.27423859
v 76.62477112 1.31460214 45.51883316
v 75.90464783 1.41342366 44.71297836
v 74.48041534 1.57451963 43.01109695
v 73.92467499 1.64554024 42.30453110
v 77.35507202 1.53524232 46.31951141
v 76.66201782 1.65878165 45.56244278
v 75.92977905 1.75240600 44.74959946
v 74.46952820 1.89390671 43.02099991
v 77.38352966 1.86625671 46.37949371
v 76.68739319 1.98863447 45.62171555
v 75.94396973 2.07679510 44.80233002
v 73.77475739 2.78742480 42.39742661
v 73.62663269 3.27177715 42.51284027
v 81.18693542 -6.37507057 50.04961777
v 81.27885437 -6.04950142 50.12348557
v 80.55231476 -5.36540508 49.80229950
v 80.68358612 -5.09399557 49.89819336
v 80.33596039 -4.56983328 49.76509476
v 80.50519562 -4.02617359 49.92003250
v 79.93692017 -3.99730134 49.61137390
v 79.48110199 -3.38028073 49.43508148
v 81.78974915 -6.93320036 50.31345367
v 81.67375183 -7.22161341 50.23432541
v 81.85755920 -7.56035185 50.30289078
v 81.99939728 -7.83027411 50.35543442
v 82.77460480 -7.83398914 50.73995972
v 82.06148529 -6.51422167 50.48305511
v 82.21515656 -8.26005363 50.43455887
v 82.73129272 -8.75062656 50.65617752
v 83.38572693 -9.07426262 50.93892670
v 83.18177032 -9.70188713 50.78448868
v 83.99313354 -10.30659580 51.03649902
v 83.61228943 -10.58231449 50.84873199
v 84.36505890 -12.03545189 50.82676315
v 84.09831238 -11.93799210 50.77005768
v 84.62202454 -12.84998798 50.69891739
v 82.39965057 -8.64431763 50.50099564
v 82.54294586 -8.94602680 50.55106354
v 82.76932526 -9.41571426 50.62387085
v 82.91326141 -9.70861149 50.66488266
v 82.98381042 -9.84983826 50.68251419
v 83.10548401 -10.09054375 50.70920181
v 83.59510040 -11.02509499 50.77304459
v 85.13890839 -13.77459240 50.56169128
v 85.14057159 -13.45803165 50.64546204
v 85.30641937 -12.79105377 50.86273193
v 84.63911438 -11.55273247 51.01443100
v 85.57276154 -14.20126534 50.53591156
v 85.63215637 -14.58821869 50.45465088
v 86.12496185 -15.07379532 50.43774414
v 86.16422272 -15.39511204 50.37768173
v 86.83208466 -16.08993912 50.36767197
v 86.84552765 -16.34570122 50.32685471
v 87.24781036 -16.65730286 50.35535049
v 87.48744965 -17.19997787 50.33684158
v 87.71170044 -17.27778244 50.37660217
v 88.07720947 -17.96201324 50.41582108
v 88.22735596 -17.95350456 50.45208740
v 88.64611816 -18.68041801 50.56079865
v 88.77005768 -18.65326881 50.59246826
v 89.04067993 -19.17313194 50.70069885
v 89.26676178 -19.29181480 50.77609253
v 89.35968018 -19.57714844 50.83837128
v 89.67976379 -19.85485840 50.97687912
v 89.73591614 -20.11269188 51.04435349
v 89.98072815 -20.39573479 51.19092941
v 89.91825104 -20.47546959 51.18926239
v 90.03728485 -20.93589592 51.37969589
v 90.19726562 -20.88737297 51.43128204
v 90.23825073 -20.35709572 51.27335358
v 90.00349426 -19.87242699 51.07889557
v 90.35734558 -20.83881378 51.48289871
v 89.37065125 -18.92278099 50.76918030
v 88.64974213 -17.92668152 50.55467606
v 87.92850494 -16.92896652 50.45686340
v 87.21572876 -15.92596722 50.46595383
v 86.53896332 -14.92302513 50.54592133
v 85.91685486 -13.90333843 50.67449951
v 85.62986755 -13.39258194 50.75551605
v 85.48755646 -13.12784100 50.80201721
v 81.31330109 -5.25695896 50.21348572
v 79.15628815 -3.65481520 49.20868301
v 79.89382172 -4.47330236 49.53217697
v 79.00942230 -3.49946904 49.14298248
v 78.75325012 -3.18421364 49.03490448
v 78.87508392 -3.34255099 49.08496094
v 83.79608154 -11.81548500 50.38673019
v 83.77560425 -11.72166824 50.44311523
v 83.37532043 -10.96554089 50.45962524
v 83.02835846 -10.28562927 50.43398666
v 82.73097229 -9.68183708 50.38114166
v 82.47532654 -9.14885807 50.31169891
v 82.25160980 -9.15128040 49.93859482
v 81.29434967 -7.24603319 49.58753204
v 81.51799774 -7.24337387 49.96067810
v 80.99317932 -6.32035303 49.77019119
v 80.76959229 -6.32320213 49.39700699
v 80.49113464 -6.52031231 48.78504562
v 80.31686401 -6.24778461 48.70388412
v 80.13366699 -5.96549273 48.62043381
v 79.73538971 -5.37638092 48.43831253
v 79.94001770 -5.67480993 48.53217697
v 81.01342010 -7.38495159 49.02330780
v 81.24634552 -7.81142139 49.11754990
v 81.42474365 -8.16554260 49.18122864
v 82.01741791 -9.40089703 49.38716125
v 82.50730133 -9.68443966 50.00800705
v 82.43332672 -10.06286049 49.61405945
v 82.80477142 -10.28845692 50.06080627
v 83.04240417 -10.87478733 49.98207092
v 83.15182495 -10.96862888 50.08639145
v 83.71118164 -14.68958855 49.45022202
v 84.53717804 -14.93487835 49.66320801
v 84.66140747 -14.60083008 49.78419876
v 86.19525909 -15.67394161 50.21706772
v 84.75878143 -14.27759457 49.94081116
v 84.06983948 -13.85420036 49.70488358
v 83.92864227 -14.21682739 49.56802750
v 83.34535980 -13.48966885 49.42791367
v 83.11200714 -14.00423336 49.29849625
v 82.00914001 -12.60021973 48.93539047
v 81.69504547 -13.23064041 48.86903763
v 81.02455902 -12.39015007 48.61919022
v 80.62844086 -13.09436417 48.62971878
v 79.92958832 -12.31494522 48.38351059
v 79.45893097 -13.07659531 48.47142029
v 78.16674042 -11.80335808 48.06255722
v 77.53524017 -12.29466057 48.13446808
v 78.10747528 -11.40805244 47.97097778
v 78.57799530 -10.83381081 47.91908264
v 78.81792450 -10.23270321 47.86444092
v 80.36145020 -11.55899715 48.36524963
v 81.36948395 -11.70286655 48.68162537
v 82.27277374 -11.99212646 49.07414627
v 83.50032043 -13.09335041 49.57863617
v 84.18592834 -13.50196934 49.88325119
v 84.86190796 -13.81453514 50.24461746
v 86.21615601 -15.49395561 50.35443115
v 87.41072083 -17.16284752 50.29627609
v 87.34751892 -17.46033096 50.13404465
v 87.28099060 -17.68056488 50.04822922
v 88.22460175 -18.69069099 50.31026459
v 88.13695526 -18.90185356 50.25656891
v 89.19414520 -19.66823578 50.72959518
v 89.10076904 -19.85227966 50.68215561
v 89.64788818 -20.13389587 50.98660278
v 89.55833435 -20.31129265 50.94493484
v 89.87448120 -20.75169373 51.19881439
v 89.87950897 -21.23686218 51.34661484
v 89.95687103 -21.10015678 51.36033249
v 89.86191559 -21.28257370 51.35069656
v 89.74006653 -21.47242737 51.33870697
v 89.75373840 -21.48040009 51.35232162
v 89.63391113 -21.69084167 51.36671829
v 89.58872223 -21.71706390 51.34932709
v 89.47590637 -22.04542351 51.45355606
v 89.42821503 -21.96655846 51.37858200
v 89.29370117 -22.39524269 51.55837631
v 89.07569885 -22.47969627 51.49071121
v 89.08731079 -22.73903847 51.67794418
v 88.91239929 -22.34508705 51.35022736
v 88.49697113 -22.04523659 51.10847092
v 89.28523254 -21.78375053 51.22018814
v 88.91011047 -21.42370033 50.96023178
v 89.45280457 -21.51100349 51.18440628
v 89.09596252 -21.12424088 50.92019272
v 89.60887146 -21.24458504 51.16894150
v 89.26787567 -20.83507919 50.90418625
v 89.75096130 -20.98908615 51.17395020
v 89.42352295 -20.56145096 50.91267776
v 87.99848938 -19.19683266 50.21435165
v 87.83168030 -19.52107430 50.20324707
v 87.64055634 -19.86838913 50.22507858
v 88.79664612 -20.40198517 50.63452911
v 88.61553192 -20.70965004 50.65213394
v 87.42771149 -20.23351860 50.27906418
v 88.41880798 -21.03114128 50.69704437
v 86.95115662 -20.99577522 50.47378159
v 87.98304749 -21.70269203 50.86293411
v 89.27074432 -19.50774956 50.79037857
v 88.29267120 -18.50105286 50.37950134
v 84.89939117 -13.58580017 50.43694687
v 84.37288666 -12.74942398 50.45477295
v 83.79135895 -12.15821648 50.16830444
v 83.63180542 -12.70807552 49.77658463
v 82.60800171 -11.06933594 49.46085358
v 82.45151520 -11.52320290 49.23934174
v 81.85991669 -10.53204250 48.98903656
v 81.66117096 -11.04037762 48.82031250
v 81.06419373 -10.11180401 48.56017685
v 80.74133301 -10.82078075 48.42279816
v 79.52786255 -8.90106201 47.91731262
v 79.18974304 -9.56335640 47.86575699
v 82.03469086 -10.04363251 49.21819687
v 81.28334045 -9.57227516 48.73093414
v 80.06967163 -7.67079067 48.18463898
v 79.82157898 -8.26698971 48.02221298
v 81.47454834 -9.05910110 48.96485901
v 80.28024292 -7.11590433 48.41366577
v 77.32536316 -13.65513134 48.51478577
v 76.64407349 -13.61178493 48.49597168
v 80.05995178 -15.82769012 49.23406982
v 79.26246643 -15.19609451 49.02560806
v 80.92684174 -14.53602028 48.94099808
v 80.19199371 -13.80564690 48.70757294
v 81.33120728 -13.87855053 48.87263107
v 81.35375977 -16.81822395 49.55935287
v 82.04216003 -17.32667732 49.71498489
v 82.76968384 -17.86589050 49.83747482
v 84.47692108 -19.16911697 50.01334381
v 83.47721100 -16.83441162 49.58271027
v 82.78962708 -16.24417305 49.45692444
v 83.13650513 -15.70626736 49.39652252
v 82.83108521 -14.54156780 49.23433304
v 82.50405884 -15.10001564 49.23456192
v 82.13889313 -15.67382336 49.29465485
v 78.46575928 -14.56281567 48.81520844
v 84.31961823 -12.99735165 50.23279572
v 88.95986938 -20.11359596 50.64488983
v 89.63773346 -22.55549240 52.05438995
v 89.42888641 -22.68553925 51.91871262
v 89.29124451 -23.17301559 52.32812119
v 89.29751587 -22.71002579 51.81102371
v 89.15863037 -22.72992325 51.71791077
v 89.26422882 -22.54207993 51.64474106
v 89.36318970 -22.35287285 51.57619476
v 89.54421234 -21.96984863 51.45610428
v 89.62570190 -21.77845001 51.40620422
v 89.75679016 -21.59648514 51.41010666
v 89.88300323 -21.41589546 51.42662811
v 90.02101898 -21.31680489 51.51955795
v 89.53852844 -22.43234062 51.79770660
v 89.88837433 -21.88119698 51.75305557
v 89.63722229 -22.17673874 51.68465424
v 89.80946350 -21.65662003 51.49068451
v 89.50183105 -22.26642990 51.62345505
v 89.67848969 -21.81467628 51.46785736
v 89.40393829 -22.48907661 51.71400070
v 89.56185913 -23.27034569 52.56195831
v 89.63509369 -22.89058113 52.30296326
v 90.04782104 -22.38033676 52.17676926
v 89.91825867 -22.28634644 52.03383636
v 90.14512634 -22.12895203 52.06446457
v 90.09162903 -21.75784111 51.79829788
v 90.26762390 -21.74209404 51.89028549
v 90.36125946 -21.28231049 51.68280029
v 90.19068909 -21.29875565 51.60067368
v 86.80487823 -25.02198029 53.20659256
v 86.56177521 -26.05186462 53.64191818
v 87.42133331 -24.92819405 53.17802429
v 87.13072968 -26.02499580 53.66101837
v 87.89701843 -24.73613358 53.11552048
v 88.41653442 -24.39695930 52.99568939
v 87.67021179 -25.91129875 53.65719986
v 88.95301819 -23.95063019 52.83097458
v 88.17575073 -25.66633415 53.60560608
v 91.42982483 -21.13398552 51.72686386
v 91.45984650 -20.63301086 51.46925354
v 85.99483490 -25.98989487 53.60808563
v 86.17520142 -24.98914528 53.20497131
v 84.92761230 -25.71343040 53.54629135
v 84.80973816 -24.70957375 53.21240997
v 83.81381989 -25.35534477 53.55216980
v 83.42752075 -24.30751419 53.32588196
v 82.70156097 -24.95910454 53.65349579
v 82.09106445 -23.83280373 53.56826401
v 81.62280273 -24.53312111 53.84807205
v 81.07421112 -24.30462646 53.98073578
v 80.78358459 -23.31822586 53.92356491
v 80.41844940 -24.03018188 54.16506577
v 79.65629578 -23.72298813 54.41495895
v 79.49127197 -22.82605553 54.38154602
v 78.83820343 -23.41177177 54.72647858
v 78.86378479 -22.59742737 54.64448547
v 78.30394745 -22.39537239 54.89365387
v 77.36228180 -22.86485100 55.35868835
v 77.13916779 -22.01594543 55.34688950
v 75.80961609 -22.45293045 55.89647675
v 75.93137360 -21.70662498 55.72317886
v 75.09489441 -22.30448723 56.09639359
v 74.70919037 -21.47449112 56.02309799
v 74.44930267 -22.18882942 56.25356674
v 73.88845825 -22.10108757 56.37284470
v 73.42797852 -22.03640175 56.45908356
v 72.21683502 -21.10844803 56.42598343
v 72.72778320 -21.94206619 56.57260132
v 71.32922363 -21.72592926 56.75775146
v 69.95259857 -21.44698715 56.88717270
v 69.74870300 -20.65152740 56.66474533
v 69.84516144 -21.42417336 56.89544296
v 69.73782349 -21.40074539 56.90328598
v 69.63059235 -21.37668610 56.91069031
v 68.75671387 -21.24437904 56.98347855
v 67.87510681 -21.24133873 57.08706665
v 67.28030396 -20.06449509 56.74670792
v 67.03794098 -21.34533119 57.21200943
v 66.26185608 -21.51412582 57.34554672
v 66.69747162 -20.26477814 56.86890793
v 64.76257324 -21.91253090 57.61307144
v 65.97625732 -20.47086525 57.00141525
v 65.15784454 -20.66086578 57.13029861
v 64.02638245 -22.08236122 57.72725677
v 64.28342438 -20.81289673 57.24163055
v 63.38732529 -22.10219765 57.77437210
v 63.43578720 -20.90328598 57.31934738
v 62.68610382 -20.93013000 57.35984802
v 62.03170013 -20.90810013 57.37077713
v 61.46949387 -20.85192680 57.35982895
v 63.32716370 -22.18598938 57.80910492
v 89.06996918 -25.06496429 53.48440552
v 91.22313690 -22.06598473 52.24127197
v 90.93020630 -22.90740967 52.70718384
v 89.83644867 -24.43081474 53.33866501
v 90.49136353 -23.71396637 53.10184479
v 91.34809875 -20.15095329 51.22611618
v 91.14279175 -19.67094803 50.99689865
v 90.85740662 -19.21638489 50.80034256
v 90.18480682 -18.38936424 50.51042175
v 89.44850159 -17.50447083 50.29813766
v 88.71403503 -16.58106422 50.18125916
v 88.00023651 -15.64589787 50.16515350
v 87.63881683 -15.15562820 50.18966675
v 87.21479797 -14.55710602 50.24013138
v 86.74489594 -13.84205151 50.32138062
v 86.27188110 -13.05040550 50.43391800
v 85.45585632 -11.58566189 50.68519974
v 84.69148254 -10.07708263 50.76766968
v 84.35791016 -9.39859486 50.74755478
v 84.06403351 -8.79386425 50.70174026
v 83.81350708 -8.27468967 50.64197922
v 83.60997009 -7.85287046 50.58002472
v 83.29751587 -7.21905231 50.46980667
v 82.63503265 -5.97831154 50.23014450
v 81.90801239 -4.79523373 49.98470688
v 81.84972382 -4.70396662 49.96460724
v 81.79079437 -4.61310911 49.94449997
v 81.73122406 -4.52267599 49.92438889
v 81.30437469 -3.76773596 49.73908615
v 80.99539185 -2.96713877 49.51206589
v 80.80230713 -2.17402768 49.26514435
v 80.69117737 -1.41666937 49.01477432
v 80.54138947 0.06453688 48.50316238
v 80.43982697 0.77862978 48.25094986
v 80.22473907 1.34930909 48.05328369
v 80.28489685 1.43310082 48.01855087
v 67.21748352 -19.57675362 55.81443787
v 66.82629395 -19.48455238 55.81607437
v 67.63791656 -19.69784737 55.85882187
v 67.62396240 -19.91729736 56.28865051
v 67.59673309 -20.02950096 56.51746368
v 68.39580536 -20.22715950 56.50861359
v 69.12165070 -20.39299393 56.48408890
v 69.77399445 -20.53208542 56.44939423
v 69.13690948 -20.27298737 56.26596069
v 69.78462219 -20.40940857 56.23472595
v 69.84612274 -20.27721596 55.98352051
v 70.94292450 -20.49102402 55.91610718
v 72.06491089 -20.82488441 56.03073883
v 71.92094421 -20.66019821 55.82196045
v 73.18455505 -20.99326897 55.88177872
v 72.73437500 -20.78480148 55.71898270
v 73.38081360 -20.87109184 55.61837769
v 73.74030304 -20.91539192 55.55656052
v 74.24657440 -21.13294983 55.69995880
v 74.17804718 -20.97137070 55.47893906
v 74.65476990 -21.04009628 55.39085388
v 75.23619080 -21.28386116 55.48638535
v 75.22664642 -21.13710594 55.27521515
v 75.89368439 -21.27274323 55.12296295
v 76.15259552 -21.46684074 55.24879074
v 76.63333130 -21.45309830 54.93029785
v 76.99244690 -21.67605400 54.99337387
v 77.76440430 -21.90434837 54.72365952
v 77.78779602 -22.06481743 54.91094971
v 79.20292664 -22.56553459 54.31927490
v 72.06941986 -20.95515060 56.23735046
v 73.19699860 -21.12670708 56.08670044
v 74.26891327 -21.27202034 55.90440750
v 75.26094818 -21.42921257 55.68873215
v 76.17742920 -21.61775208 55.44758606
v 77.01670074 -21.83194733 55.18717957
v 79.91058350 -22.83090210 54.04981995
v 80.70519257 -23.13859367 53.78597260
v 81.18259430 -23.32848358 53.64685440
v 80.71153259 -22.99190140 53.62142181
v 81.19432068 -23.18579865 53.48629761
v 81.74050903 -23.40660095 53.34986877
v 82.36019135 -23.65151787 53.21699142
v 83.08514404 -23.92103386 53.09747696
v 84.21459961 -24.29644966 52.99569321
v 85.24714661 -24.58803177 52.98548126
v 85.86090088 -24.73134041 53.00757980
v 86.42182922 -24.81843376 53.02858353
v 86.92663574 -24.82607269 53.02630234
v 87.37978363 -24.80105209 53.04922104
v 86.93482208 -24.92034912 53.11528778
v 86.41141510 -24.91530800 53.11790848
v 85.84005737 -24.83284187 53.10434341
v 85.22193909 -24.69606590 53.09395599
v 81.72426605 -23.54526138 53.50571060
v 83.06185150 -24.04944420 53.24010849
v 82.34027863 -23.78569603 53.36719894
v 84.18830109 -24.41488266 53.12266159
v 79.90721893 -22.67757797 53.87946320
v 79.19049072 -22.40628242 54.14477921
v 68.73567963 -20.01492500 55.97446060
v 68.41651154 -20.11053085 56.28589630
v 66.71086884 -20.03990364 56.52957153
v 66.36493683 -19.87700653 56.14944458
v 66.51361084 -19.44441032 55.60795212
v 66.01061249 -19.72661018 55.75528336
v 65.87754059 -19.35478592 55.12811661
v 65.64863586 -19.58787727 55.34784317
v 65.27979279 -19.45997429 54.92788315
v 64.77128601 -19.84485817 55.27141190
v 64.38491821 -19.73156357 54.83916473
v 63.73847580 -20.15133858 55.28869247
v 63.33858490 -20.04204178 54.83873749
v 62.73153305 -20.36089897 55.28321075
v 62.32361984 -20.24732971 54.81135941
v 61.76276398 -20.46903229 55.25231171
v 61.12242889 -20.27737617 54.46911240
v 60.85939789 -20.35143471 54.68608856
v 60.20814514 -20.14501572 53.82649231
v 59.95620346 -20.19129753 54.03287125
v 58.65169525 -19.80249214 52.16466522
v 58.18276215 -19.79464722 52.48017120
v 57.65926743 -19.65856743 51.70170975
v 57.23016739 -19.56556511 51.97934723
v 56.73964691 -19.45132828 51.23780060
v 56.53511429 -19.37526321 51.36240768
v 56.10591507 -19.29529572 50.71900177
v 55.90471268 -19.20018768 50.83421326
v 55.65445328 -19.18320084 50.35786438
v 55.40315628 -19.04102898 50.50139618
v 65.28742218 -19.24849701 54.59735107
v 64.90483093 -19.34206581 54.49615860
v 63.99495697 -19.62169075 54.39195251
v 62.93669128 -19.93104362 54.37038040
v 61.68899155 -20.06463432 54.03878021
v 60.47393036 -20.07879639 53.62190247
v 58.90990829 -19.77785492 52.00434875
v 58.12862396 -19.67863655 51.41903305
v 57.16854477 -19.55036736 50.98313141
v 56.31124878 -19.37224388 50.60180664
v 64.60144806 -19.10487556 53.88920593
v 64.52452087 -19.23331451 54.05342484
v 63.60176468 -19.51575089 53.93099213
v 62.31113815 -19.76059341 53.61331177
v 61.04805374 -19.88315010 53.21794128
v 59.18245697 -19.73280144 51.84337616
v 58.38581848 -19.65979195 51.27112198
v 57.63368607 -19.57625389 50.71400070
v 56.73950958 -19.47328377 50.35750961
v 56.18054199 -19.37920761 50.05408478
v 64.13961792 -19.13288498 53.60043716
v 63.53726196 -18.99204826 52.88163376
v 62.92858505 -18.86601830 52.14292145
v 62.36944580 -19.21848488 52.43166733
v 61.12539673 -18.97782326 50.85192871
v 60.41969681 -19.32736015 51.18794250
v 59.87965393 -19.23110390 50.47185898
v 59.23979568 -19.47395515 50.80443573
v 58.72546768 -19.38240433 50.09708023
v 58.15365219 -19.52344513 50.41822052
v 57.71497726 -19.45128059 49.79569244
v 57.45207596 -19.48677063 49.94808197
v 57.30541992 -19.42427254 49.40472794
v 57.20119858 -19.50147247 50.09285736
v 56.72921753 -19.45674324 49.73995972
v 61.69647217 -18.64373207 50.59400558
v 60.57434464 -18.88577080 50.12250137
v 59.35085297 -19.14405060 49.74947357
v 58.27806091 -19.31311035 49.46750641
v 57.97916412 -19.26807594 49.01317215
v 60.57429886 -18.47222900 49.07884979
v 61.13542557 -18.55300903 49.84757233
v 58.65619278 -19.00678062 48.62583923
v 59.55612564 -18.73965836 48.71725082
v 60.09046555 -18.41205788 48.40280151
v 60.02819061 -18.80252266 49.37670898
v 58.89229202 -19.07785225 49.10752106
v 55.70656967 -19.08563232 50.94832230
v 55.63718414 -19.04443359 50.97144699
v 56.21870041 -19.22999763 51.47613144
v 56.33547211 -19.28096962 51.48648453
v 56.89778519 -19.44556618 52.09172821
v 57.02715683 -19.49260521 52.11877441
v 57.50950241 -19.63929558 52.67293930
v 57.75772095 -19.71504784 52.80039215
v 58.04197311 -19.80774117 53.20209122
v 58.50064087 -19.95289230 53.67685699
v 59.49842453 -20.22689819 54.44541931
v 60.60946655 -20.40503693 54.90430832
v 61.50119400 -20.54636765 55.47275162
v 62.17381668 -20.58277130 55.72344208
v 63.13798904 -20.46729279 55.73173904
v 64.13645172 -20.25699425 55.71883774
v 65.15368652 -19.96107101 55.68747330
v 58.89095306 -20.07673454 54.09491730
v 59.21834946 -20.18125534 54.45393753
v 60.15347290 -20.45340919 55.33861923
v 60.43077850 -20.56895638 55.86373520
v 60.79359436 -20.65345001 56.12839508
v 60.98150635 -20.73525620 56.58572388
v 61.20116425 -20.76124763 56.58517838
v 61.60469818 -20.84699821 57.00024414
v 62.07130432 -20.80841446 56.59043121
v 62.47827911 -20.88095665 56.98662567
v 62.73055649 -20.83624077 56.78458023
v 63.13861465 -20.89210320 57.15719223
v 63.40028381 -20.83409691 56.96125031
v 64.35329437 -20.71326828 56.92507553
v 65.31989288 -20.53270531 56.87627792
v 66.27343750 -20.32213974 56.82640457
v 65.90512848 -20.20022011 56.46619034
v 65.53176117 -20.07969475 56.08613968
v 64.92706299 -20.44961929 56.51404190
v 64.53261566 -20.35706902 56.12775803
v 63.94840622 -20.64649582 56.55390167
v 62.99185562 -20.76906586 56.57868576
v 62.32216263 -20.75732040 56.37932587
v 61.66273499 -20.71418571 56.15924454
v 63.54346085 -20.56349754 56.15571213
v 62.58327484 -20.68403625 56.16582108
v 61.91264343 -20.65935707 55.94189072
v 61.25172424 -20.60246086 55.69319534
v 62.98834610 -19.36087418 53.19406128
v 61.68020248 -19.59788704 52.82085037
v 59.77140045 -19.57714653 51.51840591
v 58.65658569 -19.62017632 51.11956787
v 57.88732910 -19.56027794 50.56918335
v 60.30996704 -16.24443245 67.87904358
v 59.99773788 -16.07135773 67.66950989
v 59.76905823 -15.65210247 68.10117340
v 59.37972641 -15.73176575 67.25473785
v 58.87149811 -15.64108849 66.52379608
v 59.95228577 -16.74586678 66.09786224
v 59.35851288 -16.44063568 65.65300751
v 60.55766678 -17.72099495 64.91160583
v 59.98546982 -17.43181419 64.46154785
v 61.18476868 -18.65949059 63.71006012
v 60.63563538 -18.38738441 63.25362778
v 61.82250595 -19.56162262 62.50766754
v 61.29774857 -19.30752945 62.04333496
v 62.46680069 -20.42952919 61.30739594
v 61.96738052 -20.19426155 60.83372498
v 63.23328018 -21.41524315 59.89214325
v 62.76449585 -21.20303345 59.40592575
v 63.28485489 -21.68639565 59.04418945
v 63.07748795 -21.75264549 58.24194717
v 60.82070160 -16.83194923 67.58496094
v 60.55102539 -17.06970978 66.52079773
v 61.29800034 -17.40830040 67.22048187
v 61.73800278 -17.96663284 66.78839874
v 62.13774109 -18.50127411 66.29164124
v 61.13568878 -18.02799225 65.34368896
v 62.49264908 -19.00526047 65.73627472
v 61.74070740 -18.94857788 64.15271759
v 62.80020523 -19.47546005 65.12657928
v 63.05806732 -19.90902710 64.46664429
v 63.26314926 -20.30125237 63.76392746
v 62.35516739 -19.83182526 62.96268463
v 63.41299438 -20.64879227 63.02660370
v 63.50617599 -20.95073318 62.25998306
v 62.97534943 -20.67998886 61.77648163
v 63.54121780 -21.20606804 61.46985626
v 63.51655197 -21.41360474 60.66576004
v 63.43123245 -21.57361412 59.85454941
v 61.86188126 -20.82111168 58.43849564
v 63.05920792 -21.79027748 58.05405045
v 63.11560440 -21.87501907 57.89081192
v 63.23401642 -21.98750687 57.78972244
v 60.99874115 -20.49099159 57.46655655
v 60.16267776 -20.20605469 56.47227478
v 59.75299072 -20.08022881 55.96273804
v 59.34845734 -19.96552849 55.44378662
v 58.31387711 -18.84742928 56.76888657
v 57.48950577 -18.65687180 55.63500977
v 56.59619141 -17.68208694 56.70153046
v 58.55621719 -19.77017021 54.37840652
v 57.22740555 -19.01734161 54.01743698
v 57.79319000 -19.62191391 53.28645706
v 57.02320862 -19.04879189 53.52275085
v 57.24182892 -19.54004288 52.45982361
v 56.43999863 -19.06351662 52.36973190
v 56.09889221 -19.04585075 51.79489899
v 55.76680756 -19.01307869 51.29216003
v 55.46418381 -18.96667099 50.88912964
v 56.26988983 -16.99391365 57.99012375
v 56.61001205 -17.20078087 58.09614563
v 55.71873474 -16.67614555 57.76784897
v 55.61014938 -16.50837708 58.00751114
v 55.31669235 -16.24682617 58.12954712
v 55.06300735 -15.98493481 58.32191849
v 54.85964966 -15.73324966 58.57674789
v 54.71395111 -15.50113392 58.88478851
v 54.63146973 -15.29826164 59.23406982
v 54.05088425 -14.57041740 59.88107300
v 54.61490631 -15.13321590 59.61088943
v 54.66436768 -15.01259708 60.00195694
v 54.77716827 -14.94201469 60.39095688
v 54.97456360 -14.75187874 61.22460556
v 54.94915009 -14.92427349 60.76509094
v 55.17273331 -14.96044827 61.10845947
v 55.47116470 -14.88241577 61.86617661
v 55.44013214 -15.04936028 61.40929794
v 55.73997879 -15.18708038 61.65479279
v 55.98672104 -15.03809929 62.48335648
v 56.06230545 -15.36864567 61.83655548
v 56.39360428 -15.58583927 61.94665909
v 56.97957230 -15.38770771 63.55381393
v 56.72320175 -15.83089638 61.98118591
v 57.03730774 -16.09273529 61.93836975
v 57.48039246 -16.35199165 62.15478516
v 57.32575607 -16.36206245 61.81934738
v 57.57654953 -16.62706184 61.62880325
v 57.78332520 -16.46537209 62.46868896
v 57.78089905 -16.87802887 61.37337112
v 58.53058243 -17.47775269 61.27849960
v 57.93042755 -17.10474968 61.06327057
v 58.01924515 -17.29863167 60.71079636
v 58.04378510 -17.45305634 60.32887268
v 59.29540253 -18.45765686 60.08240128
v 58.00270081 -17.56212425 59.93390274
v 58.35054779 -18.12963104 59.01963425
v 57.89720917 -17.62274933 59.54030609
v 57.73103714 -17.63323975 59.16385651
v 57.89348602 -17.99092865 58.46361542
v 57.50982285 -17.59368515 58.81845856
v 57.24237061 -17.50602913 58.51837158
v 57.44786835 -17.86975670 57.89123154
v 56.93813705 -17.37330246 58.27423096
v 53.18216705 -13.88966846 59.78382492
v 52.65064240 -13.65773106 59.27780914
v 51.89820480 -13.43092537 58.31611633
v 51.77931213 -13.16312218 58.66033173
v 51.49183273 -12.94392014 58.56028366
v 51.22580719 -12.68990326 58.56224060
v 50.65909195 -12.39155674 58.04613876
v 51.01452637 -12.41881943 58.69173050
v 50.87457275 -12.16049671 58.92257309
v 50.32685089 -11.83532333 58.45283127
v 50.79204559 -11.92768574 59.20659637
v 50.01429749 -11.27201843 58.84725571
v 50.72941589 -11.50774860 59.86770630
v 50.53676987 -11.19278622 60.04770660
v 50.75198746 -11.15523243 60.55053711
v 50.24634552 -10.61622334 60.44873428
v 50.82958984 -10.85126972 61.23615265
v 50.79490662 -10.56105137 61.65364456
v 50.86711884 -10.71351242 61.54467010
v 50.89331055 -10.49178123 61.96156693
v 50.89017105 -10.18461990 62.44177246
v 50.53162766 -9.97217464 62.06211090
v 50.84013367 -9.87545872 62.81274414
v 50.00985718 -9.80240822 61.25354385
v 49.97869492 -10.03356457 60.83429718
v 49.45371628 -10.12569332 59.59416199
v 49.72280502 -10.70200729 59.22812653
v 48.60287476 -9.52670193 58.70571518
v 48.30379868 -9.35116482 58.33234787
v 47.99195099 -9.11405182 58.00737381
v 47.67834854 -8.81648064 57.74067688
v 47.37630844 -8.46192837 57.54077530
v 47.09968185 -8.05615234 57.41425705
v 46.86417770 -7.61074686 57.36697769
v 48.88106918 -9.64204788 59.11853027
v 49.13173294 -9.69846058 59.56023407
v 50.84594345 -9.87921906 62.81838608
v 50.85176086 -9.88298512 62.82402420
v 50.85758591 -9.88675785 62.82966232
v 50.86341858 -9.89053726 62.83530045
v 52.06727219 -13.34836769 58.82403564
v 53.70734787 -14.09010696 60.33723831
v 54.29447174 -14.29256916 60.99579620
v 54.95280838 -14.50238323 61.76536560
v 55.69163132 -14.72488117 62.65182495
v 57.36714554 -15.20647335 64.69956970
v 57.06552505 -15.42071438 63.64017105
v 58.86520004 -16.91009521 63.50543213
v 59.56376266 -17.89676857 62.29804993
v 58.19299698 -15.88966751 64.69475555
v 55.93244553 -16.76061249 57.96032715
v 61.00006866 -19.77059937 59.87268448
v 60.07197189 -19.40656662 58.88388062
v 59.17636108 -19.09819221 57.85225677
v 58.74079514 -18.96546745 57.31721878
v 60.27709198 -18.84968376 61.08604813
v 53.49923706 -16.63520432 60.66886902
v 53.45340729 -16.75097466 60.28147888
v 53.53052521 -17.05856895 59.63647079
v 53.80028915 -17.46523476 59.10837936
v 54.22626114 -17.93081093 58.76230240
v 54.75182343 -18.40737343 58.64257431
v 55.30976486 -18.84197617 58.76296997
v 55.83877182 -19.18645477 59.10808945
v 56.28096771 -19.39531898 59.63521576
v 56.59257507 -19.43587685 60.28161621
v 56.69677353 -19.38080025 60.68194962
v 56.73665237 -19.27372932 61.08330154
v 56.71144485 -19.11695671 61.47008133
v 56.62283707 -18.91541290 61.82552719
v 56.47476196 -18.67603302 62.13525009
v 56.27359772 -18.40813828 62.38624954
v 56.02737045 -18.12310028 62.56866074
v 55.74573135 -17.83345604 62.67584229
v 55.43936920 -17.55049515 62.70426941
v 55.11912537 -17.28744316 62.65400696
v 54.80753326 -17.05591774 62.52974701
v 54.50860596 -16.85750961 62.33582306
v 54.23035049 -16.70321465 62.08078003
v 53.98080444 -16.60175323 61.77484512
v 53.76983643 -16.55689049 61.42930984
v 53.60651016 -16.56898880 61.05606461
v 56.82748795 -19.67277336 61.21678162
v 56.78065491 -19.42016983 61.29698944
v 56.79861832 -19.49011803 61.66024780
v 56.72773743 -19.22878265 61.71046066
v 56.69739914 -19.25807762 62.06800079
v 56.60557175 -18.99098015 62.08317947
v 56.52781677 -18.98368073 62.42535782
v 56.44622421 -18.75199127 62.36312485
v 56.29424286 -18.67452621 62.72010422
v 56.24812317 -18.49777412 62.58676529
v 56.00703049 -18.34592819 62.93620300
v 55.77236938 -17.98200035 62.85439301
v 55.67689514 -18.01151657 63.06498337
v 55.46239090 -17.69197083 62.90307617
v 55.31722641 -17.68580627 63.10235977
v 55.13882446 -17.41929817 62.87628937
v 54.94047165 -17.38378525 63.04718018
v 62.51100159 -22.16522980 62.38258743
v 60.35902405 -21.33249855 62.16802979
v 62.52065277 -22.41049957 61.55075836
v 60.35709381 -21.61287689 61.22973251
v 61.55749130 -22.25686455 60.71124268
v 60.27395630 -21.81672668 60.27331161
v 60.57071304 -22.05872917 59.76208496
v 60.10878754 -21.94676399 59.31095886
v 59.59298706 -21.82192039 58.72486115
v 58.14947891 -20.98445702 59.35519791
v 57.99702072 -21.07917023 58.51148224
v 57.64291763 -20.81340408 58.89068604
v 58.12873840 -21.20057297 58.22595596
v 62.43462372 -21.86710358 63.19287109
v 60.28178024 -20.97455406 63.07628632
v 58.28477859 -20.06267738 62.63027954
v 58.20659637 -19.68725586 63.39424896
v 56.53955460 -18.75191307 62.94548416
v 56.51454163 -18.38188553 63.63824081
v 55.03015137 -17.35601616 63.23815536
v 55.08298874 -17.12642097 63.71553802
v 54.38932419 -16.23921013 64.05647278
v 55.14150620 -16.88910675 64.18846893
v 55.20567703 -16.64416695 64.65675354
v 56.45920181 -17.80311775 64.57555389
v 56.42408752 -17.48902130 65.02905273
v 57.85865021 -18.56207466 65.08901215
v 57.71973801 -18.18088913 65.54100037
v 59.47739029 -19.21279907 65.79272461
v 59.22019196 -18.76083374 66.25818634
v 60.73883438 -19.11095428 67.14990234
v 58.93651962 -18.28498077 66.68527222
v 60.19098282 -18.42037773 67.66928864
v 58.61453629 -17.76631737 67.08872223
v 59.59149170 -17.70907784 68.08139038
v 58.26942062 -17.23053741 67.44802856
v 58.94575500 -16.98929214 68.38467407
v 57.90429688 -16.68265343 67.76275635
v 58.25931168 -16.27229118 68.57828522
v 57.52228928 -16.12768555 68.03246307
v 57.53799820 -15.56818008 68.66181183
v 57.19401550 -15.66440296 68.22213745
v 56.85807037 -15.20250702 68.38021088
v 56.45830536 -15.10886669 68.07337189
v 56.78788757 -14.88669968 68.63490295
v 56.02237320 -14.24230003 68.49848175
v 62.29496002 -21.51796913 63.97349548
v 60.12879181 -20.54032326 63.94302368
v 58.08769608 -19.25512505 64.12596130
v 56.48957443 -18.10101318 64.11182404
v 62.09965134 -21.12923241 64.69992828
v 61.87854385 -20.74607849 65.30877686
v 59.90378571 -20.03319740 64.75748444
v 61.65422058 -20.39072227 65.79996490
v 59.70596695 -19.63790321 65.29158020
v 61.22633362 -19.76660156 66.52978516
v 55.26800537 -13.65516090 68.25797272
v 55.49850845 -14.46464920 67.71205902
v 55.80250931 -14.74995804 67.75376892
v 56.11784744 -14.95968819 67.87419891
v 56.15659714 -15.30394268 67.54463959
v 56.63431549 -15.52052879 67.81271362
v 56.80772018 -15.92821693 67.53556824
v 54.51303101 -13.11665154 67.91737366
v 54.97354507 -13.69385433 67.88897705
v 55.22218704 -14.11261463 67.75713348
v 55.28414154 -14.60694408 67.31667328
v 55.71302795 -15.00639534 67.37943268
v 55.62768173 -15.25766277 67.00065613
v 56.19651794 -15.64222622 67.20716095
v 56.24517441 -16.03994942 66.79077148
v 57.01103210 -16.41079521 67.18041992
v 57.20665741 -16.88212395 66.80139923
v 54.53927612 -13.54039478 67.53120422
v 53.76922607 -12.63526249 67.48217773
v 54.11309814 -13.40255737 67.14678955
v 53.04629898 -12.21763039 66.95837402
v 53.61473465 -13.25956917 66.65155792
v 53.12002563 -12.49568272 66.77815247
v 53.19314957 -12.76522827 66.60186768
v 53.26600647 -13.02603054 66.42916870
v 53.33809662 -13.27846146 66.26037598
v 54.19688416 -14.15208530 66.46177673
v 53.83855820 -14.18618107 65.94319916
v 54.60645676 -15.08505154 65.92617798
v 53.63554764 -14.24518108 65.59013367
v 54.39034653 -15.25451469 65.42116547
v 53.97364807 -15.21141624 64.87657166
v 54.18846893 -15.42590714 64.91017151
v 55.27548981 -16.39169693 65.12020874
v 58.32009506 -20.37938118 61.83874512
v 58.31023788 -20.63731956 61.02505875
v 56.78215408 -19.79929924 60.75883865
v 56.66037369 -19.86804771 60.29301834
v 58.25364685 -20.83810234 60.19513321
v 57.15337753 -20.37322426 59.57817078
v 58.61176682 -21.54607964 57.57877731
v 57.98175430 -18.92073250 64.61694336
v 56.38489151 -17.15954971 65.47198486
v 57.56638336 -17.77892685 65.97178650
v 56.34045410 -16.80006790 65.92324066
v 57.39248276 -17.33917618 66.39851379
v 56.29351807 -16.42638206 66.36281586
v 55.35442352 -16.12001991 65.59901428
v 55.43945312 -15.84036922 66.07215881
v 55.53055191 -15.55287361 66.53943634
v 54.83549118 -14.91652012 66.42440033
v 54.57127380 -14.12954998 66.96374512
v 55.07613373 -14.74791908 66.91503143
v 54.89289093 -14.11827755 67.36726379
v 53.14090729 -11.95341492 67.02493286
v 53.53328323 -12.33257294 67.32192230
v 53.92888260 -12.57109070 67.58692169
v 54.59947968 -13.00798798 67.97020721
v 55.13334274 -13.38385296 68.21842957
v 54.84734344 -13.01044846 68.10221863
v 55.72351074 -13.65221786 68.45503998
v 55.55089951 -13.69479561 68.37825775
v 55.79602051 -13.88423729 68.45809174
v 56.32546234 -14.30977440 68.59380341
v 56.14270020 -14.16058826 68.55281830
v 55.98724747 -14.03557491 68.51307678
v 57.19205093 -15.05604649 68.70597076
v 56.84653854 -14.75074005 68.67771912
v 56.55901337 -14.50454330 68.63745117
v 56.59762955 -14.35391521 68.67504883
v 58.07752609 -15.88703632 68.67163086
v 57.60007858 -15.43013096 68.70989990
v 57.45598221 -15.10305595 68.75830841
v 58.63331604 -16.44596291 68.56365967
v 59.27452087 -17.12893105 68.34303284
v 59.62802887 -17.52408218 68.17070007
v 60.00268555 -17.95830917 67.94229126
v 59.80744553 -17.50229645 68.18045807
v 60.48260498 -18.29925728 67.71635437
v 60.39649963 -18.43309402 67.64321136
v 60.80578995 -18.94813347 67.25514221
v 61.22358704 -19.50102234 66.75565338
v 61.63734818 -20.08646774 66.11803436
v 62.02751541 -20.69357109 65.30992126
v 62.36414719 -21.30080414 64.29581451
v 62.49900055 -21.59624290 63.69657898
v 62.60073471 -21.87777519 63.03456116
v 62.65959930 -22.13686562 62.31292725
v 62.81106949 -22.31937218 61.51910782
v 62.78667450 -21.98254967 62.61453247
v 62.65081787 -21.55542374 63.66977692
v 62.40593719 -21.04294395 64.66722870
v 62.05923462 -20.44922256 65.58654785
v 61.61766815 -19.78641129 66.40952301
v 61.08877182 -19.06538200 67.12352753
v 59.07170105 -16.69276810 68.51052094
v 58.28436279 -15.88753891 68.70359039
v 53.98180389 -12.44094563 67.62294006
v 50.10637665 -11.09419346 63.56259155
v 50.08798599 -11.38307858 63.57371521
v 50.26926422 -11.24294567 63.85749435
v 50.88811874 -11.46453762 64.77351379
v 50.80459595 -11.30190086 64.64712524
v 51.42573166 -11.43363953 65.41630554
v 51.48297882 -11.29938507 65.46926117
v 52.10865402 -11.64410114 66.12911224
v 52.29243469 -11.56161976 66.29486084
v 52.82364655 -11.94599819 66.77127075
v 52.82762909 -12.10625935 66.78242493
v 52.53438950 -11.97117901 66.53427887
v 52.17906189 -11.82601547 66.21047211
v 51.77429581 -11.68425846 65.80745697
v 50.74728012 -11.14543152 64.55298615
v 53.11929703 -13.08031273 66.17069244
v 52.78232574 -13.10685062 65.66835022
v 53.57440948 -14.56826782 65.10807800
v 53.94391251 -15.20428181 64.84189606
v 53.59692001 -15.26557732 64.21584320
v 54.40645599 -16.51265717 63.65817261
v 54.07105637 -16.56222916 62.99806213
v 54.57578659 -17.12046623 62.90434265
v 54.22516632 -16.89553642 62.68170166
v 53.89970016 -16.72237206 62.38956833
v 53.60808563 -16.61009598 62.03547668
v 53.34708023 -16.54152298 61.64654922
v 53.36374283 -16.56382179 61.63582993
v 53.17695236 -16.58277130 61.20671082
v 52.62837219 -16.43259239 60.30959320
v 53.05459976 -16.66278076 60.76158142
v 53.00258255 -16.79848099 60.31560898
v 53.01762772 -16.96058273 59.92993927
v 52.29339600 -16.35535812 59.65691757
v 53.09128571 -17.15679169 59.56729126
v 53.22077942 -17.38150406 59.23731232
v 53.06396103 -17.48326874 58.31656265
v 53.36755753 -17.59132957 58.97389984
v 53.62851715 -17.89133263 58.72020721
v 53.40188980 -17.62834549 58.95213318
v 52.37671280 -13.11956978 65.06731415
v 51.14858246 -11.57483101 65.03813171
v 51.95490265 -13.11027718 64.44852448
v 51.08521271 -13.03164577 63.16943741
v 51.97835922 -14.53918743 62.54834747
v 51.17329407 -14.41983604 61.24747467
v 51.63850021 -15.10515785 60.94549179
v 51.28135300 -15.03497887 60.30089188
v 51.97680283 -16.26285934 59.00998306
v 52.84651566 -17.39056015 57.84400177
v 53.58974075 -18.13597107 57.36788940
v 53.37205124 -18.02466393 56.90411377
v 54.34276962 -18.91561317 56.28247452
v 53.87575912 -18.66151237 55.39141464
v 54.83470917 -19.48604202 54.77720642
v 54.46882629 -19.31163979 54.17143631
v 55.42462921 -20.10157204 53.56774139
v 55.14448547 -19.99768257 53.13105011
v 55.50222397 -20.28479576 52.92284393
v 54.86040115 -19.90642357 52.69676590
v 55.01119614 -20.14836311 52.16090012
v 54.28310013 -19.76956367 51.82424927
v 54.02059174 -19.98992729 50.68616867
v 53.75322723 -19.69745064 51.03301239
v 52.76300812 -18.83107948 51.65579605
v 53.31270218 -18.92395020 52.43806076
v 52.36373520 -18.05699539 53.04458237
v 52.96617126 -18.24230766 53.91121292
v 52.04137421 -17.36407661 54.51021576
v 52.32018661 -17.48086929 54.94862747
v 51.61130524 -16.77546120 55.40718460
v 51.86703873 -16.89572334 55.85445786
v 50.80969620 -15.76635838 56.53304672
v 51.12115479 -15.91110611 57.16444397
v 50.09778595 -14.68068981 57.81122589
v 50.50949097 -14.82831478 58.72541046
v 50.02310944 -14.16531181 59.02855682
v 50.23915863 -14.22369480 59.49300003
v 49.27756882 -12.72108364 60.09791565
v 49.51400375 -12.76770782 60.56689835
v 48.50952530 -11.16612720 60.75888443
v 49.21708679 -11.34394169 62.01119614
v 49.86391830 -12.83438587 61.21202087
v 50.24627686 -12.90336609 61.86303711
v 50.80641174 -14.35166550 60.60331345
v 50.28579712 -11.50494194 63.76377487
v 48.46572495 -11.17438030 60.64966965
v 48.13217926 -10.97742462 60.16442108
v 48.24047852 -11.13466549 60.19173431
v 47.82394028 -11.06641102 59.30873871
v 48.64818954 -12.58645248 58.73586655
v 48.36410522 -12.51636600 58.11661148
v 49.32246399 -13.93698597 57.48540115
v 49.09838104 -13.85698509 57.03422546
v 49.57087326 -14.47439575 56.72493362
v 49.32453918 -14.38090324 56.27956772
v 50.30697250 -15.55119896 55.63496399
v 49.72791290 -15.34826183 54.76173782
v 50.74171448 -16.45586967 54.09377670
v 50.16247559 -16.31330872 53.32313538
v 50.86165237 -17.03405190 52.86874008
v 50.73130035 -17.06099129 52.57919312
v 51.79733276 -17.94401550 52.26843262
v 51.99237442 -18.24188042 51.85320282
v 47.73638535 -10.71309948 59.61433411
v 47.32252884 -10.36745548 59.13378906
v 47.53829956 -11.01843452 58.70404816
v 47.27592468 -10.45541763 58.90961075
v 47.32467651 -10.97848415 58.26996613
v 47.06045914 -10.41960907 58.47692108
v 47.10018158 -10.93133831 57.83850098
v 46.83500671 -10.37723160 58.04555511
v 46.60034561 -10.80943298 56.96918488
v 46.33678818 -10.26543999 57.17194366
v 46.08350372 -10.67258453 56.16321564
v 45.82557297 -10.13617325 56.35879135
v 45.39239883 -10.06146908 55.66343689
v 45.25704575 -8.74792480 56.79594421
v 44.79425049 -8.69799137 56.00792313
v 44.62643814 -7.34295082 56.78043747
v 44.33881378 -7.33622599 56.27219772
v 46.89963913 -9.93654823 58.75093079
v 46.48756409 -9.41806698 58.49028778
v 46.11989975 -8.82082462 58.37276840
v 45.75658035 -8.85549927 57.62861633
v 45.93391037 -8.45983601 58.34793854
v 45.75531387 -8.09537888 58.31926346
v 45.59160995 -7.74272919 58.28818130
v 45.17522430 -7.36833620 57.77186203
v 44.90534973 -7.35369158 57.28054428
v 45.43556976 -7.38691616 58.25387192
v 46.10428238 -11.37516785 55.25245667
v 46.87049866 -12.08792305 55.58009338
v 47.40527344 -12.24068546 56.36944580
v 47.92028427 -12.39341259 57.23646545
v 48.14889526 -12.45850849 57.67361069
v 46.53862381 -12.07493496 55.00179672
v 47.76376343 -13.43131447 54.94216156
v 48.31782150 -13.59143162 55.72015762
v 48.85857010 -13.77195930 56.59061050
v 47.53290176 -13.48778725 54.42811203
v 48.20827866 -14.03004169 54.63301086
v 48.77051544 -14.19042778 55.40755844
v 48.70149994 -14.92216587 53.75341415
v 49.15316391 -15.19320011 53.99095154
v 49.98465347 -16.31433296 53.01099777
v 56.05215454 -20.48513031 53.79990387
v 55.79964447 -20.25816536 54.17665100
v 55.32084656 -19.73607254 55.66795349
v 54.56572723 -19.03340149 56.74757004
v 53.80645370 -18.23668289 57.84332275
v 53.89369583 -18.16448593 58.54824829
v 56.30368805 -20.48698807 55.07269669
v 57.34645462 -21.06538200 55.84776306
v 56.54189682 -20.59540367 55.54338074
v 56.76940536 -20.69401741 56.03107452
v 55.77233124 -19.95922852 56.62048340
v 56.05935287 -20.07895851 57.30407333
v 55.07264709 -19.26140022 57.90211868
v 55.35624695 -19.35131073 58.60118103
v 55.15534592 -19.20732880 58.54224777
v 55.47298813 -19.41831970 58.71060181
v 56.33247375 -20.16455650 58.01374054
v 55.77347565 -19.59565163 58.93922806
v 56.04856873 -19.73342705 59.22078705
v 56.84493256 -20.21196556 59.46969604
v 56.29148102 -19.82683372 59.54647446
v 56.49755478 -19.87263107 59.90761185
v 57.32913971 -20.88203621 57.42938614
v 57.05955887 -20.80491447 56.71799469
v 57.99259186 -21.33372116 56.77573776
v 54.82846069 -18.96872711 58.43939209
v 54.50318146 -18.71066093 58.40577316
v 54.18782806 -18.43958282 58.44248962
v 54.78358841 -19.14003181 57.22764206
v 53.20533371 -14.60765553 64.48748016
v 52.80942154 -14.60892487 63.84862900
v 53.21926117 -15.27916050 63.56851578
v 52.41870117 -15.22114563 62.25302505
v 50.46874619 -14.27943993 59.96171951
v 50.95053482 -14.95721054 59.65898895
v 50.72413635 -14.89500713 59.19020462
v 49.05722427 -12.67621136 59.63597107
v 51.75592422 -16.18535423 58.54017639
v 52.63146973 -17.28815460 57.38031387
v 52.92325974 -17.78189850 56.00758362
v 53.52214813 -18.48081398 54.78252029
v 54.19130707 -19.19381332 53.73685837
v 51.54242706 -16.10028076 58.07577896
v 55.55085373 -19.85314178 56.13570023
v 49.61394119 -14.03802586 58.11632919
v 49.80064011 -14.56449795 57.17799377
v 50.56703568 -15.65846634 56.08054352
v 51.33886337 -16.66020012 54.96523666
v 51.43828201 -17.16501045 53.64098358
v 52.19515610 -17.06280327 56.47760010
v 52.58375549 -17.60537338 55.39124298
v 53.25026703 -18.35627556 54.34534073
v 53.90557861 -19.08830070 53.30476379
v 54.90708160 -17.24333572 62.81193924
v 54.95687866 -17.22249985 62.71496964
v 54.63343048 -16.99227524 62.55736160
v 54.33813095 -16.80814362 62.34032059
v 53.89710236 -16.60675430 61.85290909
v 53.55407333 -16.56072807 61.23573303
v 53.42203140 -16.61028481 60.84068298
v 53.34999847 -16.71446037 60.43176651
v 53.23736191 -16.72434044 60.44575882
v 53.31199646 -16.61555290 60.87018204
v 53.44883728 -16.56326675 61.27994156
v 53.80459595 -16.60906410 61.91943359
v 54.26267624 -16.81568909 62.42388535
v 54.56993866 -17.00543785 62.64849854
v 53.26732635 -17.00608063 59.77986526
v 53.42033386 -17.29903793 59.31855392
v 53.67197800 -17.63290024 58.94736481
v 54.00486374 -17.99297142 58.68413162
v 54.39939880 -18.36341286 58.54419327
v 54.82982635 -18.72309303 58.53852844
v 55.37829971 -19.12545204 58.72229767
v 55.89080429 -19.43730927 59.10295868
v 56.31977844 -19.62138557 59.64386749
v 56.65145874 -19.64538765 60.36366653
v 56.76166153 -19.55661583 60.86640930
v 54.87966537 -20.55049324 50.17844009
v 55.80328751 -20.85901070 49.62501907
v 55.39498901 -20.62456512 50.86988068
v 56.41456985 -20.93855667 50.50901794
v 56.04170227 -20.75249672 51.81481934
v 56.95569229 -21.04267693 51.29520416
v 56.72377014 -20.94265938 52.82265472
v 57.99357986 -21.31253815 52.78870010
v 57.52845383 -21.22922134 54.03051758
v 58.51544189 -21.47864342 53.52770233
v 58.38671875 -21.56849098 55.28344345
v 59.09014130 -21.67763710 54.32455826
v 59.68219757 -21.88184547 55.10830688
v 60.20020676 -22.04940224 55.75442505
v 59.14764023 -21.84430885 56.29870987
v 58.89692688 -21.75805664 55.97563934
v 58.48935699 -21.59815216 56.44675446
v 57.97258759 -21.39911270 55.73481369
v 59.36133194 -21.91322136 56.64525986
v 58.74223709 -21.68645859 56.77571106
v 57.09859085 -21.02907753 54.42667007
v 56.28059387 -20.70927620 53.15622711
v 55.59346771 -20.50330734 52.10915375
v 54.94475555 -20.37112045 51.14483261
v 56.40164566 -20.91248894 49.24479294
v 57.11489105 -20.98428154 50.01039886
v 58.17454910 -21.19357300 51.52664185
v 57.80878448 -20.88982391 49.50003052
v 58.86830139 -21.08048630 51.00254059
v 59.56649399 -20.37455940 48.08403778
v 60.66284561 -20.51886749 49.61605072
v 60.25778198 -20.22430801 47.51206589
v 61.37543869 -20.34708214 49.06267548
v 61.67456055 -20.25230598 47.64906311
v 62.80077744 -20.36671066 49.15448380
v 56.98456573 -20.86234093 48.83820724
v 58.11709213 -20.57813072 47.96867371
v 59.31401443 -20.24136734 46.99021149
v 59.91275024 -20.15793800 46.50250626
v 60.51711655 -20.18426895 46.02532578
v 62.47904205 -20.50925064 50.53134537
v 63.94005966 -20.52940178 50.61186981
v 63.04584503 -20.60989189 51.26515579
v 63.33482361 -20.66559982 51.63289642
v 62.58586121 -20.87338257 52.16989517
v 62.87468338 -20.93829536 52.53499222
v 61.02116013 -21.63598061 53.91674042
v 61.29682541 -21.71692657 54.26093674
v 60.61289215 -21.90678406 54.83358765
v 60.85965347 -21.98550606 55.14809799
v 65.11604309 -20.74844551 52.05772018
v 64.57967377 -20.78148270 52.44740677
v 64.04138947 -20.88922119 52.82400513
v 63.91743088 -20.78472710 52.35570526
v 63.62592316 -20.72401619 51.99728394
v 63.16146088 -21.00452042 52.88948822
v 62.96795654 -21.24835205 53.55997086
v 61.54445648 -21.79715919 54.58943176
v 60.33983612 -21.82089806 54.49073792
v 60.73512650 -21.55167770 53.54859161
v 62.29828644 -20.81097603 51.79925919
v 60.05194092 -21.72872734 54.11771393
v 59.75967789 -21.63498306 53.72888947
v 59.19946671 -21.46111298 52.96177673
v 59.89324188 -21.31490326 52.41872406
v 61.73799133 -20.69836426 51.06317902
v 60.44692612 -21.46774864 53.16823578
v 53.28151321 -20.79849625 45.78614426
v 52.21237183 -20.89045143 44.01177979
v 54.14390182 -20.83796310 45.57117844
v 52.86194992 -20.93271065 43.63523102
v 53.51649857 -20.85204506 43.25501633
v 54.86792755 -20.74095345 45.12226868
v 54.80103302 -20.51050568 42.50822830
v 56.77885437 -20.23846436 43.88197708
v 56.07481384 -20.20792007 41.77135849
v 57.51603317 -20.12650299 43.40127182
v 56.71051788 -20.17423820 41.40608215
v 57.96451950 -20.12633324 43.11319351
v 58.14649582 -20.21055031 42.40077591
v 58.93690109 -20.17589188 43.66010284
v 57.33700180 -20.27550697 41.04841232
v 59.72218704 -20.16739845 44.85913849
v 59.03634262 -20.11690521 44.79048157
v 58.46826553 -20.11606407 43.91354752
v 58.02717209 -20.12211227 44.21550751
v 57.30366516 -20.23833847 44.71914291
v 55.42596436 -20.73374748 46.00824356
v 54.70932770 -20.82651520 46.46718216
v 53.95533752 -20.77891159 46.85718536
v 59.32080841 -20.12219810 45.21988678
v 59.60635757 -20.13072205 45.64470673
v 59.72778320 -20.13530350 45.82353973
v 59.30443573 -20.15784836 46.15576172
v 59.42754364 -20.16469002 46.33620453
v 58.73857498 -20.29911613 46.89253235
v 58.86408234 -20.30850792 47.07525635
v 59.55094147 -20.17212105 46.51599884
v 59.97171783 -20.14619255 46.17965317
v 59.84955597 -20.14045906 46.00182724
v 57.07659531 -20.80974960 48.48668671
v 56.94553375 -20.79855728 48.29707718
v 56.81410599 -20.78821564 48.10575485
v 56.24991226 -20.88648415 48.78480911
v 56.11655045 -20.87617111 48.59076691
v 54.75529099 -20.79031372 48.08356094
v 55.98287582 -20.86679649 48.39508057
v 55.66618729 -20.84844971 47.92663574
v 56.37005997 -20.75984764 47.45038223
v 56.05635452 -20.74595833 46.97875595
v 57.89605713 -20.25281143 45.63603210
v 56.38293457 -20.89772415 48.97721100
v 55.34817123 -20.83552933 47.44913101
v 58.60382462 -20.13013077 45.10748291
v 58.89233398 -20.13919830 45.54368973
v 59.18157959 -20.15159798 45.97460556
v 58.19189453 -20.26569176 46.08335495
v 56.68233871 -20.77873802 47.91273880
v 58.48775864 -20.28225327 46.52401352
v 58.61314011 -20.29036140 46.70879745
v 52.33164597 -20.77010536 43.75868607
v 52.77069092 -20.78341484 43.50461197
v 53.25014114 -20.73345566 43.22685242
v 54.30746078 -20.47840500 42.61421967
v 55.13878250 -20.23800087 42.13309097
v 55.93022537 -20.06644058 41.67592239
v 56.55185318 -20.02226257 41.31774521
v 57.11207581 -20.08341980 40.99578857
v 50.41060638 -20.00753784 45.04897308
v 50.96764755 -20.29054070 44.54568481
v 51.45980453 -20.53866386 44.26202393
v 51.96745682 -20.70335579 43.96907806
v 51.73094559 -20.76702118 44.28968430
v 51.26626587 -20.57578659 44.55747604
v 40.34663010 -4.69948959 50.67485809
v 40.53672791 -5.86163330 50.56410217
v 40.83362961 -7.06235743 50.39173508
v 41.24921036 -8.30429363 50.15099335
v 41.79480743 -9.58828354 49.83542633
v 42.48011017 -10.90989685 49.43951035
v 43.31162643 -12.26243973 48.95952225
v 44.29209900 -13.63780594 48.39386368
v 45.42335129 -15.03056431 47.74145889
v 46.32636261 -16.03642082 47.22078323
v 47.30710983 -17.04993248 46.65535736
v 48.36532974 -18.07179070 46.04532242
v 49.50076675 -19.10268402 45.39081573
v 48.65099716 -18.45616150 46.06077957
v 46.95415497 -16.81440353 47.03869629
v 45.35343170 -15.07225704 47.96005249
v 43.87037277 -13.19712257 48.81450653
v 42.54945755 -11.16909409 49.57666016
v 41.96825409 -10.09334946 49.91239929
v 41.45166016 -8.97480392 50.21150970
v 41.01007462 -7.81546783 50.46755981
v 40.65398407 -6.61819029 50.67479324
v 40.39337158 -5.38765192 50.82761383
v 45.10262299 9.47041988 47.92418671
v 45.19698334 9.70110226 48.04599380
v 45.92967606 10.35388947 47.44741058
v 46.19968033 10.73854160 47.46849442
v 46.76668930 11.13288403 46.96508408
v 47.27552032 11.67546368 46.84994125
v 47.61219406 11.81414986 46.47795486
v 48.42145157 12.49792671 46.19135666
v 48.57646942 12.47443867 45.92238617
v 49.63022614 13.18989468 45.49586105
v 49.54841995 13.02447987 45.36225891
v 50.52610016 13.46969795 44.79856873
v 51.50500870 13.81317616 44.23380280
v 52.48052979 14.05752182 43.67051697
v 53.51379013 14.35428238 43.25448608
v 52.18785477 14.12891197 44.02163315
v 50.89001846 13.73750019 44.77038574
v 68.90521240 5.75213051 34.37110901
v 67.45631409 6.98379850 35.02373886
v 66.19168091 8.22132587 35.75271988
v 64.94743347 9.34869862 36.47008514
v 63.72695923 10.35970211 37.17389297
v 62.53361893 11.24923134 37.86222839
v 61.37036896 12.01684666 38.53340530
v 60.24032974 12.66363049 39.18564224
v 59.14764023 13.19207001 39.81656265
v 58.09601593 13.60579014 40.42402649
v 57.08640289 13.91154003 41.00744629
v 57.85229111 13.86832619 40.74253082
v 56.78425217 14.15508461 41.36035919
v 56.26059723 14.09226322 41.48480225
v 55.69993591 14.33806610 41.98806000
v 55.46395874 14.20491886 41.94540787
v 54.69507217 14.25411415 42.39004517
v 53.95251846 14.24445438 42.81949234
v 54.60518265 14.40689850 42.62232590
v 58.89965439 13.48901749 40.13701630
v 59.92282867 13.02878571 39.54617310
v 61.89370728 11.90599346 38.40871429
v 63.76501083 10.57151031 37.33009720
v 65.54534149 9.07939529 36.30523300
v 67.25772095 7.45876360 35.31784439
v 69.53173828 4.48178625 33.82823563
v 69.79728699 4.39617348 33.85904694
v 69.99157715 3.87280011 33.74695206
v 69.24094391 4.99946690 33.99569702
v 68.88354492 5.47875547 34.20131683
v 69.54827118 4.88776731 34.00237656
v 70.41631317 -2.05836368 33.49706650
v 70.14766693 -1.93153334 33.46969604
v 70.01727295 -1.44656003 33.54374313
v 69.93547058 -0.89790493 33.59018707
v 69.91226196 0.34682301 33.60362625
v 69.96292877 1.32775784 33.57553101
v 69.99182892 2.25245643 33.56043625
v 69.95671844 2.97368145 33.58200836
v 70.19676208 2.49572349 33.62520218
v 70.14001465 3.19655228 33.65970612
v 69.84777832 3.61842299 33.64573288
v 70.15731049 1.08123732 33.64284897
v 70.11106873 -0.33458591 33.66761017
v 70.16304016 -1.06235325 33.63936615
v 70.25200653 -1.53792465 33.59237671
v 67.71939087 -14.81634617 35.12458038
v 68.25033569 -13.66409111 34.60107422
v 68.88851929 -12.60993099 34.23206711
v 69.44020081 -11.56904602 33.91262054
v 69.90211487 -10.54910374 33.64455795
v 70.18342590 -10.42707062 33.69533920
v 70.27214813 -9.55713558 33.42905807
v 70.72184753 -8.80730915 33.37756348
v 70.55283356 -8.59762287 33.26464462
v 70.74851990 -7.67375660 33.14881897
v 70.86628723 -6.78609419 33.07758331
v 70.91328430 -5.93387508 33.04691696
v 70.89412689 -5.11368847 33.05424118
v 70.72039032 -3.78772521 33.14804459
v 70.38006592 -2.54513097 33.33839798
v 70.70059204 -2.85758042 33.34026337
v 70.91382599 -3.68420720 33.22531891
v 71.05448151 -4.53353691 33.15240097
v 71.12186432 -5.39282656 33.12141418
v 71.11846161 -6.25743771 33.13092422
v 71.04755402 -7.11864090 33.17855835
v 69.47875214 -11.96658421 34.10609818
v 68.64708710 -13.42993546 34.58806610
v 58.00921249 -20.43505859 40.66749954
v 58.57364655 -20.37026596 40.15941238
v 59.24081039 -20.39045525 39.77797318
v 59.92593002 -20.33862495 39.38623428
v 60.62928772 -20.21051598 38.98389435
v 61.34947586 -20.00137901 38.57165146
v 62.08490372 -19.70576668 38.15031433
v 62.83492279 -19.31597900 37.72015381
v 63.59872055 -18.82440376 37.28155899
v 63.92272186 -18.83037758 37.30789185
v 64.37381744 -18.22607422 36.83593750
v 64.55555725 -18.33209419 36.94511032
v 65.03252411 -17.63728714 36.45684052
v 65.20414734 -17.75111389 36.57262421
v 65.69541931 -16.96982765 36.07500458
v 66.51491547 -16.36017418 35.81924820
v 66.36073303 -16.22361946 35.69149017
v 67.02670288 -15.39859676 35.30734634
v 62.68776321 -19.61093712 38.01239777
v 61.40538788 -20.16641808 38.74211884
v 60.06201553 -20.48154449 39.50424194
v 59.37757874 -20.53796005 39.89173508
v 58.69064713 -20.52279472 40.28093338
v 58.74048996 -20.34063721 41.95935440
v 59.43083191 -20.26619911 43.29243851
v 60.16069031 -20.22782898 44.60690308
v 60.92881775 -20.22555733 45.90036392
v 62.41890335 -20.31384277 48.19042206
v 64.02204895 -20.52018929 50.39093781
v 64.75681305 -20.64743805 51.32235718
v 65.73215485 -20.72270966 51.61521530
v 65.40806580 -20.60257530 50.86262894
v 66.35268402 -20.62177658 51.17735291
v 66.06218719 -20.47670174 50.40865707
v 66.71375275 -20.27667236 49.96366882
v 65.33666229 -20.36554337 49.48513794
v 65.99224854 -20.17282677 49.04334641
v 63.76029205 -20.20191193 47.29816437
v 64.42766571 -20.02858734 46.86177444
v 62.30593109 -20.16451836 45.01729202
v 62.98918533 -20.01425171 44.58448410
v 61.56179428 -20.19834328 43.72771454
v 62.25573349 -20.06234741 43.29640198
v 60.85923386 -20.27075958 42.41681671
v 61.56534195 -20.15014076 41.98687363
v 60.19967270 -20.38169861 41.08738327
v 60.91950226 -20.27754784 40.65887070
v 59.47243500 -20.40430069 41.52140427
v 60.14670563 -20.31111526 42.85260391
v 62.32694244 -19.84340286 39.82406235
v 61.62935638 -20.09655571 40.23733902
v 62.26221085 -19.95424080 41.56439209
v 62.94105148 -19.85253716 42.87302780
v 63.66431808 -19.79154778 44.16012573
v 65.08757019 -19.78509521 46.43488693
v 66.64073944 -19.91193199 48.61236191
v 67.35834503 -20.00924873 49.53015137
v 67.58780670 -20.21852493 50.32691574
v 63.67621994 -19.13934898 39.02733612
v 64.94904327 -18.20455742 38.27891541
v 65.55193329 -17.66757393 37.92550659
v 66.13035583 -17.09533310 37.58712387
v 66.68301392 -16.49596214 37.26445389
v 67.20869446 -15.87750244 36.95812988
v 67.75450134 -15.69962311 38.29391098
v 68.24647522 -15.07427788 38.00618744
v 68.84012604 -14.94610119 39.32614136
v 68.87496948 -14.40533924 38.11762619
v 69.55246735 -14.28451347 39.58257294
v 67.70618439 -15.24799824 36.66877365
v 68.26326752 -14.58287144 36.62984467
v 69.48548126 -14.86376476 40.62501907
v 70.29347992 -14.22075272 41.01985550
v 70.78564453 -14.83224583 42.92091751
v 71.09580994 -14.21444321 42.42475891
v 71.95680237 -14.26533031 43.79327774
v 72.23947144 -14.95228672 45.11719513
v 72.87403870 -14.37352943 45.12095261
v 72.92116547 -15.05279160 46.04137039
v 73.84685516 -14.54345608 46.39598083
v 72.98913574 -15.68017292 46.89722824
v 72.45863342 -15.64850521 46.31407547
v 72.05760956 -16.78087234 47.45556259
v 71.97529602 -16.23411942 46.60251999
v 71.47017670 -16.80595398 46.90776443
v 70.77861786 -16.71756554 45.99047852
v 70.24688721 -17.27498436 46.31528854
v 68.75654602 -17.18630981 44.13756561
v 68.19153595 -17.72363281 44.48324203
v 66.83605194 -17.78377724 42.20692825
v 65.61775970 -18.74335670 42.94954681
v 64.92219543 -18.83219337 41.66265869
v 63.61542892 -19.57410431 42.45882034
v 62.94754410 -19.68799591 41.15061569
v 70.94226074 -17.36032867 47.23087692
v 71.04454803 -17.82204628 48.07901382
v 70.39120483 -17.89296150 47.57250595
v 69.95158386 -18.77166176 48.76976013
v 69.22640228 -18.86856079 48.30886841
v 68.79309845 -19.58622360 49.52192307
v 67.99353027 -19.68101311 49.10917664
v 60.86230087 -20.25526810 44.16522217
v 61.61787415 -20.23681450 45.45666504
v 63.08921051 -20.29903030 47.74192810
v 64.67822266 -20.48353958 49.93534851
v 67.27973938 -19.58923531 48.19327164
v 68.51997375 -18.78407669 47.39490128
v 69.69209290 -17.80944443 46.65805435
v 65.73762512 -19.47735214 46.01865005
v 66.99897003 -18.69284821 45.22249985
v 64.32898712 -19.50185394 43.74541092
v 64.27445221 -18.96424484 40.35409546
v 66.15695953 -17.87968063 40.91801834
v 67.41352081 -17.24527931 41.85823059
v 69.29851532 -16.62304497 43.80878830
v 71.28745270 -16.14187813 45.68311310
v 65.52738190 -18.02000618 39.60747528
v 66.74223328 -17.34122658 40.56767654
v 67.96770477 -16.67757225 41.52562332
v 69.81720734 -16.03946877 43.49673462
v 71.77414703 -15.55206871 45.39231491
v 66.12112427 -17.48206520 39.25555038
v 67.30393982 -16.77164078 40.23305511
v 68.49797821 -16.08722878 41.20925522
v 70.31284332 -15.44079781 43.20093536
v 66.69091797 -16.91097260 38.91899490
v 67.84123993 -16.17801094 39.91447449
v 69.00400543 -15.48053169 40.90906906
v 67.23567963 -16.31434059 38.59831619
v 68.35350800 -15.56720829 39.61211014
v 74.42020416 -14.72495079 46.95120621
v 73.14495087 -16.07879066 47.43173599
v 74.03179932 -14.59301186 46.59676361
v 72.94018555 -16.02453232 47.24376678
v 73.96903229 -14.57512188 46.53121567
v 73.90737915 -14.55860043 46.46427536
v 73.50994873 -16.18659019 47.70531845
v 74.83739471 -14.90290833 47.24449921
v 73.82327271 -16.28905869 47.88515854
v 75.26894379 -15.12805748 47.44879913
v 73.98412323 -16.34524918 47.95848083
v 74.14716339 -16.40503502 48.01902008
v 73.10096741 -17.73143578 48.77885818
v 73.41880035 -17.81393433 48.83254623
v 72.53952789 -18.88411713 49.59550476
v 72.72834778 -18.91772842 49.59918594
v 71.89142609 -19.89601707 50.47091675
v 72.11602020 -19.92300224 50.45360947
v 71.51715851 -20.60431290 51.21447372
v 72.01631927 -20.22184753 50.73217010
v 71.59642792 -20.70639610 51.30337524
v 74.42169952 -16.51252747 48.08896637
v 75.70806885 -15.39753723 47.55928421
v 74.56089783 -16.56921387 48.11209106
v 74.70169067 -16.62689209 48.13019180
v 73.74497223 -17.89755440 48.85246658
v 73.85188293 -17.91607857 48.85004425
v 72.91947174 -18.94964790 49.59431839
v 72.91385651 -19.12480736 49.71215057
v 74.79144287 -16.65913010 48.13806534
v 71.20497894 -21.13287163 51.91868210
v 70.96542358 -21.18059731 52.05496216
v 71.26157379 -20.57712936 51.24149323
v 70.67455292 -21.14860916 52.09090042
v 71.00711823 -20.54530716 51.25463486
v 70.38378906 -21.11060333 52.10988998
v 70.50420380 -20.47111320 51.23479843
v 69.80661011 -21.02053261 52.09374619
v 70.20713806 -20.42150497 51.19155884
v 69.46466064 -20.95960808 52.04811859
v 69.91635132 -20.36911583 51.12537384
v 69.12953186 -20.89508057 51.97618103
v 69.35995483 -20.25877380 50.92692566
v 68.48817444 -20.75967598 51.75627518
v 68.73761749 -20.12099457 50.56648636
v 67.77340698 -20.59357834 51.35204697
v 68.40692139 -20.04235268 50.29101181
v 67.39669037 -20.50151443 51.04170227
v 66.63446045 -20.72818565 51.62974167
v 66.25510406 -20.79935455 51.93017197
v 66.69553375 -20.90870667 52.28885651
v 66.34315491 -20.95613480 52.61096191
v 67.22717285 -21.17436790 53.10528564
v 65.99039459 -21.00338173 53.16168976
v 66.67470551 -21.20620346 53.77061844
v 66.82922363 -21.27914047 54.19414520
v 67.54699707 -21.41855621 54.07534027
v 67.30698395 -21.41312790 54.73529053
v 68.00106812 -21.52362823 54.17820740
v 67.61095428 -21.48698616 54.91768646
v 68.11577606 -21.60596657 55.00129700
v 67.84919739 -21.53163719 55.29910660
v 68.96158600 -21.79240990 55.05723190
v 68.74079132 -21.68862724 55.87186050
v 69.20007324 -21.79041672 55.87295151
v 68.70796204 -21.64742851 56.07893372
v 69.54865265 -21.68778801 56.73812103
v 69.65589142 -21.88544846 55.84600067
v 69.65698242 -21.71209335 56.72988510
v 69.76547241 -21.73569679 56.72140503
v 69.93817902 -21.94619942 55.76803207
v 69.87406158 -21.75866699 56.71252060
v 70.84981537 -21.48785782 52.58169556
v 70.59403229 -21.52339935 52.74240875
v 70.27366638 -21.48404503 52.78379440
v 69.95254517 -21.43793106 52.80563736
v 69.31312561 -21.32987022 52.78842545
v 68.93341827 -21.25732422 52.73830032
v 68.56082916 -21.18094826 52.65908432
v 67.84715271 -21.02235031 52.41664505
v 67.05221558 -20.83149719 51.97119904
v 70.42468262 -21.66135216 53.10526657
v 70.53831482 -21.75889778 53.29536057
v 70.26748657 -21.77487564 53.48115158
v 70.27767181 -21.93389130 54.06237411
v 70.00925446 -21.91623116 54.22043610
v 70.07518005 -22.00048065 54.88561249
v 69.80325317 -21.95642471 55.00803757
v 65.87863159 -20.84041405 52.23392487
v 65.20867920 -20.77050591 52.17139053
v 69.39663696 -19.43151855 49.58298874
v 69.68962097 -19.49944115 49.83023834
v 70.23468781 -19.61650658 50.15753174
v 70.71897125 -19.71021271 50.34220505
v 70.97177887 -19.75524902 50.40597153
v 71.23019409 -19.79861259 50.44972992
v 71.66869354 -19.86580658 50.47695541
v 70.60521698 -18.48295021 48.75127792
v 70.86022949 -18.54180527 48.97101212
v 71.32697296 -18.64457130 49.26885223
v 71.73735809 -18.72965622 49.44448853
v 71.95088196 -18.77211571 49.50860977
v 72.16899872 -18.81445312 49.55582809
v 71.73784637 -17.39570427 48.00336838
v 71.96479034 -17.45003891 48.20402145
v 72.37395477 -17.54981613 48.48463058
v 72.72949982 -17.63777351 48.65883255
v 72.91349030 -17.68383217 48.72612000
v 67.53393555 -21.11292839 52.75776672
v 68.01997375 -21.35934639 53.37659454
v 68.28636932 -21.28434181 53.01380920
v 68.67893982 -21.36743927 53.09781647
v 69.07876587 -21.44673347 53.15132904
v 69.75130463 -21.56571007 53.17090225
v 70.08859253 -21.61702728 53.14851761
v 68.43329620 -21.44965744 53.46625519
v 68.46273041 -21.62550545 54.24679565
v 73.58078003 -17.85593796 48.84577179
v 69.56092834 -21.66742706 53.54755020
v 68.85399628 -21.53629112 53.52405548
v 69.23721313 -21.78254700 54.28263474
v 69.91502380 -21.72471046 53.52543259
v 69.38391876 -21.87785721 55.04583740
v 69.62442017 -21.85293007 54.26374817
v 76.62932587 -14.09928322 47.07696152
v 76.56420135 -14.03274822 47.05487061
v 76.45396423 -13.93251419 47.01913071
v 76.34341431 -13.83591652 46.97946167
v 77.32313538 -12.37589741 46.57837677
v 77.11035156 -12.14708328 46.46403885
v 77.94358826 -10.77149391 46.22187042
v 77.80605316 -10.61691380 46.12812805
v 78.57841492 -9.16057110 46.01427841
v 78.41925049 -8.98510075 45.89644241
v 78.94406128 -7.79514217 45.91322708
v 78.56371307 -7.43958473 45.61312866
v 78.94344330 -6.19736242 45.71992493
v 78.38145447 -5.81847095 45.22748947
v 78.52180481 -4.85641670 45.34923172
v 78.15092468 -4.68781376 44.98070908
v 78.16990662 -4.20416594 45.05115891
v 77.79117584 -4.69000912 44.57334137
v 77.79015350 -3.92807794 44.65352631
v 76.12046814 -13.65656853 46.87973022
v 75.98481750 -13.55864429 46.80338287
v 75.84856415 -13.46819687 46.71585846
v 76.84380341 -11.90728188 46.28343582
v 76.56919098 -11.70659828 46.06250763
v 77.37023163 -10.22739315 45.77977371
v 76.99614716 -9.99556828 45.42843628
v 77.65886688 -8.39971161 45.22919083
v 77.39987183 -8.28444195 44.96231842
v 77.78447723 -6.98108912 44.87687302
v 77.27522278 -7.77215385 44.62476730
v 77.62844849 -6.23371792 44.52994919
v 75.57603455 -13.30889893 46.51246262
v 75.24580383 -13.15267754 46.21880722
v 75.05366516 -13.08083248 46.02354813
v 74.65740204 -13.35657215 45.93405533
v 75.42872620 -12.08550453 45.50924683
v 76.02082062 -11.43027878 45.53058624
v 76.22612762 -11.51475811 45.74373627
v 76.14064789 -10.72409058 45.13677979
v 76.76934814 -9.89741516 45.19241333
v 76.76731110 -9.27857208 44.83469391
v 78.04708099 -5.66742277 44.89269257
v 78.16555786 -3.72692394 45.14006424
v 77.72849274 -3.18156958 44.77592087
v 77.82339478 -3.20046282 44.88827896
v 78.67500305 -3.33598948 45.83822632
v 78.57774353 -3.91554952 45.54732132
v 78.56082153 -4.38248396 45.43842697
v 79.22616577 -4.82774162 46.00725555
v 79.15058899 -5.27868891 45.89060593
v 79.64869690 -5.73753548 46.25750351
v 79.38573456 -6.61002874 46.05475998
v 79.59638977 -6.84792900 46.19856644
v 79.12510681 -8.00037861 46.04277039
v 79.29813385 -8.22274876 46.15762329
v 78.73127747 -9.35094929 46.11897659
v 78.96863556 -9.69829082 46.26232910
v 78.16099548 -11.05441189 46.34994507
v 78.26435089 -11.20706654 46.40297318
v 77.42655182 -12.49946117 46.62541199
v 77.52820587 -12.62819195 46.66822052
v 77.58470154 -12.71693134 46.69490051
v 79.60019684 -3.49146199 46.82082367
v 79.32861328 -3.58157682 46.46488190
v 79.28172302 -4.38454533 46.14559174
v 79.95613861 -4.13484240 46.91091919
v 80.09096527 -3.60733223 47.35445404
v 80.25847626 -4.45125246 47.10138702
v 80.33640289 -3.76271391 47.57064819
v 80.54895782 -4.79155731 47.26881027
v 80.66352844 -4.12919426 47.75684738
v 80.99651337 -5.40394831 47.49340057
v 81.17094421 -4.78696918 48.00815964
v 81.20037079 -5.72970724 47.58037186
v 81.40392303 -5.13614750 48.10608673
v 81.38865662 -6.06675911 47.65053177
v 81.62056732 -5.49701881 48.18530655
v 81.72064972 -5.78042221 48.16209793
v 81.93244934 -5.24032879 48.84313965
v 81.79844666 -4.97304392 48.83549500
v 82.02244568 -4.66392899 49.64484024
v 81.96315002 -4.57181168 49.62491989
v 81.90322876 -4.48008108 49.60520554
v 81.54977417 -4.58949947 48.74285126
v 81.30931854 -4.09599590 48.80353546
v 81.28410339 -4.21804142 48.62997437
v 80.60163116 -3.76978374 47.93648911
v 82.08110046 -4.75644970 49.66478348
v 81.45233917 -6.36957979 47.61067581
v 81.10801697 -6.67596054 47.22237015
v 80.94384003 -6.36354351 47.15793991
v 80.76515198 -6.06194782 47.07878494
v 80.37026978 -5.49617815 46.87512970
v 80.11250305 -5.18260670 46.72326279
v 79.84323883 -4.89165020 46.55042648
v 81.13423157 -7.00068951 47.17780685
v 80.93995667 -7.01546335 47.03427124
v 80.78675842 -6.71640587 46.97193146
v 80.61977386 -6.42787600 46.89598846
v 80.25000763 -5.88719320 46.70161057
v 80.00811768 -5.58792305 46.55691147
v 79.75505829 -5.31051302 46.39236069
v 80.77297974 -7.66666460 46.85255432
v 80.76042175 -7.36343098 46.87283707
v 80.61691284 -7.07775402 46.81211853
v 80.46046448 -6.80228662 46.73888779
v 80.11370087 -6.28660917 46.55271530
v 79.88657379 -6.00153971 46.41449356
v 80.37065125 -8.08079529 46.62485123
v 80.37515259 -8.36046696 46.62428284
v 79.94741821 -9.07496071 46.48192978
v 79.79834747 -9.07009888 46.43332672
v 79.49689484 -9.80275059 46.41326141
v 79.18308258 -10.07985115 46.37343979
v 78.55259705 -11.27106094 46.45662689
v 78.36414337 -11.36619473 46.45083618
v 79.07885742 -9.88521385 46.32125092
v 79.68532562 -8.84435368 46.37804031
v 80.24296570 -7.82152653 46.56657791
v 76.97830963 -12.02226639 46.37929535
v 77.66423798 -10.47457314 46.02260208
v 78.08597565 -8.68106651 45.62458801
v 78.07722473 -7.11259365 45.17426300
v 79.79734802 -7.10522842 46.32559204
v 79.56389618 -8.62724876 46.31437683
v 80.10421753 -7.57179499 46.49780273
v 89.75279999 -23.55990791 50.61325455
v 89.48301697 -23.95698547 50.76906586
v 89.42491913 -23.33434105 50.28926086
v 88.79446411 -23.66377068 50.28382111
v 89.03791046 -23.09939003 50.03422165
v 88.23782349 -23.37358284 50.01974487
v 88.62976074 -22.84500122 49.82427216
v 88.12601471 -22.53473091 49.59409332
v 88.52288055 -21.96533203 49.42734909
v 88.01779175 -21.61270523 49.20810699
v 88.41725159 -21.00806427 49.08675003
v 87.42034149 -20.21022224 48.71421814
v 87.83459473 -19.54757309 48.65649033
v 86.84243011 -18.63627434 48.38841248
v 87.09298706 -18.22146606 48.40443039
v 85.95034027 -17.05893326 48.22560120
v 86.21318054 -16.61382103 48.30097580
v 85.27293396 -15.52565956 48.20833969
v 85.54154968 -15.05564594 48.36327362
v 84.85270691 -14.14415646 48.31080627
v 85.11809540 -13.65692139 48.56439590
v 84.47116089 -12.69552612 48.47642136
v 84.72666168 -12.19280148 48.84631729
v 84.16854095 -11.25771141 48.72879791
v 84.40528870 -10.74905014 49.22132492
v 83.88581085 -9.76134205 49.07085419
v 84.09545898 -9.25694561 49.69358063
v 83.59914398 -8.23531532 49.50936127
v 84.03662109 -8.36043167 50.32215881
v 83.12859344 -6.54051685 50.02803421
v 82.85359192 -6.84938097 49.19115067
v 82.62096405 -7.41195440 48.50999069
v 82.33386230 -8.02100658 47.95643616
v 81.99832916 -8.66937733 47.52286148
v 81.62077332 -9.34974289 47.20034027
v 81.20798492 -10.05459976 46.97853470
v 80.76676941 -10.77643585 46.84703445
v 80.30393982 -11.50775242 46.79545975
v 79.47852325 -12.76346779 46.86436462
v 78.64202118 -13.98874474 47.08947372
v 77.82280731 -15.15304184 47.42495346
v 78.90649414 -15.96285343 47.69418716
v 79.68582916 -16.54425430 47.88661194
v 79.66952515 -14.88724709 47.38596725
v 80.40426636 -15.53193855 47.59727097
v 80.44996643 -13.75173473 47.18363953
v 81.13918304 -14.46236038 47.40993500
v 81.21955872 -12.58605862 47.13504410
v 81.86307526 -13.36410332 47.37243652
v 81.65019226 -11.90671730 47.19820023
v 82.26744080 -12.72404480 47.44024658
v 82.05996704 -11.23584747 47.34058762
v 82.65162659 -12.09193611 47.58545685
v 82.44315338 -10.57997513 47.57024384
v 83.01053619 -11.47372723 47.81482315
v 82.79406738 -9.94559860 47.89506912
v 83.33911896 -10.87532616 48.13489151
v 83.10707092 -9.33920765 48.32287979
v 83.63237000 -10.30263519 48.55211258
v 83.37699127 -8.76708221 48.85958481
v 86.69243622 -22.50123024 49.44756317
v 87.61067963 -22.21200943 49.38750839
v 86.99116516 -20.87205124 48.85241699
v 86.39118195 -19.35409355 48.44980621
v 85.67275238 -17.51115417 48.20183563
v 84.98448944 -16.00764847 48.11605835
v 84.56234741 -14.64838409 48.13040161
v 84.18475342 -13.22087479 48.19111633
v 83.89481354 -11.79551315 48.33060074
v 86.55660248 -21.52403259 49.05168533
v 85.07822418 -21.49257469 49.08498001
v 85.45556641 -20.76636314 48.81577682
v 84.14331055 -19.81548500 48.65952682
v 84.65688324 -19.06650925 48.42755127
v 83.56863403 -18.17442894 48.31199265
v 84.13106537 -17.34229469 48.14090347
v 83.33061218 -16.59210396 48.01973343
v 83.92192078 -15.68914700 47.97193527
v 83.18132019 -14.88248539 47.79535675
v 83.53566742 -14.31939411 47.85549164
v 82.89353943 -13.53082371 47.66053009
v 83.25279999 -12.93748665 47.80193710
v 81.89145660 -19.32747841 48.78849030
v 83.01259613 -18.97363663 48.55771255
v 82.72669983 -17.47744560 48.19128799
v 82.54496765 -15.85036278 47.83192444
v 82.51490021 -14.13178825 47.59347153
v 81.26093292 -17.69346619 48.26545715
v 82.13273621 -18.32250595 48.44494247
v 84.47144318 -9.29273224 50.42183304
v 84.60158539 -10.27455997 49.80950546
v 84.94767761 -11.71753597 49.30340195
v 85.35472870 -13.19133282 48.89530563
v 85.78676605 -14.60197639 48.58478928
v 86.45794678 -16.17984390 48.43190384
v 87.33089447 -17.81291008 48.46457291
v 88.06523895 -19.16471672 48.66789627
v 88.80247498 -20.40416718 49.03734207
v 88.91114044 -21.39222717 49.31682587
v 89.01691437 -22.30950546 49.67316437
v 84.94155121 -10.27185059 50.44224548
v 85.13109589 -11.27439785 49.84834290
v 85.55931091 -12.75189972 49.30575180
v 86.00507355 -14.16901112 48.87673187
v 86.68132019 -15.76106358 48.62216187
v 87.55305481 -17.41428947 48.57272339
v 88.28514862 -18.78720093 48.71734238
v 89.01782227 -20.05494499 49.04727554
v 89.28556061 -20.82016563 49.27386856
v 89.39461517 -21.77144814 49.57621002
v 89.41230011 -22.59827423 49.89991379
v 85.42522430 -11.23992157 50.37102509
v 85.72896576 -12.34299374 49.79616928
v 86.19333649 -13.76100540 49.24124908
v 86.87998962 -15.36153603 48.87546539
v 87.75634003 -17.02934265 48.73269272
v 88.49143219 -18.41840553 48.80870056
v 89.22428894 -19.70991898 49.08954620
v 89.49538422 -20.48904419 49.28443146
v 89.75886536 -21.23436165 49.54234314
v 89.77654266 -22.09506416 49.81789780
v 89.77932739 -22.87401581 50.17686462
v 90.00196075 -23.14509392 50.46915054
v 85.93589783 -12.21155548 50.22749329
v 86.34878540 -13.38211632 49.67893219
v 87.05094147 -14.98526382 49.19421768
v 87.93763733 -16.66181946 48.94823456
v 88.68110657 -18.06180000 48.94583130
v 89.41918182 -19.37214279 49.16795731
v 89.69718933 -20.16145897 49.32452011
v 89.96347809 -20.92305946 49.55511093
v 90.12760925 -21.59238243 49.79525757
v 90.12289429 -22.41211891 50.11325073
v 90.22664642 -22.71190071 50.33898926
v 86.46445465 -13.14412403 50.06483841
v 87.19141388 -14.63620377 49.57960510
v 88.09397888 -16.31547165 49.22229004
v 88.85122681 -17.72085953 49.13258362
v 89.59974670 -19.04478073 49.28636169
v 89.88844299 -19.84028244 49.39785385
v 90.16091156 -20.61457062 49.59464264
v 90.32505798 -21.30052948 49.81207275
v 90.45339966 -21.95045662 50.10380554
v 90.42265320 -22.26094627 50.22521973
v 86.68482971 -13.51025677 50.00602722
v 86.86991119 -13.80655289 49.96198654
v 87.13668060 -14.21532249 49.90900040
v 87.37265778 -14.56107807 49.87100983
v 88.22253418 -15.99406910 49.55703735
v 88.99887085 -17.39911842 49.37237930
v 89.76320648 -18.73099518 49.44861984
v 90.06649017 -19.52849007 49.50823593
v 90.34875488 -20.31155777 49.66452789
v 90.51594543 -21.01080894 49.85342026
v 90.63928986 -21.68203545 50.12519836
v 88.37055969 -15.92218781 49.79186630
v 89.12114716 -17.10016060 49.66826630
v 89.90673828 -18.43405151 49.65853119
v 90.22869110 -19.22907257 49.65948486
v 90.52452087 -20.01679993 49.76847458
v 90.69800568 -20.72569275 49.92274475
v 90.81913757 -21.41516876 50.16846085
v 90.80620575 -21.65388107 50.24283600
v 89.38130951 -17.21011353 49.88172150
v 89.90125275 -17.84563828 49.99788284
v 90.02748871 -18.15730667 49.91984940
v 90.38713074 -18.42256355 50.14436340
v 90.49453735 -18.67985725 50.10030365
v 90.79240417 -18.90652084 50.29981232
v 90.95380402 -19.21050644 50.32298279
v 91.11536407 -19.33547401 50.46325684
v 91.29039764 -19.68374443 50.55308151
v 91.38540649 -19.77891159 50.66046524
v 91.55208588 -20.18640900 50.83169174
v 91.58420563 -20.23850060 50.88068771
v 91.43530273 -20.40984154 50.62719345
v 91.39246368 -20.63253593 50.57570267
v 91.30120087 -20.64700699 50.46260452
v 91.13330841 -21.10468864 50.36063004
v 91.15227509 -20.89526939 50.33375549
v 90.99085236 -21.15212059 50.23684692
v 90.86891174 -20.44776917 50.02362442
v 80.46981812 -17.12155151 48.07663727
v 81.14544678 -16.16909790 47.80312729
v 81.89661407 -16.79571724 48.00354004
v 81.83590698 -15.16350842 47.62648773
v 91.02629089 -20.17963600 50.15965271
v 90.68572235 -19.73308182 49.91019821
v 91.16766357 -19.92401505 50.33473587
v 90.82972717 -19.46331215 50.09365082
v 90.37231445 -18.94512749 49.85550690
v 85.92462921 -20.06823349 48.60069275
v 85.17228699 -18.29291534 48.26423264
v 84.67978668 -16.49724197 48.08227921
v 84.25079346 -15.16494179 48.01893997
v 83.87155151 -13.76383781 47.98573303
v 83.58806610 -12.35724163 48.02345276
v 78.34674072 -18.40936089 48.65973282
v 77.48091888 -17.94842529 48.51724625
v 76.27523041 -17.30854416 48.31845093
v 76.75363922 -18.94855499 49.06945801
v 75.48471069 -18.38632202 48.91235352
v 76.01950073 -19.92257690 49.74156952
v 74.68795013 -19.43588257 49.63020706
v 75.30970764 -20.81742287 50.54709625
v 73.91607666 -20.40489769 50.48349380
v 74.92136383 -21.27877426 51.08309174
v 73.49194336 -20.90896988 51.04715729
v 74.56006622 -21.68186760 51.67065811
v 73.09565735 -21.35361099 51.66218567
v 74.23197174 -22.01667786 52.31097031
v 72.73462677 -21.72655106 52.33075714
v 73.94319916 -22.27328110 53.00512314
v 72.41625977 -22.01548195 53.05506897
v 73.69981384 -22.44182777 53.75416183
v 72.14794922 -22.20815468 53.83727264
v 73.50724792 -22.51386070 54.55788422
v 71.93659210 -22.29337502 54.67861557
v 73.37033844 -22.48221016 55.41496277
v 71.78860474 -22.26092529 55.57952118
v 71.92795563 -22.14100456 56.49472427
v 83.13722229 -21.21678734 49.24039459
v 81.94503784 -20.46056175 49.17407227
v 81.00886536 -19.88785744 49.09380722
v 81.39450073 -21.20260620 49.56723022
v 80.43126678 -20.67457199 49.51655960
v 80.84476471 -21.91952705 50.03825378
v 79.85221863 -21.43688393 50.02798462
v 80.31837463 -22.57191467 50.60034561
v 79.29693604 -22.13092995 50.64217377
v 80.03215790 -22.90535545 50.97528839
v 78.99533081 -22.48485947 51.05318451
v 79.76673126 -23.19481659 51.38734818
v 78.71623993 -22.79096031 51.50564957
v 79.52587891 -23.43438911 51.83641815
v 78.46372223 -23.04287148 51.99948883
v 79.31333160 -23.61831474 52.32223129
v 78.24176025 -23.23441696 52.53444672
v 79.13277435 -23.74089432 52.84445572
v 78.05432129 -23.35949516 53.11019897
v 78.98737335 -23.79762077 53.40161133
v 77.90472412 -23.41336632 53.72512817
v 78.87979889 -23.78507805 53.99115372
v 77.79573059 -23.39256859 54.37642288
v 77.91652679 -23.38110542 54.85748291
v 76.94162750 -23.05605507 55.26903152
v 85.66832733 -22.76123810 49.56452942
v 84.51201630 -22.08055305 49.36053085
v 84.02448273 -22.71479988 49.69774628
v 82.61776733 -21.90663338 49.60483551
v 83.54499054 -23.31832886 50.09305573
v 82.10229492 -22.56885910 50.03669357
v 83.08798218 -23.86554909 50.55604172
v 81.60966492 -23.17030907 50.54766083
v 82.83808899 -24.14777946 50.86099625
v 81.34117889 -23.47866631 50.88669968
v 82.60415649 -24.39640808 51.19355392
v 81.09120941 -23.74780846 51.25814819
v 82.38948822 -24.60620689 51.55390930
v 80.86328888 -23.97220993 51.66198349
v 82.19740295 -24.77194977 51.94214630
v 80.66090393 -24.14643478 52.09805298
v 82.03118896 -24.88844299 52.35832214
v 80.48753357 -24.26509094 52.56615448
v 81.89392853 -24.95102501 52.80188751
v 80.34625244 -24.32368851 53.06516647
v 81.78850555 -24.95551872 53.27172852
v 80.23979187 -24.31856537 53.59312439
v 80.34915924 -24.34355736 53.92602921
v 79.97651672 -24.18813896 54.04291916
v 86.78231049 -23.36578178 49.86576843
v 87.33029175 -23.64303207 50.05350494
v 87.87149048 -23.90113449 50.26205826
v 87.51306152 -24.40409851 50.54141235
v 87.99260712 -24.57565308 50.71957397
v 87.67711639 -25.01918983 51.02999878
v 88.18585205 -25.11006355 51.23159790
v 87.91820526 -25.48153114 51.56750107
v 88.21331024 -25.33816910 51.50078583
v 87.85209656 -25.76843071 51.94839478
v 88.32080841 -24.09818077 50.44823837
v 88.76126862 -24.25867844 50.67241287
v 89.19506836 -24.33672142 50.93525696
v 88.88814545 -24.69644165 51.11221313
v 88.46774292 -24.70082664 50.93411255
v 88.56096649 -25.03188896 51.30066681
v 87.55351257 -26.09070396 52.42742538
v 87.49479675 -26.02150154 52.25529480
v 87.62773895 -25.86021614 52.01101303
v 87.76963043 -25.67896271 51.78200150
v 87.21226501 -25.63609695 51.60924530
v 87.37789917 -25.42223358 51.38280106
v 86.84055328 -25.29904175 51.22722626
v 87.16788483 -24.87288094 50.86180878
v 86.56558990 -24.65916061 50.67103195
v 86.94127655 -24.16822815 50.34048843
v 86.36736298 -23.91145325 50.16098022
v 87.37319183 -26.15885544 52.51560974
v 87.32837677 -26.29307747 52.92210388
v 87.26529694 -26.26829910 52.79273605
v 87.17369080 -26.34550476 53.08763885
v 86.65374756 -26.26981354 52.68414307
v 86.55296326 -26.35147285 52.99903488
v 86.05323792 -26.18530083 52.58476257
v 85.94438934 -26.26771164 52.91419983
v 85.35809326 -26.01294708 52.47152710
v 85.24146271 -26.09148216 52.81780243
v 84.67875671 -25.81271935 52.38412476
v 84.55593872 -25.88676453 52.74782181
v 83.35286713 -25.37908745 52.30706024
v 83.22108459 -25.44653893 52.70818329
v 87.17521667 -26.37942505 53.42621231
v 87.10111237 -26.38582039 53.40146255
v 86.47325134 -26.39316750 53.33426285
v 85.85841370 -26.30747604 53.26481247
v 85.14961243 -26.12437820 53.18619537
v 84.45957184 -25.91241837 53.13448715
v 83.11860657 -25.46062660 53.13383484
v 86.62908173 -26.40361977 53.40652847
v 86.07709503 -26.35288429 53.37210464
v 85.52875519 -26.23783684 53.33878326
v 84.90441132 -26.05900574 53.30981445
v 84.17276001 -25.82440758 53.30522919
v 83.38867950 -25.55677032 53.34156418
v 81.86775208 -24.97943687 53.54626465
v 79.54357147 -24.01083946 54.19185257
v 79.23495483 -23.88659668 54.30721283
v 78.85839081 -23.73800850 54.45620346
v 76.67216492 -23.05616951 54.73210526
v 75.95475006 -22.78884697 55.63077164
v 75.60160828 -22.80991936 55.00564575
v 74.93143463 -22.58025932 55.92975998
v 74.49781799 -22.62473869 55.23477936
v 73.93371582 -22.43196869 56.15507507
v 80.07109070 -19.35069656 48.95240784
v 79.46196747 -20.18673706 49.40917969
v 78.84911346 -20.99802399 49.96572495
v 78.26006317 -21.73690796 50.63664246
v 77.93991089 -22.11327553 51.08620071
v 77.64372253 -22.43808365 51.58136749
v 77.37593842 -22.70434189 52.12218857
v 77.14090729 -22.90525818 52.70854568
v 76.94295502 -23.03411865 53.34024811
v 76.78570557 -23.08570290 54.01571655
v 79.21003723 -18.87620163 48.80397415
v 78.56580353 -19.76207733 49.29248428
v 77.91629791 -20.62282753 49.88947678
v 77.29075623 -21.40809059 50.60963440
v 76.95026398 -21.80874443 51.09188461
v 76.63494873 -22.15496063 51.62275314
v 76.34970856 -22.43897438 52.20251846
v 76.09933472 -22.65321159 52.83132172
v 75.88860321 -22.79017830 53.50922012
v 75.72155762 -22.84392357 54.23487473
v 85.21222687 -23.34979630 49.87948608
v 84.76718903 -23.90558815 50.24601364
v 85.96537781 -24.42308426 50.50233841
v 84.34403229 -24.40930176 50.67176819
v 85.58386230 -24.88711357 50.89560699
v 86.20924377 -25.10492134 51.04998016
v 84.11195374 -24.67093086 50.95032501
v 85.37393951 -25.13021851 51.15106964
v 86.01279449 -25.33965874 51.29510117
v 86.65972900 -25.52459335 51.46253204
v 83.89366913 -24.90374947 51.25276566
v 85.17554474 -25.34909439 51.42708969
v 85.82666016 -25.55241585 51.55916977
v 86.48793793 -25.73035812 51.71522903
v 87.05454254 -25.83192062 51.85186005
v 83.69228363 -25.10275650 51.57948685
v 84.99156189 -25.53902817 51.72424698
v 85.65359497 -25.73866463 51.84284210
v 86.32778931 -25.91203499 51.98603058
v 86.90718079 -26.00563812 52.11138153
v 83.51096344 -25.26288605 51.93081665
v 84.82497406 -25.69518280 52.04307556
v 85.49645233 -25.89373398 52.14674759
v 86.18199158 -26.06517220 52.27563858
v 86.77272797 -26.15301895 52.38855743
v 77.66263580 -19.35053825 49.18015289
v 76.97219086 -20.26623535 49.81575012
v 76.30590820 -21.10424042 50.58086777
v 75.94242096 -21.53366661 51.09199905
v 75.60514832 -21.90641594 51.65373993
v 75.29956055 -22.21372795 52.26675415
v 75.03103638 -22.44699860 52.93156815
v 74.80491638 -22.59769821 53.64864731
v 74.62584686 -22.65881729 54.41709900
v 71.13613892 -21.85621452 56.68320847
v 72.34676361 -22.04891396 56.52996445
v 73.51612091 -22.21133995 56.33950424
v 74.61515045 -22.37390137 56.11119843
v 75.62102509 -22.56223297 55.84532928
v 76.53587341 -22.78285027 55.54574966
v 77.36928558 -23.03424263 55.22108459
v 78.13571930 -23.30191612 54.89545822
v 78.93663025 -23.60444450 54.55862427
v 79.69021606 -23.90399170 54.27054214
v 81.09107208 -24.48385239 53.84872055
v 82.36099243 -25.00222206 53.58213806
v 83.52095032 -25.42896080 53.45078659
v 84.56976318 -25.77732468 53.42088318
v 85.51693726 -26.05962563 53.45735168
v 86.38107300 -26.21499634 53.51187134
v 69.69692993 -21.55631256 56.81661987
v 69.89683533 -21.59937286 56.80118179
v 63.33211899 -22.51186180 57.50294876
v 63.66713333 -22.30725479 57.61693573
v 64.20516968 -22.36483574 57.38323212
v 64.63673401 -22.10420418 57.47164536
v 65.00377655 -22.16815758 57.24581146
v 65.62783813 -21.83947754 57.29792404
v 66.48662567 -21.77741051 56.99020767
v 66.75711060 -21.55942345 57.10318375
v 67.23928833 -21.63285637 56.88149643
v 67.79790497 -21.40920067 56.95797729
v 68.00766754 -21.55943108 56.80046463
v 68.60723877 -21.39975739 56.87929916
v 68.78321075 -21.57599831 56.75366211
v 69.34574890 -21.48387718 56.83409500
v 68.66931152 -21.57156754 56.65766907
v 68.03260040 -21.55434608 56.76215363
v 67.47528076 -21.50962067 56.31579971
v 66.45511627 -21.63693810 56.54214859
v 65.81263733 -21.78659248 56.68241501
v 65.16781616 -21.96435547 56.82413483
v 65.38797760 -21.73193359 56.30247498
v 64.77810669 -21.90856361 56.47061157
v 64.60595703 -21.61321259 55.50932693
v 64.05339050 -21.79160690 55.73180008
v 63.93221664 -21.76942062 55.59791946
v 62.84908295 -22.11785316 56.07731247
v 63.21956253 -21.62010956 54.76774597
v 62.22933578 -21.97175407 55.36625671
v 63.09217453 -21.58989334 54.61483383
v 62.11553574 -21.94240189 55.23237991
v 61.38103485 -22.13248634 55.74584198
v 61.02207947 -22.18128967 56.02009583
v 60.78041840 -22.22207069 56.43534851
v 61.11814117 -22.20872879 56.13076019
v 61.61883163 -22.34557915 56.69307709
v 61.48324585 -22.16090202 55.86436081
v 62.02493668 -22.30321312 56.47767258
v 63.87670135 -22.31817055 57.11965942
v 63.55767441 -22.26011848 56.81856918
v 62.95206451 -22.14001274 56.19078445
v 62.88494492 -22.50055504 57.36668777
v 62.79507446 -22.58357239 57.69802475
v 62.39229202 -22.53453255 57.49888992
v 62.63523865 -22.58777428 57.73158646
v 62.06757736 -22.55548668 57.80077362
v 62.26558685 -22.60011482 57.99389648
v 62.38238525 -22.62493706 58.09939957
v 62.36046219 -22.62038422 58.08030319
v 62.27267838 -22.60167503 58.00068283
v 62.33819580 -22.61575127 58.06097794
v 62.27954483 -22.60321617 58.00756836
v 62.31557846 -22.61103821 58.04141998
v 62.28619003 -22.60473824 58.01454926
v 62.29260635 -22.60624313 58.02162933
v 61.76994324 -22.48492432 57.50162506
v 62.15828705 -22.48050880 57.26500702
v 62.62206650 -22.44387054 57.10905075
v 62.11292267 -22.32500839 56.57419968
v 61.53606033 -22.42668724 57.26041412
v 61.69901657 -22.36649513 56.78059387
v 61.22063446 -22.34362030 56.91944885
v 63.58724976 -21.40318108 54.31673431
v 63.72081375 -21.43441963 54.47872162
v 64.47622681 -21.59017181 55.36562347
v 65.15748596 -21.45656013 55.28621674
v 65.99547577 -21.58241081 56.13457870
v 64.08466339 -21.22973061 54.02010345
v 64.88177490 -21.01759529 53.53770447
v 65.35132599 -20.95174789 53.24203110
v 66.38912964 -21.24314499 54.50913620
v 65.50338745 -20.99554825 53.43326187
v 65.02943420 -21.05619812 53.72163010
v 64.22398376 -21.26282120 54.19082642
v 66.54611969 -21.28176308 54.68766022
v 67.52143860 -21.46619034 55.68910599
v 68.07175446 -21.53002739 56.17814255
v 66.95906830 -21.45135498 55.85942459
v 66.03397369 -21.29701996 54.91776657
v 65.01958466 -21.43149567 55.13279724
v 65.88378143 -21.26514626 54.74870682
v 62.27918625 -22.63351440 58.34899139
v 61.41085815 -22.46369171 58.84237289
v 60.90180969 -22.34349251 58.31747437
v 60.39179611 -22.21168709 57.76583481
v 62.26967239 -22.64781189 58.61205673
v 61.92289352 -22.57312775 59.34505463
v 60.98197556 -22.29469681 59.29993820
v 61.48280334 -22.40143394 59.79277039
v 61.99748611 -22.49967575 60.27366638
v 62.22953796 -22.54017448 60.48212051
v 62.45198059 -22.65353394 60.08707428
v 62.47171783 -22.58006287 60.69443512
v 62.49900436 -22.56606102 60.82402420
v 60.48222733 -22.17749405 58.78371811
v 59.98161316 -22.04932594 58.24105835
v 62.49974823 -22.55733681 58.57550812
v 62.38604355 -22.58522987 58.44859314
v 62.48187256 -22.55291939 58.19383621
v 62.61132050 -22.47393227 58.24015045
v 62.52294159 -22.51995850 58.40609741
v 62.65772629 -22.43281937 61.25755310
v 62.61642838 -22.56813622 60.46940613
v 62.53864288 -22.62902832 59.63623428
v 62.71506500 -22.56100655 60.05173492
v 62.77675629 -22.47393990 60.79014587
v 58.69854736 -14.56304455 68.31940460
v 57.56201935 -13.51959801 68.28462219
v 56.57759857 -12.84895039 68.11940765
v 55.63173294 -12.23384857 67.80580139
v 54.69543076 -11.65519333 67.33189392
v 53.78822708 -11.12806034 66.70429993
v 52.94229889 -10.67599869 65.93493652
v 52.18072891 -10.31542397 65.05012512
v 51.51975632 -10.05541039 64.08820343
v 50.96329498 -9.90065670 63.06784821
v 49.12450409 -10.67239857 61.16257858
v 49.24364090 -11.05910873 62.01012039
v 50.85382080 -9.87828827 62.84114456
v 49.08703232 -10.21675587 60.34218216
v 49.80883789 -11.23468018 63.06415558
v 49.31668472 -11.20868778 62.17163849
v 46.50452805 -8.61409473 58.40766907
v 46.38168716 -8.84812737 58.40518570
v 46.63556671 -9.26002026 58.50585938
v 46.93729782 -9.66464138 58.69839096
v 46.83979797 -9.18436432 58.55216217
v 47.21222687 -9.67581177 58.83625031
v 47.33620453 -10.10784435 59.05414200
v 47.58857727 -10.08322048 59.23244476
v 47.77369308 -10.50549698 59.56782150
v 47.94959641 -10.40971088 59.70905685
v 48.23740387 -10.83590508 60.24167252
v 48.29306793 -10.66487408 60.24288559
v 48.62109375 -10.85438538 60.81323242
v 48.72524261 -11.07593346 61.06672287
v 45.82188034 -7.21716499 58.29715347
v 45.68741608 -7.43638277 58.28839493
v 46.06449509 -8.23790455 58.35720444
v 44.84662628 -3.89452887 57.87067795
v 44.47068787 -3.95633030 57.80154037
v 44.71212006 -4.27060080 57.88627625
v 44.83457184 -5.69424152 58.05076599
v 44.91075516 -5.20723724 58.02004242
v 45.19043732 -6.15786028 58.14634705
v 45.22193909 -5.58457947 58.10735321
v 40.70177460 -4.79907274 51.49698639
v 41.10723495 -4.83082390 52.11743927
v 41.92461777 -4.89663649 53.37056351
v 43.52129745 -4.98623466 55.93969345
v 44.21711731 -4.99308777 57.15044403
v 44.46528244 -3.91501212 57.79559326
v 44.46268463 -3.89433074 57.79270172
v 40.87647629 -5.91169405 51.37859726
v 41.09002686 -6.84619141 51.23933411
v 41.35889435 -7.76225090 51.06732941
v 42.04927826 -9.53832150 50.63302231
v 42.92081833 -11.23868847 50.09169769
v 43.94632339 -12.86262989 49.45972061
v 44.90832138 -14.16914368 48.86987305
v 45.94363403 -15.42062569 48.23732758
v 47.03585434 -16.61659813 47.57195663
v 48.16762924 -17.75626373 46.88415909
v 47.34458542 -16.61406708 48.05662918
v 48.46376038 -17.74836540 47.35157394
v 47.96803665 -16.61693192 49.03092194
v 49.06211472 -17.74132347 48.29036713
v 49.20880508 -16.63164139 51.00431824
v 50.25814438 -17.74395370 50.18708801
v 49.76612473 -16.63539124 51.92240906
v 50.79904556 -17.74691200 51.06714249
v 50.12590790 -16.63537407 52.52974319
v 51.14984512 -17.74827766 51.64852142
v 51.32297897 -17.74860382 51.93910217
v 52.45137787 -18.89476776 50.96248627
v 52.61916351 -18.89692116 51.23862839
v 49.41896820 -18.92796898 46.12515640
v 49.70110321 -18.91428566 46.57455826
v 50.27161407 -18.89661598 47.47623062
v 51.41827011 -18.88678551 49.29225922
v 51.94125366 -18.88944244 50.13207245
v 52.28237534 -18.89277077 50.68593216
v 51.66353989 -19.92148399 47.08873367
v 52.86553574 -19.92019463 48.96465683
v 49.13892746 -15.46647453 53.39287567
v 48.77023697 -15.46761703 52.75916672
v 48.19676590 -15.46282959 51.80236053
v 46.91238022 -15.43598652 49.75054932
v 46.26457596 -15.42336845 48.73976517
v 47.82905197 -14.24358559 53.56451416
v 46.95966721 -12.96310711 54.32569504
v 46.35435867 -12.95613861 53.29157257
v 46.04328537 -11.36728859 55.15538788
v 45.41896439 -11.35933781 54.07698822
v 44.63747406 -9.68225288 54.76304626
v 44.03797913 -7.92472267 55.32960892
v 43.81436920 -7.01664495 55.56250000
v 44.48847580 -7.02415037 56.73850250
v 44.32964325 -6.09693146 56.95171356
v 44.76253128 -6.08743095 57.74583054
v 44.65702057 -4.98262024 57.95692825
v 44.91526031 -7.01560736 57.52127457
v 45.12240982 -7.00687265 57.91428757
v 44.46795273 -3.93567967 57.79853821
v 45.24112701 -14.17697620 49.39030457
v 45.91262054 -14.19901276 50.43799973
v 47.23963547 -14.23767853 52.56882858
v 44.29071808 -12.87529182 49.99804306
v 44.98538589 -12.90626144 51.08243179
v 43.27874756 -11.25664043 50.65070343
v 44.00052643 -11.29737568 51.77749634
v 42.42064285 -9.56091976 51.21152878
v 43.16938400 -9.61017990 52.37833405
v 41.74372101 -7.78872395 51.66362381
v 42.51952362 -7.84501648 52.86697006
v 41.48152161 -6.87438297 51.84379959
v 42.27075195 -6.93377256 53.06395721
v 41.27452850 -5.94153452 51.99073410
v 42.07695770 -6.00389338 53.22670746
v 43.64540863 -6.08980417 55.75907516
v 47.59266281 8.96835995 53.40930176
v 49.15275574 8.94106674 56.05919647
v 48.42625427 9.89909840 52.92926788
v 49.98387909 9.87182522 55.58348846
v 48.78731155 10.26140308 52.72072220
v 50.34379196 10.23505497 55.37668991
v 49.71464157 11.09263611 52.18357849
v 51.26818085 11.07105637 54.84336853
v 50.68750763 11.82976246 51.61792374
v 52.23838425 11.81612015 54.28018188
v 51.10092545 12.10576630 51.37693405
v 52.65091705 12.09619999 54.03962326
v 52.04285431 12.65965748 50.82658386
v 53.59156036 12.66045094 53.48863602
v 53.01118851 13.13036919 50.25902557
v 54.55970764 13.14236546 52.91784286
v 53.63397217 13.38466644 49.89307404
v 54.81875610 13.29607296 52.49709702
v 55.19161224 13.48814392 51.93769455
v 49.93850708 8.93813801 57.38002014
v 50.77370071 9.88267994 56.90238190
v 51.13516235 10.25267220 56.69476700
v 52.06325531 11.10727310 56.15918350
v 53.03733826 11.87226200 55.59304810
v 53.45163345 12.16054535 55.35097885
v 53.84260559 12.35639095 55.36813736
v 53.71104431 12.03526211 56.36921692
v 52.86882782 11.17717171 57.46194077
v 51.93425369 10.29223347 58.00392151
v 51.57006836 9.91092968 58.21399689
v 50.72777557 8.94272995 58.69736862
v 51.91223526 8.95961761 60.66250992
v 53.09363174 8.97060204 62.63172531
v 53.68026352 8.96756649 63.62062454
v 54.26327896 8.95742607 64.61215973
v 54.97887802 9.72242451 64.43118286
v 55.41492844 9.59046173 65.39568329
v 54.84234619 8.94012165 65.60576630
v 55.41718292 8.91575718 66.60095978
v 56.10596085 8.87686253 67.80553436
v 56.88656235 8.95149994 68.95205688
v 56.45479584 9.52203178 67.21938324
v 57.02997589 9.16195774 68.80482483
v 57.09508133 9.34134007 68.58135223
v 57.06939316 9.46321583 68.31547546
v 56.95515060 9.50917530 68.04798889
v 55.92304230 9.53405857 66.33251953
v 54.60751343 9.91614628 63.44643021
v 53.96151352 10.03131294 62.12472153
v 54.29611969 10.16039753 62.44223022
v 53.85275269 10.74497032 60.41284561
v 53.13790131 10.38169670 59.94858170
v 53.65571976 11.38575363 58.39138794
v 54.08556366 12.70861053 54.27503204
v 54.51448441 13.09850788 53.08578873
v 54.44236755 13.66194248 49.41700363
v 55.63470840 13.66776752 51.42916107
v 55.25818634 13.88482857 48.93542099
v 56.14716721 13.82977867 50.98689651
v 56.72583389 13.97038746 50.62237549
v 57.35472107 14.08594513 50.34501648
v 56.33549881 14.07155132 48.60255814
v 55.73307800 13.98938179 48.65458679
v 55.37234497 14.13332844 46.83017731
v 54.44112778 14.24072742 45.04311371
v 52.76843262 9.97701740 60.16485596
v 67.98036957 6.92473984 35.40872574
v 68.23700714 6.90290833 35.87284851
v 68.76197815 6.85714579 36.80081558
v 67.03756714 8.12162209 36.62797928
v 67.59550476 8.07237053 37.59011078
v 65.88562012 9.21027470 37.35195541
v 66.47427368 9.15894413 38.34634018
v 64.69318390 10.24437714 38.10000610
v 65.31247711 10.19205475 39.12724686
v 63.46384430 11.20400620 38.86941147
v 64.11339569 11.15140724 39.92977905
v 62.20076752 12.07019997 39.65767288
v 62.87987900 12.01756096 40.75104141
v 60.65984344 12.95211315 40.61572266
v 61.37276840 12.89904594 41.74762726
v 59.08078766 13.64367771 41.59278870
v 59.82557297 13.58890724 42.76187897
v 57.46877289 14.11345673 42.58475876
v 58.24296188 14.05491352 43.78903961
v 56.65221405 14.25567150 43.08499527
v 57.44018936 14.19453430 44.30587769
v 55.82965088 14.33114624 43.58732986
v 56.63086700 14.26709461 44.82400131
v 54.86403275 14.32992935 44.17494965
v 55.68005371 14.26222229 45.42885971
v 66.76421356 8.14544296 36.14741898
v 65.59671021 9.23534393 36.85584259
v 64.38875580 10.27013206 37.58802795
v 63.14413071 11.23007202 38.34142303
v 61.86612320 12.09644222 39.11371994
v 60.30813599 12.97873211 40.05312347
v 58.71302032 13.67128563 41.01220322
v 57.08619690 14.14306450 41.98716736
v 56.26269913 14.28662395 42.47938538
v 55.43347549 14.36359882 42.97410965
v 54.46041489 14.36424923 43.55343246
v 57.28370285 14.18232727 47.99396515
v 57.37433243 14.08928585 50.33815765
v 57.39396667 14.09232521 50.33121490
v 57.41363144 14.09533310 50.32434845
v 57.43332672 14.09830856 50.31755447
v 57.98731232 14.18632793 49.20021820
v 58.43402481 14.20627594 50.00277328
v 59.34081650 14.21751213 49.32905197
v 59.14179993 14.23316288 49.79048538
v 60.88773727 14.13518429 49.33255768
v 60.32270050 14.16440964 49.13839340
v 60.60061646 14.11647415 48.86600876
v 60.11091232 14.14921665 48.74805832
v 60.30985641 14.10202503 48.38674927
v 60.01580048 14.09167385 47.89538574
v 59.67603302 14.12939548 47.96996307
v 59.71890259 14.08548546 47.39249802
v 58.99257278 14.12387180 46.79936218
v 59.77019501 13.98743343 46.24661255
v 60.96173096 13.82041454 46.67362213
v 61.29922867 13.52458477 45.14337540
v 62.23323441 13.39480209 45.94037247
v 62.78844452 12.83323765 44.04871368
v 63.41848755 12.83325577 45.12380981
v 63.48316193 12.83050060 45.21875381
v 64.15921021 12.46738911 44.82854462
v 65.54597473 11.60119629 44.02825928
v 64.84034729 11.94147778 44.00227737
v 65.99973297 11.06491280 43.07366562
v 66.98323059 10.54101086 43.19845200
v 67.12342834 10.09508896 42.16294861
v 67.48942566 10.09247589 42.79821014
v 68.56362915 9.04506874 41.88471985
v 68.40523529 9.34224319 42.37586975
v 69.17877960 8.63303852 41.92853928
v 70.41818237 7.42197561 41.21505737
v 69.76830292 7.94243622 41.28968430
v 69.59817505 7.94694138 40.99737549
v 68.20944214 9.05284786 41.27415466
v 66.55874634 10.11212349 41.20106506
v 65.41418457 11.07621002 42.07574844
v 72.28308868 5.44645739 40.14231110
v 71.00265503 6.70799112 40.62491608
v 70.83814240 6.71470165 40.34688187
v 71.16714478 5.57066965 38.39822006
v 70.03890991 5.67212296 36.47970581
v 69.84027863 6.77177477 38.65630722
v 70.34223938 6.73982716 39.50825882
v 70.67314148 6.72227526 40.06801605
v 69.25546265 7.95957518 40.41132355
v 58.20742798 14.19247818 47.35168839
v 58.90037537 14.19748878 48.53929520
v 64.23415375 11.94721222 42.96866989
v 67.66558838 9.07535267 40.34828949
v 68.73208618 7.98693943 39.52115250
v 70.95514679 3.81770635 35.58226776
v 70.39334106 4.78936911 35.55016327
v 71.26071930 4.71820068 37.08440781
v 70.08239746 5.26209450 35.71148682
v 70.95433807 5.19019604 37.25052261
v 71.79702759 5.10640478 38.63966370
v 72.91520691 4.56978464 39.76561737
v 72.09915161 4.63444281 38.46707535
v 73.34181976 3.56901884 39.49914551
v 72.33191681 3.69078112 37.93568802
v 71.57841492 3.76687932 36.68249512
v 71.15299225 -2.09483171 34.89147186
v 71.26184082 -1.60553420 35.43596649
v 71.87520599 -2.15515304 36.19017029
v 71.73139954 -1.64289069 36.25606918
v 72.26244354 -1.69531143 37.15438461
v 71.67148590 -1.11802733 36.33795166
v 72.21727753 -1.16902280 37.24774551
v 71.66661835 -0.23331092 36.42667770
v 72.23281860 -0.28426331 37.35869217
v 71.81256104 2.08985496 36.54742813
v 72.41053772 2.03249049 37.53665924
v 71.77464294 2.94241643 36.61450958
v 72.37722015 2.88288498 37.61740112
v 72.68036652 2.84925532 38.10348892
v 73.48595428 2.88289237 39.38116455
v 72.98442078 2.81331158 38.57923126
v 73.11342621 2.79743648 38.77761078
v 73.13882446 1.94919825 38.68067169
v 73.26624298 1.93326938 38.87430954
v 73.41853333 0.73403627 39.13438034
v 73.39363861 1.91696835 39.06604004
v 73.52659607 2.17774987 39.28766251
v 73.37171936 2.76460671 39.16873169
v 73.24253082 2.78119659 38.97411346
v 71.18915558 -1.08228636 35.50708008
v 71.16725159 -0.19799130 35.57481766
v 71.28907776 2.13077927 35.64149857
v 71.24835968 2.98548651 35.69590378
v 73.25236511 -0.82773870 38.94289780
v 73.16448975 -0.39060873 38.81891632
v 73.04321289 -0.37531888 38.63374710
v 72.92215729 -0.36046666 38.44748306
v 73.00056458 -1.25990641 38.49981689
v 72.88320160 -1.24506414 38.31605911
v 73.02614594 -1.78782964 38.39431763
v 72.91149139 -1.77275348 38.21191788
v 73.33139038 -2.33627701 38.62699890
v 72.59642792 -2.23589158 37.42619324
v 73.11830902 -1.27520037 38.68287277
v 73.24222565 -1.59236825 38.80673218
v 73.14127350 -1.80335939 38.57620621
v 72.52908325 -1.72543478 37.59408569
v 72.79727173 -1.75813282 38.02892685
v 72.49110413 -1.19854355 37.69243240
v 72.76618195 -1.23067737 38.13152695
v 72.51666260 -0.31385359 37.81294250
v 72.80129242 -0.34605935 38.26008606
v 72.71076202 1.99982214 38.01607132
v 73.01141357 1.96474099 38.48513794
v 68.62634277 -13.96638870 36.13752365
v 69.07061768 -13.28417683 35.88314819
v 69.50051880 -12.57168484 35.63776779
v 70.03147125 -12.42030048 36.98416138
v 70.44043732 -11.68856049 36.75420761
v 71.02388000 -11.59043407 38.08534622
v 71.40814972 -10.84243107 37.87380600
v 72.04289246 -10.79739952 39.18546295
v 72.39954376 -10.03483391 38.99484634
v 73.67863464 -10.08108711 41.31526566
v 73.00325775 -8.45833778 38.68544388
v 74.29969788 -8.52522469 41.00735092
v 73.42895508 -6.82797766 38.49150467
v 74.75803375 -6.91398859 40.81068802
v 74.91447449 -6.09583187 40.76146698
v 76.39450073 -6.32582235 42.98109818
v 76.51609802 -5.51498938 42.96739960
v 77.20979309 -5.65757704 43.90377808
v 77.28353882 -4.84736776 43.93000793
v 77.29635620 -4.04431438 43.99892044
v 77.24338531 -3.25588536 44.11323547
v 76.57458496 -2.93177152 43.31732559
v 76.52069855 -3.11180997 43.17483902
v 75.47884369 -2.70843792 41.83479691
v 75.03514099 -3.66048789 40.84494019
v 74.94521332 -2.86693096 40.95835114
v 73.60369110 -3.54271412 38.53664780
v 74.41233063 -2.51087308 40.29491043
v 73.48259735 -2.74038982 38.65243912
v 72.72944641 -2.72180247 37.35032654
v 72.01449585 -2.73940945 36.02725983
v 71.33904266 -2.79311538 34.68557739
v 69.90943909 -11.83174419 35.40526962
v 70.82353210 -10.93245316 36.54061508
v 71.76231384 -10.07242775 37.68176651
v 72.35415649 -8.48285961 37.37173080
v 72.75898743 -6.83969927 37.17974854
v 73.56400299 -5.99947071 38.44471359
v 75.01515198 -5.28211737 40.74908829
v 76.58093262 -4.70429134 42.99325562
v 70.29080200 -11.06718159 35.18952179
v 70.63793182 -10.28094959 34.99443054
v 71.20096588 -8.66172886 34.68287659
v 71.17451477 -10.15455723 36.34709930
v 71.75281525 -8.55073833 36.03638840
v 71.55748749 -6.98826265 34.49478531
v 72.13460541 -6.89319754 35.84643173
v 71.64810181 -6.13574982 34.45310974
v 72.24136353 -6.04962730 35.80306625
v 72.28547668 -5.21891117 35.79759979
v 72.94127655 -5.17930079 37.12710190
v 72.93922424 -4.35161686 37.15895081
v 73.65482330 -4.35754681 38.46500778
v 71.67420197 -5.29817629 34.44964218
v 72.26512146 -4.38439655 35.83161926
v 72.86991119 -3.53081775 37.23262405
v 71.63399506 -4.45573759 34.48577499
v 72.17603302 -3.55642033 35.90746689
v 71.52344513 -3.61939955 34.56374741
v 77.08010864 -6.46822834 43.91732025
v 76.22032928 -7.13677883 43.03140259
v 75.73570251 -8.73425007 43.22886276
v 75.10256958 -10.27362442 43.53431702
v 73.31919861 -10.83134651 41.50331497
v 71.65799713 -11.53765774 39.39503479
v 70.61531067 -12.31423092 38.31286621
v 69.60276794 -13.12531757 37.22681427
v 76.89923096 -7.27704382 43.96746445
v 76.40498352 -8.87024498 44.16429901
v 75.76818085 -10.40380573 44.46810913
v 75.40873718 -11.13932705 44.65215683
v 75.02832031 -11.85009098 44.85346603
v 74.63048553 -12.53591919 45.06954575
v 73.96008301 -12.41938019 44.14006805
v 73.54488373 -13.08575821 44.36997986
v 72.10870361 -12.93947983 42.16409302
v 71.67594910 -13.59220695 42.40689850
v 70.38710785 -13.60796070 40.10446548
v 74.21837616 -13.19749737 45.29808807
v 73.11840820 -13.72808743 44.60974503
v 73.79512787 -13.83551502 45.53678513
v 69.74794006 -13.68167591 38.80201340
v 69.16046143 -13.80125618 37.47849655
v 70.18810272 -13.01193905 38.55290604
v 70.82490540 -12.94434834 39.85777664
v 71.25026703 -12.25377750 39.62021637
v 72.52973938 -12.26139545 41.93065262
v 72.93469238 -11.55850124 41.70944214
v 74.36050415 -11.72864056 43.92247391
v 74.74262238 -11.01323032 43.71967316
v 72.88053894 -6.00413609 37.13463211
v 73.64004517 -5.17951488 38.43520737
v 75.05699158 -4.46762753 40.77601242
v 76.58403778 -3.90086746 43.06152344
v 74.10407257 1.80659246 40.09194183
v 73.84979248 -0.48048162 39.83757019
v 73.78906250 -1.37766290 39.69977951
v 74.09458160 2.66538167 40.20717239
v 73.95913696 3.49788570 40.37965393
v 75.21976471 2.54736280 41.68558121
v 74.53558350 3.44296026 41.14544678
v 75.69582367 3.34351850 42.56830597
v 76.35240173 2.42985272 43.05852509
v 76.30088043 3.29328251 43.25927353
v 76.98889923 2.36223364 43.78159332
v 76.97488403 3.23260546 43.99879837
v 77.31952667 2.32192922 44.14826965
v 77.65545654 3.15167999 44.73144150
v 77.64154816 2.27728391 44.50159073
v 77.94180298 2.22928190 44.82873917
v 77.84426117 1.33068740 44.70727158
v 78.12474823 1.29621863 45.01679611
v 77.84827423 -0.52273476 44.96881866
v 78.22747803 3.05935788 45.34637451
v 78.21572876 2.18840075 45.12755966
v 77.70057678 -1.86441815 44.93787003
v 77.47951508 -1.06203353 44.62295532
v 77.54672241 1.38116658 44.37570190
v 77.39823151 -2.00838280 44.57255936
v 77.68543243 -2.52751374 44.88079453
v 77.10673523 -1.94766092 44.21413040
v 76.81523895 -1.88979340 43.84997559
v 76.52569580 -1.83487606 43.48255920
v 76.59444427 -0.89899236 43.54537201
v 76.02099609 -0.80470049 42.81688309
v 76.30627441 1.54551578 42.94265366
v 75.20850372 1.67849422 41.56851578
v 75.96070099 -1.73171222 42.74770355
v 74.87530518 -1.54418826 41.26852417
v 74.93951416 -0.63402188 41.37341309
v 76.91613007 1.47090614 43.65973663
v 76.89015961 -0.95005041 43.91130066
v 77.23384094 1.42807794 44.02305222
v 77.18654633 -1.00443041 44.27203369
v 80.62841034 0.50979751 47.90127182
v 80.36794281 0.65117860 47.59843826
v 80.45615387 1.33884835 47.61638260
v 80.22451782 1.65035820 47.35568237
v 80.37709045 1.90502524 47.54704285
v 80.10842896 2.14087296 47.27047348
v 80.33032990 2.05831933 47.51532364
v 80.10644531 2.56942320 47.38602829
v 80.28957367 2.50406933 47.58774185
v 80.72320557 -0.27380729 48.17019653
v 80.46482086 -0.65836579 47.99240494
v 80.08822632 0.76398075 47.27465057
v 80.14103699 -0.51075023 47.60081863
v 79.52897644 0.94865596 46.62009811
v 79.49897003 -0.27868408 46.81428909
v 79.43003082 0.97643638 46.50429916
v 79.38571930 -0.24545452 46.67583084
v 78.81378174 1.12741172 45.79122162
v 78.68858337 -0.07453769 45.83670425
v 78.69731140 1.15303671 45.65888977
v 78.55937195 -0.04685836 45.68484116
v 78.48789978 -0.64924699 45.71384048
v 78.42913818 -1.25044858 45.73831940
v 78.57171631 -1.27900124 45.90715790
v 78.54367065 -2.23327971 45.91917801
v 79.41614532 -2.41698766 46.93579483
v 79.50949097 -2.96883941 46.93409348
v 79.66639709 -3.00756598 47.11266327
v 80.55601501 -3.31136107 48.16358948
v 80.99692535 -3.52757692 48.71579361
v 81.43388367 -3.79280639 49.28804016
v 81.51582336 -3.84174943 49.40248489
v 81.20841217 -3.20280075 49.15509415
v 81.21655273 -3.16181755 49.17430878
v 80.79609680 -2.95611000 48.62502289
v 81.00872803 -2.45448542 48.93170547
v 80.58745575 -1.95311415 48.38283539
v 80.87731934 -1.73375273 48.68173981
v 80.51438141 -1.30969882 48.19436264
v 78.57469177 -2.78955197 45.88653564
v 78.38850403 -2.20514560 45.73959351
v 78.41081238 -2.76222348 45.70213318
v 78.75449371 2.06562662 45.71527100
v 78.75314331 2.51490355 45.78306198
v 78.84033203 2.93214869 46.00845337
v 79.28578186 2.81789804 46.48952866
v 79.36249542 2.36816025 46.44877243
v 78.85289764 2.49260974 45.89159393
v 78.86024475 2.04214358 45.83174896
v 79.44235992 2.34679842 46.53647232
v 79.59945679 2.73238754 46.83150864
v 79.88892365 2.21509004 47.02822113
v 79.82508850 2.66265535 47.07748413
v 80.29605103 2.50165915 47.59488297
v 80.37421417 2.46954036 47.68006134
v 80.39334869 2.46111059 47.70076752
v 80.35478973 2.47813678 47.65909195
v 80.30246735 2.49948359 47.60203171
v 80.33508301 2.48690295 47.63785553
v 80.30880737 2.49754286 47.60918808
v 80.31508636 2.49583697 47.61634827
v 80.38471222 -2.75183487 48.10812378
v 79.56133270 -2.45583487 47.10774231
v 80.21848297 -1.77231371 47.92292023
v 79.48613739 -1.49932098 47.01356888
v 79.35704041 -1.46198666 46.85506439
v 80.16864014 -1.14510942 47.76885223
v 79.48361206 -0.89129865 46.91970444
v 79.36284637 -0.85577399 46.77082825
v 78.62358093 -0.67753536 45.87460327
v 79.98313141 1.73698378 47.08563614
v 79.49524689 1.88545811 46.53851318
v 79.40842438 1.90886819 46.44131470
v 81.68462372 -4.29803848 49.71024323
v 81.34170532 -3.66292500 49.52705002
v 81.06267548 -2.93375587 49.29956055
v 80.83687592 -1.94882739 48.97422791
v 80.70462799 -0.84021068 48.59333420
v 80.60566711 0.13766056 48.25197601
v 80.45255280 1.07183421 47.92586899
v 81.98567200 -4.76178932 49.82168579
v 81.87670898 -4.59206247 49.78462219
v 91.16557312 -19.55105209 50.74954224
v 90.67797089 -18.87123299 50.47763062
v 90.05641937 -18.13539886 50.25316238
v 89.36251831 -17.29269981 50.07815170
v 88.59447479 -16.32009697 49.98323441
v 87.75337982 -15.20444584 50.00223541
v 86.86379242 -13.91249180 50.12887955
v 86.41735077 -13.18513966 50.23962784
v 85.96717072 -12.39410877 50.37397003
v 85.55610657 -11.63147259 50.49442291
v 85.13250732 -10.80928802 50.58248520
v 84.69456482 -9.92441845 50.60671997
v 84.23680115 -8.97266388 50.55613708
v 83.75148010 -7.95531559 50.43011475
v 83.22557068 -6.89668369 50.24908447
v 82.64471436 -5.82683611 50.03873062
v 90.80924988 -23.58880043 52.87759018
v 90.77644348 -24.00423050 52.89536667
v 91.04206848 -23.56762695 52.69466019
v 91.08183289 -23.03051186 52.59336472
v 91.27835846 -23.03702354 52.41878128
v 91.30319214 -22.41972923 52.25782013
v 91.60715485 -21.92554855 51.79096985
v 91.47001648 -21.77845001 51.89239883
v 91.70139313 -21.35856438 51.47274780
v 91.57232666 -21.19434929 51.57051086
v 91.72451019 -20.87705612 51.20888138
v 91.59027100 -20.72871590 51.32519913
v 91.67816162 -20.52934074 51.03512955
v 91.51529694 -20.31440353 51.11313629
v 90.43740845 -24.40981483 53.04376602
v 90.42938995 -24.11787605 53.09690094
v 89.40798950 -25.05940437 53.35201645
v 89.96004486 -24.59296799 53.24103165
v 88.79823303 -25.49976730 53.43495560
v 88.22739410 -25.85323906 53.50170898
v 87.75157166 -26.07533646 53.54147339
v 87.29500580 -26.19250679 53.54971695
v 87.51376343 -26.32960510 53.43944550
v 87.88899994 -26.21923447 53.42331696
v 88.38286591 -25.98068237 53.38870239
v 88.94097900 -25.63905334 53.33028412
v 89.98044586 -24.84478760 53.16813278
v 89.63275146 -24.26996803 51.17309189
v 90.00226593 -24.09820175 51.32777786
v 89.78121948 -24.33146095 51.38073730
v 89.91952515 -24.37977409 51.60049820
v 89.67601013 -24.62595367 51.67155457
v 89.77828217 -24.68132019 51.90131760
v 89.19607544 -25.17094994 52.02331161
v 89.87050629 -24.72206306 52.14196777
v 89.23602295 -25.24777031 52.25616837
v 89.25469208 -25.28171921 52.38347244
v 88.33528137 -25.86544991 52.51536560
v 88.27670288 -26.00703049 52.96975327
v 87.79886627 -26.20994568 53.00305557
v 87.77686310 -26.23403549 53.10865784
v 90.04671478 -24.41434479 51.83132553
v 90.42104340 -24.12856483 51.97983551
v 90.16180420 -24.43458748 52.07212830
v 90.21715546 -24.43928909 52.20240021
v 89.91468811 -24.73726463 52.27264404
v 90.04667664 -24.75332642 52.75954437
v 89.30786133 -25.35998917 52.86298370
v 89.31697845 -25.36704445 52.97710800
v 88.26496124 -26.02782059 53.07897949
v 90.38411713 -24.42123222 52.68517685
v 90.41513062 -24.40919113 52.79845047
v 90.07082367 -24.74795914 52.87430191
v 87.91152954 -26.05544472 52.56492996
v 87.94685364 -26.00017738 52.45002747
v 88.01744843 -25.88347244 52.24120331
v 88.35314941 -25.81347466 52.39591599
v 88.38813782 -25.70278931 52.17859650
v 88.09175873 -25.75370789 52.04431152
v 88.42407227 -25.57872963 51.97344208
v 88.46051788 -25.44379044 51.77948761
v 89.10026550 -24.97587585 51.59347916
v 89.04535675 -24.86111450 51.39625168
v 89.44495392 -24.47546577 51.24751663
v 88.16889191 -25.61339569 51.85834885
v 88.24811554 -25.46464157 51.68244553
v 88.49713135 -25.30004311 51.59593582
v 89.56460571 -24.55701447 51.45338821
v 89.15066528 -25.07968903 51.80247116
v 90.90455627 -23.69634628 52.38469696
v 90.94633484 -23.66931915 52.49176025
v 91.12745667 -23.27625465 52.26425171
v 91.39733887 -22.46946907 51.77600861
v 91.58638763 -21.40166664 51.16135025
v 91.58248138 -20.93348503 50.91147995
v 91.53329468 -21.00856590 50.84698486
v 91.29107666 -21.34833908 50.61374664
v 91.53472900 -21.46917725 51.08872986
v 91.27673340 -21.76852989 50.81711578
v 91.34753418 -22.51909065 51.68537903
v 91.09108734 -22.72395134 51.32323074
v 91.08215332 -23.31109238 52.16170883
v 90.84537506 -23.44098091 51.73530960
v 90.68466949 -23.78812027 51.93247986
v 90.61318207 -23.80589676 51.81152344
v 90.46623993 -23.83002281 51.58911133
v 90.61371613 -23.51770782 51.41897583
v 90.44576263 -23.55382538 51.22713852
v 90.67372894 -22.95833015 50.92312622
v 90.49205017 -23.03736496 50.78993225
v 90.70701599 -22.31481361 50.48246765
v 90.53417969 -22.46280289 50.41984558
v 90.60791016 -22.17787170 50.32001877
v 90.30591583 -23.84159851 51.37741470
v 90.26679993 -23.57898903 51.04797745
v 90.30345154 -23.10881424 50.66989136
v 89.95014191 -23.82789993 50.98984528
v 90.13347626 -23.84082603 51.17735672
v 90.07823181 -23.59342957 50.88189316
v 90.92074585 -21.81344032 50.41099930
v 90.76573944 -21.99645996 50.35905838
v 91.21724701 -21.44510460 50.56186295
v 91.07172394 -21.62941360 50.47781754
v 91.19731903 -21.85205460 50.75382996
v 91.04006958 -22.00912094 50.64750290
v 91.01002502 -22.77690506 51.23194885
v 90.84696198 -22.87155533 51.07016754
v 90.76915741 -23.47040558 51.62313080
v 90.87609863 -22.16349411 50.55776215
v 80.36396790 1.43094182 47.80233765
v 80.34715271 1.88475907 47.73559952
v 80.39013672 2.34117055 47.81506348
v 80.40354919 2.30745482 47.96780396
v 80.31610870 1.87005746 47.92535782
v 80.07291412 1.46606493 48.06777573
v 79.96678925 1.59565878 48.16177750
v 79.93031311 1.70815265 48.31351089
v 80.46688080 2.47273183 48.04616165
v 79.97168732 1.77794325 48.48807907
v 80.54943085 2.58263469 48.15451813
v 80.27896881 1.98336589 49.23263168
v 79.79280853 2.51435804 49.57462311
v 78.77539825 2.73639274 48.67346954
v 80.32727814 2.39363909 50.02291489
v 80.52580261 2.23605728 49.98499680
v 80.70898438 2.53237152 50.73970795
v 80.82561493 2.86800241 51.49070740
v 80.26596069 3.40273428 51.79374313
v 79.68951416 3.55862379 51.36386108
v 80.87342072 3.23872447 52.23300171
v 80.85064697 3.63873839 52.95896912
v 79.72135925 4.35616302 52.93631363
v 80.75669861 4.06412840 53.66402054
v 80.59102631 4.51123953 54.34398651
v 79.15047455 5.30010557 54.10118103
v 80.35454559 4.97459030 54.99157715
v 80.04983521 5.44875383 55.59962845
v 78.55181885 6.22955561 55.28848267
v 79.67878723 5.93026352 56.16431427
v 79.24353790 6.41544342 56.68157196
v 77.92411041 7.12788725 56.49044418
v 78.74964905 6.89872265 57.14476776
v 78.20207214 7.37718534 57.54981995
v 77.26448822 7.97813416 57.70054626
v 77.60714722 7.84744644 57.89250565
v 76.97101593 8.30714512 58.16962051
v 76.58876801 8.23734951 57.31909180
v 76.05605316 8.29391956 56.60228348
v 77.26641083 7.36960840 56.10155106
v 76.61875153 7.59978390 55.68780899
v 77.28584290 6.66450548 54.47317886
v 76.06878662 7.05141640 53.57293701
v 76.75428009 6.04654551 52.37310028
v 75.63612366 6.34720469 51.40260696
v 76.34561920 5.29023552 50.23845673
v 75.09075165 6.29031754 50.48680115
v 75.02825928 6.15142918 50.10419464
v 75.35844421 8.01873112 54.78428268
v 74.45748901 8.59730053 54.83246994
v 74.14875793 8.37316990 53.77716446
v 72.67350769 8.92781353 52.84735489
v 74.05677032 8.39776897 53.69429016
v 72.99541473 8.65196037 52.66338348
v 73.43049622 8.14350224 52.11040115
v 73.07794952 8.33109570 52.01257324
v 72.73393250 8.48245049 51.84333038
v 72.44465637 8.75861549 52.06652832
v 72.41348267 8.59148121 51.60972977
v 72.12767792 8.65475273 51.31951523
v 71.91406250 8.84181499 51.44458008
v 71.88879395 8.66961384 50.98498535
v 71.70500946 8.63543320 50.61766434
v 70.92638397 8.93412781 50.13800812
v 71.58396912 8.55337906 50.23341751
v 71.52942657 8.42567825 49.84528732
v 71.54339600 8.25702572 49.46996307
v 71.62491608 8.05281258 49.12123871
v 71.77046204 7.82048464 48.81328583
v 71.97386169 7.56885767 48.55843353
v 72.22756195 7.30697966 48.36605453
v 72.52124786 7.04575300 48.24388504
v 72.62171936 6.86668110 48.00890732
v 72.84462738 6.79503489 48.19607162
v 73.18495178 6.56573486 48.22420883
v 73.44296265 5.78244591 46.97504425
v 73.53070831 6.36671495 48.32698059
v 74.35365295 5.67697239 48.13067245
v 73.86798859 6.20694542 48.49977875
v 74.18540955 6.09258652 48.73630524
v 74.83203125 5.60143137 48.68414307
v 74.46990204 6.02866936 49.02655411
v 74.71145630 6.01744747 49.36020279
v 75.32401276 5.51135826 49.22000122
v 74.89997101 6.05905247 49.72375870
v 71.88404846 9.07978344 51.99012756
v 71.17792511 9.22304058 51.24814606
v 70.54492188 9.36160278 50.61607742
v 69.97482300 9.49948502 50.08858871
v 69.39218140 9.66021442 49.61209106
v 68.74190521 9.87638760 49.19694519
v 68.56720734 9.78600979 48.69226456
v 68.41448975 10.00668240 49.05601501
v 68.08081818 10.16155434 48.98263168
v 67.76185608 10.34183598 49.01515198
v 67.10543823 10.51525688 48.55083847
v 67.49464417 10.53502655 49.17692947
v 67.30179596 10.71967793 49.43830872
v 67.17176056 10.88631630 49.74975967
v 66.64629364 10.89474297 49.03079605
v 66.18447113 11.25013351 49.51140213
v 65.72034454 11.57970142 49.99193954
v 65.25434113 11.88174534 50.47166824
v 64.10019684 12.05829525 49.75833130
v 63.70276260 12.09683514 49.44175339
v 67.02323914 11.18662262 50.46046066
v 66.74375916 11.38064194 50.69059753
v 66.97289276 11.43758392 51.18539047
v 66.28158569 11.71799183 51.19078445
v 66.98626709 11.65208530 51.90809250
v 66.87306213 11.83294582 52.37091446
v 66.99246216 11.74620247 52.23469543
v 66.96102142 11.88765717 52.68487167
v 66.41359711 12.14856434 52.89265060
v 66.86779785 12.06934834 53.21708298
v 66.71609497 12.23691177 53.64675522
v 66.72354126 12.23543549 53.65144730
v 66.74594116 12.23097038 53.66551971
v 66.73846436 12.23246479 53.66083145
v 66.73100281 12.23395348 53.65614319
v 65.78092194 12.16386127 52.14811707
v 65.81762695 12.02722645 51.68968582
v 64.75354004 12.05991364 50.54098129
v 64.45220184 12.04575443 50.12853241
v 63.26502991 12.15861130 49.18945694
v 62.79571915 12.23930645 49.01266098
v 62.30597687 12.33242512 48.92112732
v 61.80841446 12.43047810 48.92216492
v 61.32107544 12.52512169 49.02028275
v 74.24378967 4.67884111 45.96192169
v 75.16288757 3.35994577 44.79054260
v 75.12662506 4.56971264 47.06204605
v 76.01314545 3.24540019 45.82242203
v 75.58657837 4.49768639 47.59130478
v 76.45118713 3.17736983 46.32202911
v 76.05770111 4.41449118 48.10580826
v 76.89737701 3.10238957 46.81048965
v 77.03244781 4.21633387 49.09174728
v 77.81584167 2.93221426 47.75719833
v 78.05207825 3.97980309 50.02769852
v 79.12792969 3.70730710 50.92607880
v 73.87797546 4.17392397 44.40422440
v 74.35470581 3.44530797 43.72465897
v 73.65080261 4.11046839 43.92280197
v 73.77894592 3.49320102 42.91211700
v 73.02972412 4.04299927 42.79165268
v 72.67922211 4.04757833 42.22224045
v 72.34480286 4.07709980 41.72085190
v 72.04541779 4.12801600 41.31595230
v 73.77944183 7.92538643 52.13376236
v 74.10935211 7.68556309 52.08182144
v 74.57868195 7.46286583 52.28308105
v 74.40877533 7.43151999 51.95646667
v 74.66463470 7.17357445 51.76299286
v 74.90374756 7.38030958 52.58420944
v 74.86759186 6.92067528 51.50836182
v 75.00930786 6.68307781 51.20277405
v 75.08451843 6.47023678 50.85815811
v 77.41516113 5.02058029 51.19137955
v 77.92584991 5.69478893 53.27111816
v 78.53952789 4.70717669 52.08879089
v 78.53204346 5.50215387 53.69460678
v 79.12368774 4.53583050 52.51882172
v 77.91328430 6.45227432 54.89133453
v 76.33188629 7.96739149 49.34561157
v 76.39785767 8.11081219 49.73189926
v 76.19699860 7.86957693 48.96299744
v 75.81324005 7.80964088 48.35824966
v 75.27753448 7.88825846 47.88511276
v 74.65684509 8.10504532 47.59292603
v 74.02748108 8.44016838 47.51376724
v 73.45971680 8.85794449 47.65786362
v 73.01988220 9.30421352 48.01194382
v 72.75515747 9.71789455 48.53712463
v 72.69092560 10.04343796 49.17469406
v 72.74688721 10.17332172 49.55623627
v 72.86885071 10.26000118 49.93494415
v 73.05375671 10.30215549 50.29573441
v 73.29589081 10.30070782 50.62327194
v 73.58723450 10.25745773 50.90507889
v 73.91675568 10.17456150 51.13052368
v 74.27029419 10.05221939 51.29291916
v 74.63237000 9.89100838 51.38803101
v 74.99853516 9.69191933 51.41178131
v 75.34848785 9.46967125 51.35818863
v 75.66672516 9.23100376 51.22987366
v 75.94073486 8.98465729 51.03142548
v 76.15842438 8.73978233 50.77088165
v 76.31048584 8.50595379 50.45886230
v 76.39108276 8.29325104 50.10803604
v 74.78356171 10.25408173 51.59076691
v 74.83065796 10.00789642 51.50720596
v 75.20661163 10.01653862 51.61922073
v 75.19802094 9.79622746 51.50870514
v 75.61051941 9.75244999 51.55630112
v 75.54824829 9.56225681 51.43678284
v 75.97810364 9.47019768 51.40589905
v 76.07784271 9.12147045 51.13807297
v 76.29323578 9.18049145 51.17367935
v 76.29235077 8.89011192 50.90495682
v 76.54322052 8.89418697 50.86946106
v 76.45896912 8.66124249 50.62081528
v 76.71663666 8.62513638 50.50988770
v 76.57738495 8.41821671 50.25026321
v 76.80964661 8.38165474 50.10687637
v 76.61498260 8.20549679 49.84563446
v 76.81987762 8.17304516 49.67417145
v 71.02995300 12.83037949 56.57550430
v 71.85136414 12.54991531 57.04245377
v 71.23168945 12.73061752 56.32138062
v 72.02954865 12.38897038 56.01975632
v 71.42733002 12.63172340 56.07435226
v 71.61669922 12.53320122 55.83439255
v 71.80002594 12.43569660 55.60137939
v 72.94860840 11.96570396 55.63545990
v 72.65530396 12.02217102 55.07934952
v 73.83438873 11.54554081 55.45538330
v 73.71296692 11.52689171 54.89503098
v 74.68689728 11.12848377 55.47951889
v 74.73128510 11.02969646 54.93401718
v 75.46805573 10.73407745 55.69244003
v 75.66475677 10.55428028 55.17882919
v 76.21901703 10.34248829 56.09068298
v 76.56252289 10.07712650 55.62628174
v 77.00328064 9.91880798 56.73595428
v 77.50054932 9.55497646 56.34493637
v 77.88874054 9.39490128 57.44792938
v 78.64550018 8.82974339 57.08055496
v 72.70389557 12.21996021 57.41487503
v 72.93849182 12.08641624 56.90841293
v 72.51979828 12.23467636 56.51967621
v 73.25214386 11.88955307 56.17834091
v 73.95758820 11.55056953 56.01382065
v 74.63614655 11.21772575 56.02611542
v 75.25754547 10.90636635 56.20227432
v 75.85453033 10.60057926 56.53888702
v 76.47753143 10.27357388 57.08864594
v 77.07984161 9.94133472 57.71224976
v 73.36422729 11.92106628 57.27111435
v 73.57600403 11.84460354 57.68784332
v 73.77081299 11.72229290 57.04808044
v 74.45396423 11.42960358 57.85699844
v 74.16198730 11.53023338 56.93669891
v 74.53775787 11.34488678 56.93696594
v 74.06021881 11.54476452 56.47629929
v 74.58913422 11.28463554 56.48131180
v 74.88138580 11.17456627 57.04105759
v 75.34826660 10.96458626 57.91906357
v 75.21104431 11.01033688 57.24647141
v 75.55448151 10.83824348 57.58583450
v 75.53789520 10.80876541 56.89872742
v 76.02248383 10.56028080 57.35152054
v 76.22949982 10.46573639 57.87026596
v 77.96400452 9.18402481 55.91730118
v 79.33865356 8.24889946 56.61437607
v 78.38832855 8.80789948 55.45476532
v 79.95623779 7.65544701 56.05472565
v 78.75297546 8.44483185 54.98093033
v 79.07345581 8.08101082 54.47893524
v 77.64174652 8.99223900 53.66723251
v 77.82833099 8.72199917 53.15851593
v 76.37210083 9.59178257 52.63264847
v 76.45377350 9.38989353 52.12631989
v 74.86218262 10.26644897 51.78812790
v 80.48509216 7.05739498 55.41073608
v 79.34735870 7.71903563 53.95162201
v 77.98091888 8.45257187 52.64060211
v 76.53402710 9.09680367 51.40167236
v 78.13680267 8.07194805 51.88753891
v 78.21720123 7.69961834 51.12228775
v 79.80409241 6.86384344 52.58348465
v 79.92739105 6.38825798 51.73389053
v 81.48946381 5.21653700 52.89154434
v 81.56553650 4.77883053 52.14763260
v 80.92522430 6.45032978 54.67385101
v 79.57230377 7.36152220 53.40186310
v 81.14162445 6.08394146 54.18723297
v 81.33892822 5.66763067 53.59212875
v 79.94165039 5.94259548 50.86199570
v 81.56311798 4.37095737 51.38284302
v 81.48216248 3.99948716 50.60332489
v 79.84851074 5.53517580 49.97635651
v 80.68060303 4.37820435 49.67050934
v 79.65225983 5.17378139 49.08524323
v 79.79330444 4.71489620 48.66391754
v 79.35919189 4.86560011 48.19673538
v 78.84555054 4.99344969 47.60939026
v 77.79369354 6.37641764 48.01360703
v 77.51735687 6.10916519 47.24140930
v 77.28721619 6.54757929 47.54904556
v 77.57118988 5.87927914 47.00085068
v 77.82481384 5.21425772 46.48611832
v 76.96469879 7.22040129 48.14009476
v 78.00596619 6.67333889 48.79113007
v 76.59518433 7.89757252 48.78364944
v 78.14987946 6.99574280 49.57064056
v 76.74837494 8.01006889 49.23133850
v 78.22123718 7.33934736 50.34881592
v 73.95114899 11.00691032 52.76244736
v 74.85575104 10.41349030 52.29972839
v 76.27035522 9.79026794 53.13757706
v 77.42276001 9.26189423 54.16545486
v 73.20407867 11.57313061 53.77387619
v 73.48203278 11.44657421 53.77102661
v 74.82508850 10.68216133 53.32947540
v 74.84338379 10.55208111 52.81357956
v 76.14936829 9.98476601 53.64065552
v 73.59496307 11.49408245 54.33337784
v 72.50199127 12.03239822 54.69758606
v 76.88164520 9.80573845 55.14643860
v 77.17299652 9.52957153 54.65190125
v 75.84596252 10.36760902 54.66173172
v 76.00998688 10.17469406 54.14143372
v 74.76928711 10.92141056 54.38983536
v 74.80088043 10.80367374 53.84721756
v 75.07317352 11.04346466 56.62314987
v 73.51000214 11.81202507 56.61866760
v 81.50641632 3.71989870 50.72534561
v 81.57221222 4.20501423 51.39372635
v 81.58338928 4.56166172 52.07492065
v 81.53775787 4.92133760 52.70454788
v 81.44526672 5.27577639 53.27932358
v 81.15528870 5.94799566 54.26649475
v 80.77193451 6.56458378 55.07067490
v 80.33768463 7.12149382 55.72012329
v 79.88084412 7.62000132 56.24214935
v 79.42021942 8.06354618 56.65986252
v 79.36562347 8.00140190 56.81424332
v 78.96848297 8.45765018 56.99238205
v 78.58847809 8.65631580 57.33722687
v 78.53378296 8.80824184 57.25545883
v 78.12078094 9.12053490 57.46214294
v 77.36796570 9.64804459 57.74720764
v 76.71419525 10.07050228 57.91174698
v 76.15312958 10.41095066 57.99828720
v 75.67466736 10.68693256 58.03502274
v 75.83580780 10.49675083 58.14671326
v 75.27048492 10.91051292 58.04065323
v 74.83500671 11.04748631 58.14569092
v 74.93491364 11.08979321 58.02812576
v 74.66291046 11.23100853 58.00667572
v 74.26951599 11.42835426 57.95779800
v 74.04694366 11.53603268 57.92091370
v 73.82020569 11.55324078 58.00690460
v 73.76221466 11.67030239 57.86394882
v 73.27878571 11.88949871 57.74215317
v 71.89580536 12.45361519 57.21371460
v 72.66368103 12.15221024 57.54083633
v 72.80876160 12.00658989 57.73218918
v 71.44544983 12.61586952 56.98032379
v 70.86537933 12.73360348 56.79170609
v 71.81834412 12.40215683 57.32501221
v 76.80635071 9.91027546 58.00991058
v 77.72978210 9.29459858 57.73827362
v 80.04427338 7.33624029 56.17956161
v 80.61174774 6.66894388 55.44328308
v 81.05726624 6.01163197 54.61802673
v 81.37310028 5.37491751 53.71653366
v 81.55261993 4.77140427 52.75681686
v 81.59671021 4.21646070 51.75455475
v 80.54981995 2.81316042 48.05801010
v 80.99975586 3.08399463 48.97770691
v 81.14594269 3.38380361 49.29411316
v 81.27210999 3.41588402 49.69854355
v 81.34976196 3.68966889 49.94053650
v 81.45104218 3.74290729 50.40722275
v 81.36745453 3.41957474 50.05680084
v 81.15706635 3.12540126 49.40423965
v 80.44855499 2.67315984 47.85890198
v 80.14030457 3.62307215 48.02891922
v 80.60993958 3.45458746 48.55607986
v 80.90402985 3.83375525 49.35796738
v 81.10230255 3.74620247 49.58592606
v 79.65483093 3.77610445 47.49041367
v 79.14967346 3.91467094 46.93597412
v 78.09952545 4.18572664 45.82675934
v 79.01958466 4.46715307 47.24948120
v 79.51482391 4.33150053 47.79524612
v 79.99106598 4.18156052 48.32503510
v 80.45057678 4.01727533 48.84172058
v 81.30535126 3.65181184 49.82083130
v 80.40407562 2.40949893 47.84644699
v 80.48416901 2.62221050 47.99963760
v 77.83550262 4.18453598 45.50926590
v 77.55060577 4.22317982 45.20593262
v 76.94663239 4.28214502 44.56787491
v 76.80062103 4.82496500 44.86444092
v 75.68426514 4.85744047 43.69622803
v 76.31288910 5.35146952 44.89748383
v 74.59320068 5.33922243 43.09522629
v 74.64574432 4.87008858 42.55310059
v 73.89939117 5.33916569 42.30123138
v 73.83380127 4.90221453 41.57809067
v 73.32349396 5.35738420 41.58829117
v 73.12878418 4.95597744 40.64627838
v 73.42261505 4.48469114 40.46162796
v 74.11639404 4.42231750 41.37938690
v 74.89907837 4.37229061 42.32913589
v 75.88205719 4.33406258 43.43405914
v 77.11995697 5.30726910 45.73254776
v 77.42217255 4.77187443 45.51588821
v 77.71173859 4.73466206 45.82366180
v 68.77879333 13.45397091 54.44432449
v 68.22267914 13.47792244 53.40790939
v 67.97497559 13.53029919 53.24665451
v 69.62324524 12.78851509 52.46649933
v 68.72688293 12.83681297 51.19325256
v 70.16088867 12.02648640 50.28498077
v 68.28978729 12.82955456 50.57383728
v 69.73292542 12.00957394 49.67608643
v 69.31377411 11.96831322 49.08153534
v 69.97119904 11.53516293 48.67740631
v 69.01168060 11.92306709 48.65467834
v 69.66481781 11.48597336 48.25479889
v 68.71411896 11.86791039 48.23730087
v 69.36060333 11.42791080 47.84171677
v 68.12482452 11.74432182 47.42906570
v 68.75232697 11.30175018 47.04101944
v 67.70288849 11.66364956 46.87345886
v 68.31447601 11.22196102 46.48902512
v 67.38848114 11.61784267 46.47443390
v 67.98860168 11.17819595 46.09145737
v 67.06634521 11.58820629 46.07835007
v 67.65609741 11.15168095 45.69583511
v 66.39529419 11.58725166 45.28312302
v 66.97087860 11.15941620 44.89957809
v 65.76905823 11.64683723 44.54680252
v 66.34244537 11.22760105 44.16324615
v 67.47338104 10.32357788 43.41377258
v 68.58364868 9.34408665 42.68766403
v 69.30870056 8.65937996 42.21833420
v 69.91687012 8.57235622 42.97236633
v 70.82557678 7.65704489 42.38563156
v 71.52334595 7.60451078 43.19722748
v 72.39479065 6.66386271 42.63001251
v 72.74816132 6.65255976 43.02305222
v 73.58934021 5.69270039 42.48190689
v 73.94078064 5.68810749 42.87743759
v 74.43472290 5.69716167 43.41768265
v 75.14161682 5.75087690 44.19660950
v 73.61412811 6.67032909 43.93490219
v 74.33023834 6.74060917 44.69287491
v 72.75608063 7.63539505 44.49085236
v 73.46832275 7.72286320 45.24032593
v 71.85435486 8.58573055 45.07770920
v 72.55179596 8.68928909 45.83068085
v 71.12496948 9.30303574 45.54846954
v 71.80491638 9.41702557 46.31051636
v 69.96936798 10.34107208 46.28242493
v 70.61571503 10.46539402 47.06381226
v 69.06732178 13.38276768 54.69274139
v 69.67523956 13.24854565 55.47234344
v 70.86996460 12.63821220 54.39023209
v 71.22894287 12.58598232 55.01819229
v 72.58311462 11.90745068 54.13339615
v 70.09549713 13.12836933 55.86641312
v 70.47148132 13.01197910 56.17829132
v 71.51464844 12.54111385 55.55013275
v 70.78804779 12.90938187 56.41297150
v 73.17420959 11.58007812 53.73927689
v 72.87054443 11.57913303 53.08820724
v 74.05001831 10.84730721 52.31695938
v 72.50684357 11.58498859 52.43282318
v 73.72887421 10.81758881 51.64861679
v 71.68199921 11.60918427 51.13135147
v 72.95286560 10.76582146 50.32714462
v 72.10895538 10.70037174 49.06247330
v 72.76663208 10.70213890 49.89660645
v 72.63009644 10.60238266 49.45966339
v 74.36721802 10.44545841 51.47775269
v 73.96086884 10.59276676 51.28728485
v 73.58384705 10.69411850 51.02492142
v 73.24994659 10.74750233 50.69524002
v 72.97454071 10.75050831 50.31352997
v 72.56802368 10.45267487 49.01949692
v 72.57577515 10.28041744 48.63803482
v 71.68268585 10.65044975 48.46250534
v 72.64347839 10.07591343 48.27882767
v 72.76868439 9.84522343 47.95132446
v 72.94860077 9.59672070 47.66683578
v 72.91142273 9.62977409 47.69024277
v 72.46947479 9.54513931 47.11278152
v 71.25260162 10.58486938 47.88109970
v 70.39250183 11.58343315 49.26706314
v 73.17874908 9.33863926 47.43287277
v 73.45369720 9.07909870 47.25527573
v 73.23252869 8.82036400 46.62767029
v 72.13928986 9.48082352 46.70531082
v 72.89480591 8.75252914 46.22210312
v 73.76492310 8.82780170 47.13965225
v 74.16421509 7.85370255 46.03823471
v 73.81936646 7.78346729 45.63147354
v 74.61787415 7.96159840 46.61767578
v 74.10533142 8.59162617 47.08846664
v 74.46334076 8.37914944 47.10318756
v 74.82984161 8.19571877 47.18317413
v 75.05130768 8.08038616 47.23022842
v 75.91591644 7.11167383 46.70723343
v 75.19234467 8.04721642 47.32562256
v 75.54080200 7.93669271 47.52655792
v 75.86437988 7.86645555 47.78012085
v 76.66921997 7.39971447 48.02413940
v 76.39978790 7.84761858 48.41705322
v 76.15325928 7.83706379 48.07927322
v 76.70806885 6.10933876 46.24095535
v 76.28661346 5.97493267 45.61724854
v 75.48648834 6.97955751 46.08781433
v 75.03179932 6.86575460 45.50102615
v 75.83705139 5.86379528 45.02236557
v 74.68434906 6.79638386 45.08897400
v 75.49258423 5.79951334 44.60219574
v 73.24797058 5.70416832 42.08069611
v 71.71855927 6.71211100 41.81143570
v 72.59914398 5.74140215 41.24947739
v 71.14974213 6.77834368 41.04021072
v 72.05253601 5.79020596 40.46790314
v 70.23530579 7.73677731 41.62326431
v 64.50336456 12.47150421 45.39974976
v 65.11985016 12.43254948 46.14192963
v 65.75601196 12.44856548 46.93900299
v 66.05455017 12.48086357 47.33577347
v 66.34378052 12.52610016 47.73603821
v 66.73238373 12.60159206 48.29495239
v 67.28540802 12.71238232 49.11192322
v 67.57226562 12.76014900 49.53546906
v 67.86935425 12.79800797 49.96943283
v 67.05169678 13.49647427 51.71437836
v 63.19844818 13.16547012 46.28189468
v 63.80027771 13.14698982 47.03879929
v 64.40512085 13.17133808 47.84748840
v 64.68477631 13.20102024 48.24710846
v 64.95500183 13.23990822 48.64850998
v 65.32025146 13.30282021 49.20723724
v 65.85186005 13.39483643 50.02379608
v 66.13481903 13.43550491 50.44841003
v 62.71060944 13.38166142 46.61021042
v 63.30633163 13.37009335 47.37457275
v 63.90345001 13.39605236 48.19108200
v 64.17938232 13.42398834 48.59330368
v 64.44631195 13.45985603 48.99628448
v 65.09332275 13.46200657 49.59329987
v 65.66628265 13.44443989 50.04109955
v 61.46223831 13.82300472 47.43987274
v 62.04183960 13.82694817 48.22631836
v 61.26334381 14.08518887 49.24010086
v 61.63810349 14.02650070 49.14933014
v 62.02785110 13.95614243 49.05609894
v 62.41616821 13.87695885 48.96411133
v 63.10891342 13.73249435 48.89394760
v 63.80239105 13.60595894 48.99211884
v 64.46866608 13.51403904 49.23446274
v 66.18336487 13.45036602 50.55488968
v 71.03453064 12.00264454 51.54626083
v 70.81855011 11.60921574 49.87188339
v 70.47968292 12.69142818 53.75323868
v 71.87584686 11.94719219 52.84062195
v 72.25414276 11.92392159 53.48965073
v 70.93498993 10.52764511 47.46714020
v 73.10968781 6.65174341 43.40913010
v 72.24995422 7.60366726 43.97001648
v 71.88398743 7.59716177 43.58715439
v 71.35464478 8.53911018 44.55386353
v 70.99002075 8.52286625 44.16959381
v 70.62751770 8.52309036 43.77950287
v 70.63532257 9.24513435 45.01858521
v 70.27571106 9.22072124 44.63128281
v 69.91574097 9.21406746 44.23986816
v 69.20214844 9.25620747 43.43564224
v 69.50228882 10.26907825 45.74087143
v 69.15644836 10.23325825 45.34793854
v 68.80681610 10.21576786 44.95407486
v 68.10081482 10.24190521 44.15413666
v 70.64617157 12.87759209 56.48143005
v 69.88459778 13.11460209 55.86617279
v 69.18838501 13.30654907 55.16103363
v 68.56330872 13.43280792 54.39412308
v 68.02634430 13.48948860 53.60543823
v 68.37464905 13.40633583 54.37582016
v 67.73236084 13.45564651 53.38622665
v 69.11507416 13.25897026 55.28936386
v 69.94435883 13.02435303 56.10351562
v 75.70476532 9.12357044 58.50085831
v 74.36239624 9.88031673 58.58491898
v 73.35044098 10.51261806 58.43559647
v 72.34841156 11.04949188 58.15441895
v 71.32456970 11.50622368 57.73105621
v 70.30168152 11.87222290 57.17025375
v 69.31649780 12.13033199 56.48128510
v 68.40126801 12.27687836 55.68519211
v 67.58354187 12.31856728 54.81377411
v 66.87544250 12.26210976 53.88097000
v 72.19227600 9.50388813 53.80201721
v 73.81746674 9.87975502 57.67414093
v 73.20848083 9.92617130 56.80223465
v 71.48088837 9.88924408 53.80580902
v 72.52436066 10.03309727 55.99345779
v 71.75923157 10.21499157 55.28452301
v 70.76248169 10.25279808 53.74036789
v 70.91105652 10.48464680 54.71520615
v 70.04218292 10.59242153 53.60562897
v 70.00187683 10.84209061 54.32746124
v 68.84096527 11.10416889 53.22613144
v 69.07635498 11.26441956 54.13162613
v 67.69627380 11.52427864 52.67226028
v 68.25154114 11.67099380 54.07746124
v 72.88589478 9.10202885 53.73051071
v 68.00687408 11.78322792 54.05002975
v 67.65099335 11.92500496 53.96732712
v 66.73384094 12.23974133 53.67280960
v 67.51908875 11.72323704 53.03301239
v 66.81924438 13.42056179 51.86283875
v 66.14482117 13.03385162 51.33589554
v 65.45307159 12.57820892 50.89324188
v 67.56034088 13.48999214 52.81531525
v 67.03192902 13.46547985 51.94373322
v 66.29911041 13.40132141 50.92044449
v 65.61402893 13.36662006 50.20927429
v 64.91474915 13.36892796 49.67142487
v 64.22495270 13.41515541 49.30341721
v 63.56710815 13.49770641 49.09716415
v 63.03747559 13.58490372 49.03621292
v 62.55267334 13.67516041 49.06885910
v 63.06887054 13.41982460 49.18230438
v 62.40216446 13.52846909 49.22916031
v 63.73219299 13.33353901 49.29844284
v 64.36506653 13.28342628 49.54653549
v 64.95148468 13.27087307 49.89300919
v 65.49055481 13.28814888 50.31390762
v 65.98063660 13.32434559 50.79069519
v 64.90461731 12.60797882 50.14823151
v 64.72052002 13.08126163 49.78263855
v 63.63600540 12.20025635 49.36498260
v 63.29433060 12.67310238 49.13865662
v 62.89323425 13.15172768 49.09877396
v 62.03775787 13.20336342 49.13703918
v 61.67709732 12.86863899 49.06735611
v 60.90881729 13.79623127 49.58670807
v 59.21912003 13.91098499 50.02607727
v 57.55136108 13.80089092 50.53559494
v 61.89304733 13.80843639 49.21858597
v 61.03997803 13.94699001 49.42458725
v 59.70849609 14.06319523 49.76434326
v 58.74614334 14.06297874 50.03217697
v 57.82458878 13.99271774 50.31578827
v 57.46694946 13.94593620 50.43531799
v 57.42428207 13.93963623 50.45035172
v 57.53296280 13.79838371 50.54189301
v 57.51459503 13.79584408 50.54825974
v 57.49626923 13.79327583 50.55469894
v 57.47798920 13.79041004 50.56114960
v 56.94930649 13.50880909 50.75909042
v 56.41012192 13.32373714 51.09428406
v 55.94511795 13.11197662 51.50064087
v 56.30942917 13.55682850 51.19233704
v 55.81833267 13.40514946 51.63194656
v 56.86767578 13.68678093 50.83218384
v 55.55052567 12.87750530 51.97267532
v 55.39820480 13.23545551 52.13829803
v 55.22256470 12.62430573 52.50489807
v 55.04952240 13.05442524 52.69276047
v 54.95745468 12.35635757 53.09182739
v 54.76867294 12.86913681 53.27284241
v 54.75142288 12.07764149 53.72796631
v 54.37979507 12.50684738 54.43310165
v 54.60069275 11.79213905 54.40783310
v 54.16576767 12.18683147 55.47594833
v 54.45437622 11.25573349 55.77241516
v 54.04845810 11.88615894 56.46111679
v 54.46250534 10.73533440 57.23425293
v 54.01194382 11.28325653 58.43151474
v 54.60064316 10.25669003 58.75785065
v 54.21217346 10.68542671 60.40800476
v 54.84436035 9.84555244 60.30770874
v 54.63900757 10.14507198 62.36812592
v 55.16921616 9.52767086 61.84832764
v 54.93829346 9.91818619 63.33684540
v 55.55077744 9.32879543 63.34420776
v 55.29827499 9.73480606 64.30036926
v 55.96461105 9.27467632 64.75984192
v 55.72086716 9.60895538 65.24365997
v 56.21578979 9.55427837 66.15818024
v 57.24468613 9.52661800 67.87355042
v 56.40888214 9.53631306 66.81285095
v 56.99406433 9.52095127 67.78562927
v 56.62262344 13.79095078 50.82540512
v 55.88981628 13.59196281 51.37184525
v 55.23238754 13.33236885 52.12375259
v 54.67803574 13.00974083 53.09761810
v 54.25071335 12.62779331 54.28914642
v 53.96371841 12.18906116 55.68429184
v 53.82864380 11.69015884 57.27740860
v 53.82510376 11.41698933 58.14785767
v 53.87356186 11.12615585 59.07646561
v 53.98194885 10.81959534 60.06575394
v 54.15326309 10.51480770 61.08613968
v 54.38618088 10.23234463 62.10018539
v 54.66694260 9.98939705 63.07111359
v 54.98085022 9.79925919 63.96940994
v 55.32184601 9.66300011 64.79392242
v 55.68601990 9.57863426 65.55057526
v 57.13362122 9.51520348 68.02014160
v 57.20836639 9.51940632 67.98078918
v 57.39570999 9.46633148 68.22834015
v 57.33605194 9.42965031 68.35075378
v 57.43317413 9.30402374 68.58143616
v 57.33120346 9.23123646 68.70070648
v 57.35237122 9.06357479 68.87831116
v 57.25875473 9.06363297 68.88245392
v 57.13890457 8.87789726 69.01557159
v 57.06621552 8.91697121 68.98699951
v 57.17901611 9.09016991 68.86236572
v 57.24745560 9.24642944 68.69239807
v 57.25278473 9.43141937 68.36545563
v 55.88607788 7.34522295 69.67018127
v 56.44278717 8.12061501 69.34876251
v 55.32325363 6.48933840 69.99330139
v 55.39485931 6.44875669 70.02249146
v 55.27145767 6.16523933 70.07971954
v 55.23645782 6.24693394 70.05002594
v 55.05788803 6.06491756 70.01319885
v 55.00945282 6.12929153 69.98451233
v 54.73875809 5.92983150 69.81692505
v 55.17576981 6.30000639 70.01894379
v 54.49929047 5.84605169 69.54107666
v 54.48106766 5.67739105 69.46912384
v 54.51090622 5.76232576 69.53816986
v 54.71627808 5.73436260 69.77531433
v 54.76747131 5.85207653 69.83372498
v 54.99353790 5.90604925 69.98995972
v 53.45217133 5.70505142 67.75375366
v 54.35738373 5.84853029 69.30792236
v 53.77351761 5.86572170 68.33438110
v 53.01102829 5.85284615 67.09498596
v 52.53064346 5.77535915 66.40541840
v 51.99118423 5.63518715 65.69549561
v 51.39037323 5.42572546 64.96283722
v 50.73189545 5.14258194 64.20998383
v 50.04319000 4.79021263 63.45909119
v 50.99903488 5.07524395 64.46966553
v 49.68168259 4.37526560 63.02368546
v 49.35721207 4.37816572 62.73584366
v 48.70517349 3.92751622 62.06043625
v 47.57307816 2.97727370 60.88906097
v 48.11123657 3.45859718 61.44676208
v 48.39778900 3.46374702 61.67284775
v 46.63904572 1.98710322 59.91319275
v 45.88515472 0.97606808 59.11900330
v 45.30600357 -0.04382186 58.50856400
v 44.90353012 -1.05387568 58.08711624
v 44.67309952 -2.03091550 57.84782028
v 44.59604645 -2.95991540 57.76895142
v 44.83601761 -3.81759024 57.85999298
v 44.78241348 -3.14582562 57.80961227
v 44.80290222 -2.46970344 57.83563232
v 44.89603043 -1.80766129 57.93794250
v 45.05564117 -1.16988158 58.10958099
v 45.26966095 -0.56716961 58.33916473
v 45.52273178 -0.00880256 58.61099243
v 46.08907700 0.95936096 59.21974945
v 46.64604187 1.71320081 59.81746674
v 47.20382309 2.35280824 60.41286850
v 51.65027237 5.33856010 65.23518372
v 52.28625870 5.53960657 66.03936005
v 52.89051056 5.66677141 66.87776947
v 44.83841705 -3.83684731 57.86271667
v 44.93984222 -3.21822596 57.69276047
v 45.00584793 -2.56037378 57.67854309
v 45.14852524 -1.92574275 57.73405457
v 45.36109161 -1.31455243 57.85554886
v 45.63674545 -0.72702229 58.03927612
v 45.96869659 -0.16337201 58.28148651
v 46.35015488 0.37617886 58.57844162
v 46.77432632 0.89141071 58.92639160
v 47.65527725 1.78580773 59.69787598
v 48.61700058 2.59359026 60.60915756
v 49.61554337 3.31333804 61.63600159
v 50.60697174 3.94363046 62.75416565
v 51.54734039 4.48304701 63.93941879
v 52.39270401 4.93016720 65.16751862
v 53.09912872 5.28357077 66.41423035
v 44.84108734 -3.85608315 57.86531448
v 44.84382629 -3.87531424 57.86796951
v 44.64904785 -3.85397744 57.82613754
v 44.65497971 -3.89884162 57.83231354
v 46.60695267 -8.28898811 58.04602051
v 46.72693253 -7.95426369 57.69884109
v 46.97016907 -9.02624893 58.29196167
v 47.54758072 -9.25929737 58.23004532
v 48.16273499 -9.35123920 58.29848099
v 47.98218155 -10.23224354 59.44652176
v 48.58553696 -10.12157726 59.57005692
v 76.02378082 7.82276201 48.26775742
v 75.50944519 7.88794374 47.77613068
v 74.91040039 8.07926941 47.44543076
v 74.28981018 8.38117409 47.30330276
v 73.81827545 8.68360615 47.33269882
v 73.39891815 9.01946926 47.48696899
v 73.05585480 9.36537075 47.75607681
v 72.80478668 9.70003414 48.12693405
v 72.65868378 10.00261307 48.58425522
v 76.57182312 8.03538799 49.42900848
v 76.42714691 7.89860439 48.94616699
v 72.64216614 10.30307961 49.24238968
v 72.72834015 10.42793941 49.66015244
v 72.88162231 10.50312233 50.06041718
v 73.28457642 10.52306175 50.67266083
v 73.81655884 10.41937351 51.13444519
v 74.17680359 10.30341148 51.32846832
v 74.56806183 10.14088631 51.46067047
v 74.53549194 10.04700279 51.41125107
v 74.15814972 10.20215797 51.28475952
v 73.81001282 10.31270123 51.09822464
v 73.29512787 10.41122150 50.65345383
v 72.90480042 10.39137554 50.06358337
v 72.75625610 10.31882763 49.67806625
v 72.67263794 10.19851875 49.27583694
v 73.00561523 4.11135149 42.86461639
v 51.75839615 -20.25995636 46.29085159
v 52.22474289 -20.51623726 46.03981018
v 53.16394043 -20.48737144 47.53258896
v 54.04912186 -20.50601768 48.88826370
v 53.59082794 -20.25156784 49.15101624
v 52.70167923 -20.23248863 47.78870010
v 57.02923203 -13.50324726 67.36683655
v 56.44526291 -13.42199230 66.48048401
v 55.80284119 -13.25698566 65.64762878
v 55.10032654 -12.98788166 64.90254974
v 54.34007645 -12.59576416 64.28247070
v 53.54543304 -12.07878304 63.82859421
v 52.75691605 -11.46563816 63.55365753
v 52.07095718 -10.86565876 63.41932678
v 51.87059402 -10.69172096 63.36631775
v 51.58232880 -10.45576763 63.24457550
v 51.48411560 -11.05635452 62.03235245
v 52.48229980 -11.68051815 62.67081070
v 53.51895142 -12.42148590 63.14532089
v 54.13570023 -12.90533543 63.33984756
v 54.74763107 -13.41718102 63.46675873
v 55.35096741 -13.95303917 63.52535248
v 55.93754578 -14.50398350 63.51564407
v 51.37313461 -10.76518536 62.35488510
v 62.93457031 -22.33931732 57.96059799
v 62.52352524 -22.54381371 58.13035202
v 62.86719131 -22.46169090 57.82765961
v 63.28348541 -22.35911369 57.66376114
v 56.39819336 -19.01981926 52.45291901
v 57.78879547 -18.52841949 44.78322983
v 58.71631622 -18.49953270 46.42104721
v 57.94000626 -18.93577766 46.86862183
v 57.19866943 -19.24991226 47.29600143
v 57.00987244 -18.96597862 45.23167419
v 56.26523590 -19.28139305 45.66032028
v 55.43320847 -19.48896599 46.13918686
v 54.67271423 -19.51075172 46.57674789
v 53.96780396 -19.34118271 46.98222351
v 53.29740143 -18.96398926 47.36777496
v 54.91960526 -19.31003189 48.60957718
v 55.61743546 -19.47797585 48.20743179
v 56.37162018 -19.45633888 47.77275085
v 50.80167770 -18.27273369 45.15661621
v 51.32738876 -18.25823021 46.04576111
v 51.85309982 -18.24372482 46.93490219
v 50.54961014 -17.50675583 46.69623566
v 51.07555389 -17.49245262 47.58524323
v 49.69589615 -16.72739983 47.20444489
v 50.22210693 -16.71333885 48.09329987
v 48.71893311 -15.88791847 47.55015564
v 49.24546432 -15.87416553 48.43882370
v 47.72014618 -15.05617237 47.72349548
v 48.24704361 -15.04278851 48.61194992
v 46.66695786 -14.16029835 47.81097412
v 47.19429779 -14.14739323 48.69917679
v 45.61731339 -13.19398689 47.88530731
v 46.14516830 -13.18168831 48.77321243
v 44.63620377 -12.15822887 48.01752853
v 45.16463089 -12.14667702 48.90510559
v 44.32776642 -11.07689190 49.13188934
v 45.69305801 -12.13512516 49.79267883
v 44.85680008 -11.06623459 50.01911545
v 46.74990845 -12.11202240 51.56783295
v 45.91486359 -11.04491997 51.79356766
v 45.25757980 -9.97644043 52.11031342
v 44.77126694 -8.91934204 52.48984146
v 44.42493820 -7.85221529 52.90274429
v 44.19084930 -6.74971056 53.31369400
v 43.12821198 -6.76061916 51.54188538
v 42.99113464 -5.59291840 51.91661835
v 42.45940399 -5.59655285 51.03095245
v 42.42538834 -4.34049511 51.34361267
v 41.89339828 -4.34213400 50.45809174
v 41.98215485 -3.00246382 50.70032120
v 49.16968536 -16.74146080 46.31558990
v 50.02366638 -17.52105904 45.80722809
v 47.19324493 -15.06955624 46.83503723
v 48.19239807 -15.90167141 46.66148758
v 43.66862869 -10.00525856 49.44970703
v 44.19828033 -9.99565220 50.33657837
v 43.18050003 -8.94452763 49.83028412
v 43.71075439 -8.93613243 50.71680450
v 42.83248901 -7.87330437 50.24415970
v 43.36330414 -7.86627436 51.13035583
v 42.59689331 -6.76607370 50.65597916
v 42.06557083 -6.77152824 49.77007294
v 41.92767334 -5.60018730 50.14528656
v 41.67888260 -1.59834278 49.98059845
v 42.21078491 -1.60083318 50.86616898
v 42.51420212 -3.00290060 51.58580399
v 42.95737457 -4.33885622 52.22912979
v 44.05459595 -5.58564949 53.68795395
v 42.05060959 -0.15603480 50.05620193
v 42.55233383 1.29826498 50.02184296
v 43.16961670 2.74256086 49.86348343
v 43.79544449 3.98424959 49.62165070
v 46.44502640 3.93874812 54.05522537
v 45.38519287 3.95694876 52.28179550
v 44.85527802 3.96604896 51.39508057
v 44.76110840 2.71903658 52.52262115
v 44.23060989 2.72687817 51.63624191
v 44.14561081 1.27959871 52.67995453
v 43.61451721 1.28582084 51.79391861
v 43.64532852 -0.16932848 52.71348190
v 43.11375427 -0.16489725 51.82772064
v 43.27458572 -1.60581398 52.63730621
v 42.74268723 -1.60332358 51.75173950
v 43.04624939 -3.00333738 52.47129059
v 45.82210159 2.70335388 54.29537964
v 45.20779419 1.26715446 54.45202637
v 44.70847321 -0.17819093 54.48499680
v 44.33839035 -1.61079478 54.40844345
v 44.11034012 -3.00421095 54.24225998
v 44.02134705 -4.33557892 54.00017166
v 47.72873306 -13.14479351 51.43692780
v 46.67302322 -13.16939068 49.66111755
v 48.77632141 -14.10867786 51.36378479
v 47.72163773 -14.13448811 49.58737946
v 49.82774353 -15.00263691 51.27732086
v 48.77394485 -15.02940464 49.50040817
v 50.82506561 -15.83290672 51.10482788
v 49.77199936 -15.86041260 49.32749176
v 51.80073929 -16.67115784 50.75986481
v 50.74831772 -16.69927788 48.98215485
v 52.65338135 -17.44954109 50.25227356
v 53.43023300 -18.20021248 49.60232925
v 52.37881088 -18.22922134 47.82404709
v 51.60149384 -17.47814751 48.47425461
v 44.32535934 3.97514939 50.50836563
v 43.70011520 2.73471951 50.74986267
v 43.08342743 1.29204285 50.90787888
v 42.58218384 -0.16046603 50.94196320
v 47.52746201 9.18228149 47.46696854
v 48.05414200 9.16867352 48.35555267
v 48.58082199 9.15506649 49.24413681
v 48.95175171 10.04931068 47.71782684
v 49.47747040 10.03481102 48.60696793
v 49.99536133 10.91912937 46.91727448
v 50.51980972 10.90365505 47.80714417
v 51.04852295 11.63162994 46.05391693
v 51.57153702 11.61527729 46.94461823
v 52.10309982 12.17739201 45.15483856
v 52.62452316 12.16030693 46.04645538
v 53.14847946 12.55022812 44.25343704
v 53.66818237 12.53259754 45.14604950
v 54.16859818 12.75501728 43.37100220
v 54.68652344 12.73707008 44.26464081
v 55.14221573 12.80530357 42.51586533
v 55.65839386 12.78727722 43.41051102
v 56.06033325 12.72066784 41.69019318
v 56.57489014 12.70277214 42.58577728
v 57.46353912 12.50512695 41.79692078
v 58.36454773 12.20413017 41.06377029
v 59.32287979 11.79830742 40.41172409
v 60.37915039 11.27980804 39.86462021
v 61.53509521 10.65444565 39.45361328
v 61.02626419 10.67018795 38.55472183
v 48.42603683 10.06381130 46.82868958
v 49.47091293 10.93460464 46.02740097
v 50.52550888 11.64798164 45.16321945
v 51.58167648 12.19447708 44.26321793
v 62.24272156 9.96222687 38.28662491
v 63.44715500 9.21151352 38.12292099
v 64.08139801 8.45261955 37.08465576
v 64.58838654 8.43826962 37.98460770
v 65.11698914 7.67125607 36.89006805
v 65.62359619 7.65725136 37.79024124
v 66.08981323 6.82524204 36.54675293
v 66.59609222 6.81154728 37.44711304
v 66.90612793 5.99318218 36.06013489
v 67.41215515 5.97974634 36.96064377
v 67.61894989 5.15071154 35.44716263
v 68.12476349 5.13750076 36.34779358
v 69.95806122 4.24132633 37.74873734
v 68.63056946 5.12429047 37.24842453
v 69.13638306 5.11107969 38.14905548
v 68.42420959 5.95287514 38.76165771
v 69.43626404 5.92600393 40.56267166
v 68.62122345 6.75676775 41.04854965
v 70.14801025 5.08465862 39.95031738
v 67.65001678 7.60123396 41.39093781
v 67.60865784 6.78415728 39.24782944
v 66.63681030 7.62924290 39.59059143
v 67.10237885 6.79785252 38.34747314
v 66.13020325 7.64324713 38.69041443
v 66.61633301 8.38086605 41.58442307
v 65.60236359 8.40956783 39.78451538
v 65.09537506 8.42391872 38.88456345
v 65.47705841 9.15246010 41.72160721
v 64.46211243 9.18198681 39.92226410
v 63.95463181 9.19675064 39.02259445
v 64.27507019 9.90129185 41.88389587
v 63.25889587 9.93175983 40.08526230
v 62.75080872 9.94699383 39.18594360
v 63.06158066 10.60721684 42.15028381
v 62.04392242 10.63870239 40.35250473
v 61.90825653 11.23101234 42.55977631
v 60.88885117 11.26354313 40.76300430
v 60.85501480 11.74799061 43.10513306
v 59.83359146 11.78153515 41.30952454
v 59.90011215 12.15242863 43.75519943
v 59.00289917 12.45227146 44.48615646
v 58.11854935 12.64908218 45.27253342
v 57.97665787 12.48750782 42.69333267
v 57.08944321 12.68487549 43.48136139
v 57.20693207 12.73319817 46.09445190
v 56.17457199 12.76925087 44.30515671
v 56.24029541 12.68323040 46.94555664
v 55.22729111 12.47970772 47.82388687
v 54.18879318 12.10905170 48.72131348
v 53.14057922 11.56622028 49.61671829
v 52.09315491 10.85723114 50.47676086
v 51.05461884 9.99131107 51.27438736
v 50.16086578 9.11424446 51.90988541
v 49.10750198 9.14145851 50.13272095
v 67.91818237 5.96631098 37.86114883
v 58.87639999 12.18689632 41.96091461
v 55.20444870 12.71912384 45.15827942
v 54.18788528 12.51496792 46.03866196
v 53.14594650 12.14322186 46.93807602
v 52.09455109 11.59892559 47.83531952
v 51.04425812 10.88817978 48.69701767
v 50.00318527 10.02031136 49.49610519
v 70.40383148 3.55126095 37.49287796
v 71.32164001 3.53506422 39.13985443
v 70.67930603 2.78356624 37.33533859
v 71.59415436 2.77472782 38.98326874
v 70.80223846 1.91734004 37.26587296
v 71.71577454 1.91531348 38.91380310
v 70.78031158 0.93551004 37.28003693
v 71.69363403 0.93897599 38.92733002
v 70.65033722 0.03274241 37.35634995
v 71.56390381 0.03987463 39.00286102
v 70.42276001 -0.93156761 37.48900604
v 71.33674622 -0.92154008 39.13464355
v 74.88717651 -15.77625370 49.38298798
v 75.41921234 -14.64345741 48.87985992
v 74.71212006 -15.69188595 49.35218048
v 74.51666260 -15.59671211 49.30789948
v 73.72377014 -16.61480522 49.85720825
v 73.50321198 -16.52832794 49.80369568
v 72.90805054 -17.23906708 50.25636673
v 72.43895721 -17.08464050 50.10811234
v 71.80789185 -17.76937866 50.61582184
v 71.34497070 -17.64068031 50.42389679
v 70.67481995 -18.26986313 50.97566223
v 70.20800781 -18.14874268 50.73025131
v 69.50026703 -18.69198799 51.30733109
v 69.76924896 -18.03392982 50.42866898
v 69.02622223 -18.56889725 50.99050140
v 69.38345337 -17.93351364 50.09263229
v 68.61150360 -18.46031761 50.63276672
v 75.01716614 -14.40871620 48.74862289
v 74.30803680 -15.49684429 49.24736404
v 73.05515289 -16.35999107 49.64586639
v 72.00392151 -16.95091820 49.91226196
v 70.91065216 -17.52238274 50.18336487
v 70.50230408 -17.41315842 49.89431381
v 70.14151764 -17.31917763 49.57699966
v 74.67052460 -14.22597599 48.58821106
v 73.88143158 -15.30557060 49.07576752
v 72.64270782 -16.21852112 49.44495773
v 71.59703827 -16.83212090 49.67420959
v 71.21435547 -16.72557449 49.39459991
v 70.87467957 -16.63593292 49.09246063
v 74.30289459 -14.05205441 48.37105560
v 73.49264526 -15.14921570 48.86603928
v 72.25807953 -16.09642220 49.20741653
v 71.89618683 -15.98990059 48.93433380
v 71.57353973 -15.90248013 48.64367294
v 73.82176971 -13.85377789 48.01655960
v 73.13150024 -15.01810741 48.62594986
v 72.79161835 -14.90725136 48.35709381
v 72.48699188 -14.81914234 48.07624435
v 73.23506927 -13.66045666 47.46651459
v 73.17620087 -13.64447689 47.40310287
v 73.11806488 -13.62939167 47.33880234
v 67.30076599 -19.10516930 51.58337021
v 67.95409393 -18.82535934 51.10454941
v 68.39659882 -18.94170952 51.48238373
v 68.90467834 -19.07345200 51.81376266
v 70.00473022 -18.81922722 51.55981064
v 71.17086029 -18.39701653 51.16534424
v 72.30332184 -17.91239166 50.75482178
v 73.14018250 -17.31725311 50.30471802
v 73.93383789 -16.69645309 49.89440155
v 66.65805054 -19.29148102 52.06366730
v 66.03598022 -19.37899399 52.53834534
v 65.15043640 -19.31457329 53.23664474
v 64.74323273 -19.19190407 53.57143402
v 65.31579590 -19.27962303 54.48981094
v 65.37851715 -19.33078003 54.30384445
v 65.38751221 -19.35696793 54.07900620
v 65.53584290 -19.41089630 53.89937210
v 65.61214447 -19.43319702 53.79819489
v 65.75644684 -19.46833611 53.71660614
v 66.58093262 -19.51786613 52.98022079
v 67.16588593 -19.42277908 52.48357391
v 67.21522522 -19.67927170 53.36328888
v 67.75446320 -19.57343292 52.84755707
v 68.38044739 -19.72726059 53.12643051
v 68.90159607 -19.51399231 52.59769440
v 69.51320648 -19.65509987 52.78935623
v 70.01621246 -19.34211731 52.26333618
v 70.61407471 -19.47282410 52.38077545
v 71.10243988 -19.07943726 51.87201309
v 71.38410187 -19.14125443 51.90468216
v 71.96089935 -18.59760284 51.33377457
v 72.22008514 -18.65869522 51.35401535
v 72.79012299 -18.05013275 50.82403946
v 73.01992035 -18.10867691 50.83507919
v 73.57418060 -17.45512962 50.35395432
v 65.72630310 -19.46165848 53.74475861
v 65.99347687 -19.52469254 53.75015640
v 66.55368805 -19.66133881 53.95794678
v 67.77059174 -19.96348763 54.42102051
v 67.88963318 -19.84551811 53.65579224
v 68.59533691 -20.00950050 53.85956192
v 69.03720856 -19.87803650 53.32206345
v 69.71567535 -20.01962090 53.43249130
v 70.14926910 -19.78915977 52.90223694
v 70.46633148 -19.84982109 52.92664719
v 70.91275787 -19.53306389 52.40914917
v 71.21004486 -19.58813477 52.41811752
v 71.66353607 -19.19831467 51.91885757
v 71.93750763 -19.24846077 51.91584015
v 72.47151184 -18.71249771 51.35820770
v 68.40569305 -20.11109352 54.55271912
v 69.32032013 -20.16379738 53.97240067
v 70.05280304 -20.08327293 53.45384598
v 70.78233337 -19.90491295 52.93061447
v 71.50318909 -19.63629341 52.40880585
v 69.05651855 -20.25014114 54.60376358
v 69.67945099 -20.23353195 53.99319839
v 70.38876343 -20.14114189 53.45358276
v 71.09488678 -19.95297813 52.91509247
v 69.42319489 -20.32285881 54.60406494
v 70.03705597 -20.29750824 53.99121475
v 70.72141266 -20.19194221 53.43251038
v 69.77703857 -20.39042091 54.59983444
v 70.39111328 -20.35451317 53.96706009
v 70.11797333 -20.45300674 54.59221649
v 74.12718964 -16.76809692 49.91771317
v 73.36404419 -17.39073753 50.33652878
v 72.54971313 -17.98351669 50.79790878
v 71.69784546 -18.53201485 51.29593277
v 70.53904724 -18.94854927 51.74891663
v 69.44532776 -19.20813179 52.07360458
v 68.32049561 -19.37035561 52.32918930
v 67.77427673 -19.22926140 51.98209381
v 74.14524841 -12.50949192 47.11885452
v 74.43779755 -12.61441231 47.40666962
v 74.75919342 -12.75101852 47.68620300
v 75.54222107 -11.52220058 47.31131744
v 75.87953949 -11.71018887 47.57617188
v 76.41919708 -10.80123329 47.36310196
v 76.77131653 -11.05044937 47.60683060
v 77.28765869 -10.13704300 47.45207596
v 77.65112305 -10.46386337 47.66726685
v 78.13379669 -9.56789207 47.58013535
v 78.30529022 -9.76100636 47.67084122
v 78.74497223 -8.88887882 47.65488052
v 78.90723419 -9.10913944 47.73670959
v 79.23869324 -8.40566158 47.78277588
v 79.39042664 -8.65078354 47.85511017
v 79.67970276 -7.99586058 47.95864105
v 75.09594727 -12.91610146 47.94037247
v 76.23124695 -11.93626022 47.81214905
v 77.13750458 -11.34819698 47.81449127
v 77.82269287 -10.63919449 47.75354767
v 78.46524048 -9.96031284 47.74837112
v 79.05541229 -9.33448696 47.80631256
v 75.45423126 -13.11494350 48.16770935
v 75.84349060 -13.35823441 48.36087036
v 76.20363617 -13.61447430 48.49105835
v 76.03099060 -13.48752594 48.43360519
v 76.78274536 -12.35420132 48.09111023
v 76.60447693 -12.20882225 48.01317978
v 77.31140137 -11.50749779 47.89646912
v 76.35440063 -13.73267841 48.53588867
v 77.09146881 -12.63938332 48.20628738
v 77.61492920 -11.82709885 48.02103043
v 78.12522888 -10.99789429 47.88752747
v 78.61031342 -10.16225243 47.81397247
v 79.92031860 -7.37951469 48.12152100
v 80.11875153 -6.80564737 48.35079956
v 79.94104004 -6.50303030 48.27314758
v 79.74818420 -6.20958281 48.18001175
v 79.54180908 -5.92710114 48.07102203
v 79.34588623 -4.87336493 48.23639679
v 79.08867645 -5.39415455 47.80122757
v 78.92675781 -4.42493725 47.98000336
v 78.60272980 -4.92409611 47.47058487
v 78.03289795 -3.67284799 47.33041763
v 78.09572601 -4.52468872 47.08142853
v 77.57649994 -4.20302153 46.63193130
v 77.54792023 -4.96247244 46.48950958
v 77.09050751 -4.76094341 46.04048538
v 77.01252747 -5.57841873 45.97628021
v 77.62539673 -3.32351947 47.03446579
v 77.47340393 -3.14872932 46.95182800
v 77.09045410 -3.98209953 46.15604401
v 76.93749237 -2.89731789 46.43138504
v 76.79280090 -2.40901279 46.61461258
v 77.36294556 -2.67732954 47.16498566
v 77.41648102 -2.56405878 47.35372543
v 77.40317535 -2.88182783 47.04777145
v 77.41614532 -2.99234605 46.98316193
v 77.46591949 -3.11048007 46.96689224
v 77.41414642 -2.42878699 47.50482559
v 76.63827515 -7.28046417 45.99850845
v 76.85963440 -6.42153549 45.96293259
v 77.44298553 -5.76248360 46.39986801
v 78.03347778 -5.25660515 46.91296387
v 76.29969025 -8.30043411 46.09954071
v 75.88986206 -9.31276035 46.25819016
v 75.42266846 -10.30139160 46.46667480
v 76.22212219 -9.44647503 46.59197617
v 75.73767853 -10.42540550 46.78306198
v 76.57588196 -9.63172340 46.91253662
v 76.07584381 -10.59394455 47.08836746
v 76.93035889 -9.86123371 47.19916916
v 74.91201782 -11.25257683 46.71620178
v 75.21446228 -11.36814022 47.01852798
v 76.65376282 -8.44503498 46.45389557
v 77.02853394 -8.64896870 46.79241943
v 77.39976501 -8.90321636 47.09300995
v 77.76785278 -9.20859528 47.35657120
v 77.01820374 -7.43751144 46.37633514
v 77.41912079 -7.66245222 46.73538208
v 77.81269836 -7.94412470 47.05187607
v 78.19731140 -8.28196049 47.32741547
v 78.57127380 -8.67668724 47.55987930
v 77.26406860 -6.59091568 46.36275101
v 77.69071960 -6.83607054 46.74113846
v 78.10730743 -7.14353848 47.07260513
v 78.51033783 -7.51132298 47.35925293
v 78.89556122 -7.93819475 47.59945679
v 79.07302094 -8.16727543 47.69781494
v 77.89797974 -6.03063965 46.79962921
v 78.50627136 -5.62380409 47.28028107
v 78.34098053 -6.36662579 47.14786530
v 78.76658630 -6.76680088 47.44691467
v 79.16792297 -7.22779894 47.69531631
v 79.35148621 -7.47438669 47.79679871
v 79.52269745 -7.73115396 47.88436127
v 78.95906830 -6.05865526 47.59366989
v 79.38243866 -6.55555058 47.85138321
v 79.57527924 -6.82016659 47.95603943
v 79.75512695 -7.09548283 48.04591370
v 77.98212433 -10.81860828 47.82643890
v 77.47223663 -11.66876030 47.96466064
v 76.94705963 -12.49957180 48.15471649
v 77.54490662 -2.65614700 47.47402954
v 79.58151245 -4.84711885 48.65144348
v 79.71027374 -5.03187609 48.69527817
v 70.81896210 -20.49120331 55.64426041
v 70.60277557 -20.48375893 55.26682281
v 71.65946198 -20.66570473 55.15023422
v 73.77708435 -20.95477676 54.83136368
v 74.35476685 -21.03946877 54.71487808
v 75.00313568 -21.15473557 54.56508255
v 75.72600555 -21.31146622 54.37369156
v 76.73533630 -21.52749062 54.50780106
v 75.94197083 -21.31885529 54.75125504
v 75.21934509 -21.16218376 54.94250870
v 74.57117462 -21.04695892 55.09218597
v 73.99365997 -20.96229553 55.20857620
v 71.87582397 -20.67318535 55.52757263
v 68.62142944 -20.11254883 54.97924805
v 68.84421539 -20.16635323 54.96879959
v 65.54928589 -19.36389923 54.39970398
v 87.77239990 -24.49904251 52.83544159
v 87.70804596 -24.44522285 52.68234253
v 87.80680847 -24.31246376 52.53593063
v 87.90929413 -24.16909981 52.39717484
v 88.05808258 -24.03975868 52.31412125
v 88.35599518 -23.75572014 52.15769958
v 88.35302734 -23.86650276 52.28671265
v 88.53637695 -23.69744110 52.21488953
v 88.56997681 -23.78136444 52.35690308
v 88.78549957 -23.58167267 52.29018021
v 88.79086304 -23.72929764 52.54043579
v 87.90689850 -24.30655098 52.58913040
v 88.31733704 -24.13181686 52.68879700
v 88.35095978 -23.96827698 52.42728043
v 88.71724701 -23.51824760 52.14604950
v 88.64730072 -23.44211197 52.01312637
v 88.50270081 -23.60275078 52.08440781
v 87.98240662 -24.17701721 52.44709015
v 87.73395538 -24.67345238 53.00049591
v 88.08887482 -24.46029472 52.91524124
v 88.48134613 -24.17674828 52.81026840
v 88.90979767 -23.80381584 52.67193985
f 1 2 3
f 3 2 4
f 3 4 5
f 5 4 6
f 5 6 7
f 7 6 8
f 7 8 9
f 9 8 10
f 9 10 11
f 11 10 12
f 11 12 13
f 13 12 14
f 13 14 15
f 2 1 16
f 16 1 17
f 16 17 18
f 18 17 19
f 18 19 20
f 20 19 21
f 20 21 22
f 22 21 23
f 22 23 24
f 24 23 25
f 25 23 26
f 25 26 15
f 15 26 13
f 27 28 29
f 29 28 30
f 29 30 31
f 31 30 32
f 31 32 33
f 34 35 27
f 27 35 36
f 27 36 28
f 35 34 37
f 37 34 38
f 37 38 39
f 39 38 40
f 40 38 41
f 40 41 42
f 43 44 42
f 42 44 45
f 42 45 40
f 40 45 46
f 40 46 47
f 47 46 48
f 47 48 49
f 49 48 50
f 49 50 51
f 51 50 52
f 51 52 53
f 53 52 54
f 53 54 55
f 43 56 44
f 44 56 57
f 57 56 58
f 57 58 59
f 59 58 60
f 59 60 61
f 61 60 62
f 61 62 63
f 63 62 64
f 63 64 65
f 65 64 66
f 66 64 67
f 66 67 68
f 68 67 69
f 68 69 70
f 70 69 71
f 71 69 72
f 71 72 73
f 73 72 74
f 73 74 75
f 75 74 76
f 75 76 77
f 77 76 78
f 77 78 79
f 56 80 58
f 58 80 81
f 58 81 82
f 82 81 83
f 83 81 84
f 83 84 33
f 33 84 31
f 77 79 85
f 85 79 86
f 85 86 87
f 87 86 88
f 87 88 89
f 87 89 90
f 90 89 91
f 90 91 92
f 92 91 93
f 92 93 94
f 94 93 95
f 94 95 96
f 94 96 97
f 97 96 98
f 97 98 99
f 99 98 100
f 99 100 101
f 101 100 102
f 101 102 103
f 103 102 104
f 103 104 105
f 105 104 106
f 106 104 107
f 106 107 108
f 108 107 109
f 108 109 110
f 110 109 111
f 111 109 112
f 111 112 113
f 113 112 114
f 113 114 115
f 115 114 116
f 115 116 117
f 117 116 118
f 117 118 119
f 119 118 120
f 119 120 121
f 121 120 122
f 121 122 123
f 121 123 124
f 124 123 125
f 124 125 126
f 126 125 127
f 126 127 128
f 128 127 129
f 128 129 130
f 130 129 131
f 130 131 132
f 132 131 133
f 132 133 134
f 134 133 135
f 134 135 136
f 136 135 137
f 136 137 138
f 138 137 139
f 138 139 140
f 140 139 141
f 141 139 6
f 141 6 4
f 2 16 142
f 142 16 143
f 142 143 144
f 144 143 145
f 145 143 146
f 145 146 147
f 147 146 148
f 147 148 149
f 149 148 150
f 149 150 151
f 151 150 152
f 151 152 153
f 153 152 154
f 153 154 155
f 155 154 156
f 155 156 157
f 157 156 158
f 157 158 159
f 159 158 160
f 159 160 161
f 161 160 162
f 161 162 163
f 163 162 164
f 163 164 165
f 165 164 166
f 165 166 167
f 165 167 168
f 168 167 169
f 168 169 170
f 170 169 171
f 170 171 172
f 172 171 173
f 172 173 174
f 174 173 175
f 175 173 176
f 175 176 177
f 177 176 178
f 178 176 179
f 178 179 180
f 180 179 181
f 180 181 182
f 182 181 183
f 183 181 184
f 183 184 185
f 185 184 186
f 185 186 187
f 187 186 188
f 187 188 189
f 189 188 190
f 189 190 191
f 189 191 192
f 192 191 193
f 192 193 194
f 192 194 195
f 195 194 196
f 195 196 197
f 195 197 198
f 198 197 199
f 198 199 200
f 200 199 201
f 200 201 202
f 200 202 203
f 203 202 204
f 203 204 205
f 205 204 206
f 205 206 207
f 207 206 208
f 207 208 55
f 55 208 53
f 209 2 142
f 4 210 141
f 211 212 213
f 213 212 214
f 213 214 215
f 215 214 216
f 215 216 217
f 217 216 218
f 217 218 219
f 212 211 220
f 220 211 221
f 220 221 222
f 220 222 223
f 223 222 224
f 223 224 216
f 216 224 218
f 219 225 217
f 217 225 226
f 217 226 227
f 227 226 228
f 227 228 229
f 229 228 230
f 230 228 231
f 231 228 232
f 232 228 226
f 233 213 229
f 229 213 215
f 229 215 227
f 227 215 217
f 220 223 212
f 212 223 214
f 223 216 214
f 234 235 236
f 236 235 237
f 236 237 238
f 238 237 239
f 238 239 240
f 240 239 241
f 240 241 242
f 242 241 243
f 242 243 244
f 244 243 245
f 244 245 211
f 211 245 221
f 221 245 246
f 221 246 222
f 222 246 247
f 247 246 248
f 247 248 249
f 249 248 250
f 249 250 251
f 251 250 239
f 239 250 241
f 244 211 252
f 252 211 213
f 252 213 253
f 253 213 254
f 253 254 255
f 255 254 234
f 255 234 236
f 243 241 250
f 255 236 238
f 238 240 256
f 256 240 242
f 256 242 252
f 252 242 244
f 245 243 248
f 248 243 250
f 246 245 248
f 253 255 256
f 256 255 238
f 253 256 252
f 257 258 259
f 259 258 260
f 259 260 261
f 259 261 262
f 262 261 263
f 262 263 264
f 264 263 265
f 264 265 266
f 266 265 267
f 266 267 268
f 268 267 269
f 268 269 237
f 237 269 239
f 239 269 270
f 239 270 251
f 251 270 271
f 271 270 272
f 271 272 273
f 273 272 274
f 273 274 275
f 275 274 276
f 276 274 265
f 276 265 263
f 275 277 273
f 268 237 278
f 278 237 235
f 278 235 279
f 279 235 280
f 279 280 281
f 281 280 257
f 281 257 259
f 267 265 274
f 281 259 262
f 262 264 282
f 282 264 266
f 282 266 278
f 278 266 268
f 269 267 272
f 272 267 274
f 270 269 272
f 279 281 282
f 282 281 262
f 279 282 278
f 275 276 277
f 277 276 263
f 277 263 12
f 12 263 261
f 12 261 260
f 260 258 12
f 12 258 14
f 14 258 283
f 14 283 15
f 15 283 284
f 15 284 285
f 15 285 25
f 25 285 286
f 25 286 287
f 25 287 24
f 24 287 288
f 24 288 22
f 22 288 289
f 22 289 290
f 290 291 22
f 22 291 292
f 22 292 293
f 291 294 292
f 292 294 295
f 293 296 22
f 22 296 20
f 20 296 297
f 20 297 18
f 18 297 298
f 10 299 12
f 12 299 300
f 12 300 277
f 299 10 301
f 301 10 8
f 301 8 302
f 283 258 288
f 288 258 257
f 288 257 303
f 303 257 280
f 303 280 304
f 304 280 305
f 305 280 235
f 288 287 283
f 283 287 284
f 284 287 286
f 284 286 285
f 305 235 306
f 306 235 234
f 306 234 254
f 213 307 254
f 254 307 308
f 254 308 306
f 233 309 213
f 213 309 310
f 213 310 311
f 213 311 307
f 307 311 312
f 307 312 313
f 313 314 307
f 315 292 316
f 316 292 295
f 316 295 294
f 316 294 317
f 317 294 291
f 317 291 290
f 317 290 318
f 318 290 289
f 318 289 319
f 319 289 288
f 319 288 320
f 320 288 303
f 320 303 321
f 321 303 304
f 321 304 322
f 322 304 305
f 322 305 323
f 322 323 324
f 324 323 325
f 324 325 326
f 326 325 327
f 326 327 328
f 328 327 329
f 328 329 318
f 318 329 317
f 327 325 330
f 330 325 331
f 330 331 332
f 330 332 333
f 333 332 315
f 333 315 316
f 328 318 319
f 319 320 334
f 334 320 321
f 334 321 324
f 324 321 322
f 333 316 317
f 333 317 329
f 326 328 334
f 334 328 319
f 326 334 324
f 330 333 329
f 330 329 327
f 308 307 335
f 335 307 336
f 335 336 337
f 337 336 338
f 337 338 339
f 339 338 340
f 339 340 341
f 341 340 342
f 341 342 343
f 343 342 344
f 343 344 323
f 323 344 325
f 325 344 345
f 325 345 331
f 331 345 346
f 346 345 347
f 346 347 348
f 348 347 349
f 348 349 350
f 350 349 338
f 338 349 340
f 343 323 351
f 351 323 305
f 351 305 352
f 352 305 306
f 352 306 353
f 353 306 308
f 353 308 335
f 342 340 349
f 353 335 337
f 337 339 354
f 354 339 341
f 354 341 351
f 351 341 343
f 344 342 347
f 347 342 349
f 345 344 347
f 352 353 354
f 354 353 337
f 352 354 351
f 355 356 314
f 314 356 357
f 314 357 358
f 358 357 359
f 358 359 360
f 360 359 361
f 360 361 350
f 355 362 356
f 356 362 363
f 356 363 364
f 365 366 364
f 364 366 356
f 367 368 366
f 366 368 357
f 366 357 356
f 367 369 368
f 368 369 361
f 368 361 359
f 360 350 370
f 370 350 338
f 370 338 371
f 371 338 336
f 371 336 307
f 314 358 307
f 307 358 372
f 307 372 371
f 371 372 370
f 368 359 357
f 370 372 360
f 360 372 358
f 373 374 375
f 375 374 376
f 375 376 377
f 377 376 378
f 377 378 379
f 379 378 380
f 379 380 381
f 374 373 382
f 382 373 383
f 382 383 384
f 361 385 350
f 350 385 348
f 348 385 346
f 346 385 331
f 331 385 332
f 332 385 293
f 332 293 315
f 315 293 292
f 249 251 386
f 386 251 271
f 386 271 300
f 300 271 273
f 300 273 277
f 224 222 386
f 386 222 247
f 386 247 249
f 387 388 311
f 311 388 389
f 311 389 390
f 390 391 311
f 311 310 387
f 387 310 309
f 387 309 233
f 233 229 387
f 387 229 230
f 387 230 231
f 231 232 387
f 387 232 226
f 387 226 225
f 225 219 387
f 387 219 392
f 392 219 393
f 392 393 394
f 394 393 395
f 394 395 396
f 396 395 397
f 397 395 398
f 398 395 399
f 399 395 400
f 400 395 401
f 400 401 402
f 402 401 403
f 402 403 404
f 404 403 405
f 404 405 406
f 406 405 407
f 406 407 408
f 408 407 409
f 409 407 410
f 409 410 411
f 219 218 393
f 393 218 224
f 393 224 395
f 395 224 401
f 401 224 412
f 412 224 386
f 412 386 413
f 414 415 412
f 412 415 416
f 412 416 401
f 401 416 405
f 401 405 403
f 417 418 414
f 414 418 405
f 414 405 416
f 417 419 418
f 418 419 405
f 410 420 419
f 419 420 407
f 419 407 405
f 421 422 411
f 411 422 423
f 411 423 409
f 424 425 421
f 421 425 426
f 421 426 422
f 422 426 423
f 425 424 427
f 427 424 428
f 427 428 429
f 429 428 430
f 429 430 431
f 431 430 428
f 432 433 431
f 431 433 434
f 431 434 429
f 433 432 435
f 435 432 436
f 435 436 437
f 437 436 438
f 437 438 439
f 439 438 440
f 439 440 441
f 441 440 442
f 441 442 443
f 443 442 444
f 443 444 445
f 445 444 446
f 445 446 447
f 447 446 442
f 442 446 444
f 438 442 440
f 448 449 447
f 447 449 450
f 447 450 445
f 445 450 451
f 451 450 452
f 452 450 453
f 453 450 454
f 453 454 455
f 455 454 456
f 455 456 457
f 457 456 458
f 458 456 459
f 459 456 460
f 459 460 461
f 461 460 462
f 462 460 463
f 462 463 464
f 464 463 465
f 464 465 466
f 466 465 467
f 466 467 468
f 468 467 469
f 468 469 470
f 470 469 471
f 470 471 472
f 473 474 448
f 448 474 454
f 448 454 450
f 474 473 454
f 454 473 475
f 454 475 456
f 456 475 476
f 456 476 477
f 477 476 475
f 478 479 477
f 477 479 460
f 477 460 456
f 480 481 478
f 478 481 463
f 478 463 460
f 482 483 480
f 480 483 467
f 480 467 463
f 463 467 465
f 484 485 482
f 482 485 469
f 482 469 467
f 486 487 484
f 484 487 469
f 484 469 485
f 487 486 488
f 488 486 489
f 488 489 487
f 487 489 490
f 487 490 491
f 491 490 492
f 492 490 493
f 493 490 494
f 493 494 495
f 495 494 496
f 496 494 497
f 497 494 498
f 498 494 499
f 498 499 500
f 500 499 494
f 500 494 490
f 490 489 501
f 501 489 500
f 501 500 490
f 487 491 502
f 502 491 471
f 502 471 487
f 487 471 469
f 472 503 470
f 470 503 468
f 503 504 468
f 468 504 505
f 468 505 466
f 439 435 437
f 435 434 433
f 427 426 425
f 394 506 392
f 414 416 415
f 482 467 483
f 480 463 481
f 478 460 479
f 448 450 449
f 420 410 407
f 300 299 386
f 386 299 301
f 386 301 302
f 302 413 386
f 507 508 509
f 509 508 510
f 510 508 511
f 511 508 512
f 512 508 513
f 512 513 514
f 514 513 515
f 514 515 516
f 516 515 517
f 516 517 518
f 516 518 519
f 519 518 520
f 519 520 521
f 519 521 522
f 522 521 523
f 522 523 524
f 524 523 525
f 524 525 526
f 526 525 527
f 526 527 528
f 528 527 529
f 529 527 530
f 529 530 531
f 531 530 532
f 531 532 533
f 533 532 534
f 533 534 535
f 536 507 537
f 537 507 509
f 538 508 536
f 536 508 507
f 539 513 538
f 538 513 508
f 540 515 539
f 539 515 513
f 541 517 540
f 540 517 515
f 542 518 541
f 541 518 517
f 543 520 542
f 542 520 518
f 520 543 521
f 521 543 544
f 521 544 545
f 545 523 521
f 523 545 525
f 525 545 546
f 525 546 527
f 527 546 547
f 547 548 527
f 527 548 530
f 530 548 549
f 530 549 532
f 550 537 510
f 510 537 509
f 531 551 529
f 529 551 552
f 529 552 528
f 528 552 553
f 551 531 554
f 554 531 533
f 555 554 535
f 535 554 533
f 553 556 528
f 528 556 526
f 526 556 557
f 526 557 524
f 557 558 524
f 524 558 522
f 522 558 559
f 522 559 519
f 549 560 532
f 532 560 534
f 534 560 555
f 534 555 535
f 559 561 519
f 519 561 516
f 561 562 516
f 516 562 514
f 562 563 514
f 514 563 512
f 563 564 512
f 512 564 511
f 564 550 511
f 511 550 510
f 565 566 567
f 567 566 568
f 567 568 569
f 569 568 570
f 569 570 571
f 571 570 572
f 572 570 573
f 572 573 574
f 572 574 575
f 575 574 576
f 575 576 577
f 577 576 578
f 577 578 579
f 579 578 580
f 579 580 581
f 579 581 582
f 582 581 583
f 582 583 584
f 584 583 585
f 584 585 586
f 586 585 565
f 586 565 567
f 587 588 566
f 566 588 568
f 589 570 588
f 588 570 568
f 590 573 589
f 589 573 570
f 591 574 590
f 590 574 573
f 592 576 591
f 591 576 574
f 593 587 565
f 565 587 566
f 594 595 571
f 571 595 596
f 571 596 569
f 569 596 597
f 569 597 598
f 599 567 598
f 598 567 569
f 599 600 567
f 567 600 601
f 567 601 586
f 586 601 602
f 586 602 603
f 603 604 586
f 586 604 584
f 605 594 572
f 572 594 571
f 606 583 607
f 607 583 581
f 607 581 608
f 608 581 580
f 609 585 606
f 606 585 583
f 608 580 610
f 610 580 578
f 593 565 609
f 609 565 585
f 610 578 592
f 592 578 576
f 611 605 575
f 575 605 572
f 612 611 577
f 577 611 575
f 613 614 579
f 579 614 615
f 579 615 616
f 612 577 616
f 616 577 579
f 617 613 582
f 582 613 579
f 604 617 584
f 584 617 582
f 618 619 620
f 620 619 621
f 620 621 622
f 622 621 623
f 623 621 624
f 624 621 625
f 624 625 626
f 626 625 627
f 626 627 628
f 628 627 629
f 628 629 630
f 630 629 631
f 630 631 632
f 632 631 633
f 632 633 634
f 634 633 635
f 634 635 636
f 636 635 637
f 636 637 638
f 638 637 639
f 638 639 640
f 640 639 641
f 640 641 642
f 642 641 643
f 642 643 644
f 644 643 645
f 644 645 646
f 646 645 647
f 646 647 648
f 648 647 649
f 648 649 650
f 650 649 651
f 651 649 652
f 651 652 653
f 619 654 621
f 621 654 625
f 625 654 655
f 655 654 656
f 655 656 657
f 657 656 658
f 657 658 659
f 659 658 589
f 659 589 588
f 660 610 658
f 658 610 592
f 658 592 591
f 661 607 660
f 660 607 608
f 660 608 610
f 662 593 661
f 661 593 609
f 661 609 606
f 663 664 662
f 662 664 587
f 662 587 593
f 665 666 663
f 663 666 667
f 663 667 664
f 664 667 668
f 664 668 587
f 587 668 588
f 588 668 669
f 588 669 659
f 659 669 670
f 659 670 671
f 671 670 672
f 671 672 673
f 673 672 674
f 673 674 631
f 631 674 675
f 631 675 633
f 633 675 676
f 633 676 635
f 635 676 677
f 635 677 637
f 637 677 678
f 637 678 639
f 639 678 679
f 639 679 641
f 666 665 680
f 680 665 681
f 680 681 682
f 682 681 683
f 682 683 672
f 672 683 674
f 681 684 683
f 683 684 685
f 683 685 674
f 674 685 675
f 684 686 685
f 685 686 687
f 685 687 675
f 675 687 676
f 686 688 687
f 687 688 689
f 687 689 690
f 690 689 691
f 690 691 692
f 692 691 693
f 692 693 694
f 691 695 693
f 694 696 692
f 692 696 697
f 692 697 678
f 678 697 679
f 649 647 698
f 698 647 699
f 698 699 652
f 651 653 700
f 700 653 701
f 700 701 702
f 702 701 703
f 702 703 704
f 704 703 705
f 704 705 706
f 701 705 703
f 707 708 706
f 706 708 709
f 706 709 704
f 704 709 710
f 704 710 711
f 711 710 712
f 711 712 713
f 708 707 714
f 714 707 715
f 714 715 716
f 717 718 716
f 716 718 719
f 716 719 714
f 714 719 708
f 720 721 717
f 717 721 722
f 717 722 718
f 718 722 723
f 718 723 719
f 719 723 724
f 719 724 708
f 708 724 709
f 720 725 721
f 721 725 726
f 721 726 727
f 727 726 728
f 727 728 729
f 729 728 730
f 729 730 731
f 731 730 732
f 731 732 733
f 733 732 734
f 733 734 735
f 735 734 736
f 735 736 737
f 737 736 738
f 737 738 739
f 739 738 740
f 739 740 741
f 741 740 742
f 742 740 743
f 742 743 744
f 744 743 745
f 744 745 746
f 746 745 747
f 746 747 748
f 748 747 749
f 748 749 750
f 750 749 751
f 750 751 752
f 752 751 726
f 752 726 753
f 753 726 725
f 753 725 754
f 753 754 752
f 752 754 755
f 752 755 756
f 752 756 750
f 750 756 757
f 750 757 748
f 748 757 758
f 748 758 746
f 746 758 759
f 746 759 760
f 760 744 746
f 739 741 761
f 761 741 762
f 761 762 763
f 763 762 764
f 764 762 765
f 739 761 766
f 766 761 767
f 766 767 739
f 739 767 737
f 735 768 733
f 733 768 769
f 733 769 731
f 731 769 770
f 731 770 729
f 729 770 771
f 729 771 727
f 727 771 722
f 727 722 721
f 768 712 769
f 769 712 772
f 769 772 770
f 770 772 773
f 770 773 771
f 771 773 723
f 771 723 722
f 711 713 704
f 704 713 702
f 648 650 774
f 774 650 775
f 774 775 776
f 776 775 777
f 776 777 778
f 776 778 779
f 779 778 780
f 779 780 781
f 779 781 782
f 782 781 783
f 782 783 784
f 784 783 785
f 784 785 786
f 787 632 786
f 786 632 634
f 786 634 784
f 784 634 636
f 784 636 782
f 782 636 638
f 782 638 788
f 788 638 640
f 788 640 789
f 789 640 642
f 789 642 790
f 790 642 644
f 790 644 648
f 648 644 646
f 787 791 632
f 632 791 630
f 630 792 628
f 628 792 793
f 628 793 626
f 626 793 794
f 626 794 624
f 624 794 795
f 606 607 661
f 591 590 658
f 658 590 589
f 657 796 655
f 655 796 627
f 655 627 625
f 627 796 629
f 629 796 673
f 629 673 631
f 659 671 657
f 657 671 796
f 671 673 796
f 648 774 790
f 790 774 789
f 779 782 788
f 774 776 789
f 789 776 788
f 776 779 788
f 682 672 670
f 668 667 669
f 669 667 670
f 692 678 677
f 687 690 676
f 676 690 677
f 690 692 677
f 666 680 682
f 667 666 682
f 670 667 682
f 652 649 698
f 773 772 710
f 710 772 712
f 773 710 724
f 724 710 709
f 738 736 734
f 738 734 732
f 723 773 724
f 738 732 797
f 797 732 730
f 797 730 798
f 798 730 799
f 798 799 749
f 749 799 751
f 799 730 728
f 743 740 797
f 797 740 738
f 743 797 798
f 751 799 728
f 751 728 726
f 747 745 743
f 749 747 798
f 798 747 743
f 800 801 802
f 802 801 803
f 802 803 804
f 804 803 805
f 804 805 806
f 806 805 807
f 806 807 808
f 808 807 809
f 808 809 810
f 810 809 811
f 810 811 812
f 812 811 813
f 812 813 814
f 814 813 815
f 814 815 816
f 816 815 817
f 816 817 818
f 818 817 819
f 818 819 820
f 820 819 821
f 820 821 822
f 822 821 823
f 823 821 824
f 823 824 825
f 825 824 826
f 825 826 827
f 827 826 828
f 828 826 829
f 829 826 830
f 829 830 831
f 831 830 832
f 831 832 817
f 817 832 819
f 800 833 801
f 801 833 834
f 801 834 803
f 803 834 835
f 803 835 805
f 805 835 807
f 836 837 833
f 833 837 838
f 833 838 834
f 834 838 837
f 834 837 839
f 839 837 840
f 839 840 841
f 841 840 842
f 841 842 809
f 809 842 811
f 843 840 836
f 836 840 837
f 813 844 815
f 815 844 831
f 815 831 817
f 844 829 831
f 827 845 825
f 820 846 818
f 818 846 847
f 818 847 816
f 816 847 848
f 816 848 814
f 814 848 812
f 847 846 849
f 849 846 804
f 849 804 850
f 850 804 806
f 850 806 808
f 834 839 835
f 835 839 841
f 835 841 807
f 807 841 809
f 808 810 851
f 851 810 812
f 851 812 848
f 849 850 851
f 851 850 808
f 849 851 848
f 849 848 847
f 832 830 824
f 824 830 826
f 819 832 821
f 821 832 824
f 852 630 853
f 853 630 791
f 853 791 787
f 786 854 787
f 787 854 855
f 787 855 853
f 853 855 852
f 785 856 786
f 786 856 857
f 786 857 854
f 854 857 855
f 785 858 856
f 856 858 859
f 856 859 860
f 860 859 861
f 860 861 862
f 862 861 863
f 862 863 864
f 864 863 865
f 865 863 866
f 865 866 867
f 867 866 868
f 867 868 869
f 869 868 870
f 869 870 871
f 871 870 872
f 871 872 873
f 873 872 874
f 873 874 875
f 875 874 876
f 875 876 877
f 877 876 878
f 877 878 879
f 880 881 858
f 858 881 882
f 858 882 859
f 859 882 861
f 874 872 880
f 880 872 883
f 880 883 881
f 881 883 884
f 881 884 885
f 885 884 866
f 885 866 863
f 874 886 876
f 876 886 878
f 887 888 879
f 879 888 889
f 879 889 877
f 877 889 890
f 877 890 875
f 875 890 873
f 888 891 889
f 889 891 892
f 889 892 890
f 890 892 871
f 890 871 873
f 891 893 892
f 892 893 869
f 892 869 871
f 893 867 869
f 862 864 894
f 894 864 895
f 894 895 896
f 896 895 852
f 896 852 897
f 897 852 855
f 897 855 857
f 896 897 857
f 896 857 898
f 898 857 856
f 898 856 860
f 894 896 898
f 894 898 860
f 861 882 885
f 885 882 881
f 885 863 861
f 860 862 894
f 884 883 870
f 870 883 872
f 866 884 868
f 868 884 870
f 899 900 901
f 901 900 902
f 901 902 903
f 903 902 904
f 903 904 905
f 905 904 906
f 905 906 907
f 905 907 908
f 908 907 909
f 908 909 910
f 910 909 911
f 910 911 912
f 912 911 913
f 912 913 914
f 914 913 915
f 914 915 916
f 911 917 913
f 913 917 915
f 914 916 918
f 918 916 919
f 918 919 920
f 918 920 921
f 921 920 922
f 921 922 923
f 923 922 924
f 923 924 925
f 925 924 903
f 925 903 905
f 922 926 924
f 924 926 901
f 924 901 903
f 926 899 901
f 905 908 925
f 925 908 927
f 925 927 923
f 923 927 921
f 908 910 927
f 927 910 928
f 927 928 921
f 921 928 918
f 912 914 928
f 928 914 918
f 910 912 928
f 929 930 931
f 931 930 932
f 931 932 933
f 933 932 934
f 933 934 935
f 935 934 936
f 935 936 902
f 902 936 904
f 904 936 937
f 904 937 906
f 930 938 932
f 932 938 939
f 932 939 934
f 934 939 940
f 934 940 936
f 936 940 937
f 938 941 939
f 902 900 935
f 942 941 943
f 943 941 938
f 943 938 944
f 944 938 930
f 944 930 945
f 945 930 946
f 945 946 947
f 930 929 946
f 945 947 948
f 948 947 949
f 948 949 950
f 950 949 951
f 950 951 952
f 952 951 953
f 952 953 954
f 954 953 955
f 954 955 956
f 949 957 951
f 951 957 958
f 951 958 953
f 953 958 959
f 953 959 955
f 957 960 958
f 958 960 959
f 956 961 954
f 954 961 962
f 954 962 952
f 952 962 963
f 952 963 950
f 950 963 948
f 961 964 962
f 962 964 965
f 962 965 963
f 963 965 966
f 963 966 948
f 948 966 945
f 965 964 967
f 967 964 942
f 967 942 943
f 967 943 944
f 967 944 966
f 966 944 945
f 965 967 966
f 916 968 919
f 919 968 969
f 919 969 886
f 886 969 878
f 878 969 970
f 878 970 879
f 879 970 971
f 879 971 972
f 972 971 973
f 973 971 974
f 973 974 917
f 917 974 915
f 915 974 975
f 915 975 916
f 916 975 970
f 916 970 969
f 972 887 879
f 916 969 968
f 970 975 974
f 971 970 974
f 976 956 977
f 977 956 955
f 977 955 978
f 978 955 979
f 978 979 825
f 825 979 823
f 823 979 980
f 823 980 981
f 981 980 979
f 981 979 982
f 982 979 955
f 982 955 959
f 982 959 981
f 981 959 960
f 981 960 823
f 823 960 822
f 825 845 978
f 978 845 983
f 978 983 976
f 978 976 977
f 976 984 956
f 956 984 985
f 956 985 986
f 986 985 987
f 986 987 988
f 988 987 989
f 989 987 990
f 989 990 991
f 991 990 992
f 991 992 993
f 993 992 994
f 993 994 995
f 995 994 996
f 995 996 997
f 997 996 998
f 997 998 999
f 999 998 1000
f 999 1000 1001
f 1001 1000 1002
f 1001 1002 1003
f 1003 1002 1004
f 1003 1004 1005
f 1005 1004 1006
f 1005 1006 1007
f 1007 1006 1008
f 1007 1008 1009
f 1009 1008 1010
f 1009 1010 1011
f 1011 1010 987
f 1011 987 985
f 976 983 984
f 984 983 845
f 984 845 1012
f 1012 845 1013
f 1012 1013 1014
f 1014 1013 1015
f 1014 1015 1016
f 1016 1015 1017
f 1016 1017 1007
f 1007 1017 1005
f 1015 1018 1017
f 1017 1018 1019
f 1017 1019 1005
f 1005 1019 1003
f 1001 1020 999
f 999 1020 997
f 995 1021 993
f 993 1021 1022
f 993 1022 991
f 991 1022 989
f 1014 1016 1009
f 1009 1016 1007
f 1012 1014 1011
f 1011 1014 1009
f 984 1012 985
f 985 1012 1011
f 1006 1004 1023
f 1023 1004 1002
f 1023 1002 1000
f 1008 1006 1024
f 1024 1006 1023
f 1024 1023 1025
f 1025 1023 1000
f 1025 1000 998
f 1010 1008 1026
f 1026 1008 1024
f 1026 1024 1027
f 1027 1024 1025
f 1027 1025 996
f 996 1025 998
f 987 1010 990
f 990 1010 1026
f 990 1026 992
f 992 1026 1027
f 992 1027 994
f 994 1027 996
f 845 827 1013
f 1013 827 828
f 1013 828 1028
f 1028 828 829
f 1028 829 1029
f 1029 829 1030
f 1029 1030 1031
f 1031 1030 1032
f 1031 1032 1033
f 1033 1032 1034
f 1033 1034 1035
f 1035 1034 1036
f 1035 1036 1037
f 1037 1036 1038
f 1037 1038 1039
f 1039 1038 1040
f 1039 1040 1041
f 1041 1040 811
f 1041 811 842
f 829 844 1030
f 1030 844 1042
f 1030 1042 1032
f 1032 1042 1043
f 1032 1043 1034
f 1034 1043 1044
f 1034 1044 1036
f 1036 1044 1038
f 844 813 1042
f 1042 813 1043
f 1043 813 1045
f 1045 813 811
f 1045 811 1044
f 1044 811 1040
f 1044 1040 1038
f 840 1046 842
f 842 1046 1047
f 842 1047 1039
f 1039 1047 1048
f 1039 1048 1037
f 843 1049 840
f 840 1049 1050
f 840 1050 1046
f 1046 1050 1048
f 1046 1048 1047
f 843 1048 1049
f 1049 1048 1050
f 1037 1051 1035
f 1035 1051 1033
f 1033 1051 1052
f 1052 1051 1018
f 1052 1018 1053
f 1053 1018 1054
f 1053 1054 1055
f 1055 1054 1015
f 1055 1015 1013
f 1018 1015 1054
f 1041 842 1039
f 1013 1028 1055
f 1055 1028 1056
f 1055 1056 1053
f 1053 1056 1052
f 1028 1029 1056
f 1056 1029 1031
f 1056 1031 1052
f 1052 1031 1033
f 1044 1043 1045
f 802 804 1057
f 1057 804 1058
f 1058 804 846
f 1058 846 1059
f 1059 846 1060
f 1060 846 1061
f 1061 846 820
f 1061 820 1062
f 1062 820 822
f 1062 822 1063
f 1063 822 1064
f 1064 822 960
f 1064 960 1065
f 1065 960 957
f 1065 957 1066
f 1066 957 949
f 1066 949 1067
f 1067 949 1068
f 1068 949 947
f 1068 947 1069
f 1069 947 946
f 1069 946 929
f 1069 929 1070
f 1070 929 931
f 1070 931 1071
f 1071 931 933
f 1071 933 1072
f 1072 933 935
f 1072 935 1073
f 1073 935 900
f 1073 900 1074
f 1074 900 899
f 1074 899 926
f 1074 926 1075
f 1075 926 922
f 1075 922 1076
f 1076 922 1077
f 1077 922 920
f 1077 920 1078
f 1078 920 919
f 1078 919 1079
f 1079 919 886
f 1079 886 1080
f 1080 886 1081
f 1081 886 874
f 1081 874 1082
f 1082 874 880
f 1082 880 1083
f 1083 880 775
f 775 880 777
f 777 880 858
f 777 858 778
f 778 858 780
f 780 858 781
f 781 858 783
f 783 858 785
f 895 1084 852
f 852 1084 1085
f 852 1085 1086
f 1086 1085 792
f 1086 792 630
f 864 1087 895
f 895 1087 1088
f 895 1088 1089
f 1089 1088 792
f 1089 792 1084
f 1084 792 1085
f 865 1090 864
f 864 1090 1091
f 864 1091 1092
f 1092 1091 1093
f 1092 1093 1088
f 1088 1093 792
f 867 1094 865
f 865 1094 1095
f 865 1095 1090
f 1090 1095 1096
f 1090 1096 1091
f 1091 1096 1097
f 1091 1097 1098
f 1098 1097 793
f 1098 793 1093
f 1093 793 792
f 1094 867 1099
f 1099 867 893
f 1099 893 1100
f 1100 893 1101
f 1100 1101 1102
f 1102 1101 1103
f 1102 1103 1104
f 1104 1103 1105
f 1104 1105 794
f 794 1105 795
f 795 1105 1106
f 1106 1105 1103
f 1106 1103 1107
f 1107 1103 1101
f 1107 1101 891
f 891 1101 893
f 891 888 1107
f 1107 888 887
f 793 1097 794
f 794 1097 1108
f 794 1108 1109
f 1109 1108 1110
f 1109 1110 1111
f 1111 1110 1094
f 1111 1094 1099
f 1086 630 1112
f 1112 630 852
f 1112 852 1086
f 895 1089 1084
f 1091 1098 1093
f 1088 1087 1092
f 1092 1087 864
f 1104 794 1109
f 1102 1104 1109
f 1111 1099 1100
f 1096 1095 1110
f 1110 1095 1094
f 1097 1096 1108
f 1108 1096 1110
f 1102 1109 1111
f 1102 1111 1100
f 1107 887 1113
f 1113 887 972
f 1113 972 1114
f 1114 972 973
f 1114 973 917
f 1114 917 1115
f 1115 917 1116
f 1115 1116 1117
f 1117 1116 1118
f 1117 1118 1119
f 1119 1118 1120
f 1119 1120 1121
f 1121 1120 1122
f 1121 1122 1123
f 1123 1122 1124
f 1123 1124 1125
f 1125 1124 1126
f 1125 1126 1127
f 1127 1126 1128
f 1127 1128 1129
f 1129 1128 620
f 1129 620 622
f 1116 1130 1118
f 1118 1130 1120
f 1120 1130 1122
f 1122 1130 1131
f 1122 1131 1132
f 1132 1131 1133
f 1132 1133 1134
f 1134 1133 1135
f 1134 1135 1126
f 1126 1135 1128
f 1131 1136 1133
f 1133 1136 1137
f 1133 1137 1135
f 623 1138 622
f 622 1138 1139
f 622 1139 1129
f 1129 1139 1140
f 1129 1140 1127
f 1127 1140 1125
f 624 1141 623
f 623 1141 1142
f 623 1142 1138
f 1138 1142 1143
f 1138 1143 1139
f 1139 1143 1140
f 795 1144 624
f 624 1144 1145
f 624 1145 1146
f 1146 1145 1147
f 1146 1147 1148
f 1148 1147 1149
f 1148 1149 1150
f 1150 1149 1151
f 1150 1151 1152
f 1152 1151 1115
f 1152 1115 1117
f 795 1106 1144
f 1144 1106 1153
f 1144 1153 1145
f 1145 1153 1147
f 1106 1107 1153
f 1153 1107 1154
f 1153 1154 1147
f 1147 1154 1149
f 1154 1107 1113
f 1141 624 1146
f 1124 1122 1132
f 1149 1154 1113
f 1115 1151 1114
f 1114 1151 1113
f 1151 1149 1113
f 1146 1148 1141
f 1141 1148 1155
f 1141 1155 1156
f 1156 1155 1157
f 1156 1157 1158
f 1158 1157 1123
f 1158 1123 1125
f 1148 1150 1155
f 1155 1150 1159
f 1155 1159 1157
f 1157 1159 1121
f 1157 1121 1123
f 1150 1152 1159
f 1159 1152 1119
f 1159 1119 1121
f 1152 1117 1119
f 1142 1141 1156
f 1142 1156 1143
f 1143 1156 1158
f 1143 1158 1140
f 1140 1158 1125
f 1134 1126 1124
f 1124 1132 1134
f 618 620 1160
f 1160 620 1128
f 1160 1128 1161
f 1161 1128 1135
f 1161 1135 1162
f 1162 1135 1137
f 1162 1137 1163
f 1163 1164 1162
f 1162 1164 1161
f 1164 1165 1161
f 1161 1165 1160
f 1165 618 1160
f 1020 618 1166
f 1166 618 1165
f 1166 1165 1167
f 1167 1165 1164
f 1167 1164 1168
f 1168 1164 1163
f 1168 1163 1021
f 1021 995 1168
f 1168 995 1169
f 1168 1169 1170
f 1170 1169 995
f 1170 995 997
f 1170 997 1171
f 1171 997 1020
f 1171 1020 1166
f 1171 1166 1167
f 1171 1167 1170
f 1170 1167 1168
f 942 1172 941
f 941 1172 1173
f 941 1173 1174
f 1174 1173 1175
f 1174 1175 1176
f 1176 1175 961
f 1176 961 1177
f 1177 961 1178
f 1177 1178 1179
f 1179 1178 988
f 1179 988 989
f 942 964 1172
f 1172 964 1173
f 1173 964 1175
f 1175 964 961
f 956 986 961
f 961 986 1178
f 1178 986 1180
f 1180 986 988
f 1180 988 1178
f 1022 1181 989
f 989 1181 1177
f 989 1177 1179
f 1022 1021 1181
f 1181 1021 941
f 1181 941 1174
f 1174 1176 1181
f 1181 1176 1177
f 906 937 1137
f 1137 937 1163
f 1163 937 940
f 1163 940 939
f 941 1021 939
f 939 1021 1163
f 1116 917 1182
f 1182 917 911
f 1182 911 1183
f 1183 911 1184
f 1183 1184 1185
f 1185 1184 1186
f 1185 1186 1187
f 1187 1186 1136
f 1187 1136 1131
f 1184 911 1188
f 1188 911 909
f 1188 909 1189
f 1189 909 1190
f 1189 1190 1136
f 1136 1190 906
f 1136 906 1137
f 909 907 1190
f 1190 907 906
f 1130 1191 1131
f 1131 1191 1185
f 1131 1185 1187
f 1116 1182 1130
f 1130 1182 1183
f 1130 1183 1185
f 1189 1136 1186
f 1130 1185 1191
f 1189 1186 1184
f 1188 1189 1184
f 1192 1193 1194
f 1194 1193 1195
f 1194 1195 1196
f 1196 1195 1197
f 1196 1197 1198
f 1198 1197 1199
f 1198 1199 1200
f 1200 1199 1201
f 1200 1201 1072
f 1072 1201 1071
f 1202 1203 1204
f 1204 1203 1205
f 1204 1205 1206
f 1206 1205 1207
f 1206 1207 1208
f 1208 1207 1209
f 1208 1209 1210
f 1210 1209 1211
f 1210 1211 1212
f 1212 1211 1213
f 1212 1213 1214
f 1214 1213 1215
f 1214 1215 1216
f 1216 1215 1217
f 1216 1217 1218
f 1218 1217 1219
f 1218 1219 1220
f 1220 1219 1221
f 1220 1221 1222
f 1222 1221 1223
f 1222 1223 1224
f 1224 1223 1225
f 1224 1225 1199
f 1199 1225 1201
f 1201 1225 1226
f 1201 1226 1071
f 1071 1226 1070
f 1070 1226 1227
f 1070 1227 1069
f 1069 1227 1228
f 1069 1228 1229
f 1229 1228 1221
f 1229 1221 1219
f 1207 1230 1209
f 1209 1230 1231
f 1209 1231 1211
f 1211 1231 1232
f 1211 1232 1213
f 1213 1232 1233
f 1213 1233 1215
f 1215 1233 1234
f 1215 1234 1217
f 1217 1234 1235
f 1217 1235 1219
f 1219 1235 1229
f 1230 1063 1231
f 1231 1063 1064
f 1231 1064 1065
f 1066 1233 1065
f 1065 1233 1232
f 1065 1232 1231
f 1233 1066 1234
f 1234 1066 1067
f 1234 1067 1235
f 1235 1067 1068
f 1235 1068 1229
f 1229 1068 1069
f 1199 1197 1224
f 1224 1197 1236
f 1224 1236 1222
f 1222 1236 1237
f 1222 1237 1220
f 1220 1237 1238
f 1220 1238 1218
f 1218 1238 1239
f 1218 1239 1216
f 1216 1239 1240
f 1216 1240 1214
f 1214 1240 1241
f 1214 1241 1212
f 1212 1241 1242
f 1212 1242 1210
f 1210 1242 1243
f 1210 1243 1208
f 1208 1243 1206
f 1197 1195 1236
f 1236 1195 1244
f 1236 1244 1237
f 1237 1244 1245
f 1237 1245 1238
f 1238 1245 1246
f 1238 1246 1239
f 1239 1246 1247
f 1239 1247 1240
f 1240 1247 1248
f 1240 1248 1241
f 1241 1248 1249
f 1241 1249 1242
f 1242 1249 1250
f 1242 1250 1243
f 1243 1250 1251
f 1243 1251 1206
f 1206 1251 1204
f 1195 1193 1244
f 1244 1193 1252
f 1244 1252 1245
f 1245 1252 1246
f 1252 1253 1246
f 1246 1253 1247
f 1253 1254 1247
f 1247 1254 1248
f 1254 1255 1248
f 1248 1255 1249
f 1249 1255 1250
f 1250 1255 1202
f 1250 1202 1251
f 1251 1202 1204
f 1223 1221 1228
f 1226 1225 1227
f 1227 1225 1223
f 1227 1223 1228
f 700 1256 651
f 651 1256 1257
f 651 1257 1258
f 1258 1257 1259
f 1258 1259 1260
f 1260 1259 1261
f 1260 1261 1079
f 1079 1261 1078
f 1078 1261 1262
f 1078 1262 1263
f 1263 1262 1264
f 1263 1264 1265
f 1265 1264 1266
f 1265 1266 1267
f 1267 1266 1268
f 1267 1268 1269
f 1269 1268 1270
f 1269 1270 1271
f 1271 1270 1272
f 1271 1272 1273
f 1256 700 1274
f 1274 700 1272
f 1274 1272 1270
f 1275 1276 1273
f 1273 1276 1277
f 1273 1277 1271
f 1271 1277 1278
f 1271 1278 1269
f 1269 1278 1279
f 1269 1279 1267
f 1267 1279 1280
f 1267 1280 1265
f 1265 1280 1281
f 1265 1281 1263
f 1263 1281 1077
f 1263 1077 1078
f 1276 1275 1282
f 1282 1275 1283
f 1282 1283 1284
f 1284 1283 1285
f 1284 1285 1286
f 1286 1285 1287
f 1286 1287 1288
f 1288 1287 1194
f 1288 1194 1196
f 1285 1192 1287
f 1287 1192 1194
f 1288 1196 1289
f 1289 1196 1198
f 1289 1198 1290
f 1290 1198 1200
f 1290 1200 1291
f 1291 1200 1072
f 1291 1072 1073
f 1291 1073 1292
f 1292 1073 1074
f 1292 1074 1293
f 1293 1074 1294
f 1293 1294 1295
f 1295 1294 1296
f 1295 1296 1297
f 1297 1296 1279
f 1297 1279 1278
f 1074 1075 1294
f 1294 1075 1298
f 1294 1298 1296
f 1296 1298 1280
f 1296 1280 1279
f 1075 1076 1298
f 1298 1076 1281
f 1298 1281 1280
f 1076 1077 1281
f 1079 1080 1260
f 1270 1268 1274
f 1274 1268 1256
f 1268 1266 1256
f 1256 1266 1257
f 1262 1261 1259
f 1266 1264 1257
f 1257 1264 1259
f 1264 1262 1259
f 1278 1277 1299
f 1299 1277 1276
f 1299 1276 1300
f 1300 1276 1282
f 1300 1282 1301
f 1301 1282 1284
f 1301 1284 1302
f 1302 1284 1286
f 1302 1286 1288
f 1300 1303 1299
f 1299 1303 1297
f 1299 1297 1278
f 1297 1303 1295
f 1295 1303 1304
f 1295 1304 1293
f 1293 1304 1292
f 1303 1300 1305
f 1305 1300 1301
f 1305 1301 1306
f 1306 1301 1302
f 1306 1302 1289
f 1289 1302 1288
f 1303 1305 1304
f 1304 1305 1307
f 1304 1307 1292
f 1292 1307 1291
f 1307 1305 1306
f 1290 1291 1307
f 1289 1290 1306
f 1306 1290 1307
f 1083 775 1308
f 1308 775 650
f 1308 650 1309
f 1309 650 1310
f 1309 1310 1311
f 1311 1310 1260
f 1311 1260 1312
f 1312 1260 1080
f 1312 1080 1081
f 1310 650 1313
f 1313 650 651
f 1313 651 1258
f 1260 1314 1258
f 1258 1314 1315
f 1258 1315 1313
f 1313 1315 1314
f 1313 1314 1310
f 1310 1314 1260
f 1082 1309 1081
f 1081 1309 1311
f 1081 1311 1312
f 1309 1082 1308
f 1308 1082 1083
f 700 702 1272
f 1272 702 713
f 1272 713 712
f 768 1316 712
f 712 1316 1273
f 712 1273 1272
f 768 735 1316
f 1316 735 1317
f 1316 1317 1318
f 1318 1317 1319
f 1318 1319 1275
f 1275 1319 1320
f 1275 1320 1283
f 1283 1320 1321
f 1283 1321 1285
f 1285 1321 1192
f 1192 1321 1322
f 1192 1322 1323
f 1323 1322 1319
f 1323 1319 1317
f 735 737 1317
f 1317 737 1323
f 737 767 1323
f 1323 767 761
f 1323 761 1192
f 1275 1273 1318
f 1318 1273 1316
f 1322 1321 1320
f 1319 1322 1320
f 1324 1193 762
f 762 1193 1192
f 762 1192 765
f 765 1192 764
f 764 1192 763
f 763 1192 761
f 1324 1325 1193
f 1193 1325 1326
f 1193 1326 1327
f 1328 1329 1327
f 1327 1329 1330
f 1327 1330 1331
f 1331 1330 1332
f 1331 1332 1333
f 1333 1332 1254
f 1333 1254 1253
f 1328 1334 1329
f 1329 1334 1335
f 1329 1335 1330
f 1330 1335 1332
f 1334 1336 1335
f 1335 1336 1337
f 1335 1337 1332
f 1332 1337 1338
f 1332 1338 1254
f 1254 1338 1255
f 1255 1338 1337
f 1255 1337 1339
f 1339 1337 1336
f 1339 1340 1255
f 1255 1340 1202
f 1202 1340 1341
f 1202 1341 1203
f 1333 1253 1331
f 1331 1253 1252
f 1331 1252 1327
f 1327 1252 1193
f 1342 1343 1205
f 1205 1343 1344
f 1205 1344 1207
f 1207 1344 1345
f 1207 1345 1230
f 1230 1345 1346
f 1230 1346 1347
f 1347 1346 1348
f 1347 1348 1062
f 1062 1348 1061
f 1061 1348 1349
f 1061 1349 1060
f 1060 1349 1059
f 1059 1349 1342
f 1342 1349 1348
f 1342 1348 1346
f 1347 1062 1350
f 1350 1062 1063
f 1350 1063 1230
f 1346 1345 1344
f 1230 1347 1350
f 1342 1346 1343
f 1343 1346 1344
f 598 597 599
f 599 597 600
f 600 597 596
f 600 596 601
f 601 596 602
f 602 596 605
f 602 605 603
f 603 605 604
f 604 605 617
f 617 605 613
f 613 605 614
f 614 605 616
f 614 616 615
f 596 595 605
f 605 595 594
f 605 611 616
f 616 611 612
f 58 82 1351
f 1351 82 1352
f 1352 82 1353
f 1353 82 83
f 1353 83 1354
f 1354 83 33
f 1354 33 1355
f 1355 33 32
f 1355 32 1356
f 1356 32 30
f 1356 30 1357
f 1357 30 28
f 1357 28 1358
f 1358 28 36
f 1358 36 1359
f 1359 36 35
f 1359 35 1360
f 1360 35 37
f 1360 37 1361
f 1361 37 39
f 40 1362 39
f 39 1362 1361
f 1363 1364 209
f 209 1364 1365
f 209 1365 2
f 1364 1366 1365
f 1365 1366 1367
f 1365 1367 1368
f 1369 1370 1371
f 1371 1370 1372
f 1371 1372 1373
f 1374 210 1373
f 1373 210 1371
f 210 4 1371
f 4 2 1371
f 1371 2 1365
f 1368 1375 1365
f 1365 1375 1376
f 1365 1376 1377
f 1377 1378 1365
f 1365 1378 1371
f 1371 1378 1379
f 1371 1379 1380
f 1380 1381 1371
f 1371 1381 1369
f 1378 1377 1382
f 1382 1377 1376
f 1382 1376 1375
f 1375 1368 1382
f 1382 1368 1383
f 1382 1383 1384
f 1384 1383 1385
f 1384 1385 1386
f 1386 1385 1387
f 1386 1387 1388
f 1388 1387 1389
f 1388 1389 1390
f 1390 1389 1391
f 1390 1391 1392
f 1392 1391 1393
f 1392 1393 1394
f 1394 1393 1395
f 1394 1395 1396
f 1396 1395 1397
f 1396 1397 1398
f 1383 1368 1399
f 1399 1368 1367
f 1399 1367 1366
f 1366 1364 1399
f 1399 1364 1363
f 1383 1399 1400
f 1400 1399 1401
f 1400 1401 1402
f 1402 1401 1395
f 1402 1395 1393
f 1401 1397 1395
f 1403 1404 1398
f 1398 1404 1405
f 1398 1405 1396
f 1396 1405 1406
f 1396 1406 1394
f 1394 1406 1407
f 1394 1407 1392
f 1392 1407 1408
f 1392 1408 1390
f 1404 1403 1409
f 1409 1403 1410
f 1409 1410 1411
f 1411 1410 1412
f 1411 1412 1413
f 1413 1412 1414
f 1413 1414 1415
f 1415 1414 1416
f 1416 1414 1417
f 1417 1414 1418
f 1417 1418 1419
f 1419 1418 1420
f 1420 1418 1414
f 1420 1414 1421
f 1421 1414 1412
f 1421 1412 1422
f 1419 1423 1417
f 1415 1424 1413
f 1413 1424 1411
f 1424 1425 1411
f 1411 1425 1426
f 1411 1426 1409
f 1409 1426 1404
f 1425 1427 1426
f 1426 1427 1428
f 1426 1428 1404
f 1404 1428 1405
f 1427 1429 1428
f 1428 1429 1430
f 1428 1430 1406
f 1406 1430 1407
f 1430 1408 1407
f 1390 1431 1388
f 1388 1431 1432
f 1388 1432 1433
f 1433 1432 1434
f 1433 1434 1435
f 1435 1434 1436
f 1435 1436 1437
f 1437 1436 1438
f 1438 1436 1439
f 1438 1439 1440
f 1440 1439 1441
f 1440 1441 1442
f 1442 1441 1443
f 1442 1443 1444
f 1431 1445 1432
f 1432 1445 1434
f 1434 1445 1446
f 1446 1445 1447
f 1446 1447 1439
f 1439 1447 1441
f 1447 1443 1441
f 1442 1444 1448
f 1448 1444 1449
f 1448 1449 1450
f 1450 1449 1451
f 1450 1451 1452
f 1452 1451 1453
f 1452 1453 1454
f 1454 1453 1455
f 1455 1453 1456
f 1456 1453 1457
f 1454 1458 1452
f 1452 1458 1459
f 1452 1459 1450
f 1450 1459 1448
f 1459 1460 1448
f 1448 1460 1442
f 1460 1440 1442
f 1435 1437 1461
f 1461 1437 1462
f 1461 1462 1384
f 1384 1462 1382
f 1433 1435 1461
f 1433 1461 1386
f 1386 1461 1384
f 1446 1439 1436
f 1446 1436 1434
f 1383 1400 1385
f 1385 1400 1463
f 1385 1463 1387
f 1387 1463 1391
f 1387 1391 1389
f 1388 1433 1386
f 1393 1391 1463
f 1400 1402 1463
f 1463 1402 1393
f 1406 1405 1428
f 1399 1363 1464
f 1464 1363 209
f 1464 209 142
f 1464 142 1465
f 1465 142 144
f 1465 144 1466
f 1466 144 145
f 1466 145 1467
f 1467 145 1468
f 1467 1468 1398
f 1398 1468 1403
f 1403 1468 1469
f 1403 1469 1470
f 1470 1469 149
f 1470 149 151
f 145 147 1468
f 1468 147 1469
f 147 149 1469
f 153 1471 151
f 151 1471 1472
f 151 1472 1470
f 1470 1472 1410
f 1470 1410 1403
f 1471 153 1473
f 1473 153 155
f 1473 155 1422
f 1422 1412 1473
f 1473 1412 1471
f 1471 1412 1472
f 1472 1412 1410
f 1398 1397 1467
f 1467 1397 1466
f 1397 1401 1466
f 1466 1401 1465
f 1401 1399 1465
f 1465 1399 1464
f 355 314 391
f 391 314 313
f 391 313 312
f 312 311 391
f 1474 1475 391
f 391 1475 367
f 391 367 366
f 1475 1474 1476
f 1476 1474 1477
f 1476 1477 1478
f 1475 1476 1479
f 1479 1476 1480
f 1479 1480 1481
f 1481 1482 1479
f 1479 1482 1483
f 1479 1483 1484
f 1484 1483 1485
f 1484 1485 1486
f 1486 1485 1487
f 1486 1487 1488
f 1488 1487 1489
f 1488 1489 1490
f 1490 1489 1491
f 1490 1491 1492
f 1493 1494 1492
f 1492 1494 1495
f 1492 1495 1490
f 1490 1495 1496
f 1490 1496 1497
f 1497 1496 1495
f 1494 1493 1498
f 1498 1493 1499
f 1498 1499 1500
f 1500 1499 1501
f 1500 1501 1502
f 1502 1501 1503
f 1502 1503 1504
f 1504 1503 1505
f 1504 1505 1506
f 1506 1505 1507
f 1506 1507 1504
f 1499 1503 1501
f 1505 1508 1507
f 1507 1508 1509
f 1507 1509 1510
f 1510 1509 1511
f 1510 1511 1512
f 1512 1511 1513
f 1512 1513 1514
f 1514 1513 1515
f 1514 1515 1516
f 1516 1515 1517
f 1516 1517 1518
f 1518 1517 1519
f 1518 1519 1520
f 1520 1519 1521
f 1520 1521 1522
f 1522 1521 1523
f 1522 1523 1518
f 1508 1511 1509
f 1511 1515 1513
f 1523 1521 1524
f 1524 1521 1525
f 1524 1525 1526
f 1526 1527 1524
f 1524 1527 1528
f 1524 1528 1529
f 1529 1528 1530
f 1529 1530 1531
f 1531 1530 1528
f 1531 1528 1532
f 1532 1528 1533
f 1532 1533 1534
f 1534 1533 1535
f 1534 1535 1532
f 1527 1536 1528
f 1528 1536 1533
f 1536 1537 1533
f 1533 1537 1538
f 1533 1538 1539
f 1533 1539 1540
f 1540 1539 1541
f 1540 1541 1542
f 1540 1542 1543
f 1543 1542 1544
f 1543 1544 1545
f 1545 1544 1546
f 1545 1546 1547
f 1547 1546 1548
f 1547 1548 1549
f 1549 1550 1547
f 1547 1550 1551
f 1547 1551 1552
f 1552 1551 1553
f 1552 1553 1554
f 1554 1553 1555
f 1554 1555 1556
f 1556 1555 1553
f 1556 1553 1557
f 1557 1553 1558
f 1557 1558 1559
f 1559 1558 1560
f 1559 1560 1557
f 1557 1560 1561
f 1557 1561 1562
f 1562 1561 1563
f 1562 1563 1564
f 1564 1563 1561
f 1564 1561 1565
f 1565 1561 1566
f 1565 1566 1567
f 1550 1568 1551
f 1551 1568 1558
f 1551 1558 1553
f 1560 1569 1561
f 1561 1569 1566
f 1567 1570 1565
f 1565 1570 1571
f 1565 1571 1572
f 1565 1572 1573
f 1573 1572 1564
f 1573 1564 1565
f 1557 1562 1574
f 1574 1562 1575
f 1574 1575 1557
f 1557 1575 1556
f 1552 1554 1576
f 1576 1554 1577
f 1576 1577 1552
f 1552 1577 1578
f 1552 1578 1543
f 1543 1578 1579
f 1543 1579 1540
f 1540 1579 1580
f 1540 1580 1535
f 1535 1580 1579
f 1577 1579 1578
f 1524 1529 1581
f 1581 1529 1523
f 1581 1523 1524
f 1518 1514 1516
f 1500 1494 1498
f 1582 1583 1497
f 1497 1583 1488
f 1497 1488 1490
f 1582 1584 1583
f 1583 1584 1488
f 1585 1586 1584
f 1584 1586 1587
f 1584 1587 1488
f 1488 1587 1486
f 1588 385 1585
f 1585 385 361
f 1585 361 1587
f 1587 361 1484
f 1587 1484 1486
f 369 1475 361
f 361 1475 1479
f 361 1479 1484
f 369 367 1475
f 366 365 391
f 391 365 364
f 391 364 363
f 363 362 391
f 391 362 355
f 1586 1585 1587
f 1540 1535 1533
f 1522 1518 1520
f 1547 1552 1543
f 1545 1547 1543
f 293 385 296
f 296 385 297
f 297 385 298
f 298 385 1588
f 377 1 375
f 375 1 3
f 375 3 373
f 373 3 5
f 373 5 383
f 383 5 7
f 383 7 384
f 384 7 9
f 384 9 382
f 382 9 11
f 382 11 374
f 374 11 13
f 374 13 376
f 376 13 26
f 376 26 378
f 378 26 23
f 378 23 380
f 380 23 21
f 380 21 381
f 381 21 19
f 381 19 379
f 379 19 17
f 379 17 377
f 377 17 1
f 1589 1590 1351
f 1351 1590 1591
f 1351 1591 1592
f 1592 1591 1593
f 1592 1593 1594
f 1594 1593 1595
f 1594 1595 1596
f 1596 1595 1597
f 1596 1597 1598
f 1598 1597 1599
f 1598 1599 1600
f 1600 1599 1601
f 1600 1601 1602
f 1602 1601 1603
f 1602 1603 1604
f 1604 1603 1605
f 1604 1605 1606
f 1606 1605 1607
f 1606 1607 1608
f 1608 1607 1609
f 1608 1609 1610
f 1610 1609 1611
f 1610 1611 1612
f 1612 1611 1613
f 1613 1611 1614
f 1614 1611 1615
f 1615 1611 1609
f 1615 1609 1616
f 1616 1609 1607
f 1616 1607 1617
f 1617 1607 1618
f 1618 1607 1605
f 1618 1605 1619
f 1619 1605 1620
f 1620 1605 1603
f 1620 1603 1621
f 1621 1603 1601
f 1621 1601 1622
f 1622 1601 1599
f 1622 1599 1623
f 1623 1599 1597
f 1623 1597 1624
f 1624 1597 1595
f 1624 1595 1625
f 1625 1595 1593
f 1625 1593 1626
f 1626 1593 1591
f 1626 1591 1627
f 1627 1591 1628
f 1627 1628 1629
f 1589 1628 1590
f 1590 1628 1591
f 1629 1630 1627
f 1627 1630 1631
f 1612 1632 1610
f 1610 1632 86
f 1610 86 79
f 1632 88 86
f 1610 79 1608
f 1608 79 78
f 1608 78 1606
f 1606 78 76
f 1606 76 74
f 1606 74 1604
f 1604 74 72
f 1604 72 1602
f 1602 72 69
f 1602 69 1600
f 1600 69 67
f 1600 67 1598
f 1598 67 64
f 1598 64 1596
f 1596 64 62
f 1596 62 1594
f 1594 62 60
f 1594 60 1592
f 1592 60 58
f 1592 58 1351
f 1353 1633 1352
f 1352 1633 1634
f 1352 1634 1351
f 1351 1634 1589
f 1633 1353 1635
f 1635 1353 1354
f 1635 1354 1636
f 1636 1354 1355
f 1636 1355 1637
f 1637 1355 1356
f 1637 1356 1357
f 1357 1358 1637
f 1637 1358 1638
f 1638 1358 1359
f 1638 1359 1639
f 1639 1359 1360
f 1639 1360 1640
f 1640 1360 1361
f 1640 1361 1641
f 1641 1361 1362
f 1641 1362 1642
f 40 47 1362
f 1362 47 1643
f 1362 1643 1644
f 1644 1643 1645
f 1644 1645 1646
f 1646 1645 1647
f 1647 1645 1648
f 1647 1648 1649
f 1649 1648 1650
f 1649 1650 1651
f 1651 1650 1652
f 1651 1652 1653
f 1653 1652 1654
f 1653 1654 1655
f 1655 1654 1656
f 1655 1656 1657
f 1657 1656 1658
f 1657 1658 1659
f 1659 1658 1660
f 1660 1658 1661
f 1660 1661 1662
f 1662 1661 1663
f 1663 1661 1664
f 1663 1664 1665
f 1665 1664 1666
f 1665 1666 1667
f 1667 1666 1668
f 1668 1666 1669
f 1669 1666 1670
f 1669 1670 1671
f 1671 1670 196
f 196 1670 197
f 197 1670 199
f 199 1670 1672
f 199 1672 201
f 201 1672 1673
f 201 1673 202
f 202 1673 204
f 204 1673 1674
f 204 1674 206
f 206 1674 1675
f 206 1675 208
f 208 1675 1676
f 208 1676 53
f 53 1676 1677
f 53 1677 51
f 51 1677 1678
f 51 1678 49
f 49 1678 1679
f 49 1679 47
f 47 1679 1643
f 1646 1627 1644
f 1644 1627 1680
f 1644 1680 1642
f 1631 1681 1627
f 1627 1681 1682
f 1627 1682 1680
f 1644 1642 1683
f 1683 1642 1362
f 1683 1362 1644
f 1666 1664 1670
f 1670 1664 1672
f 1664 1661 1672
f 1672 1661 1673
f 1661 1658 1673
f 1673 1658 1674
f 1658 1656 1674
f 1674 1656 1675
f 1656 1654 1675
f 1675 1654 1676
f 1654 1652 1676
f 1676 1652 1677
f 1652 1650 1677
f 1677 1650 1678
f 1645 1643 1679
f 1650 1648 1678
f 1678 1648 1679
f 1648 1645 1679
f 1630 1684 1631
f 1631 1684 1685
f 1631 1685 1681
f 1681 1685 1682
f 1682 1685 1680
f 1680 1685 1642
f 1630 1629 1684
f 1684 1629 1628
f 1684 1628 1589
f 1634 80 1589
f 1589 80 56
f 1589 56 1684
f 1684 56 43
f 1684 43 1685
f 1685 43 42
f 1685 42 1642
f 1642 42 41
f 1642 41 1641
f 1641 41 38
f 1641 38 1640
f 1640 38 34
f 1640 34 1639
f 1639 34 27
f 1639 27 1638
f 1638 27 29
f 1638 29 1637
f 1637 29 1636
f 1636 29 31
f 1636 31 1635
f 1635 31 84
f 1635 84 1633
f 1633 84 81
f 1633 81 1634
f 1634 81 80
f 1686 1687 1688
f 1688 1687 1689
f 1688 1689 1690
f 1690 1689 1691
f 1690 1691 1692
f 1692 1691 1693
f 1692 1693 1694
f 1694 1693 1695
f 1694 1695 1696
f 1696 1695 1697
f 1696 1697 1698
f 1698 1697 1699
f 1698 1699 1700
f 1700 1699 1701
f 1700 1701 1702
f 1702 1701 1653
f 1702 1653 1655
f 1687 1703 1689
f 1689 1703 1704
f 1689 1704 1691
f 1691 1704 1705
f 1691 1705 1693
f 1693 1705 1706
f 1693 1706 1695
f 1695 1706 1697
f 1704 1703 1707
f 1707 1703 1708
f 1707 1708 1709
f 1707 1709 1710
f 1710 1709 1627
f 1710 1627 1646
f 1646 1647 1710
f 1710 1647 1711
f 1710 1711 1712
f 1712 1711 1713
f 1712 1713 1706
f 1706 1713 1697
f 1647 1649 1711
f 1711 1649 1714
f 1711 1714 1713
f 1713 1714 1699
f 1713 1699 1697
f 1649 1651 1714
f 1714 1651 1701
f 1714 1701 1699
f 1651 1653 1701
f 1657 1715 1655
f 1655 1715 1716
f 1655 1716 1702
f 1702 1716 1717
f 1702 1717 1700
f 1700 1717 1718
f 1700 1718 1698
f 1698 1718 1719
f 1698 1719 1696
f 1696 1719 1720
f 1696 1720 1694
f 1657 1659 1715
f 1715 1659 1721
f 1715 1721 1722
f 1722 1721 1723
f 1722 1723 1724
f 1724 1723 1725
f 1724 1725 1726
f 1726 1725 1727
f 1726 1727 1728
f 1728 1727 1729
f 1729 1727 1730
f 1729 1730 1731
f 1731 1730 1732
f 1731 1732 1733
f 1733 1732 1734
f 1733 1734 1662
f 1662 1734 1660
f 1660 1734 1721
f 1660 1721 1659
f 1662 1663 1733
f 1733 1663 1735
f 1733 1735 1731
f 1731 1735 1736
f 1731 1736 1729
f 1663 1665 1735
f 1735 1665 1736
f 1665 1667 1736
f 1728 1737 1726
f 1726 1737 1738
f 1726 1738 1724
f 1724 1738 1739
f 1724 1739 1722
f 1722 1739 1740
f 1722 1740 1715
f 1715 1740 1716
f 1737 1741 1738
f 1738 1741 1742
f 1738 1742 1739
f 1739 1742 1743
f 1739 1743 1740
f 1740 1743 1717
f 1740 1717 1716
f 1741 1744 1742
f 1742 1744 1745
f 1742 1745 1743
f 1743 1745 1718
f 1743 1718 1717
f 1744 1746 1745
f 1745 1746 1719
f 1745 1719 1718
f 1746 1720 1719
f 1705 1704 1707
f 1705 1707 1712
f 1712 1707 1710
f 1706 1705 1712
f 1721 1734 1723
f 1723 1734 1732
f 1723 1732 1725
f 1725 1732 1730
f 1725 1730 1727
f 1627 1709 1626
f 1626 1709 1747
f 1626 1747 1625
f 1625 1747 1748
f 1625 1748 1624
f 1624 1748 1749
f 1624 1749 1623
f 1623 1749 1750
f 1623 1750 1622
f 1622 1750 1751
f 1622 1751 1752
f 1752 1751 1753
f 1752 1753 1754
f 1754 1753 1755
f 1754 1755 1756
f 1756 1755 1757
f 1756 1757 1758
f 1758 1757 1759
f 1758 1759 1760
f 1709 1708 1747
f 1747 1708 1761
f 1747 1761 1748
f 1748 1761 1762
f 1748 1762 1749
f 1749 1762 1763
f 1749 1763 1750
f 1750 1763 1764
f 1750 1764 1751
f 1751 1764 1753
f 1708 1703 1761
f 1761 1703 1687
f 1761 1687 1765
f 1765 1687 1766
f 1765 1766 1767
f 1767 1766 1768
f 1767 1768 1769
f 1769 1768 1770
f 1769 1770 1771
f 1771 1770 1772
f 1771 1772 1755
f 1755 1772 1757
f 1686 1773 1687
f 1687 1773 1766
f 1773 1774 1766
f 1766 1774 1768
f 1774 1775 1768
f 1768 1775 1770
f 1775 1776 1770
f 1770 1776 1772
f 1772 1776 1757
f 1757 1776 1759
f 1758 1760 1777
f 1777 1760 1778
f 1777 1778 1779
f 1779 1778 1780
f 1779 1780 1781
f 1781 1780 1782
f 1781 1782 1783
f 1783 1782 1784
f 1783 1784 1785
f 1785 1784 1786
f 1785 1786 1787
f 1614 1788 1787
f 1787 1788 1789
f 1787 1789 1790
f 1790 1789 1791
f 1790 1791 1783
f 1783 1791 1781
f 1614 1615 1788
f 1788 1615 1616
f 1788 1616 1792
f 1792 1616 1617
f 1792 1617 1793
f 1793 1617 1618
f 1793 1618 1794
f 1794 1618 1619
f 1794 1619 1795
f 1795 1619 1620
f 1795 1620 1621
f 1795 1621 1752
f 1752 1621 1622
f 1762 1761 1765
f 1762 1765 1767
f 1763 1762 1767
f 1763 1767 1769
f 1764 1763 1769
f 1764 1769 1771
f 1753 1764 1771
f 1753 1771 1755
f 1756 1758 1796
f 1796 1758 1777
f 1796 1777 1797
f 1797 1777 1779
f 1797 1779 1798
f 1798 1779 1781
f 1798 1781 1791
f 1795 1752 1754
f 1754 1756 1799
f 1799 1756 1796
f 1799 1796 1800
f 1800 1796 1797
f 1800 1797 1801
f 1801 1797 1798
f 1801 1798 1802
f 1802 1798 1791
f 1802 1791 1789
f 1794 1795 1799
f 1799 1795 1754
f 1794 1799 1800
f 1793 1794 1800
f 1793 1800 1801
f 1792 1793 1801
f 1792 1801 1802
f 1788 1792 1802
f 1788 1802 1789
f 1787 1790 1785
f 1785 1790 1783
f 1803 1804 1805
f 1805 1804 1806
f 1805 1806 1807
f 1807 1806 1808
f 1807 1808 1809
f 1809 1810 1807
f 1807 1810 1811
f 1807 1811 1812
f 1812 1811 1813
f 1812 1813 1814
f 1814 1813 1815
f 1814 1815 1816
f 1816 1815 1817
f 1816 1817 1818
f 1818 1817 1819
f 1818 1819 1820
f 1820 1819 1821
f 1820 1821 1822
f 1822 1821 1823
f 1822 1823 1824
f 1824 1823 1825
f 1824 1825 1826
f 1826 1825 1827
f 1826 1827 1828
f 1828 1827 1829
f 1828 1829 1830
f 1830 1829 1831
f 1830 1831 1832
f 1832 1831 1833
f 1832 1833 1834
f 1834 1833 1835
f 1834 1835 1836
f 1836 1835 1837
f 1836 1837 1838
f 1838 1837 1839
f 1838 1839 1840
f 1840 1839 1841
f 1841 1839 1842
f 1841 1842 1843
f 1843 1842 1844
f 1843 1844 1845
f 1845 1844 1846
f 1845 1846 1847
f 1847 1846 1848
f 1847 1848 1849
f 1849 1848 1850
f 1849 1850 1851
f 1851 1850 1852
f 1852 1850 1853
f 1853 1850 1854
f 1853 1854 1855
f 1855 1854 1856
f 1855 1856 1857
f 1857 1856 1858
f 1857 1858 1859
f 1859 1858 1860
f 1859 1860 1861
f 1861 1860 1862
f 1861 1862 1863
f 1863 1862 1864
f 1863 1864 1865
f 1865 1864 1866
f 1865 1866 1867
f 1867 1866 1825
f 1867 1825 1823
f 1813 1868 1815
f 1815 1868 1817
f 1817 1868 1869
f 1869 1868 1870
f 1869 1870 1871
f 1871 1870 1872
f 1871 1872 1873
f 1873 1872 1874
f 1873 1874 1875
f 1875 1874 1876
f 1875 1876 1861
f 1861 1876 1859
f 1876 1877 1859
f 1859 1877 1857
f 1849 1851 1878
f 1878 1851 1879
f 1878 1879 1880
f 1878 1880 1881
f 1881 1880 1882
f 1881 1882 1883
f 1883 1882 1884
f 1883 1884 1885
f 1885 1884 1886
f 1885 1886 498
f 498 1887 1885
f 1885 1887 1888
f 1885 1888 1883
f 1883 1888 1889
f 1883 1889 1890
f 1890 1889 1891
f 1890 1891 1892
f 1892 1891 1893
f 1892 1893 1894
f 1894 1893 1895
f 1894 1895 1896
f 1896 1895 1897
f 1896 1897 1845
f 1845 1897 1843
f 1887 1898 1888
f 1888 1898 1889
f 1889 1898 1891
f 1891 1898 1899
f 1891 1899 1893
f 1893 1899 1900
f 1893 1900 1895
f 1895 1900 1901
f 1895 1901 1897
f 1897 1901 1843
f 1901 1841 1843
f 1840 1614 1838
f 1838 1614 1902
f 1838 1902 1836
f 1836 1902 1903
f 1836 1903 1834
f 1834 1903 1904
f 1834 1904 1832
f 1832 1904 1905
f 1832 1905 1830
f 1830 1905 1906
f 1830 1906 1828
f 1828 1906 1907
f 1828 1907 1826
f 1826 1907 1908
f 1826 1908 1824
f 1824 1908 1909
f 1824 1909 1822
f 1822 1909 1910
f 1822 1910 1820
f 1820 1910 1911
f 1820 1911 1818
f 1818 1911 1912
f 1818 1912 1816
f 1816 1912 1913
f 1816 1913 1814
f 1814 1913 1805
f 1814 1805 1812
f 1812 1805 1807
f 1902 1614 1903
f 1903 1614 1787
f 1903 1787 1904
f 1904 1787 1905
f 1905 1787 1906
f 1906 1787 1786
f 1906 1786 1907
f 1907 1786 1908
f 1786 1914 1908
f 1908 1914 1909
f 1909 1914 1910
f 1910 1914 1915
f 1910 1915 1911
f 1911 1915 1916
f 1911 1916 1912
f 1912 1916 1913
f 1916 1803 1913
f 1913 1803 1805
f 1819 1817 1869
f 1819 1869 1917
f 1917 1869 1871
f 1917 1871 1918
f 1918 1871 1919
f 1918 1919 1867
f 1867 1919 1865
f 1871 1873 1919
f 1919 1873 1920
f 1919 1920 1865
f 1865 1920 1863
f 1821 1819 1917
f 1821 1917 1918
f 1863 1920 1875
f 1875 1920 1873
f 1861 1863 1875
f 1823 1821 1918
f 1823 1918 1867
f 1825 1866 1827
f 1827 1866 1921
f 1827 1921 1829
f 1829 1921 1922
f 1829 1922 1831
f 1831 1922 1923
f 1831 1923 1833
f 1833 1923 1924
f 1833 1924 1835
f 1835 1924 1925
f 1835 1925 1837
f 1837 1925 1926
f 1837 1926 1839
f 1839 1926 1842
f 1866 1864 1921
f 1921 1864 1927
f 1921 1927 1922
f 1922 1927 1928
f 1922 1928 1923
f 1923 1928 1929
f 1923 1929 1924
f 1924 1929 1930
f 1924 1930 1925
f 1925 1930 1931
f 1925 1931 1926
f 1926 1931 1844
f 1926 1844 1842
f 1864 1862 1927
f 1927 1862 1932
f 1927 1932 1928
f 1928 1932 1933
f 1928 1933 1929
f 1929 1933 1934
f 1929 1934 1930
f 1930 1934 1935
f 1930 1935 1931
f 1931 1935 1846
f 1931 1846 1844
f 1862 1860 1932
f 1932 1860 1936
f 1932 1936 1933
f 1933 1936 1937
f 1933 1937 1934
f 1934 1937 1938
f 1934 1938 1935
f 1935 1938 1848
f 1935 1848 1846
f 1860 1858 1936
f 1936 1858 1856
f 1936 1856 1937
f 1937 1856 1854
f 1937 1854 1938
f 1938 1854 1850
f 1938 1850 1848
f 1849 1878 1939
f 1939 1878 1940
f 1939 1940 1894
f 1894 1940 1892
f 1892 1940 1881
f 1881 1940 1878
f 1890 1892 1881
f 1849 1939 1847
f 1847 1939 1896
f 1847 1896 1845
f 1896 1939 1894
f 1883 1890 1881
f 1941 1942 1943
f 1943 1942 1944
f 1943 1944 1945
f 1945 1944 1946
f 1945 1946 1947
f 1947 1946 1810
f 1947 1810 1948
f 1948 1810 1809
f 1948 1809 1808
f 1942 1941 1949
f 1949 1941 1950
f 1949 1950 1951
f 1951 1952 1949
f 1949 1952 1953
f 1949 1953 1954
f 1952 1955 1953
f 1953 1955 1956
f 1953 1956 1957
f 1957 1956 1958
f 1957 1958 1959
f 1959 1958 1960
f 1959 1960 1961
f 1961 1960 1962
f 1961 1962 1963
f 1955 1964 1956
f 1956 1964 1965
f 1956 1965 1966
f 1956 1966 1958
f 1958 1966 1967
f 1958 1967 1968
f 1968 1969 1958
f 1958 1969 1960
f 1969 1970 1960
f 1960 1970 1962
f 1971 1972 1963
f 1963 1972 1973
f 1963 1973 1961
f 1961 1973 1974
f 1961 1974 1959
f 1972 1971 1975
f 1975 1971 1976
f 1975 1976 1977
f 1977 1976 1978
f 1977 1978 1979
f 1979 1978 1980
f 1979 1980 1981
f 1981 1980 1982
f 1981 1982 1983
f 1983 1982 1984
f 1983 1984 1985
f 1985 1984 1986
f 1985 1986 1987
f 1987 1986 1988
f 1987 1988 1989
f 1989 1988 1990
f 1989 1990 1991
f 1991 1990 1992
f 1991 1992 1993
f 1993 1992 1994
f 1993 1994 1995
f 1995 1996 1993
f 1993 1996 1997
f 1993 1997 1998
f 1996 1999 1997
f 1993 1998 1991
f 1991 1998 2000
f 1991 2000 1989
f 1989 2000 1987
f 2000 2001 1987
f 1987 2001 1985
f 2001 2002 1985
f 1985 2002 1983
f 1983 2002 1981
f 1981 2002 2003
f 1981 2003 1979
f 1979 2003 2004
f 1979 2004 1977
f 1977 2004 1975
f 2004 2005 1975
f 1975 2005 2006
f 1975 2006 1972
f 1972 2006 2007
f 1972 2007 1973
f 1949 1954 1942
f 1942 1954 2008
f 1942 2008 1944
f 1944 2008 1946
f 1808 1806 1948
f 1948 1806 2009
f 1948 2009 1947
f 1947 2009 2010
f 1947 2010 1945
f 1945 2010 1943
f 1806 1804 2009
f 2009 1804 2011
f 2011 1804 2012
f 2011 2012 2013
f 1963 1962 2014
f 2014 1962 2015
f 2014 2015 2016
f 2016 2015 1970
f 2016 1970 2017
f 2017 1970 1969
f 2017 1969 1968
f 1962 1970 2015
f 2017 1968 2018
f 2018 1968 1967
f 2018 1967 1966
f 2018 1966 2019
f 2019 1966 1965
f 2019 1965 1964
f 2019 1964 2020
f 2020 1964 1955
f 2020 1955 2021
f 2021 1955 1952
f 2021 1952 2022
f 2022 1952 1951
f 2022 1951 1950
f 1950 1941 2022
f 2022 1941 2023
f 2022 2023 2021
f 2021 2023 2024
f 2021 2024 2025
f 2025 2024 2026
f 2026 2024 2027
f 2027 2024 2023
f 2027 2023 1943
f 1943 2023 1941
f 2028 2029 1943
f 1943 2029 2027
f 2025 2030 2021
f 2021 2030 2031
f 2021 2031 2032
f 2021 2032 2020
f 2020 2032 2033
f 2020 2033 2034
f 2034 2033 2035
f 2034 2035 2036
f 2036 2035 2037
f 2036 2037 2038
f 2038 2037 2014
f 2038 2014 2016
f 2020 2034 2019
f 2019 2034 2018
f 2038 2016 2017
f 2034 2036 2018
f 2018 2036 2017
f 2036 2038 2017
f 800 802 2039
f 2039 802 1057
f 2039 1057 2040
f 2040 1057 1058
f 2040 1058 2041
f 2041 1058 1059
f 2041 1059 1342
f 1205 2042 1342
f 1342 2042 2043
f 1342 2043 2041
f 2041 2043 2044
f 2041 2044 2045
f 2045 2044 2046
f 2045 2046 2047
f 2047 2046 2048
f 2047 2048 2049
f 2049 2048 2050
f 2049 2050 2051
f 2051 2050 2052
f 2051 2052 2053
f 2053 2052 2054
f 2053 2054 2055
f 2055 2054 2056
f 2056 2054 2057
f 2056 2057 2058
f 2058 2057 2052
f 2058 2052 2059
f 2059 2052 2050
f 2059 2050 2060
f 2060 2050 2048
f 2060 2048 2061
f 2061 2048 2046
f 2061 2046 2062
f 2062 2046 2044
f 2062 2044 2063
f 2063 2044 2043
f 2063 2043 2064
f 2064 2043 2042
f 2064 2042 1976
f 1976 2042 2065
f 1976 2065 1978
f 1978 2065 1980
f 1980 2065 1205
f 1980 1205 1203
f 1341 2066 1203
f 1203 2066 1982
f 1203 1982 1980
f 2066 1341 2067
f 2067 1341 1340
f 2067 1340 2068
f 2068 1340 1339
f 2068 1339 2069
f 2069 1339 2070
f 2069 2070 2071
f 2071 2070 2072
f 2071 2072 2073
f 2073 2072 2074
f 2073 2074 1994
f 1994 2074 2075
f 1994 2075 1995
f 1995 2075 2076
f 1995 2076 2077
f 2077 2076 2078
f 2078 2076 2079
f 2078 2079 2080
f 2080 2079 2081
f 2081 2079 2082
f 2081 2082 2083
f 2083 2082 2084
f 2083 2084 2085
f 2085 2084 2086
f 2085 2086 2087
f 2087 2086 760
f 760 2086 744
f 744 2086 2088
f 744 2088 2089
f 2089 2088 2090
f 2089 2090 2091
f 2091 2090 2092
f 2091 2092 2093
f 2093 2092 2094
f 2093 2094 2095
f 2095 2094 2096
f 2095 2096 2097
f 2097 2096 2075
f 2097 2075 2074
f 2070 1339 2098
f 2098 1339 1336
f 2098 1336 2099
f 2099 1336 2100
f 2099 2100 2101
f 2101 2100 2102
f 2101 2102 2095
f 2095 2102 2093
f 1336 1334 2100
f 2100 1334 2103
f 2100 2103 2102
f 2102 2103 2104
f 2102 2104 2093
f 2093 2104 2091
f 1334 1328 2103
f 2103 1328 2105
f 2103 2105 2104
f 2104 2105 2106
f 2104 2106 2091
f 2091 2106 2089
f 1328 1327 2105
f 2105 1327 741
f 2105 741 2106
f 2106 741 742
f 2106 742 2089
f 2089 742 744
f 1327 1326 741
f 741 1326 1325
f 741 1325 1324
f 1324 762 741
f 1994 1992 2073
f 2073 1992 1990
f 2073 1990 2071
f 2071 1990 2107
f 2071 2107 2069
f 2069 2107 2108
f 2069 2108 2068
f 2068 2108 2067
f 1990 1988 2107
f 2107 1988 2108
f 1988 1986 2108
f 2108 1986 1984
f 2108 1984 2067
f 2067 1984 2066
f 1984 1982 2066
f 2064 1976 2109
f 2109 1976 1971
f 2109 1971 1963
f 2109 1963 2110
f 2110 1963 2014
f 2110 2014 2111
f 2111 2014 2037
f 2111 2037 2112
f 2112 2037 2113
f 2112 2113 2114
f 2114 2113 2115
f 2114 2115 2116
f 2116 2115 2117
f 2116 2117 2118
f 2118 2117 2119
f 2118 2119 2120
f 2037 2035 2113
f 2113 2035 2121
f 2113 2121 2115
f 2115 2121 2122
f 2115 2122 2117
f 2117 2122 2123
f 2117 2123 2124
f 2035 2033 2121
f 2121 2033 2125
f 2121 2125 2122
f 2122 2125 2126
f 2122 2126 2123
f 2033 2032 2125
f 2125 2032 2031
f 2125 2031 2030
f 2025 2126 2030
f 2030 2126 2125
f 2124 2119 2117
f 2118 2120 2059
f 2059 2120 2058
f 2053 2055 2127
f 2127 2055 2128
f 2127 2128 545
f 545 2128 546
f 546 2128 547
f 547 2128 661
f 547 661 548
f 548 661 549
f 549 661 560
f 560 661 660
f 560 660 555
f 555 660 554
f 554 660 563
f 554 563 562
f 563 660 564
f 564 660 658
f 564 658 550
f 550 658 537
f 537 658 2129
f 537 2129 2130
f 2130 2129 2131
f 2130 2131 2132
f 2132 2131 2133
f 2132 2133 2051
f 2051 2133 2049
f 2129 658 2134
f 2134 658 656
f 2134 656 2135
f 2135 656 654
f 2135 654 2136
f 2136 654 2137
f 2136 2137 2138
f 2138 2137 1018
f 2138 1018 1051
f 654 619 2137
f 2137 619 1020
f 2137 1020 1001
f 619 618 1020
f 1001 1003 2137
f 2137 1003 1019
f 2137 1019 1018
f 1051 1037 2138
f 2138 1037 2139
f 2138 2139 2135
f 2135 2139 2134
f 2139 1037 2140
f 2140 1037 1048
f 2140 1048 843
f 836 2141 843
f 843 2141 2133
f 843 2133 2142
f 2142 2133 2131
f 2142 2131 2143
f 2143 2131 2129
f 2143 2129 2134
f 836 833 2141
f 2141 833 800
f 2141 800 2047
f 2047 800 2039
f 2047 2039 2045
f 2045 2039 2040
f 2045 2040 2041
f 556 553 554
f 554 553 552
f 554 552 551
f 545 544 2127
f 2127 544 543
f 2127 543 2144
f 2144 543 542
f 2144 542 541
f 2144 541 536
f 536 541 540
f 536 540 539
f 539 538 536
f 2144 536 2130
f 2130 536 537
f 562 561 554
f 554 561 559
f 554 559 558
f 558 557 554
f 554 557 556
f 2054 2052 2057
f 2138 2135 2136
f 2064 2109 2145
f 2145 2109 2110
f 2145 2110 2111
f 2064 2145 2063
f 2063 2145 2112
f 2063 2112 2062
f 2062 2112 2114
f 2062 2114 2061
f 2061 2114 2116
f 2061 2116 2060
f 2060 2116 2118
f 2060 2118 2059
f 2112 2145 2111
f 1205 2065 2042
f 2072 2070 2098
f 2098 2099 2146
f 2146 2099 2101
f 2146 2101 2097
f 2097 2101 2095
f 2074 2072 2146
f 2146 2072 2098
f 2074 2146 2097
f 2088 2086 2090
f 2090 2086 2084
f 2090 2084 2082
f 2090 2082 2092
f 2092 2082 2079
f 2092 2079 2094
f 2094 2079 2076
f 2094 2076 2096
f 2096 2076 2075
f 2134 2139 2143
f 2143 2139 2140
f 2143 2140 2142
f 2142 2140 843
f 2049 2133 2141
f 2141 2047 2049
f 2144 2130 2132
f 2144 2132 2053
f 2053 2132 2051
f 2127 2144 2053
f 2147 2148 2149
f 2149 2148 2150
f 2149 2150 760
f 760 2150 2151
f 760 2151 2087
f 2087 2151 2152
f 2087 2152 2085
f 2085 2152 2153
f 2085 2153 2083
f 2083 2153 2154
f 2083 2154 2155
f 2155 2154 2156
f 2155 2156 2080
f 2080 2156 2078
f 2078 2156 2157
f 2078 2157 2077
f 2077 2157 2158
f 2077 2158 1995
f 2148 2147 2159
f 2159 2147 2160
f 2159 2160 2161
f 2161 2160 2162
f 2161 2162 2163
f 2163 2162 2164
f 2163 2164 2153
f 2153 2164 2154
f 2160 2158 2162
f 2162 2158 2157
f 2162 2157 2164
f 2164 2157 2156
f 2164 2156 2154
f 2080 2081 2155
f 2155 2081 2083
f 2150 2148 2159
f 2159 2161 2165
f 2165 2161 2163
f 2165 2163 2152
f 2152 2163 2153
f 2151 2150 2165
f 2165 2150 2159
f 2151 2165 2152
f 2149 2166 2167
f 2167 2166 2168
f 2167 2168 2169
f 2169 2168 2170
f 2169 2170 2171
f 2171 2170 2172
f 2171 2172 2173
f 2171 2173 2174
f 2174 2173 1999
f 2174 1999 1996
f 1995 2158 1996
f 1996 2158 2174
f 2174 2158 2171
f 2171 2158 2160
f 2171 2160 2169
f 2169 2160 2147
f 2169 2147 2167
f 2167 2147 2149
f 2175 2176 2177
f 2177 2176 2178
f 2177 2178 2179
f 2179 2178 2180
f 2180 2178 2181
f 2180 2181 2182
f 2182 2181 2183
f 2182 2183 2166
f 2166 2183 2184
f 2166 2184 2185
f 2176 2175 2186
f 2186 2175 2187
f 2186 2187 2188
f 2188 2187 2189
f 2188 2189 2190
f 2190 2189 2191
f 2190 2191 2192
f 2192 2191 2193
f 2192 2193 2194
f 2194 2193 2195
f 2195 2193 2196
f 2195 2196 2197
f 2197 2196 2198
f 2198 2196 2199
f 2198 2199 2200
f 2200 2199 2201
f 2200 2201 2202
f 2200 2202 2203
f 2203 2202 2204
f 2203 2204 2205
f 2205 2204 2206
f 2205 2206 2207
f 2207 2206 2208
f 2207 2208 2209
f 2209 2208 2210
f 2210 2208 2211
f 2211 2208 2212
f 2211 2212 2213
f 2213 2212 2214
f 2214 2212 2215
f 2215 2212 2216
f 2215 2216 2217
f 2217 2216 2218
f 2218 2216 2219
f 2219 2216 2220
f 2220 2216 2221
f 2221 2216 2222
f 2221 2222 2223
f 2223 2222 2224
f 2224 2222 2225
f 2224 2225 2226
f 2226 2225 2227
f 2226 2227 2228
f 2226 2228 2229
f 2229 2228 2230
f 2229 2230 2231
f 2231 2230 2232
f 2231 2232 2233
f 2233 2234 2231
f 2231 2234 2235
f 2231 2236 2229
f 2183 2237 2184
f 2184 2237 2238
f 2238 2237 2239
f 2239 2237 2240
f 2239 2240 2241
f 2242 2170 2185
f 2185 2170 2168
f 2185 2168 2166
f 2243 2173 2242
f 2242 2173 2172
f 2242 2172 2170
f 2244 1997 2243
f 2243 1997 1999
f 2243 1999 2173
f 1997 2244 1998
f 1998 2244 2245
f 1998 2245 2000
f 2000 2245 2246
f 2000 2246 2001
f 2001 2246 2247
f 2001 2247 2002
f 2002 2247 2248
f 2002 2248 2003
f 2003 2248 2249
f 2003 2249 2250
f 2003 2250 2004
f 2004 2250 2251
f 2004 2251 2005
f 2005 2251 2252
f 2005 2252 2006
f 2006 2252 2007
f 2007 2252 1973
f 1973 2252 2253
f 1973 2253 1974
f 1974 2253 2254
f 1974 2254 1959
f 1959 2254 2255
f 1959 2255 2256
f 1959 2256 1957
f 1957 2256 2257
f 1957 2257 2258
f 1957 2258 1953
f 1953 2258 2259
f 1953 2259 2260
f 1953 2260 1954
f 1954 2260 2261
f 1954 2261 2008
f 2008 2261 2262
f 2008 2262 2263
f 2263 2264 2008
f 2008 2264 2265
f 2008 2265 1946
f 1946 2265 2266
f 1946 2266 2267
f 1946 2267 1810
f 1810 2267 2268
f 1810 2268 1811
f 1811 2268 2269
f 1811 2269 1813
f 1813 2269 1868
f 1868 2269 2270
f 1868 2270 1870
f 1870 2270 2271
f 1870 2271 1872
f 1872 2271 1874
f 1874 2271 1876
f 1876 2271 1877
f 2270 2272 2271
f 2273 2274 2275
f 2275 2274 2222
f 2275 2222 2276
f 2276 2222 2277
f 2276 2277 2278
f 2278 2277 2216
f 2278 2216 2279
f 2279 2216 2280
f 2279 2280 2281
f 2281 2280 2282
f 2281 2282 2283
f 2283 2282 2284
f 2284 2282 2285
f 2284 2285 2286
f 2286 2285 2287
f 2286 2287 2288
f 2288 2287 2289
f 2289 2287 2290
f 2290 2287 2291
f 2290 2291 2292
f 2292 2291 2293
f 2293 2291 2294
f 2293 2294 2295
f 2295 2294 2296
f 2296 2294 2297
f 2296 2297 2298
f 2298 2297 2299
f 2298 2299 2300
f 2300 2299 2301
f 2300 2301 645
f 645 2301 2202
f 645 2202 2302
f 2302 2202 2201
f 2302 2201 2199
f 2222 2216 2277
f 2216 2212 2280
f 2280 2212 2303
f 2280 2303 2282
f 2282 2303 2285
f 2303 2212 2304
f 2304 2212 2208
f 2304 2208 2305
f 2305 2208 2306
f 2305 2306 2291
f 2291 2306 2294
f 2208 2206 2306
f 2306 2206 2307
f 2306 2307 2294
f 2294 2307 2297
f 2206 2204 2307
f 2307 2204 2308
f 2307 2308 2297
f 2297 2308 2299
f 2308 2204 2301
f 2301 2204 2202
f 2302 2199 2309
f 2309 2199 2196
f 2309 2196 2310
f 2310 2196 2311
f 2310 2311 2312
f 2312 2311 2313
f 2312 2313 699
f 699 2313 652
f 652 2313 2314
f 652 2314 653
f 653 2314 2315
f 653 2315 701
f 701 2315 2316
f 701 2316 705
f 705 2316 2317
f 705 2317 706
f 706 2317 707
f 707 2317 2318
f 707 2318 715
f 715 2318 2319
f 715 2319 716
f 716 2319 2320
f 716 2320 717
f 717 2320 2321
f 717 2321 720
f 720 2321 2322
f 2322 2321 2323
f 2322 2323 2177
f 2177 2323 2175
f 2175 2323 2324
f 2175 2324 2187
f 2187 2324 2325
f 2187 2325 2326
f 2326 2325 2318
f 2326 2318 2317
f 2196 2193 2311
f 2311 2193 2327
f 2311 2327 2313
f 2313 2327 2314
f 2191 2328 2193
f 2193 2328 2329
f 2193 2329 2327
f 2327 2329 2314
f 2328 2191 2330
f 2330 2191 2189
f 2330 2189 2326
f 2326 2189 2187
f 2312 699 2331
f 2331 699 647
f 2331 647 2332
f 2332 647 645
f 2332 645 2302
f 645 2298 2300
f 2283 2333 2281
f 2281 2333 2334
f 2281 2334 2279
f 2279 2334 2278
f 2333 2275 2334
f 2334 2275 2276
f 2334 2276 2278
f 2305 2291 2287
f 2303 2304 2285
f 2285 2304 2287
f 2304 2305 2287
f 2301 2299 2308
f 2310 2312 2331
f 2302 2309 2332
f 2332 2309 2331
f 2309 2310 2331
f 2314 2329 2315
f 2315 2329 2328
f 2315 2328 2316
f 2316 2328 2330
f 2316 2330 2317
f 2317 2330 2326
f 2318 2325 2319
f 2319 2325 2324
f 2319 2324 2320
f 2320 2324 2323
f 2320 2323 2321
f 2225 2222 2335
f 2335 2222 2274
f 2335 2274 2336
f 2336 2274 2337
f 2336 2337 2338
f 2338 2337 2339
f 2338 2339 2340
f 2340 2339 2341
f 2340 2341 2342
f 2342 2341 2343
f 2342 2343 2344
f 2344 2343 2345
f 2344 2345 2346
f 2346 2345 2347
f 2346 2347 2348
f 2348 2347 2349
f 2348 2349 2350
f 2350 2349 2351
f 2350 2351 2352
f 2352 2351 2353
f 2352 2353 2354
f 2354 2353 2355
f 2354 2355 2356
f 2356 2355 2357
f 2356 2357 2358
f 2358 2357 2359
f 2358 2359 2360
f 2360 2359 2361
f 2360 2361 2362
f 2339 2363 2341
f 2341 2363 2364
f 2341 2364 2343
f 2343 2364 2365
f 2343 2365 2345
f 2345 2365 2366
f 2345 2366 2347
f 2347 2366 2367
f 2347 2367 2349
f 2349 2367 2368
f 2349 2368 2351
f 2351 2368 2369
f 2351 2369 2353
f 2353 2369 2370
f 2353 2370 2355
f 2355 2370 2371
f 2355 2371 2357
f 2357 2371 2372
f 2357 2372 2359
f 2359 2372 2361
f 2363 2373 2364
f 2364 2373 2374
f 2364 2374 2365
f 2365 2374 2375
f 2365 2375 2366
f 2366 2375 2376
f 2366 2376 2367
f 2367 2376 2377
f 2367 2377 2368
f 2368 2377 2378
f 2368 2378 2369
f 2369 2378 2379
f 2369 2379 2370
f 2370 2379 2380
f 2370 2380 2371
f 2371 2380 2381
f 2371 2381 2372
f 2372 2381 2382
f 2372 2382 2361
f 2374 2373 2383
f 2383 2373 1729
f 2383 1729 2384
f 2384 1729 2385
f 2384 2385 2386
f 2386 2385 2387
f 2386 2387 2388
f 2388 2387 2389
f 2388 2389 2390
f 2390 2389 2391
f 2390 2391 2392
f 2392 2391 2393
f 2392 2393 2394
f 2394 2393 2395
f 2394 2395 2396
f 2396 2395 2397
f 2396 2397 2381
f 2381 2397 2382
f 1729 1736 2385
f 2385 1736 2398
f 2385 2398 2387
f 2387 2398 2399
f 2387 2399 2389
f 2389 2399 2400
f 2389 2400 2391
f 2391 2400 2401
f 2391 2401 2393
f 2393 2401 2402
f 2393 2402 2395
f 1667 2403 1736
f 1736 2403 2404
f 1736 2404 2398
f 2398 2404 2399
f 2405 2406 1667
f 1667 2406 2407
f 1667 2407 2403
f 2403 2407 2406
f 2403 2406 2408
f 2408 2406 2409
f 2408 2409 2400
f 2400 2409 2401
f 2406 2405 2409
f 2409 2405 2402
f 2409 2402 2401
f 2360 2362 2410
f 2410 2362 1572
f 2410 1572 2411
f 2411 2412 2410
f 2410 2412 2413
f 2410 2413 2360
f 2360 2413 2358
f 2412 2414 2413
f 2413 2414 2415
f 2413 2415 2358
f 2358 2415 2356
f 2414 2416 2415
f 2415 2416 2417
f 2415 2417 2356
f 2356 2417 2354
f 2416 2418 2417
f 2417 2418 2419
f 2417 2419 2354
f 2354 2419 2420
f 2354 2420 2352
f 2352 2420 2421
f 2352 2421 2350
f 2350 2421 2422
f 2350 2422 2348
f 2348 2422 2423
f 2348 2423 2346
f 2346 2423 2424
f 2346 2424 2344
f 2344 2424 2425
f 2344 2425 2342
f 2342 2425 2426
f 2342 2426 2340
f 2340 2426 2338
f 2419 2427 2420
f 2420 2427 2428
f 2420 2428 2429
f 2429 2428 2430
f 2429 2430 2431
f 2431 2430 2432
f 2431 2432 2433
f 2433 2432 2434
f 2433 2434 2435
f 2435 2434 2436
f 2435 2436 2437
f 2437 2436 2438
f 2437 2438 2439
f 2439 2438 2232
f 2439 2232 2230
f 2432 2235 2434
f 2434 2235 2234
f 2434 2234 2436
f 2436 2234 2233
f 2436 2233 2438
f 2438 2233 2232
f 2439 2230 2440
f 2440 2230 2228
f 2440 2228 2441
f 2441 2228 2227
f 2441 2227 2442
f 2442 2227 2225
f 2442 2225 2335
f 2442 2335 2443
f 2443 2335 2336
f 2443 2336 2444
f 2444 2336 2338
f 2444 2338 2426
f 2441 2443 2445
f 2445 2443 2444
f 2445 2444 2446
f 2446 2444 2426
f 2446 2426 2425
f 2443 2441 2442
f 2441 2445 2440
f 2440 2445 2447
f 2440 2447 2439
f 2439 2447 2448
f 2439 2448 2437
f 2437 2448 2449
f 2437 2449 2435
f 2435 2449 2450
f 2435 2450 2433
f 2433 2450 2431
f 2447 2445 2446
f 2447 2446 2451
f 2451 2446 2425
f 2451 2425 2424
f 2447 2451 2448
f 2448 2451 2452
f 2448 2452 2449
f 2449 2452 2453
f 2449 2453 2450
f 2450 2453 2454
f 2450 2454 2431
f 2431 2454 2429
f 2452 2451 2424
f 2453 2452 2423
f 2423 2452 2424
f 2454 2453 2422
f 2422 2453 2423
f 2374 2383 2375
f 2375 2383 2455
f 2375 2455 2376
f 2376 2455 2456
f 2376 2456 2377
f 2377 2456 2457
f 2377 2457 2378
f 2378 2457 2458
f 2378 2458 2379
f 2379 2458 2459
f 2379 2459 2380
f 2380 2459 2396
f 2380 2396 2381
f 2429 2454 2421
f 2421 2454 2422
f 2383 2384 2455
f 2455 2384 2386
f 2455 2386 2456
f 2456 2386 2388
f 2456 2388 2457
f 2457 2388 2390
f 2457 2390 2458
f 2458 2390 2392
f 2458 2392 2459
f 2459 2392 2394
f 2459 2394 2396
f 2420 2429 2421
f 2403 2408 2404
f 2404 2408 2399
f 2408 2400 2399
f 2460 2461 2462
f 2462 2461 2463
f 2462 2463 2464
f 2464 2463 2465
f 2464 2465 2466
f 2466 2465 2467
f 2466 2467 2468
f 2468 2467 2469
f 2468 2469 2470
f 2470 2469 2471
f 2470 2471 2472
f 2472 2471 2473
f 2472 2473 2474
f 2474 2473 2475
f 2474 2475 2476
f 2476 2475 2477
f 2476 2477 2478
f 2460 2479 2461
f 2461 2479 2480
f 2461 2480 2463
f 2463 2480 2465
f 2479 2481 2480
f 2480 2481 2482
f 2480 2482 2483
f 2480 2483 2484
f 2484 2483 2485
f 2484 2485 2486
f 2486 2485 2487
f 2486 2487 2488
f 2488 2489 2486
f 2486 2489 2490
f 2486 2490 2469
f 2469 2490 2471
f 2489 2491 2490
f 2490 2491 2492
f 2490 2492 2493
f 2493 2492 2494
f 2493 2494 2495
f 2496 2475 2495
f 2495 2475 2473
f 2495 2473 2493
f 2493 2473 2471
f 2493 2471 2490
f 2496 2477 2475
f 2476 2478 2497
f 2497 2478 2498
f 2497 2498 2499
f 2497 2499 2235
f 2235 2499 2500
f 2235 2500 2231
f 2497 2235 2501
f 2501 2235 2432
f 2501 2432 2502
f 2502 2432 2430
f 2502 2430 2503
f 2503 2430 2504
f 2503 2504 2505
f 2505 2504 2506
f 2505 2506 2507
f 2507 2506 1566
f 2507 1566 1569
f 2430 2428 2504
f 2504 2428 2508
f 2504 2508 2506
f 2506 2508 1571
f 2506 1571 1570
f 2428 2427 2508
f 2508 2427 2419
f 2508 2419 2509
f 2509 2419 2510
f 2509 2510 2511
f 2511 2510 2512
f 2511 2512 2513
f 2513 2512 2414
f 2513 2414 2514
f 2514 2414 2412
f 2514 2412 2515
f 2515 2412 2411
f 2515 2411 2516
f 2516 2411 1572
f 2419 2418 2510
f 2510 2418 2416
f 2510 2416 2512
f 2512 2416 2414
f 2509 1571 2508
f 1570 1567 2506
f 2506 1567 1566
f 1569 1560 2507
f 2507 1560 2517
f 2507 2517 2518
f 2517 1560 2519
f 2519 1560 1558
f 2519 1558 2520
f 2520 1558 2521
f 2521 1558 1568
f 2521 1568 2522
f 2522 1568 2523
f 2523 1568 1550
f 2523 1550 2524
f 2524 1550 1549
f 2524 1549 2525
f 2525 1549 2526
f 2525 2526 2527
f 2527 2526 2528
f 2528 2526 2529
f 2529 2526 2530
f 2529 2530 2531
f 2531 2530 2532
f 2532 2530 2533
f 2532 2533 2534
f 2534 2533 2535
f 2535 2533 2536
f 2535 2536 2537
f 2537 2536 2538
f 2538 2536 2539
f 2538 2539 2540
f 2540 2539 2541
f 2541 2539 2542
f 2541 2542 2543
f 2543 2542 2544
f 2544 2542 2545
f 2544 2545 2546
f 2546 2545 2547
f 2546 2547 2548
f 2548 2547 2549
f 2549 2547 2550
f 2550 2547 2551
f 2550 2551 2552
f 2552 2551 2553
f 2552 2553 2554
f 2554 2553 2555
f 2555 2553 2556
f 2555 2556 2557
f 2557 2556 2558
f 2558 2556 2559
f 2558 2559 2560
f 2560 2559 2518
f 2518 2559 2507
f 1549 1548 2526
f 2526 1548 1546
f 2526 1546 2561
f 2561 1546 2562
f 2562 1546 1544
f 2562 1544 2563
f 2563 1544 1542
f 2563 1542 2564
f 2564 1542 2565
f 2565 1542 2566
f 2566 1542 2567
f 2566 2567 2568
f 2568 2567 2569
f 2569 2567 2570
f 2569 2570 2571
f 2571 2570 2572
f 2571 2572 2573
f 2573 2572 2574
f 2573 2574 2575
f 2575 2574 2576
f 2575 2576 2577
f 2577 2576 2578
f 2577 2578 2579
f 2579 2578 2580
f 2580 2578 2581
f 2581 2578 2582
f 2581 2582 2583
f 2583 2582 2584
f 2584 2582 2585
f 2584 2585 2586
f 2586 2585 2576
f 2586 2576 2587
f 2587 2576 2574
f 2587 2574 2572
f 1542 1541 2567
f 2567 1541 1539
f 2567 1539 2570
f 2570 1539 2572
f 1539 1538 2572
f 2572 1538 1537
f 2572 1537 2587
f 2587 1537 1536
f 2587 1536 2586
f 2586 1536 1527
f 2586 1527 2588
f 2588 1527 2589
f 2589 1527 1526
f 2589 1526 2590
f 2590 1526 1525
f 2590 1525 2591
f 2591 1525 1521
f 2591 1521 2592
f 2592 1521 2593
f 2593 1521 1519
f 2593 1519 2594
f 2594 1519 1517
f 2594 1517 1515
f 2588 2595 2586
f 2586 2595 2596
f 2586 2596 2584
f 2583 2597 2581
f 2581 2597 2598
f 2581 2598 2599
f 2599 2600 2581
f 2564 2601 2563
f 2563 2601 2562
f 2561 2602 2526
f 2526 2602 2603
f 2526 2603 2530
f 2530 2603 2604
f 2530 2604 2533
f 2533 2604 2605
f 2533 2605 2536
f 2536 2605 2539
f 2605 2606 2539
f 2539 2606 2607
f 2539 2607 2545
f 2545 2607 2608
f 2545 2608 2609
f 2609 2608 2470
f 2609 2470 2472
f 2607 2606 2610
f 2610 2606 2464
f 2610 2464 2466
f 2520 2611 2519
f 2519 2611 2517
f 2539 2545 2542
f 2484 2486 2467
f 2467 2486 2469
f 2480 2484 2465
f 2465 2484 2467
f 2474 2476 2612
f 2612 2476 2497
f 2612 2497 2613
f 2613 2497 2501
f 2613 2501 2614
f 2614 2501 2502
f 2614 2502 2615
f 2615 2502 2503
f 2615 2503 2505
f 2472 2474 2616
f 2616 2474 2612
f 2616 2612 2551
f 2551 2612 2613
f 2551 2613 2553
f 2553 2613 2614
f 2553 2614 2556
f 2556 2614 2615
f 2556 2615 2559
f 2559 2615 2505
f 2559 2505 2507
f 2610 2466 2468
f 2610 2468 2608
f 2608 2468 2470
f 2472 2616 2609
f 2609 2616 2547
f 2609 2547 2545
f 2547 2616 2551
f 2607 2610 2608
f 2578 2576 2585
f 2582 2578 2585
f 2528 2617 2527
f 2527 2617 2618
f 2527 2618 2525
f 2525 2618 2619
f 2525 2619 2524
f 2524 2619 2523
f 2523 2619 2620
f 2523 2620 2522
f 2522 2620 2621
f 2522 2621 2521
f 2521 2621 2520
f 2520 2621 2622
f 2520 2622 2611
f 2611 2622 2517
f 2517 2622 2623
f 2517 2623 2518
f 2518 2623 2560
f 2560 2623 2624
f 2560 2624 2558
f 2558 2624 2625
f 2558 2625 2557
f 2557 2625 2555
f 2555 2625 2626
f 2555 2626 2554
f 2554 2626 2627
f 2554 2627 2552
f 2552 2627 2628
f 2552 2628 2550
f 2550 2628 2549
f 2549 2628 2629
f 2549 2629 2548
f 2548 2629 2630
f 2548 2630 2546
f 2546 2630 2631
f 2546 2631 2544
f 2544 2631 2632
f 2544 2632 2543
f 2543 2632 2633
f 2543 2633 2541
f 2541 2633 2634
f 2541 2634 2540
f 2540 2634 2635
f 2540 2635 2538
f 2538 2635 2636
f 2538 2636 2537
f 2537 2636 2637
f 2537 2637 2535
f 2535 2637 2638
f 2535 2638 2534
f 2534 2638 2639
f 2534 2639 2532
f 2532 2639 2640
f 2532 2640 2531
f 2531 2640 2641
f 2531 2641 2529
f 2529 2641 2642
f 2529 2642 2528
f 2528 2642 2617
f 2628 2643 2644
f 2644 2643 2645
f 2644 2645 2646
f 2646 2645 2647
f 2646 2647 2648
f 2648 2647 2649
f 2648 2649 2650
f 2650 2649 2651
f 2650 2651 2652
f 2652 2651 2653
f 2652 2653 2654
f 2654 2653 2655
f 2654 2655 2656
f 2656 2655 2657
f 2656 2657 2658
f 2658 2657 2659
f 2658 2659 2636
f 2636 2635 2658
f 2658 2635 2656
f 2635 2634 2656
f 2656 2634 2654
f 2634 2633 2654
f 2654 2633 2652
f 2633 2632 2652
f 2652 2632 2650
f 2632 2631 2650
f 2650 2631 2648
f 2631 2630 2648
f 2648 2630 2646
f 2630 2629 2646
f 2646 2629 2644
f 2629 2628 2644
f 2660 2661 2662
f 2662 2661 2663
f 2662 2663 2664
f 2664 2663 2665
f 2664 2665 2666
f 2666 2665 2667
f 2666 2667 2668
f 2668 2667 2669
f 2668 2669 2670
f 2670 2669 2671
f 2670 2671 2672
f 2660 2673 2661
f 2661 2673 2674
f 2661 2674 2675
f 2675 2674 2676
f 2675 2676 2647
f 2647 2676 2677
f 2647 2677 2649
f 2649 2677 2651
f 2651 2677 2653
f 2653 2677 2678
f 2653 2678 2655
f 2655 2678 2657
f 2657 2678 2679
f 2657 2679 2659
f 2659 2679 2680
f 2659 2680 2681
f 2681 2680 2682
f 2681 2682 2683
f 2683 2682 2684
f 2683 2684 2685
f 2685 2684 2686
f 2685 2686 2687
f 2687 2686 2688
f 2687 2688 2689
f 2689 2688 2690
f 2689 2690 2691
f 2691 2690 2692
f 2691 2692 2693
f 2693 2692 2694
f 2693 2694 2695
f 2695 2694 2696
f 2695 2696 2697
f 2697 2696 2698
f 2697 2698 2699
f 2699 2698 2700
f 2699 2700 2701
f 2701 2700 2702
f 2701 2702 2703
f 2703 2702 2704
f 2703 2704 2705
f 2673 2706 2674
f 2674 2706 2707
f 2674 2707 2676
f 2676 2707 2708
f 2676 2708 2678
f 2678 2708 2709
f 2678 2709 2680
f 2680 2709 2682
f 2706 2710 2707
f 2707 2710 2711
f 2707 2711 2712
f 2712 2711 2713
f 2712 2713 2714
f 2714 2713 2715
f 2714 2715 2688
f 2688 2715 2690
f 2700 2704 2702
f 2716 2717 2705
f 2705 2717 2718
f 2705 2718 2719
f 2719 2718 2720
f 2719 2720 2721
f 2721 2720 2722
f 2721 2722 2699
f 2699 2722 2697
f 2723 2724 2716
f 2716 2724 2725
f 2716 2725 2717
f 2717 2725 2726
f 2717 2726 2727
f 2727 2726 2728
f 2727 2728 2729
f 2729 2728 2730
f 2729 2730 2731
f 2731 2730 2732
f 2731 2732 2695
f 2695 2732 2693
f 2724 2723 2733
f 2733 2723 2734
f 2733 2734 2735
f 2735 2734 2736
f 2735 2736 2737
f 2737 2736 2738
f 2737 2738 2739
f 2739 2740 2737
f 2737 2740 2741
f 2737 2741 2742
f 2742 2741 2743
f 2742 2743 2744
f 2744 2743 2745
f 2744 2745 2746
f 2746 2745 2747
f 2746 2747 2748
f 2748 2747 2681
f 2748 2681 2749
f 2749 2681 2683
f 2749 2683 2685
f 2741 2745 2743
f 2647 2645 2675
f 2675 2645 2750
f 2675 2750 2661
f 2661 2750 2663
f 2645 2643 2750
f 2750 2643 2751
f 2750 2751 2663
f 2663 2751 2665
f 2643 2752 2751
f 2751 2752 2753
f 2751 2753 2754
f 2754 2753 2755
f 2754 2755 2669
f 2669 2755 2671
f 2756 2668 2672
f 2672 2668 2670
f 2721 2699 2701
f 2678 2680 2679
f 2678 2677 2676
f 2707 2712 2708
f 2708 2712 2757
f 2708 2757 2709
f 2709 2757 2684
f 2709 2684 2682
f 2712 2714 2757
f 2757 2714 2686
f 2757 2686 2684
f 2688 2686 2714
f 2685 2687 2758
f 2758 2687 2759
f 2758 2759 2760
f 2760 2759 2761
f 2760 2761 2762
f 2762 2761 2732
f 2762 2732 2730
f 2687 2689 2759
f 2759 2689 2691
f 2759 2691 2761
f 2761 2691 2693
f 2761 2693 2732
f 2685 2758 2749
f 2749 2758 2763
f 2749 2763 2746
f 2746 2763 2744
f 2763 2758 2760
f 2746 2748 2749
f 2763 2760 2764
f 2764 2760 2762
f 2764 2762 2765
f 2765 2762 2730
f 2765 2730 2728
f 2763 2764 2744
f 2744 2764 2766
f 2744 2766 2742
f 2742 2766 2767
f 2742 2767 2735
f 2735 2767 2733
f 2766 2764 2765
f 2695 2697 2731
f 2731 2697 2722
f 2731 2722 2729
f 2729 2722 2720
f 2729 2720 2727
f 2727 2720 2718
f 2727 2718 2717
f 2766 2765 2768
f 2768 2765 2728
f 2768 2728 2726
f 2735 2737 2742
f 2766 2768 2767
f 2767 2768 2769
f 2767 2769 2733
f 2733 2769 2724
f 2769 2768 2726
f 2725 2724 2769
f 2769 2726 2725
f 2719 2721 2703
f 2703 2721 2701
f 2705 2719 2703
f 2667 2665 2754
f 2754 2665 2751
f 2669 2667 2754
f 2770 2736 2771
f 2771 2736 2734
f 2771 2734 2772
f 2772 2734 2723
f 2772 2723 2773
f 2773 2723 2774
f 2773 2774 2775
f 2775 2774 2776
f 2776 2774 2777
f 2776 2777 2778
f 2778 2777 2716
f 2778 2716 2705
f 2723 2716 2774
f 2774 2716 2777
f 2704 2779 2705
f 2705 2779 2780
f 2705 2780 2781
f 2781 2780 2776
f 2781 2776 2778
f 2700 2782 2704
f 2704 2782 2783
f 2704 2783 2784
f 2784 2783 2785
f 2784 2785 2779
f 2779 2785 2780
f 2698 2786 2700
f 2700 2786 2787
f 2700 2787 2782
f 2782 2787 2788
f 2782 2788 2783
f 2783 2788 2785
f 2786 2698 2789
f 2789 2698 2696
f 2789 2696 2790
f 2790 2696 2694
f 2790 2694 2791
f 2791 2694 2792
f 2791 2792 2793
f 2793 2792 2794
f 2794 2792 2795
f 2794 2795 2796
f 2796 2795 2690
f 2796 2690 2797
f 2797 2690 2715
f 2797 2715 2798
f 2798 2715 2713
f 2798 2713 2799
f 2799 2713 2711
f 2799 2711 2710
f 2694 2692 2792
f 2792 2692 2795
f 2692 2690 2795
f 2799 2710 2800
f 2800 2710 2706
f 2800 2706 2801
f 2801 2706 2673
f 2801 2673 2802
f 2802 2673 2660
f 2802 2660 2803
f 2803 2660 2662
f 2803 2662 2804
f 2804 2805 2803
f 2803 2805 2802
f 2805 2806 2802
f 2802 2806 2801
f 2801 2806 2800
f 2800 2806 2807
f 2800 2807 2799
f 2799 2807 2808
f 2799 2808 2798
f 2798 2808 2809
f 2798 2809 2797
f 2797 2809 2810
f 2797 2810 2796
f 2796 2810 2794
f 2791 2793 2790
f 2790 2793 2811
f 2790 2811 2789
f 2789 2811 2812
f 2789 2812 2786
f 2786 2812 2787
f 2812 2788 2787
f 2785 2776 2780
f 2775 2813 2773
f 2773 2813 2772
f 2772 2813 2771
f 2771 2813 2770
f 2779 2704 2784
f 2778 2705 2781
f 2814 2815 2816
f 2816 2815 2817
f 2816 2817 2818
f 2818 2817 2819
f 2818 2819 2820
f 2820 2819 2821
f 2820 2821 2822
f 2822 2821 2823
f 2822 2823 2770
f 2770 2823 2736
f 2736 2823 2824
f 2824 2823 2825
f 2825 2823 2821
f 2825 2821 2826
f 2826 2821 2827
f 2827 2821 2819
f 2827 2819 2817
f 2820 2828 2818
f 2818 2828 2816
f 2828 2814 2816
f 2736 2824 2738
f 2738 2824 2739
f 2739 2824 2825
f 2739 2825 2829
f 2829 2825 2830
f 2829 2830 2745
f 2745 2830 2831
f 2745 2831 2747
f 2747 2831 2832
f 2747 2832 2681
f 2681 2832 2833
f 2681 2833 2834
f 2834 2833 2835
f 2834 2835 2836
f 2836 2835 2837
f 2837 2835 2838
f 2838 2835 2839
f 2839 2835 2840
f 2839 2840 2841
f 2841 2840 2842
f 2842 2840 2843
f 2842 2843 2844
f 2844 2843 2845
f 2845 2843 2846
f 2846 2843 2847
f 2846 2847 2848
f 2848 2847 2849
f 2849 2847 2850
f 2849 2850 2851
f 2851 2850 2852
f 2851 2852 2853
f 2825 2826 2830
f 2830 2826 2827
f 2830 2827 2854
f 2854 2827 2855
f 2854 2855 2856
f 2856 2855 2857
f 2856 2857 2858
f 2858 2857 2859
f 2858 2859 2860
f 2860 2859 2861
f 2860 2861 2847
f 2847 2861 2862
f 2847 2862 2850
f 2850 2862 2863
f 2850 2863 2864
f 2864 2863 2865
f 2864 2865 2866
f 2866 2865 2867
f 2866 2867 2868
f 2868 2867 2869
f 2868 2869 2870
f 2870 2869 2871
f 2870 2871 2872
f 2872 2871 2873
f 2872 2873 2874
f 2874 2873 2875
f 2874 2875 2876
f 2876 2875 2877
f 2876 2877 2878
f 2878 2877 2879
f 2878 2879 2880
f 2880 2879 2881
f 2880 2881 2882
f 2882 2881 2883
f 2882 2883 2884
f 2884 2883 2885
f 2884 2885 2886
f 2886 2885 2887
f 2886 2887 2888
f 2888 2887 2889
f 2888 2889 2890
f 2890 2889 2891
f 2890 2891 2892
f 2892 2891 2893
f 2892 2893 2894
f 2894 2893 2895
f 2895 2893 2896
f 2895 2896 2897
f 2897 2896 2898
f 2897 2898 2859
f 2859 2898 2861
f 2827 2817 2855
f 2855 2817 2899
f 2855 2899 2857
f 2857 2899 2897
f 2857 2897 2859
f 2817 2815 2899
f 2899 2815 2895
f 2899 2895 2897
f 2892 2894 2900
f 2900 2894 2901
f 2900 2901 2902
f 2902 2901 2903
f 2902 2903 2904
f 2904 2903 2905
f 2904 2905 2906
f 2906 2905 2907
f 2906 2907 2908
f 2908 2907 2909
f 2908 2909 2910
f 2910 2909 2911
f 2910 2911 2912
f 2912 2911 2913
f 2912 2913 2914
f 2914 2913 2915
f 2914 2915 2916
f 2916 2915 2917
f 2916 2917 2878
f 2878 2917 2876
f 2901 2918 2903
f 2903 2918 2919
f 2903 2919 2920
f 2920 2919 2921
f 2920 2921 2922
f 2922 2921 2923
f 2922 2923 2924
f 2924 2923 2925
f 2924 2925 2926
f 2926 2925 2927
f 2926 2927 2928
f 2928 2927 2929
f 2928 2929 2930
f 2930 2929 2931
f 2930 2931 2932
f 2932 2931 2933
f 2932 2933 2934
f 2919 2935 2921
f 2921 2935 2923
f 2935 2936 2923
f 2923 2936 2925
f 2925 2936 2927
f 2927 2936 2937
f 2927 2937 2938
f 2938 2937 2939
f 2938 2939 2940
f 2940 2941 2938
f 2938 2941 2942
f 2938 2942 2931
f 2931 2942 2943
f 2931 2943 2933
f 2941 2944 2942
f 2930 2945 2928
f 2928 2945 2946
f 2928 2946 2926
f 2926 2946 2947
f 2926 2947 2924
f 2924 2947 2948
f 2924 2948 2922
f 2922 2948 2949
f 2922 2949 2920
f 2920 2949 2905
f 2920 2905 2903
f 2945 2950 2946
f 2946 2950 2951
f 2946 2951 2947
f 2947 2951 2952
f 2947 2952 2948
f 2948 2952 2953
f 2948 2953 2949
f 2949 2953 2907
f 2949 2907 2905
f 2950 2954 2951
f 2951 2954 2955
f 2951 2955 2952
f 2952 2955 2956
f 2952 2956 2953
f 2953 2956 2909
f 2953 2909 2907
f 2954 2957 2955
f 2955 2957 2958
f 2955 2958 2956
f 2956 2958 2911
f 2956 2911 2909
f 2957 2959 2958
f 2958 2959 2913
f 2958 2913 2911
f 2959 2915 2913
f 2872 2960 2870
f 2870 2960 2961
f 2870 2961 2868
f 2868 2961 2962
f 2868 2962 2866
f 2866 2962 2963
f 2866 2963 2864
f 2864 2963 2964
f 2864 2964 2850
f 2850 2964 2965
f 2850 2965 2852
f 2961 2960 2966
f 2966 2960 2967
f 2966 2967 2968
f 2968 2967 2969
f 2968 2969 2970
f 2970 2969 2971
f 2970 2971 2972
f 2972 2971 2973
f 2972 2973 2974
f 2974 2973 2975
f 2975 2973 2976
f 2975 2976 2977
f 2977 2976 2978
f 2978 2976 2979
f 2978 2979 2980
f 2980 2979 2981
f 2981 2979 2753
f 2753 2979 2755
f 2755 2979 2671
f 2671 2979 2976
f 2671 2976 2982
f 2982 2976 2983
f 2982 2983 2984
f 2984 2983 2967
f 2967 2983 2969
f 2984 2756 2982
f 2982 2756 2672
f 2982 2672 2671
f 2974 2985 2972
f 2972 2985 2986
f 2972 2986 2987
f 2965 2964 2987
f 2987 2964 2988
f 2987 2988 2972
f 2972 2988 2970
f 2853 2849 2851
f 2836 2659 2834
f 2834 2659 2681
f 2745 2741 2829
f 2829 2741 2740
f 2829 2740 2739
f 2962 2961 2966
f 2833 2832 2831
f 2831 2830 2989
f 2989 2830 2854
f 2989 2854 2990
f 2990 2854 2856
f 2990 2856 2858
f 2831 2989 2833
f 2833 2989 2991
f 2833 2991 2835
f 2835 2991 2840
f 2991 2989 2990
f 2991 2990 2992
f 2992 2990 2858
f 2992 2858 2860
f 2843 2840 2992
f 2992 2840 2991
f 2843 2992 2860
f 2847 2843 2860
f 2898 2896 2993
f 2993 2896 2893
f 2993 2893 2891
f 2861 2898 2994
f 2994 2898 2993
f 2994 2993 2995
f 2995 2993 2891
f 2995 2891 2889
f 2892 2900 2996
f 2996 2900 2902
f 2996 2902 2904
f 2995 2997 2994
f 2994 2997 2862
f 2994 2862 2861
f 2862 2997 2863
f 2863 2997 2998
f 2863 2998 2865
f 2865 2998 2999
f 2865 2999 2867
f 2867 2999 3000
f 2867 3000 2869
f 2869 3000 3001
f 2869 3001 2871
f 2871 3001 2873
f 2997 2995 3002
f 3002 2995 2889
f 3002 2889 2887
f 2988 2964 2963
f 2970 2988 3003
f 3003 2988 2963
f 3003 2963 2962
f 2966 2968 3003
f 3003 2968 2970
f 2966 3003 2962
f 2904 3004 2996
f 2996 3004 2890
f 2996 2890 2892
f 2890 3004 2888
f 2888 3004 3005
f 2888 3005 2886
f 2886 3005 3006
f 2886 3006 2884
f 2884 3006 3007
f 2884 3007 2882
f 2882 3007 3008
f 2882 3008 2880
f 2880 3008 2916
f 2880 2916 2878
f 3005 3004 2906
f 2906 3004 2904
f 2887 3009 3002
f 3002 3009 2998
f 3002 2998 2997
f 2998 3009 2999
f 2999 3009 3010
f 2999 3010 3000
f 3000 3010 3011
f 3000 3011 3001
f 3001 3011 3012
f 3001 3012 2873
f 2873 3012 2875
f 3010 3009 2885
f 2885 3009 2887
f 3006 3005 2908
f 2908 3005 2906
f 3011 3010 2883
f 2883 3010 2885
f 3007 3006 2910
f 2910 3006 2908
f 3012 3011 2881
f 2881 3011 2883
f 3008 3007 2912
f 2912 3007 2910
f 2875 3012 2879
f 2879 3012 2881
f 2929 2927 2938
f 2931 2929 2938
f 2916 3008 2914
f 2914 3008 2912
f 2877 2875 2879
f 2969 2983 2971
f 2971 2983 2976
f 2971 2976 2973
f 2836 3013 2659
f 2659 3013 3014
f 2659 3014 2636
f 2636 3014 2637
f 2637 3014 3015
f 2637 3015 2638
f 2638 3015 3016
f 2638 3016 2639
f 2639 3016 3017
f 2639 3017 2640
f 2640 3017 2641
f 2641 3017 3018
f 2641 3018 2642
f 2642 3018 3019
f 2642 3019 2617
f 2617 3019 3020
f 2617 3020 2618
f 2618 3020 3021
f 2618 3021 2845
f 2845 3021 2844
f 2844 3021 3022
f 2844 3022 2842
f 2842 3022 3023
f 2842 3023 2841
f 2841 3023 3024
f 2841 3024 2839
f 2839 3024 2838
f 2838 3024 3025
f 2838 3025 2837
f 2837 3025 3026
f 2837 3026 2836
f 2836 3026 3013
f 3020 3019 3021
f 3021 3019 3022
f 3019 3018 3022
f 3022 3018 3023
f 3018 3017 3023
f 3023 3017 3024
f 3017 3016 3024
f 3024 3016 3025
f 3014 3013 3026
f 3016 3015 3025
f 3025 3015 3026
f 3015 3014 3026
f 2618 2845 3027
f 3027 2845 2846
f 3027 2846 2848
f 3027 2848 3028
f 3028 2848 2849
f 3028 2849 2853
f 3028 2853 3029
f 3029 2853 2852
f 3029 2852 3030
f 3030 2852 2965
f 3030 2965 2987
f 3030 2987 3031
f 3031 2987 2986
f 3031 2986 3032
f 3032 2986 2985
f 3032 2985 2974
f 3032 2974 3033
f 3033 2974 2975
f 3033 2975 3034
f 3034 2975 2977
f 3034 2977 2978
f 3034 2978 3035
f 3035 2978 2980
f 3035 2980 2981
f 2981 2753 3035
f 3035 2753 2626
f 3035 2626 2625
f 3035 2625 3034
f 3034 2625 2624
f 3034 2624 3033
f 3033 2624 2623
f 3033 2623 3032
f 3032 2623 2622
f 3032 2622 3031
f 3031 2622 2621
f 3031 2621 3030
f 3030 2621 3029
f 2621 2620 3029
f 3029 2620 3028
f 2620 2619 3028
f 3028 2619 3027
f 2619 2618 3027
f 2626 2753 3036
f 3036 2753 2752
f 3036 2752 3037
f 3037 2752 2643
f 3037 2643 2628
f 2628 2627 3037
f 3037 2627 3036
f 2627 2626 3036
f 3038 3039 3040
f 3040 3039 3041
f 3040 3041 3042
f 3042 3041 3043
f 3042 3043 3044
f 3044 3043 3045
f 3044 3045 3046
f 3046 3045 3047
f 3046 3047 3048
f 3048 3047 3049
f 3048 3049 3050
f 3051 3052 3050
f 3050 3052 3053
f 3050 3053 3048
f 3048 3053 3054
f 3048 3054 3055
f 3055 3054 2984
f 3055 2984 2967
f 3051 3056 3052
f 3052 3056 3057
f 3052 3057 3053
f 3053 3057 3054
f 3056 2756 3057
f 3057 2756 2984
f 3057 2984 3054
f 3055 2967 3058
f 3058 2967 2960
f 3058 2960 3059
f 3059 2960 2872
f 3059 2872 3060
f 3060 2872 2874
f 3060 2874 3061
f 3061 2874 2876
f 3061 2876 3038
f 3061 3038 3040
f 3060 3061 3040
f 3059 3060 3042
f 3042 3060 3040
f 3058 3059 3044
f 3044 3059 3042
f 3055 3058 3046
f 3046 3058 3044
f 3048 3055 3046
f 3039 3062 3041
f 3041 3062 3063
f 3041 3063 3064
f 3064 3063 3065
f 3064 3065 3066
f 3066 3065 3067
f 3066 3067 3068
f 3068 3067 3069
f 3068 3069 3070
f 3070 3069 3071
f 3070 3071 3072
f 3062 3073 3063
f 3063 3073 3065
f 3073 3074 3065
f 3065 3074 3067
f 3074 3075 3067
f 3067 3075 3069
f 3075 3076 3069
f 3069 3076 3077
f 3069 3077 3071
f 3070 3072 3078
f 3078 3072 3079
f 3078 3079 3080
f 3080 3079 3081
f 3080 3081 3082
f 3082 3081 3083
f 3082 3083 3084
f 3084 3083 3085
f 3084 3085 3086
f 3086 3085 3087
f 3086 3087 3051
f 3088 3089 3079
f 3079 3089 3081
f 3090 3091 3089
f 3089 3091 3092
f 3089 3092 3081
f 3081 3092 3083
f 3091 3090 3093
f 3093 3090 3094
f 3093 3094 3085
f 3085 3094 3095
f 3085 3095 3087
f 3051 3050 3086
f 3086 3050 3096
f 3086 3096 3084
f 3084 3096 3097
f 3084 3097 3082
f 3082 3097 3098
f 3082 3098 3080
f 3080 3098 3078
f 3096 3050 3099
f 3099 3050 3049
f 3099 3049 3100
f 3100 3049 3101
f 3100 3101 3102
f 3102 3101 3066
f 3102 3066 3068
f 3049 3047 3101
f 3101 3047 3045
f 3101 3045 3064
f 3064 3045 3043
f 3064 3043 3041
f 3068 3070 3103
f 3103 3070 3078
f 3103 3078 3098
f 3101 3064 3066
f 3068 3103 3102
f 3102 3103 3104
f 3102 3104 3100
f 3100 3104 3099
f 3104 3103 3098
f 3104 3098 3097
f 3096 3099 3097
f 3097 3099 3104
f 3092 3091 3093
f 3092 3093 3083
f 3083 3093 3085
f 3105 3106 3107
f 3107 3106 3108
f 3107 3108 3109
f 3107 3109 3110
f 3110 3109 3111
f 3110 3111 3112
f 3112 3111 3113
f 3112 3113 3114
f 3114 3113 3115
f 3114 3115 3116
f 3116 3115 3117
f 3116 3117 3118
f 3115 3119 3117
f 3120 3121 3118
f 3118 3121 3122
f 3118 3122 3116
f 3116 3122 3123
f 3116 3123 3114
f 3114 3123 3124
f 3114 3124 3112
f 3112 3124 3125
f 3112 3125 3110
f 3110 3125 3126
f 3110 3126 3107
f 3107 3126 3127
f 3107 3127 3105
f 3121 3120 3128
f 3128 3120 3077
f 3128 3077 3129
f 3129 3077 3130
f 3129 3130 3131
f 3131 3130 3132
f 3131 3132 3133
f 3133 3132 3134
f 3133 3134 3074
f 3074 3134 3075
f 3075 3134 3135
f 3075 3135 3076
f 3076 3135 3136
f 3076 3136 3077
f 3077 3136 3137
f 3077 3137 3130
f 3130 3137 3132
f 3073 3138 3074
f 3074 3138 3139
f 3074 3139 3140
f 3140 3139 3141
f 3140 3141 3142
f 3142 3141 3143
f 3142 3143 3144
f 3144 3143 3145
f 3144 3145 3146
f 3146 3145 3147
f 3146 3147 3148
f 3148 3147 3124
f 3148 3124 3123
f 3138 3073 3149
f 3149 3073 3062
f 3149 3062 3039
f 3039 3143 3149
f 3149 3143 3141
f 3149 3141 3139
f 3145 3143 3150
f 3150 3143 3127
f 3150 3127 3126
f 3123 3122 3151
f 3151 3122 3121
f 3151 3121 3152
f 3152 3121 3128
f 3152 3128 3153
f 3153 3128 3129
f 3153 3129 3131
f 3123 3151 3148
f 3148 3151 3154
f 3148 3154 3146
f 3146 3154 3155
f 3146 3155 3144
f 3144 3155 3142
f 3154 3151 3152
f 3125 3124 3147
f 3126 3125 3150
f 3150 3125 3147
f 3150 3147 3145
f 3154 3152 3156
f 3156 3152 3153
f 3156 3153 3157
f 3157 3153 3131
f 3157 3131 3133
f 3139 3138 3149
f 3157 3133 3074
f 3137 3136 3135
f 3137 3135 3132
f 3132 3135 3134
f 3154 3156 3155
f 3155 3156 3140
f 3155 3140 3142
f 3140 3156 3157
f 3074 3140 3157
f 3106 185 3158
f 3158 185 187
f 3158 187 3159
f 3159 187 3160
f 3159 3160 3108
f 3108 3160 3109
f 3109 3160 3161
f 3109 3161 3111
f 3111 3161 3162
f 3111 3162 3113
f 3113 3162 3163
f 3113 3163 3164
f 3164 3163 195
f 3164 195 198
f 187 189 3160
f 3160 189 3161
f 189 192 3161
f 3161 192 3162
f 192 195 3162
f 3162 195 3163
f 3164 198 3165
f 3165 198 200
f 3165 200 3119
f 3119 3115 3165
f 3165 3115 3164
f 3115 3113 3164
f 3159 3108 3158
f 3158 3108 3106
f 3166 182 3167
f 3167 182 183
f 3167 183 3168
f 3168 183 185
f 3168 185 3169
f 3169 185 3106
f 3169 3106 3170
f 3169 3170 3168
f 3168 3170 3171
f 3168 3171 3167
f 3167 3171 3166
f 1422 155 3172
f 3172 155 157
f 3172 157 3173
f 3173 157 159
f 3173 159 3174
f 3174 159 161
f 3174 161 3175
f 3175 161 163
f 3175 163 3176
f 3176 163 165
f 3176 165 3177
f 3177 165 168
f 3177 168 3178
f 3178 168 170
f 3178 170 3179
f 3179 170 172
f 3179 172 3180
f 3180 172 174
f 3180 174 175
f 3180 175 3181
f 3181 175 177
f 3181 177 3182
f 3182 177 178
f 3182 178 3183
f 3183 178 180
f 3183 180 3184
f 3184 180 182
f 3184 182 3166
f 3166 3185 3184
f 3184 3185 3183
f 3183 3185 3182
f 3182 3185 3186
f 3182 3186 3181
f 3181 3186 3187
f 3181 3187 3180
f 3180 3187 3179
f 3187 3188 3179
f 3179 3188 3178
f 3188 3189 3178
f 3178 3189 3177
f 3189 3190 3177
f 3177 3190 3176
f 3190 3191 3176
f 3176 3191 3175
f 3191 3192 3175
f 3175 3192 3174
f 3192 3193 3174
f 3174 3193 3173
f 3193 3194 3173
f 3173 3194 3172
f 3194 1422 3172
f 141 210 3195
f 3195 210 1374
f 3195 1374 3196
f 3195 3196 3197
f 3197 3196 3198
f 3197 3198 3199
f 3199 3198 3200
f 3199 3200 3201
f 3201 3200 3202
f 3201 3202 3203
f 3203 3202 3204
f 3203 3204 3205
f 3205 3204 3206
f 3205 3206 134
f 134 3206 132
f 132 3206 3207
f 132 3207 130
f 130 3207 3208
f 130 3208 128
f 128 3208 3209
f 3209 3208 3210
f 3210 3208 3207
f 3210 3207 3211
f 3211 3207 3206
f 3211 3206 3204
f 134 136 3205
f 3205 136 3203
f 136 138 3203
f 3203 138 3201
f 3201 138 3199
f 3199 138 140
f 3199 140 3197
f 3197 140 141
f 3197 141 3195
f 3212 103 3213
f 3213 103 105
f 3213 105 3214
f 3214 105 106
f 3214 106 3215
f 3215 106 108
f 3215 108 3216
f 3216 108 110
f 3216 110 3217
f 3217 110 111
f 3217 111 113
f 3217 113 3218
f 3218 113 115
f 3218 115 3219
f 3219 115 117
f 3219 117 3220
f 3220 117 119
f 3220 119 3221
f 3221 119 3222
f 3221 3222 3223
f 3223 3222 3224
f 3224 3222 3225
f 3224 3225 3226
f 3226 3225 3227
f 3226 3227 3228
f 3228 3227 124
f 3228 124 126
f 119 121 3222
f 3222 121 3225
f 121 124 3225
f 3225 124 3227
f 3228 126 3229
f 3229 126 128
f 3229 128 3209
f 3209 3230 3229
f 3229 3230 3228
f 3230 3226 3228
f 3223 3231 3221
f 3221 3231 3220
f 3231 3232 3220
f 3220 3232 3219
f 3232 3233 3219
f 3219 3233 3218
f 3218 3233 3217
f 3217 3233 3234
f 3217 3234 3216
f 3216 3234 3215
f 3234 3235 3215
f 3215 3235 3214
f 3235 3236 3214
f 3214 3236 3213
f 3236 3212 3213
f 101 3237 99
f 99 3237 3238
f 99 3238 3239
f 3237 101 3240
f 3240 101 103
f 3240 103 3241
f 3241 103 3212
f 3241 3212 3240
f 3240 3212 3242
f 3240 3242 3237
f 3237 3242 3238
f 3243 77 3244
f 3244 77 85
f 3244 85 3245
f 3245 85 87
f 3245 87 3246
f 3246 87 90
f 3246 90 3247
f 3247 90 92
f 3247 92 3248
f 3248 92 94
f 3248 94 3249
f 3249 94 3250
f 3249 3250 3251
f 3251 3250 3252
f 3252 3250 3253
f 3252 3253 3239
f 3239 3253 99
f 99 3253 97
f 97 3253 3250
f 97 3250 94
f 3251 3254 3249
f 3249 3254 3248
f 3248 3254 3247
f 3247 3254 3255
f 3247 3255 3246
f 3246 3255 3256
f 3246 3256 3245
f 3245 3256 3257
f 3245 3257 3244
f 3244 3257 3243
f 3258 44 3259
f 3259 44 57
f 3259 57 3260
f 3260 57 59
f 3260 59 3261
f 3261 59 3262
f 3261 3262 3263
f 3263 3262 3264
f 3263 3264 3265
f 3265 3264 3266
f 3265 3266 3267
f 3267 3266 65
f 3267 65 66
f 59 61 3262
f 3262 61 3264
f 61 63 3264
f 3264 63 3266
f 63 65 3266
f 3267 66 3268
f 3268 66 68
f 3268 68 3269
f 3269 68 70
f 3269 70 3270
f 3270 70 71
f 3270 71 3271
f 3271 71 73
f 3271 73 75
f 3271 75 3272
f 3272 75 77
f 3272 77 3243
f 3243 3273 3272
f 3272 3273 3271
f 3273 3274 3271
f 3271 3274 3275
f 3271 3275 3270
f 3270 3275 3276
f 3270 3276 3269
f 3269 3276 3277
f 3269 3277 3268
f 3268 3277 3278
f 3268 3278 3267
f 3267 3278 3265
f 3263 3279 3261
f 3261 3279 3260
f 3279 3280 3260
f 3260 3280 3259
f 3280 3258 3259
f 3119 200 3281
f 3281 200 203
f 3281 203 3282
f 3282 203 205
f 3282 205 3283
f 3283 205 207
f 3283 207 3284
f 3284 207 55
f 3284 55 3285
f 3285 55 54
f 3285 54 3286
f 3286 54 52
f 3286 52 3287
f 3287 52 50
f 3287 50 3288
f 3288 50 3289
f 3288 3289 3290
f 3290 3289 3291
f 3290 3291 3292
f 3292 3291 3293
f 3292 3293 3294
f 3294 3293 3295
f 3294 3295 3296
f 3296 3295 3297
f 3296 3297 3298
f 3298 3297 45
f 3298 45 44
f 50 48 3289
f 3289 48 3291
f 3291 48 3293
f 3293 48 46
f 3293 46 3295
f 3295 46 45
f 3295 45 3297
f 44 3258 3298
f 3298 3258 3296
f 3290 3299 3288
f 3288 3299 3287
f 3299 3300 3287
f 3287 3300 3286
f 3286 3300 3285
f 3285 3300 3301
f 3285 3301 3284
f 3284 3301 3302
f 3284 3302 3283
f 3283 3302 3303
f 3283 3303 3282
f 3282 3303 3281
f 3119 3281 3117
f 3117 3281 3304
f 3117 3304 3118
f 3118 3304 3305
f 3118 3305 3120
f 3120 3305 3306
f 3120 3306 3077
f 3077 3306 3307
f 3077 3307 3071
f 3071 3307 3308
f 3071 3308 3072
f 3072 3308 3309
f 3072 3309 3079
f 3079 3309 3310
f 3079 3310 3088
f 3088 3310 3311
f 3311 3310 3312
f 3311 3312 3313
f 3313 3312 3314
f 3313 3314 3315
f 3315 3314 3316
f 3315 3316 3317
f 3317 3316 3318
f 3317 3318 3319
f 3319 3318 3320
f 3319 3320 3321
f 3321 3320 3322
f 3321 3322 3323
f 3323 3322 3324
f 3323 3324 3325
f 3325 3324 3326
f 3325 3326 3327
f 3327 3326 3301
f 3327 3301 3300
f 3281 3303 3304
f 3304 3303 3328
f 3304 3328 3329
f 3329 3328 3324
f 3329 3324 3322
f 3303 3302 3328
f 3328 3302 3326
f 3328 3326 3324
f 3302 3301 3326
f 3299 3330 3300
f 3300 3330 3331
f 3300 3331 3327
f 3327 3331 3332
f 3327 3332 3325
f 3325 3332 3333
f 3325 3333 3323
f 3323 3333 3334
f 3323 3334 3321
f 3321 3334 3335
f 3321 3335 3319
f 3319 3335 3336
f 3319 3336 3317
f 3317 3336 3337
f 3317 3337 3315
f 3315 3337 3338
f 3315 3338 3313
f 3330 3299 3339
f 3339 3299 3290
f 3339 3290 3340
f 3340 3290 3292
f 3340 3292 3341
f 3341 3292 3294
f 3341 3294 3342
f 3342 3294 3296
f 3342 3296 3343
f 3343 3296 3344
f 3343 3344 3345
f 3345 3344 3346
f 3345 3346 3347
f 3347 3346 3348
f 3347 3348 3349
f 3344 3296 3350
f 3350 3296 3258
f 3350 3258 3351
f 3350 3351 3346
f 3346 3351 3348
f 3347 3349 3352
f 3352 3349 3353
f 3352 3353 3354
f 3354 3353 3355
f 3354 3355 3356
f 3354 3356 3357
f 3357 3356 3358
f 3357 3358 3359
f 3359 3358 3360
f 3359 3360 3361
f 3359 3361 3362
f 3362 3361 3363
f 3362 3363 3364
f 3364 3363 3365
f 3364 3365 3366
f 3366 3365 3367
f 3366 3367 3368
f 3368 3367 3369
f 3368 3369 3370
f 3370 3369 3371
f 3370 3371 3372
f 3372 3371 3373
f 3372 3373 3374
f 3374 3373 3332
f 3374 3332 3331
f 3365 3363 3375
f 3375 3363 3376
f 3375 3376 3377
f 3377 3376 3378
f 3377 3378 3379
f 3379 3378 3380
f 3379 3380 3381
f 3381 3380 3338
f 3381 3338 3337
f 3304 3329 3305
f 3305 3329 3382
f 3305 3382 3306
f 3306 3382 3383
f 3306 3383 3307
f 3307 3383 3384
f 3307 3384 3308
f 3308 3384 3385
f 3308 3385 3309
f 3309 3385 3312
f 3309 3312 3310
f 3329 3322 3382
f 3382 3322 3320
f 3382 3320 3383
f 3383 3320 3318
f 3383 3318 3384
f 3384 3318 3316
f 3384 3316 3385
f 3385 3316 3314
f 3385 3314 3312
f 3337 3336 3381
f 3381 3336 3386
f 3381 3386 3379
f 3379 3386 3387
f 3379 3387 3377
f 3377 3387 3388
f 3377 3388 3375
f 3375 3388 3367
f 3375 3367 3365
f 3336 3335 3386
f 3386 3335 3389
f 3386 3389 3387
f 3387 3389 3390
f 3387 3390 3388
f 3388 3390 3369
f 3388 3369 3367
f 3335 3334 3389
f 3389 3334 3391
f 3389 3391 3390
f 3390 3391 3371
f 3390 3371 3369
f 3334 3333 3391
f 3391 3333 3373
f 3391 3373 3371
f 3333 3332 3373
f 3331 3330 3374
f 3374 3330 3392
f 3374 3392 3372
f 3372 3392 3393
f 3372 3393 3370
f 3370 3393 3394
f 3370 3394 3368
f 3368 3394 3395
f 3368 3395 3366
f 3366 3395 3396
f 3366 3396 3364
f 3364 3396 3362
f 3330 3339 3392
f 3392 3339 3397
f 3392 3397 3393
f 3393 3397 3398
f 3393 3398 3394
f 3394 3398 3399
f 3394 3399 3395
f 3395 3399 3400
f 3395 3400 3396
f 3396 3400 3401
f 3396 3401 3362
f 3362 3401 3359
f 3339 3340 3397
f 3397 3340 3402
f 3397 3402 3398
f 3398 3402 3403
f 3398 3403 3399
f 3399 3403 3404
f 3399 3404 3400
f 3400 3404 3405
f 3400 3405 3401
f 3401 3405 3357
f 3401 3357 3359
f 3340 3341 3402
f 3402 3341 3406
f 3402 3406 3403
f 3403 3406 3407
f 3403 3407 3404
f 3404 3407 3408
f 3404 3408 3405
f 3405 3408 3354
f 3405 3354 3357
f 3341 3342 3406
f 3406 3342 3409
f 3406 3409 3407
f 3407 3409 3410
f 3407 3410 3408
f 3408 3410 3352
f 3408 3352 3354
f 3410 3409 3345
f 3345 3409 3343
f 3343 3409 3342
f 3350 3346 3344
f 3352 3410 3347
f 3347 3410 3345
f 3411 3412 3413
f 3413 3412 3414
f 3413 3414 3415
f 3415 3414 3361
f 3415 3361 3416
f 3416 3361 3360
f 3412 3411 3417
f 3417 3411 3418
f 3417 3418 3419
f 3419 3418 3420
f 3419 3420 3421
f 3421 3420 3422
f 3421 3422 3423
f 3423 3422 3424
f 3423 3424 3425
f 3425 3424 3426
f 3425 3426 3427
f 3427 3426 3428
f 3427 3428 3429
f 3429 3428 3430
f 3429 3430 3431
f 3422 3420 3432
f 3432 3420 3433
f 3432 3433 3434
f 3434 3433 3435
f 3434 3435 3436
f 3436 3435 3437
f 3436 3437 3438
f 3438 3437 3439
f 3438 3439 3428
f 3428 3439 3430
f 3433 3440 3435
f 3435 3440 3437
f 3431 3441 3429
f 3429 3441 3442
f 3429 3442 3443
f 3443 3442 3444
f 3443 3444 3445
f 3445 3444 3446
f 3445 3446 3447
f 3447 3446 3448
f 3447 3448 3449
f 3449 3448 3450
f 3449 3450 3451
f 3451 3450 3452
f 3451 3452 3453
f 3453 3452 3454
f 3453 3454 3455
f 3455 3454 3456
f 3455 3456 3457
f 3457 3456 3458
f 3457 3458 3338
f 3338 3458 3313
f 3313 3458 3459
f 3313 3459 3460
f 3460 3459 3461
f 3460 3461 3462
f 3462 3461 3463
f 3462 3463 3464
f 3464 3463 3465
f 3464 3465 3466
f 3466 3465 3467
f 3466 3467 3468
f 3468 3467 3469
f 3468 3469 3470
f 3470 3469 3471
f 3470 3471 3472
f 3472 3471 3473
f 3472 3473 3474
f 3474 3473 3475
f 3474 3475 3476
f 3476 3475 3477
f 3477 3475 3478
f 3477 3478 3479
f 3479 3478 3480
f 3480 3478 3481
f 3480 3481 3482
f 3441 3483 3442
f 3442 3483 3484
f 3442 3484 3444
f 3444 3484 3485
f 3444 3485 3446
f 3446 3485 3486
f 3446 3486 3448
f 3448 3486 3487
f 3448 3487 3450
f 3450 3487 3488
f 3450 3488 3452
f 3452 3488 3489
f 3452 3489 3454
f 3454 3489 3490
f 3454 3490 3456
f 3456 3490 3491
f 3456 3491 3458
f 3458 3491 3459
f 3484 3483 3492
f 3492 3483 3493
f 3492 3493 3494
f 3494 3493 3495
f 3494 3495 3496
f 3496 3495 3497
f 3496 3497 3498
f 3498 3497 3481
f 3498 3481 3478
f 3476 3472 3474
f 3472 3468 3470
f 3462 3464 3499
f 3499 3464 3500
f 3499 3500 3311
f 3311 3500 3088
f 3499 3311 3460
f 3460 3311 3313
f 3338 3380 3457
f 3457 3380 3501
f 3457 3501 3455
f 3455 3501 3502
f 3455 3502 3453
f 3453 3502 3503
f 3453 3503 3451
f 3451 3503 3504
f 3451 3504 3449
f 3449 3504 3505
f 3449 3505 3447
f 3447 3505 3506
f 3447 3506 3445
f 3445 3506 3507
f 3445 3507 3443
f 3443 3507 3427
f 3443 3427 3429
f 3380 3378 3501
f 3501 3378 3508
f 3501 3508 3502
f 3502 3508 3509
f 3502 3509 3503
f 3503 3509 3510
f 3503 3510 3504
f 3504 3510 3511
f 3504 3511 3505
f 3505 3511 3512
f 3505 3512 3506
f 3506 3512 3513
f 3506 3513 3507
f 3507 3513 3425
f 3507 3425 3427
f 3378 3376 3508
f 3508 3376 3514
f 3508 3514 3509
f 3509 3514 3515
f 3509 3515 3510
f 3510 3515 3516
f 3510 3516 3511
f 3511 3516 3517
f 3511 3517 3512
f 3512 3517 3518
f 3512 3518 3513
f 3513 3518 3423
f 3513 3423 3425
f 3376 3363 3514
f 3514 3363 3414
f 3514 3414 3515
f 3515 3414 3412
f 3515 3412 3516
f 3516 3412 3417
f 3516 3417 3517
f 3517 3417 3419
f 3517 3419 3518
f 3518 3419 3421
f 3518 3421 3423
f 3363 3361 3414
f 3459 3491 3461
f 3461 3491 3519
f 3461 3519 3463
f 3463 3519 3520
f 3463 3520 3467
f 3467 3520 3469
f 3519 3491 3490
f 3499 3460 3462
f 3519 3490 3521
f 3521 3490 3489
f 3521 3489 3522
f 3522 3489 3488
f 3522 3488 3523
f 3523 3488 3487
f 3523 3487 3524
f 3524 3487 3486
f 3524 3486 3525
f 3525 3486 3485
f 3525 3485 3492
f 3492 3485 3484
f 3467 3465 3463
f 3519 3521 3520
f 3520 3521 3526
f 3520 3526 3469
f 3469 3526 3527
f 3469 3527 3471
f 3471 3527 3473
f 3526 3521 3522
f 3422 3432 3424
f 3424 3432 3528
f 3424 3528 3426
f 3426 3528 3438
f 3426 3438 3428
f 3524 3529 3523
f 3523 3529 3530
f 3523 3530 3522
f 3522 3530 3526
f 3529 3531 3530
f 3530 3531 3527
f 3530 3527 3526
f 3529 3524 3532
f 3532 3524 3525
f 3532 3525 3494
f 3494 3525 3492
f 3527 3531 3473
f 3473 3531 3533
f 3473 3533 3475
f 3475 3533 3478
f 3531 3529 3534
f 3534 3529 3532
f 3534 3532 3496
f 3496 3532 3494
f 3534 3496 3498
f 3534 3498 3533
f 3533 3498 3478
f 3434 3436 3528
f 3528 3436 3438
f 3528 3432 3434
f 3531 3534 3533
f 3535 3433 3536
f 3536 3433 3420
f 3536 3420 3537
f 3537 3420 3538
f 3537 3538 3539
f 3539 3538 3540
f 3539 3540 3541
f 3541 3540 3542
f 3541 3542 3543
f 3543 3542 3544
f 3543 3544 3545
f 3545 3544 3546
f 3545 3546 3547
f 3547 3546 3548
f 3547 3548 3549
f 3549 3548 3550
f 3549 3550 3551
f 3551 3550 3552
f 3551 3552 3553
f 3538 3420 3554
f 3554 3420 3418
f 3554 3418 3555
f 3555 3418 3556
f 3555 3556 3557
f 3557 3556 3558
f 3557 3558 3559
f 3559 3558 3560
f 3559 3560 3561
f 3561 3560 3562
f 3561 3562 3563
f 3563 3562 3564
f 3563 3564 3565
f 3556 3418 3566
f 3566 3418 3411
f 3566 3411 3567
f 3567 3411 3413
f 3567 3413 3568
f 3568 3413 3415
f 3568 3415 3569
f 3569 3415 3416
f 3569 3416 3360
f 3569 3570 3568
f 3568 3570 3571
f 3568 3571 3567
f 3567 3571 3572
f 3567 3572 3566
f 3566 3572 3558
f 3566 3558 3556
f 3570 3573 3571
f 3571 3573 3574
f 3571 3574 3572
f 3572 3574 3560
f 3572 3560 3558
f 3573 3575 3574
f 3574 3575 3562
f 3574 3562 3560
f 3575 3564 3562
f 3563 3565 3576
f 3576 3565 3552
f 3576 3552 3550
f 3551 3553 3577
f 3577 3553 3578
f 3577 3578 3579
f 3579 3580 3577
f 3577 3580 3581
f 3577 3581 3582
f 3582 3581 3583
f 3582 3583 3584
f 3584 3583 3585
f 3584 3585 3586
f 3586 3585 3587
f 3586 3587 3588
f 3588 3587 3589
f 3588 3589 3590
f 3590 3589 3591
f 3590 3591 3592
f 3592 3591 3593
f 3592 3593 3594
f 3594 3593 3595
f 3594 3595 3536
f 3536 3595 3596
f 3536 3596 3535
f 3597 3598 3580
f 3580 3598 3599
f 3580 3599 3581
f 3581 3599 3583
f 3598 3597 3600
f 3600 3597 3601
f 3600 3601 3602
f 3602 3601 3603
f 3602 3603 3604
f 3604 3603 3605
f 3604 3605 3606
f 3606 3605 3607
f 3606 3607 3608
f 3608 3607 3609
f 3608 3609 3610
f 3610 3609 3611
f 3610 3611 3612
f 3612 3611 3613
f 3613 3611 3614
f 3613 3614 3615
f 3615 3614 3616
f 3616 3614 3617
f 3617 3614 3618
f 3617 3618 3619
f 3619 3618 3620
f 3619 3620 3621
f 3621 3620 3605
f 3621 3605 3603
f 3601 3621 3603
f 3615 3622 3613
f 3612 3623 3610
f 3610 3623 3624
f 3610 3624 3608
f 3608 3624 3625
f 3608 3625 3606
f 3606 3625 3626
f 3606 3626 3604
f 3604 3626 3627
f 3604 3627 3602
f 3602 3627 3628
f 3602 3628 3600
f 3600 3628 3629
f 3600 3629 3598
f 3598 3629 3599
f 3623 3630 3624
f 3624 3630 3631
f 3624 3631 3625
f 3625 3631 3632
f 3625 3632 3626
f 3626 3632 3633
f 3626 3633 3627
f 3627 3633 3634
f 3627 3634 3628
f 3628 3634 3635
f 3628 3635 3629
f 3629 3635 3636
f 3629 3636 3599
f 3599 3636 3583
f 3630 3637 3631
f 3631 3637 3638
f 3631 3638 3632
f 3632 3638 3639
f 3632 3639 3633
f 3633 3639 3640
f 3633 3640 3634
f 3634 3640 3641
f 3634 3641 3635
f 3635 3641 3642
f 3635 3642 3636
f 3636 3642 3585
f 3636 3585 3583
f 3638 3637 3643
f 3643 3637 3644
f 3643 3644 3645
f 3643 3645 3646
f 3646 3645 3647
f 3646 3647 3648
f 3648 3647 3649
f 3648 3649 3650
f 3650 3649 3596
f 3650 3596 3595
f 3595 3593 3650
f 3650 3593 3651
f 3650 3651 3648
f 3648 3651 3652
f 3648 3652 3646
f 3646 3652 3653
f 3646 3653 3643
f 3643 3653 3639
f 3643 3639 3638
f 3618 3614 3611
f 3618 3611 3609
f 3538 3554 3540
f 3540 3554 3654
f 3540 3654 3542
f 3542 3654 3655
f 3542 3655 3544
f 3544 3655 3656
f 3544 3656 3546
f 3546 3656 3657
f 3546 3657 3548
f 3548 3657 3576
f 3548 3576 3550
f 3539 3541 3592
f 3592 3541 3590
f 3588 3590 3543
f 3543 3590 3541
f 3589 3658 3659
f 3659 3658 3660
f 3659 3660 3652
f 3652 3660 3653
f 3658 3641 3660
f 3660 3641 3640
f 3660 3640 3653
f 3653 3640 3639
f 3589 3587 3658
f 3658 3587 3642
f 3658 3642 3641
f 3609 3607 3620
f 3620 3607 3605
f 3618 3609 3620
f 3589 3659 3591
f 3591 3659 3651
f 3591 3651 3593
f 3651 3659 3652
f 3537 3539 3594
f 3594 3539 3592
f 3594 3536 3537
f 3557 3559 3655
f 3655 3559 3656
f 3657 3656 3561
f 3561 3656 3559
f 3545 3547 3586
f 3586 3547 3584
f 3582 3584 3549
f 3549 3584 3547
f 3587 3585 3642
f 3543 3545 3588
f 3588 3545 3586
f 3555 3557 3654
f 3654 3557 3655
f 3654 3554 3555
f 3576 3657 3563
f 3563 3657 3561
f 3577 3582 3551
f 3551 3582 3549
f 3661 3662 3663
f 3663 3662 3664
f 3663 3664 3665
f 3665 3664 3666
f 3665 3666 3667
f 3667 3666 3668
f 3667 3668 3669
f 3669 3668 3670
f 3669 3670 3671
f 3671 3670 3672
f 3671 3672 3673
f 3673 3672 3674
f 3673 3674 3675
f 3675 3674 3676
f 3675 3676 3677
f 3677 3676 3678
f 3677 3678 3679
f 3679 3678 3680
f 3679 3680 3681
f 3681 3680 3682
f 3681 3682 3683
f 3683 3682 3684
f 3683 3684 3685
f 3685 3684 3686
f 3685 3686 3687
f 3687 3686 3688
f 3687 3688 3689
f 3689 3688 3690
f 3690 3688 3691
f 3690 3691 3613
f 3613 3691 3612
f 3612 3691 3692
f 3612 3692 3623
f 3623 3692 3693
f 3623 3693 3630
f 3630 3693 3694
f 3630 3694 3637
f 3637 3694 3695
f 3637 3695 3644
f 3644 3695 3696
f 3644 3696 3645
f 3645 3696 3697
f 3645 3697 3647
f 3647 3697 3698
f 3647 3698 3649
f 3649 3698 3699
f 3649 3699 3596
f 3596 3699 3700
f 3596 3700 3535
f 3535 3700 3701
f 3535 3701 3433
f 3433 3701 3702
f 3433 3702 3703
f 3703 3702 3704
f 3703 3704 3705
f 3705 3704 3706
f 3705 3706 3707
f 3707 3706 3708
f 3707 3708 3709
f 3709 3708 3710
f 3709 3710 3711
f 3711 3710 3712
f 3711 3712 3713
f 3713 3712 3714
f 3713 3714 3715
f 3715 3714 3716
f 3715 3716 3717
f 3717 3716 3718
f 3717 3718 3719
f 3719 3718 3720
f 3719 3720 3686
f 3686 3720 3688
f 3666 3721 3668
f 3668 3721 3722
f 3668 3722 3670
f 3670 3722 3723
f 3670 3723 3672
f 3672 3723 3724
f 3672 3724 3674
f 3674 3724 3725
f 3674 3725 3676
f 3676 3725 3726
f 3676 3726 3678
f 3678 3726 3727
f 3678 3727 3680
f 3680 3727 3728
f 3680 3728 3682
f 3682 3728 3729
f 3682 3729 3684
f 3684 3729 3719
f 3684 3719 3686
f 3722 3721 3730
f 3730 3721 3731
f 3730 3731 3732
f 3732 3731 3733
f 3732 3733 3734
f 3734 3733 3735
f 3734 3735 3736
f 3736 3735 3737
f 3736 3737 3738
f 3738 3737 3739
f 3738 3739 3740
f 3740 3739 3741
f 3740 3741 3742
f 3742 3741 3713
f 3742 3713 3715
f 3731 3743 3733
f 3733 3743 3744
f 3733 3744 3735
f 3735 3744 3745
f 3735 3745 3737
f 3737 3745 3746
f 3737 3746 3739
f 3739 3746 3747
f 3739 3747 3741
f 3741 3747 3711
f 3741 3711 3713
f 3433 3748 3743
f 3743 3748 3749
f 3743 3749 3744
f 3744 3749 3745
f 3613 3622 3690
f 3689 3750 3687
f 3687 3750 3751
f 3687 3751 3685
f 3685 3751 3752
f 3685 3752 3683
f 3683 3752 3753
f 3683 3753 3681
f 3681 3753 3754
f 3681 3754 3679
f 3679 3754 3755
f 3679 3755 3677
f 3677 3755 3756
f 3677 3756 3675
f 3675 3756 3757
f 3675 3757 3673
f 3673 3757 3758
f 3673 3758 3671
f 3671 3758 3759
f 3671 3759 3669
f 3669 3759 3760
f 3669 3760 3667
f 3667 3760 3665
f 3750 3761 3751
f 3751 3761 3762
f 3751 3762 3752
f 3752 3762 3763
f 3752 3763 3753
f 3753 3763 3764
f 3753 3764 3754
f 3754 3764 3765
f 3754 3765 3755
f 3755 3765 3766
f 3755 3766 3756
f 3756 3766 3767
f 3756 3767 3757
f 3757 3767 3768
f 3757 3768 3758
f 3758 3768 3769
f 3758 3769 3759
f 3759 3769 3770
f 3759 3770 3760
f 3760 3770 3771
f 3760 3771 3665
f 3665 3771 3663
f 3761 3772 3762
f 3762 3772 3773
f 3762 3773 3763
f 3763 3773 3774
f 3763 3774 3764
f 3764 3774 3775
f 3764 3775 3765
f 3765 3775 3776
f 3765 3776 3766
f 3766 3776 3777
f 3766 3777 3767
f 3767 3777 3778
f 3767 3778 3768
f 3768 3778 3779
f 3768 3779 3769
f 3769 3779 3780
f 3769 3780 3770
f 3770 3780 3781
f 3770 3781 3771
f 3771 3781 3782
f 3771 3782 3663
f 3663 3782 3783
f 3663 3783 3661
f 3772 3784 3773
f 3773 3784 3785
f 3773 3785 3774
f 3774 3785 3786
f 3774 3786 3775
f 3775 3786 3787
f 3775 3787 3776
f 3776 3787 3788
f 3776 3788 3777
f 3777 3788 3789
f 3777 3789 3778
f 3778 3789 3790
f 3778 3790 3779
f 3779 3790 3791
f 3779 3791 3780
f 3780 3791 3792
f 3780 3792 3781
f 3781 3792 3793
f 3781 3793 3782
f 3782 3793 3794
f 3782 3794 3783
f 3784 3795 3785
f 3785 3795 3796
f 3785 3796 3786
f 3786 3796 3797
f 3786 3797 3787
f 3787 3797 3798
f 3787 3798 3788
f 3788 3798 3799
f 3788 3799 3789
f 3789 3799 3800
f 3789 3800 3790
f 3790 3800 3801
f 3790 3801 3791
f 3791 3801 3802
f 3791 3802 3792
f 3792 3802 3803
f 3792 3803 3793
f 3793 3803 3804
f 3793 3804 3794
f 3795 3805 3796
f 3796 3805 3806
f 3796 3806 3807
f 3807 3808 3796
f 3796 3808 3809
f 3796 3809 3797
f 3797 3809 3810
f 3797 3810 3798
f 3798 3810 3811
f 3798 3811 3799
f 3799 3811 3812
f 3799 3812 3800
f 3800 3812 3813
f 3800 3813 3801
f 3801 3813 3814
f 3801 3814 3802
f 3802 3814 3815
f 3802 3815 3803
f 3803 3815 3804
f 3808 3816 3809
f 3809 3816 3817
f 3809 3817 3810
f 3810 3817 3818
f 3810 3818 3811
f 3811 3818 3819
f 3811 3819 3812
f 3812 3819 3820
f 3812 3820 3813
f 3813 3820 3821
f 3813 3821 3814
f 3814 3821 3822
f 3814 3822 3815
f 3815 3822 3823
f 3815 3823 3804
f 3816 3824 3817
f 3817 3824 3825
f 3817 3825 3826
f 3826 3825 3827
f 3826 3827 3828
f 3828 3827 3829
f 3828 3829 3830
f 3830 3829 3831
f 3830 3831 3832
f 3832 3831 3833
f 3832 3833 3834
f 3834 3833 3835
f 3834 3835 3836
f 3836 3835 3837
f 3836 3837 3838
f 3838 3837 3839
f 3838 3839 3840
f 3840 3839 3841
f 3840 3841 3842
f 3842 3841 3821
f 3842 3821 3820
f 3839 3823 3841
f 3841 3823 3822
f 3841 3822 3821
f 3433 3843 3748
f 3748 3843 3844
f 3748 3844 3845
f 3845 3844 3846
f 3845 3846 3746
f 3746 3846 3747
f 3838 3840 3847
f 3847 3840 3842
f 3847 3842 3848
f 3848 3842 3820
f 3848 3820 3819
f 3832 3834 3836
f 3836 3838 3849
f 3849 3838 3847
f 3849 3847 3850
f 3850 3847 3848
f 3850 3848 3851
f 3851 3848 3819
f 3851 3819 3818
f 3830 3832 3849
f 3849 3832 3836
f 3830 3849 3850
f 3830 3850 3828
f 3828 3850 3851
f 3828 3851 3826
f 3826 3851 3818
f 3826 3818 3817
f 3722 3730 3723
f 3723 3730 3852
f 3723 3852 3724
f 3724 3852 3853
f 3724 3853 3725
f 3725 3853 3854
f 3725 3854 3726
f 3726 3854 3855
f 3726 3855 3727
f 3727 3855 3856
f 3727 3856 3728
f 3728 3856 3857
f 3728 3857 3729
f 3729 3857 3717
f 3729 3717 3719
f 3730 3732 3852
f 3852 3732 3734
f 3852 3734 3853
f 3853 3734 3736
f 3853 3736 3854
f 3854 3736 3738
f 3854 3738 3855
f 3855 3738 3740
f 3855 3740 3856
f 3856 3740 3742
f 3856 3742 3857
f 3857 3742 3715
f 3857 3715 3717
f 3748 3845 3749
f 3749 3845 3745
f 3845 3746 3745
f 3688 3720 3691
f 3691 3720 3692
f 3720 3718 3692
f 3692 3718 3693
f 3718 3716 3693
f 3693 3716 3694
f 3716 3714 3694
f 3694 3714 3695
f 3714 3712 3695
f 3695 3712 3696
f 3712 3710 3696
f 3696 3710 3697
f 3710 3708 3697
f 3697 3708 3698
f 3708 3706 3698
f 3698 3706 3699
f 3702 3701 3700
f 3706 3704 3699
f 3699 3704 3700
f 3843 3433 3703
f 3704 3702 3700
f 3711 3747 3709
f 3709 3747 3846
f 3709 3846 3707
f 3707 3846 3844
f 3707 3844 3705
f 3705 3844 3843
f 3705 3843 3703
f 3743 3858 3433
f 3433 3858 3859
f 3433 3859 3860
f 3860 3859 3861
f 3860 3861 3862
f 3862 3861 3863
f 3862 3863 3864
f 3864 3863 3865
f 3864 3865 3866
f 3866 3865 3867
f 3866 3867 3868
f 3868 3867 3869
f 3868 3869 3870
f 3870 3869 3871
f 3870 3871 3872
f 3872 3871 3873
f 3872 3873 3874
f 3874 3873 3875
f 3874 3875 3876
f 3876 3875 3877
f 3876 3877 3878
f 3878 3877 3879
f 3878 3879 3880
f 3880 3879 3881
f 3880 3881 3481
f 3481 3881 3482
f 3731 3882 3743
f 3743 3882 3883
f 3743 3883 3884
f 3884 3883 3885
f 3884 3885 3886
f 3886 3885 3887
f 3886 3887 3888
f 3888 3887 3889
f 3888 3889 3890
f 3890 3889 3891
f 3890 3891 3892
f 3892 3891 3893
f 3892 3893 3894
f 3894 3893 3895
f 3894 3895 3896
f 3896 3895 3897
f 3896 3897 3898
f 3898 3897 3899
f 3898 3899 3900
f 3900 3899 3901
f 3900 3901 3902
f 3902 3901 3903
f 3902 3903 3904
f 3904 3903 3905
f 3904 3905 3906
f 3721 3907 3731
f 3731 3907 3908
f 3731 3908 3882
f 3882 3908 3909
f 3882 3909 3910
f 3910 3909 3911
f 3910 3911 3912
f 3912 3911 3913
f 3912 3913 3914
f 3914 3913 3915
f 3914 3915 3916
f 3916 3915 3917
f 3916 3917 3918
f 3918 3917 3919
f 3918 3919 3920
f 3920 3919 3921
f 3920 3921 3922
f 3922 3921 3923
f 3922 3923 3924
f 3924 3923 3925
f 3924 3925 3926
f 3926 3925 3927
f 3926 3927 3928
f 3928 3927 3929
f 3928 3929 3930
f 3907 3721 3931
f 3931 3721 3666
f 3931 3666 3932
f 3932 3666 3933
f 3932 3933 3934
f 3934 3933 3935
f 3934 3935 3936
f 3936 3935 3937
f 3936 3937 3938
f 3938 3937 3939
f 3938 3939 3940
f 3933 3666 3941
f 3941 3666 3664
f 3941 3664 3942
f 3942 3664 3662
f 3942 3662 3943
f 3943 3944 3942
f 3942 3944 3945
f 3942 3945 3941
f 3941 3945 3935
f 3941 3935 3933
f 3944 3946 3945
f 3945 3946 3937
f 3945 3937 3935
f 3946 3939 3937
f 3947 3948 3940
f 3940 3948 3949
f 3940 3949 3950
f 3950 3949 3951
f 3950 3951 3952
f 3952 3951 3953
f 3952 3953 3954
f 3954 3953 3955
f 3954 3955 3956
f 3956 3955 3957
f 3956 3957 3931
f 3931 3957 3907
f 3948 3947 3958
f 3958 3947 3959
f 3958 3959 3960
f 3960 3959 3961
f 3960 3961 3962
f 3962 3961 3963
f 3962 3963 3964
f 3964 3963 3965
f 3964 3965 3966
f 3966 3965 3967
f 3966 3967 3968
f 3968 3967 3969
f 3968 3969 3970
f 3970 3969 3971
f 3970 3971 3923
f 3923 3971 3925
f 3959 3972 3961
f 3961 3972 3973
f 3961 3973 3963
f 3963 3973 3974
f 3963 3974 3965
f 3965 3974 3975
f 3965 3975 3967
f 3967 3975 3976
f 3967 3976 3969
f 3969 3976 3977
f 3969 3977 3971
f 3971 3977 3978
f 3971 3978 3925
f 3925 3978 3927
f 3972 3979 3973
f 3973 3979 3974
f 3979 3980 3974
f 3974 3980 3975
f 3980 3981 3975
f 3975 3981 3976
f 3981 3982 3976
f 3976 3982 3977
f 3982 3983 3977
f 3977 3983 3978
f 3983 3984 3978
f 3978 3984 3985
f 3978 3985 3927
f 3927 3985 3929
f 3930 3986 3928
f 3928 3986 3987
f 3928 3987 3988
f 3928 3988 3903
f 3903 3988 3905
f 3904 3906 3989
f 3989 3906 3990
f 3989 3990 3991
f 3991 3990 3992
f 3991 3992 3993
f 3993 3992 3994
f 3993 3994 3879
f 3879 3994 3881
f 3481 3497 3880
f 3880 3497 3878
f 3497 3495 3878
f 3878 3495 3876
f 3495 3493 3876
f 3876 3493 3874
f 3493 3483 3874
f 3874 3483 3872
f 3483 3441 3872
f 3872 3441 3870
f 3441 3431 3870
f 3870 3431 3868
f 3431 3430 3868
f 3868 3430 3866
f 3430 3439 3866
f 3866 3439 3864
f 3439 3437 3864
f 3864 3437 3862
f 3437 3440 3862
f 3862 3440 3860
f 3440 3433 3860
f 3956 3931 3932
f 3743 3884 3995
f 3995 3884 3886
f 3995 3886 3996
f 3996 3886 3888
f 3996 3888 3997
f 3997 3888 3890
f 3997 3890 3998
f 3998 3890 3892
f 3998 3892 3999
f 3999 3892 3894
f 3999 3894 4000
f 4000 3894 3896
f 4000 3896 4001
f 4001 3896 3898
f 4001 3898 4002
f 4002 3898 3900
f 4002 3900 4003
f 4003 3900 3902
f 4003 3902 4004
f 4004 3902 3904
f 4004 3904 3989
f 3882 3910 3883
f 3883 3910 3885
f 3910 3912 3885
f 3885 3912 3887
f 3912 3914 3887
f 3887 3914 3889
f 3914 3916 3889
f 3889 3916 3891
f 3916 3918 3891
f 3891 3918 3893
f 3918 3920 3893
f 3893 3920 3895
f 3920 3922 3895
f 3895 3922 3897
f 3922 3924 3897
f 3897 3924 3899
f 3928 3903 3901
f 3924 3926 3899
f 3899 3926 3901
f 3926 3928 3901
f 3743 3995 4005
f 4005 3995 3996
f 4005 3996 4006
f 4006 3996 3997
f 4006 3997 4007
f 4007 3997 3998
f 4007 3998 4008
f 4008 3998 3999
f 4008 3999 4009
f 4009 3999 4000
f 4009 4000 4010
f 4010 4000 4001
f 4010 4001 4011
f 4011 4001 4002
f 4011 4002 4012
f 4012 4002 4003
f 4012 4003 4013
f 4013 4003 4004
f 4013 4004 4014
f 4014 4004 3989
f 4014 3989 3991
f 3909 3908 4015
f 4015 3908 3907
f 4015 3907 3957
f 3911 3909 4016
f 4016 3909 4015
f 4016 4015 4017
f 4017 4015 3957
f 4017 3957 3955
f 3913 3911 4018
f 4018 3911 4016
f 4018 4016 4019
f 4019 4016 4017
f 4019 4017 4020
f 4020 4017 3955
f 4020 3955 3953
f 3915 3913 4021
f 4021 3913 4018
f 4021 4018 4022
f 4022 4018 4019
f 4022 4019 4023
f 4023 4019 4020
f 4023 4020 4024
f 4024 4020 3953
f 4024 3953 3951
f 3917 3915 4025
f 4025 3915 4021
f 4025 4021 4026
f 4026 4021 4022
f 4026 4022 4027
f 4027 4022 4023
f 4027 4023 4028
f 4028 4023 4024
f 4028 4024 4029
f 4029 4024 3951
f 4029 3951 3949
f 3919 3917 4030
f 4030 3917 4025
f 4030 4025 4031
f 4031 4025 4026
f 4031 4026 4032
f 4032 4026 4027
f 4032 4027 4033
f 4033 4027 4028
f 4033 4028 4034
f 4034 4028 4029
f 4034 4029 3948
f 3948 4029 3949
f 3921 3919 4035
f 4035 3919 4030
f 4035 4030 4036
f 4036 4030 4031
f 4036 4031 4037
f 4037 4031 4032
f 4037 4032 4038
f 4038 4032 4033
f 4038 4033 4039
f 4039 4033 4034
f 4039 4034 3958
f 3958 4034 3948
f 3923 3921 3970
f 3970 3921 4035
f 3970 4035 3968
f 3968 4035 4036
f 3968 4036 3966
f 3966 4036 4037
f 3966 4037 3964
f 3964 4037 4038
f 3964 4038 3962
f 3962 4038 4039
f 3962 4039 3960
f 3960 4039 3958
f 3934 3936 3954
f 3954 3936 3952
f 3950 3952 3938
f 3938 3952 3936
f 3932 3934 3956
f 3956 3934 3954
f 3940 3950 3938
f 3743 4005 3858
f 3858 4005 4006
f 3858 4006 4040
f 4040 4006 4007
f 4040 4007 4041
f 4041 4007 4008
f 4041 4008 4042
f 4042 4008 4009
f 4042 4009 4043
f 4043 4009 4010
f 4043 4010 4044
f 4044 4010 4011
f 4044 4011 4045
f 4045 4011 4012
f 4045 4012 4046
f 4046 4012 4013
f 4046 4013 4047
f 4047 4013 4014
f 4047 4014 4048
f 4048 4014 3991
f 4048 3991 3993
f 3879 3877 3993
f 3993 3877 4048
f 3877 3875 4048
f 4048 3875 4047
f 3875 3873 4047
f 4047 3873 4046
f 3873 3871 4046
f 4046 3871 4045
f 3871 3869 4045
f 4045 3869 4044
f 3869 3867 4044
f 4044 3867 4043
f 3867 3865 4043
f 4043 3865 4042
f 3865 3863 4042
f 4042 3863 4041
f 3859 3858 4040
f 3863 3861 4041
f 4041 3861 4040
f 3861 3859 4040
f 2215 3482 4049
f 4049 3482 3881
f 4049 3881 4050
f 4050 3881 4051
f 4050 4051 2213
f 2213 4051 2211
f 2211 4051 2210
f 2210 4051 2209
f 2209 4051 4052
f 2209 4052 2207
f 2207 4052 4053
f 2207 4053 2205
f 2205 4053 4054
f 2205 4054 2203
f 2203 4054 4055
f 2203 4055 4056
f 4056 4055 3905
f 4056 3905 3988
f 3881 3994 4051
f 4051 3994 4052
f 3994 3992 4052
f 4052 3992 4053
f 3992 3990 4053
f 4053 3990 4054
f 3990 3906 4054
f 4054 3906 4055
f 3906 3905 4055
f 4056 3988 4057
f 4057 3988 3987
f 4057 3987 4058
f 4058 3987 3986
f 4058 3986 3930
f 3930 3929 4058
f 4058 3929 4059
f 4058 4059 2197
f 2197 4059 2195
f 2195 4059 2194
f 2194 4059 4060
f 2194 4060 2192
f 2192 4060 4061
f 2192 4061 2190
f 2190 4061 4062
f 2190 4062 2188
f 2188 4062 4063
f 2188 4063 2186
f 2186 4063 4064
f 2186 4064 2176
f 2176 4064 2178
f 2178 4064 3979
f 2178 3979 3972
f 3929 3985 4059
f 4059 3985 4060
f 3985 3984 4060
f 4060 3984 4061
f 3984 3983 4061
f 4061 3983 4062
f 3983 3982 4062
f 4062 3982 4063
f 3982 3981 4063
f 4063 3981 3980
f 4063 3980 4064
f 4064 3980 3979
f 2197 2198 4058
f 4058 2198 4057
f 2198 2200 4057
f 4057 2200 4056
f 2200 2203 4056
f 2213 2214 4050
f 4050 2214 4049
f 2214 2215 4049
f 3479 4065 3477
f 3477 4065 2218
f 3477 2218 2219
f 3479 3480 4065
f 4065 3480 4066
f 4065 4066 2217
f 2217 4066 2215
f 2215 4066 3482
f 3482 4066 3480
f 2217 2218 4065
f 2236 4067 4068
f 4068 4067 4069
f 4068 4069 4070
f 4070 4069 4071
f 4070 4071 4072
f 4072 4071 4073
f 4072 4073 4074
f 4074 4073 4075
f 4074 4075 4076
f 4076 4075 4077
f 4076 4077 4078
f 4078 4077 4079
f 4078 4079 4080
f 4080 4079 3477
f 4080 3477 2219
f 2219 2220 4080
f 4080 2220 4078
f 2220 2221 4078
f 4078 2221 4076
f 2221 2223 4076
f 4076 2223 4074
f 2223 2224 4074
f 4074 2224 4072
f 2224 2226 4072
f 4072 2226 4070
f 2226 2229 4070
f 4070 2229 4068
f 2229 2236 4068
f 3476 3477 4081
f 4081 3477 4079
f 4081 4079 4082
f 4082 4079 4077
f 4082 4077 4083
f 4083 4077 4075
f 4083 4075 4084
f 4084 4075 4073
f 4084 4073 4085
f 4085 4073 4086
f 4085 4086 4087
f 4087 4086 4088
f 4087 4088 4089
f 4089 4088 4090
f 4089 4090 4091
f 4091 4090 4092
f 4091 4092 4093
f 4093 4092 4094
f 4093 4094 4095
f 4095 4094 4096
f 4095 4096 3095
f 3095 4096 4097
f 3095 4097 3087
f 3087 4097 4098
f 3087 4098 3051
f 3051 4098 4099
f 4099 4098 4100
f 4099 4100 4101
f 4101 4100 4102
f 4101 4102 4103
f 4103 4102 4094
f 4103 4094 4092
f 4073 4071 4086
f 4086 4071 4104
f 4086 4104 4088
f 4088 4104 4105
f 4088 4105 4090
f 4090 4105 4106
f 4090 4106 4092
f 4092 4106 4103
f 4071 4069 4104
f 4104 4069 4067
f 4104 4067 4107
f 4107 4067 4108
f 4107 4108 4109
f 4109 4108 4110
f 4109 4110 4111
f 4111 4110 4112
f 4112 4110 4113
f 4112 4113 4114
f 4108 4113 4110
f 4112 4114 4115
f 4115 4114 4116
f 4115 4116 4117
f 4117 4116 4118
f 4117 4118 4119
f 4119 4118 4120
f 4111 4121 4109
f 4109 4121 4122
f 4109 4122 4123
f 4123 4122 4124
f 4123 4124 4106
f 4106 4124 4103
f 4121 4125 4122
f 4122 4125 4126
f 4122 4126 4124
f 4124 4126 4101
f 4124 4101 4103
f 4125 4127 4126
f 4126 4127 4101
f 4127 4099 4101
f 3095 3094 4095
f 4095 3094 4128
f 4095 4128 4093
f 4093 4128 4129
f 4093 4129 4091
f 4091 4129 4130
f 4091 4130 4089
f 4089 4130 4131
f 4089 4131 4087
f 4087 4131 4132
f 4087 4132 4085
f 4085 4132 4084
f 4128 3094 4133
f 4133 3094 3090
f 4133 3090 4134
f 4134 3090 3089
f 4134 3089 4135
f 4135 3089 3500
f 4135 3500 3464
f 3089 3088 3500
f 3466 4136 3464
f 3464 4136 4137
f 3464 4137 4135
f 4135 4137 4138
f 4135 4138 4134
f 4134 4138 4139
f 4134 4139 4133
f 4133 4139 4129
f 4133 4129 4128
f 4136 3466 4140
f 4140 3466 3468
f 4140 3468 4141
f 4141 3468 3472
f 4141 3472 3476
f 4141 3476 4142
f 4142 3476 4081
f 4142 4081 4082
f 4105 4104 4107
f 4105 4107 4123
f 4123 4107 4109
f 4141 4142 4083
f 4083 4142 4082
f 4083 4084 4143
f 4143 4084 4132
f 4143 4132 4144
f 4144 4132 4131
f 4144 4131 4145
f 4145 4131 4130
f 4145 4130 4139
f 4139 4130 4129
f 4106 4105 4123
f 4140 4141 4143
f 4143 4141 4083
f 4140 4143 4144
f 4140 4144 4146
f 4146 4144 4145
f 4146 4145 4138
f 4138 4145 4139
f 4096 4094 4102
f 4098 4097 4100
f 4100 4097 4102
f 4097 4096 4102
f 4138 4137 4146
f 4146 4137 4136
f 4146 4136 4140
f 4113 4147 4114
f 4114 4147 4116
f 4116 4147 4118
f 4118 4147 4120
f 4120 4147 4119
f 4119 4147 4117
f 4117 4147 4115
f 4115 4147 4112
f 4112 4147 4148
f 4112 4148 4111
f 4111 4148 4149
f 4111 4149 4121
f 4121 4149 4125
f 4125 4149 4150
f 4125 4150 4127
f 4127 4150 4099
f 4099 4150 3056
f 4099 3056 3051
f 4147 4151 4148
f 4148 4151 4152
f 4148 4152 4153
f 4153 4152 4154
f 4153 4154 2666
f 2666 4154 2664
f 2664 4154 4155
f 2664 4155 4156
f 4156 4155 4157
f 4156 4157 4158
f 4158 4157 4159
f 4158 4159 2664
f 2664 4159 2662
f 4151 4157 4152
f 4152 4157 4155
f 4152 4155 4154
f 4153 2666 4160
f 4160 2666 2668
f 4160 2668 4161
f 4161 2668 2756
f 4161 2756 3056
f 4158 2664 4156
f 4148 4153 4160
f 4149 4148 4160
f 4150 4149 4160
f 4160 4161 4150
f 4150 4161 3056
f 4162 4151 4163
f 4163 4151 4147
f 4163 4147 4164
f 4164 4147 4113
f 4164 4113 4165
f 4165 4166 4164
f 4164 4166 4163
f 4166 4162 4163
f 2804 2662 4167
f 4167 2662 4159
f 4167 4159 4168
f 4168 4159 4157
f 4168 4157 4169
f 4169 4157 4151
f 4169 4151 4162
f 4162 4170 4169
f 4169 4170 4168
f 4170 4171 4168
f 4168 4171 4167
f 4171 2804 4167
f 4171 2495 2804
f 2804 2495 2494
f 2804 2494 2805
f 2805 2494 2492
f 2805 2492 2491
f 2495 4171 2496
f 2496 4171 4170
f 2496 4170 2477
f 2477 4170 4162
f 2477 4162 2478
f 2805 2491 2806
f 2806 2491 2489
f 2806 2489 2807
f 2807 2489 2488
f 2807 2488 2808
f 2808 2488 2487
f 2808 2487 2485
f 2808 2485 2809
f 2809 2485 2483
f 2809 2483 2810
f 2810 2483 2482
f 2810 2482 2481
f 2810 2481 2794
f 2794 2481 2479
f 2794 2479 2793
f 2793 2479 2460
f 2793 2460 2811
f 2811 2460 2462
f 2811 2462 2812
f 2812 2462 4172
f 2812 4172 2788
f 2788 4172 4173
f 2788 4173 2785
f 2785 4173 4174
f 2785 4174 2776
f 2776 4174 4175
f 2776 4175 2775
f 2775 4175 4176
f 2775 4176 2813
f 2813 4176 4177
f 2813 4177 2770
f 2770 4177 4178
f 2770 4178 2822
f 2822 4178 2820
f 2820 4178 4179
f 2820 4179 2828
f 2828 4179 4180
f 2828 4180 2814
f 2814 4180 4181
f 4182 4183 2583
f 2583 4183 2814
f 2583 2814 4184
f 4184 2814 4181
f 2583 2584 4182
f 4182 2584 4185
f 4185 2584 2596
f 2815 4186 2895
f 2895 4186 4187
f 2895 4187 4183
f 4183 4187 4186
f 4183 4186 2814
f 2814 4186 2815
f 4188 2937 4189
f 4189 2937 2936
f 4189 2936 4190
f 4190 2936 4191
f 4190 4191 4192
f 4192 4191 4193
f 4193 4191 4194
f 4193 4194 4195
f 4195 4194 4196
f 4195 4196 4197
f 4197 4196 4198
f 4197 4198 4199
f 4199 4198 4200
f 4200 4198 4201
f 4200 4201 4183
f 4183 4201 2895
f 2895 4201 2894
f 2894 4201 4198
f 2894 4198 2901
f 2901 4198 4196
f 2901 4196 2918
f 2918 4196 2919
f 2919 4196 4194
f 2919 4194 2935
f 2935 4194 4191
f 2935 4191 2936
f 4192 4188 4190
f 4190 4188 4189
f 4202 2944 4203
f 4203 2944 2941
f 4203 2941 2940
f 4203 2940 4204
f 4204 2940 2939
f 4204 2939 2937
f 2937 4188 4204
f 4204 4188 4202
f 4204 4202 4203
f 4205 4206 4207
f 4207 4206 4208
f 4207 4208 4209
f 4209 4208 4210
f 4209 4210 4211
f 4211 4210 4202
f 4202 4210 2944
f 2944 4210 4208
f 4211 4205 4209
f 4209 4205 4207
f 3194 4212 1422
f 1422 4212 4213
f 1422 4213 1421
f 1421 4213 4214
f 1421 4214 1420
f 1420 4214 4215
f 1420 4215 1419
f 1419 4215 4216
f 1419 4216 1423
f 1423 4216 4217
f 1423 4217 4218
f 4212 3194 4219
f 4219 3194 3193
f 4219 3193 4220
f 4220 3193 3192
f 4220 3192 4221
f 4221 3192 3191
f 4221 3191 4222
f 4222 3191 3190
f 4222 3190 4223
f 4223 3190 3189
f 4223 3189 4224
f 4224 3189 3188
f 4224 3188 4225
f 4225 3188 3187
f 4225 3187 4226
f 4226 3187 3186
f 4226 3186 4227
f 4227 3186 4228
f 4227 4228 4229
f 4229 4228 4230
f 4229 4230 4231
f 4231 4230 4232
f 4231 4232 4233
f 4233 4232 4234
f 4233 4234 4235
f 4235 4234 4236
f 4235 4236 4237
f 4237 4236 4238
f 4237 4238 2915
f 2915 4238 4239
f 2915 4239 2917
f 2917 4239 4240
f 2917 4240 4241
f 4241 4240 2876
f 4241 2876 2917
f 3186 3185 4228
f 4228 3185 4242
f 4228 4242 4230
f 4230 4242 4243
f 4230 4243 4232
f 4232 4243 4244
f 4232 4244 4234
f 4234 4244 4245
f 4234 4245 4236
f 4236 4245 4246
f 4236 4246 4238
f 4238 4246 4247
f 4238 4247 4239
f 4239 4247 4240
f 3185 3166 4242
f 4242 3166 4243
f 3166 4248 4243
f 4243 4248 4244
f 4244 4248 4245
f 4245 4248 4249
f 4245 4249 4246
f 4246 4249 4247
f 4249 2876 4247
f 4247 2876 4240
f 2915 2959 4237
f 4237 2959 4250
f 4237 4250 4235
f 4235 4250 4251
f 4235 4251 4233
f 4233 4251 4252
f 4233 4252 4231
f 4231 4252 4253
f 4231 4253 4229
f 4229 4253 4254
f 4229 4254 4227
f 4227 4254 4226
f 2959 2957 4250
f 4250 2957 4251
f 4251 2957 4255
f 4255 2957 2954
f 4255 2954 4256
f 4256 2954 2950
f 4256 2950 4257
f 4257 2950 4258
f 4257 4258 4259
f 4259 4258 2930
f 4259 2930 4260
f 4260 2930 2932
f 4260 2932 4261
f 4261 2932 2934
f 4261 2934 4262
f 4262 2934 4263
f 4262 4263 4264
f 4264 4263 4265
f 4264 4265 4266
f 4266 4265 4208
f 4266 4208 4206
f 2950 2945 4258
f 4258 2945 2930
f 2934 2933 4263
f 4263 2933 4267
f 4263 4267 4265
f 4265 4267 4268
f 4265 4268 4208
f 4208 4268 2944
f 2944 4268 2942
f 2942 4268 4267
f 2942 4267 2943
f 2943 4267 2933
f 4266 4206 4216
f 4216 4206 4269
f 4216 4269 4217
f 4225 4226 4270
f 4270 4226 4254
f 4270 4254 4271
f 4271 4254 4253
f 4271 4253 4272
f 4272 4253 4252
f 4272 4252 4255
f 4255 4252 4251
f 4224 4225 4273
f 4273 4225 4270
f 4273 4270 4274
f 4274 4270 4271
f 4274 4271 4257
f 4257 4271 4272
f 4257 4272 4256
f 4256 4272 4255
f 4223 4224 4275
f 4275 4224 4273
f 4275 4273 4276
f 4276 4273 4274
f 4276 4274 4259
f 4259 4274 4257
f 4222 4223 4277
f 4277 4223 4275
f 4277 4275 4278
f 4278 4275 4276
f 4278 4276 4260
f 4260 4276 4259
f 4221 4222 4279
f 4279 4222 4277
f 4279 4277 4280
f 4280 4277 4278
f 4280 4278 4261
f 4261 4278 4260
f 4220 4221 4281
f 4281 4221 4279
f 4281 4279 4282
f 4282 4279 4280
f 4282 4280 4262
f 4262 4280 4261
f 4213 4212 4219
f 4219 4220 4283
f 4283 4220 4281
f 4283 4281 4284
f 4284 4281 4282
f 4284 4282 4285
f 4285 4282 4262
f 4285 4262 4264
f 4285 4215 4284
f 4284 4215 4214
f 4284 4214 4283
f 4283 4214 4213
f 4283 4213 4219
f 4215 4285 4216
f 4216 4285 4264
f 4216 4264 4266
f 1381 1382 1369
f 1369 1382 4286
f 1369 4286 1370
f 1370 4286 3196
f 1370 3196 1374
f 1381 1380 1382
f 1382 1380 1379
f 1382 1379 1378
f 1382 1462 4286
f 4286 1462 4287
f 4286 4287 4288
f 4288 4287 4289
f 4288 4289 4290
f 4290 4289 4291
f 4290 4291 4292
f 4292 4291 4293
f 4292 4293 4294
f 4294 4293 4295
f 4294 4295 4296
f 4296 4295 4297
f 4296 4297 4298
f 4298 4297 4299
f 4298 4299 4300
f 4300 4299 4301
f 4300 4301 4302
f 4302 4301 4303
f 4302 4303 4304
f 1462 1437 4287
f 4287 1437 4305
f 4287 4305 4289
f 4289 4305 4306
f 4289 4306 4291
f 4291 4306 4307
f 4291 4307 4293
f 4293 4307 4308
f 4293 4308 4295
f 4295 4308 4309
f 4295 4309 4297
f 4297 4309 4310
f 4297 4310 4311
f 4311 4310 4312
f 4312 4310 4309
f 4312 4309 4313
f 4313 4309 4308
f 4313 4308 4314
f 4314 4308 4307
f 4314 4307 4315
f 4315 4307 4306
f 4315 4306 4316
f 4316 4306 4305
f 4316 4305 1438
f 1438 4305 1437
f 4316 1438 4317
f 4317 1438 1440
f 4317 1440 4318
f 4318 1440 1460
f 4318 1460 4319
f 4319 1460 4320
f 4319 4320 4321
f 4321 4320 4322
f 4322 4320 4323
f 4322 4323 4324
f 4324 4323 1458
f 4324 1458 4325
f 4325 1458 4326
f 4325 4326 4327
f 4327 4326 4328
f 4327 4328 4329
f 1460 1459 4320
f 4320 1459 4323
f 1459 1458 4323
f 4330 4331 4329
f 4329 4331 4327
f 4327 4332 4325
f 4325 4332 4324
f 4332 4322 4324
f 4321 4333 4319
f 4319 4333 4318
f 4318 4333 4334
f 4334 4333 4335
f 4334 4335 4336
f 4334 4336 4337
f 4337 4336 4338
f 4337 4338 4313
f 4313 4338 4312
f 4311 4339 4297
f 4297 4339 4299
f 4339 4340 4299
f 4299 4340 4301
f 4340 4303 4301
f 4302 4304 4341
f 4341 4304 4342
f 4341 4342 4343
f 4343 4342 4344
f 4343 4344 4345
f 4346 4347 4345
f 4345 4347 4348
f 4345 4348 4343
f 4343 4348 4349
f 4343 4349 4350
f 4347 4349 4348
f 3209 3210 4350
f 4350 3210 4343
f 4343 3210 4341
f 4341 3210 3211
f 4341 3211 4302
f 4302 3211 4300
f 3211 3204 4300
f 4300 3204 4298
f 3204 3202 4298
f 4298 3202 4296
f 4296 3202 4294
f 4294 3202 3200
f 4294 3200 4292
f 4292 3200 3198
f 4292 3198 4290
f 4290 3198 4288
f 3198 3196 4288
f 4288 3196 4286
f 1373 1372 1374
f 1374 1372 1370
f 4315 4316 4317
f 4317 4318 4351
f 4351 4318 4334
f 4351 4334 4337
f 4314 4315 4351
f 4351 4315 4317
f 4314 4351 4337
f 4313 4314 4337
f 3236 4352 3212
f 3212 4352 4353
f 3212 4353 4354
f 4354 4353 4355
f 4354 4355 4356
f 4356 4355 4357
f 4356 4357 4358
f 4358 4357 4359
f 4358 4359 4360
f 4360 4359 4361
f 4360 4361 4362
f 4362 4361 4363
f 4362 4363 4364
f 4364 4363 4365
f 4364 4365 4366
f 4366 4365 4367
f 4366 4367 4368
f 4368 4367 4369
f 4368 4369 4370
f 4370 4369 4371
f 4370 4371 4372
f 4372 4371 4373
f 4372 4373 4374
f 4374 4373 4375
f 4374 4375 4376
f 4376 4375 4350
f 4376 4350 4349
f 4352 3236 4377
f 4377 3236 3235
f 4377 3235 4378
f 4378 3235 4379
f 4378 4379 4357
f 4357 4379 4359
f 3235 3234 4379
f 4379 3234 4380
f 4379 4380 4359
f 4359 4380 4361
f 3234 3233 4380
f 4380 3233 4381
f 4380 4381 4361
f 4361 4381 4363
f 3233 3232 4381
f 4381 3232 4382
f 4381 4382 4363
f 4363 4382 4365
f 3232 3231 4382
f 4382 3231 4383
f 4382 4383 4365
f 4365 4383 4367
f 3231 3223 4383
f 4383 3223 4384
f 4383 4384 4367
f 4367 4384 4369
f 3223 3224 4384
f 4384 3224 4385
f 4384 4385 4369
f 4369 4385 4371
f 3224 3226 4385
f 4385 3226 4386
f 4385 4386 4371
f 4371 4386 4373
f 3226 3230 4386
f 4386 3230 4387
f 4386 4387 4373
f 4373 4387 4375
f 3230 3209 4387
f 4387 3209 4350
f 4387 4350 4375
f 4376 4349 4388
f 4388 4349 4347
f 4388 4347 4346
f 4389 4390 4346
f 4346 4390 4388
f 4390 4391 4388
f 4388 4391 4392
f 4388 4392 4393
f 4393 4392 4394
f 4393 4394 4395
f 4395 4394 4396
f 4395 4396 4397
f 4392 4396 4394
f 4395 4397 4398
f 4398 4397 4399
f 4398 4399 4400
f 4400 4399 4401
f 4400 4401 4402
f 4400 4402 4403
f 4403 4402 4404
f 4403 4404 4405
f 4405 4404 4406
f 4405 4406 4372
f 4372 4406 4370
f 4404 4407 4406
f 4406 4407 4408
f 4406 4408 4370
f 4370 4408 4368
f 4407 4409 4408
f 4408 4409 4410
f 4408 4410 4368
f 4368 4410 4366
f 4410 4409 4411
f 4411 4409 4412
f 4411 4412 4413
f 4414 4415 4413
f 4413 4415 4410
f 4413 4410 4411
f 4415 4414 4416
f 4416 4414 4417
f 4416 4417 4418
f 4418 4417 4419
f 4418 4419 4420
f 4420 4419 4421
f 4420 4421 4422
f 4417 4421 4419
f 4423 4424 4422
f 4422 4424 4425
f 4422 4425 4420
f 4420 4425 4426
f 4420 4426 4418
f 4418 4426 4427
f 4418 4427 4428
f 4428 4427 4362
f 4428 4362 4364
f 4429 4430 4423
f 4423 4430 4431
f 4423 4431 4424
f 4424 4431 4425
f 4429 4432 4430
f 4430 4432 4431
f 4433 4434 4432
f 4432 4434 4435
f 4432 4435 4436
f 4436 4435 4437
f 4436 4437 4425
f 4425 4437 4426
f 4434 4433 4354
f 4354 4433 3212
f 4431 4432 4436
f 4353 4352 4377
f 4357 4355 4378
f 4378 4355 4377
f 4355 4353 4377
f 4405 4372 4374
f 4374 4376 4438
f 4438 4376 4388
f 4438 4388 4439
f 4439 4388 4393
f 4439 4393 4395
f 4364 4366 4440
f 4440 4366 4410
f 4440 4410 4415
f 4362 4427 4360
f 4360 4427 4441
f 4360 4441 4358
f 4358 4441 4442
f 4358 4442 4356
f 4356 4442 4434
f 4356 4434 4354
f 4403 4405 4438
f 4438 4405 4374
f 4403 4438 4439
f 4364 4440 4428
f 4428 4440 4416
f 4428 4416 4418
f 4416 4440 4415
f 4427 4426 4441
f 4441 4426 4437
f 4441 4437 4442
f 4442 4437 4435
f 4442 4435 4434
f 4403 4439 4400
f 4400 4439 4395
f 4400 4395 4398
f 4425 4431 4436
f 3239 3238 4443
f 4443 3238 4444
f 4443 4444 4445
f 4445 4444 4446
f 4445 4446 4447
f 4447 4446 4433
f 4447 4433 4432
f 3238 3242 4444
f 4444 3242 4446
f 3242 3212 4446
f 4446 3212 4433
f 4447 4432 4448
f 4448 4432 4429
f 4448 4429 4449
f 4448 4449 4450
f 4450 4449 4451
f 4450 4451 4452
f 4450 4452 4445
f 4445 4452 4453
f 4445 4453 4443
f 4450 4445 4447
f 4448 4450 4447
f 3243 3257 4454
f 4454 3257 4455
f 4454 4455 4456
f 4456 4455 4457
f 4456 4457 4458
f 4458 4457 4459
f 4458 4459 4460
f 4460 4459 4461
f 4460 4461 4462
f 4462 4461 4463
f 4462 4463 4464
f 4464 4463 4465
f 4464 4465 4466
f 4466 4465 4452
f 4466 4452 4467
f 4467 4452 4468
f 4467 4468 4469
f 4469 4468 4470
f 4469 4470 4471
f 4471 4470 4472
f 4471 4472 4473
f 4473 4472 4474
f 4473 4474 4475
f 4475 4474 4476
f 4475 4476 4468
f 4468 4476 4477
f 4468 4477 4470
f 4470 4477 4472
f 4455 3257 4478
f 4478 3257 3256
f 4478 3256 3255
f 4478 3255 4479
f 4479 3255 3254
f 4479 3254 4480
f 4480 3254 3251
f 4480 3251 4481
f 4481 3251 3252
f 4481 3252 4443
f 4443 3252 3239
f 4443 4453 4481
f 4481 4453 4465
f 4481 4465 4463
f 4453 4452 4465
f 4452 4451 4468
f 4482 4483 4473
f 4473 4483 4484
f 4473 4484 4485
f 4485 4484 4486
f 4485 4486 4487
f 4487 4486 4488
f 4487 4488 4489
f 4489 4488 4490
f 4489 4490 4491
f 4483 4482 4492
f 4492 4482 4493
f 4492 4493 4494
f 4494 4493 4490
f 4494 4490 4488
f 4456 4458 4491
f 4491 4458 4495
f 4491 4495 4496
f 4496 4495 4497
f 4496 4497 4498
f 4498 4497 4499
f 4498 4499 4500
f 4500 4499 4501
f 4500 4501 4502
f 4502 4501 4467
f 4502 4467 4469
f 4489 4491 4496
f 4481 4463 4480
f 4480 4463 4461
f 4480 4461 4479
f 4479 4461 4459
f 4479 4459 4478
f 4478 4459 4457
f 4478 4457 4455
f 4464 4466 4501
f 4501 4466 4467
f 4462 4464 4499
f 4499 4464 4501
f 4460 4462 4497
f 4497 4462 4499
f 4458 4460 4495
f 4495 4460 4497
f 4484 4483 4492
f 4488 4486 4494
f 4494 4486 4492
f 4486 4484 4492
f 4477 4476 4474
f 4472 4477 4474
f 4469 4471 4502
f 4502 4471 4485
f 4502 4485 4500
f 4500 4485 4487
f 4500 4487 4498
f 4498 4487 4489
f 4498 4489 4496
f 4473 4485 4471
f 3351 3258 4503
f 4503 3258 3280
f 4503 3280 4504
f 4504 3280 4505
f 4504 4505 4506
f 4506 4505 4507
f 4506 4507 4508
f 4508 4507 4509
f 4508 4509 4510
f 4510 4509 4511
f 4510 4511 4512
f 4512 4511 4513
f 4512 4513 4514
f 4514 4513 4515
f 4514 4515 4516
f 4516 4515 4517
f 4516 4517 4518
f 4518 4517 4519
f 4518 4519 4520
f 4520 4519 4521
f 4520 4521 3552
f 3552 4521 4522
f 3552 4522 3553
f 3553 4522 4523
f 3553 4523 3578
f 3578 4523 4524
f 4524 4523 4525
f 4524 4525 4526
f 4526 4525 4527
f 4526 4527 4528
f 4528 4527 4529
f 4528 4529 4530
f 4530 4529 4531
f 4530 4531 4490
f 4490 4531 4532
f 4490 4532 4491
f 4491 4532 4533
f 4491 4533 4456
f 4456 4533 4534
f 4456 4534 4454
f 4454 4534 3273
f 4454 3273 3243
f 3280 3279 4505
f 4505 3279 4535
f 4505 4535 4507
f 4507 4535 4536
f 4507 4536 4509
f 4509 4536 4537
f 4509 4537 4511
f 4511 4537 4538
f 4511 4538 4513
f 4513 4538 4539
f 4513 4539 4515
f 4515 4539 4540
f 4515 4540 4517
f 4517 4540 4541
f 4517 4541 4519
f 4519 4541 4542
f 4519 4542 4521
f 4521 4542 4522
f 4535 3279 4543
f 4543 3279 3263
f 4543 3263 4544
f 4544 3263 4545
f 4544 4545 4546
f 4546 4545 4547
f 4546 4547 4537
f 4537 4547 4538
f 3263 3265 4545
f 4545 3265 4548
f 4545 4548 4547
f 4547 4548 4549
f 4547 4549 4538
f 4538 4549 4539
f 3265 3278 4548
f 4548 3278 4550
f 4548 4550 4551
f 4551 4550 4552
f 4551 4552 4553
f 4553 4552 4554
f 4553 4554 4555
f 4555 4554 4529
f 4555 4529 4527
f 3278 3277 4550
f 4550 3277 4556
f 4550 4556 4552
f 4552 4556 4557
f 4552 4557 4554
f 4554 4557 4558
f 4554 4558 4529
f 4529 4558 4531
f 3277 3276 4556
f 4556 3276 4559
f 4556 4559 4557
f 4557 4559 4560
f 4557 4560 4558
f 4558 4560 4532
f 4558 4532 4531
f 3276 3275 4559
f 4559 3275 4561
f 4559 4561 4560
f 4560 4561 4533
f 4560 4533 4532
f 3275 3274 4561
f 4561 3274 4534
f 4561 4534 4533
f 3274 3273 4534
f 4530 4526 4528
f 3552 3565 4520
f 4520 3565 4562
f 4520 4562 4518
f 4518 4562 4563
f 4518 4563 4516
f 4516 4563 4564
f 4516 4564 4514
f 4514 4564 4565
f 4514 4565 4512
f 4512 4565 4566
f 4512 4566 4510
f 4510 4566 4567
f 4510 4567 4508
f 4508 4567 4568
f 4508 4568 4506
f 4506 4568 4569
f 4506 4569 4504
f 4504 4569 4503
f 4562 3565 4570
f 4570 3565 3564
f 4570 3564 4571
f 4571 3564 3575
f 4571 3575 4572
f 4572 3575 3573
f 4572 3573 4573
f 4573 3573 3570
f 4573 3570 4574
f 4574 3570 4575
f 4574 4575 4576
f 4576 4575 4577
f 4576 4577 4578
f 4578 4577 4579
f 4578 4579 4580
f 4580 4579 3353
f 4580 3353 3349
f 3570 3569 4575
f 4575 3569 4581
f 4575 4581 4577
f 4577 4581 4582
f 4577 4582 4579
f 4579 4582 3356
f 4579 3356 3355
f 4581 3569 4583
f 4583 3569 3360
f 4583 3360 3358
f 4583 3358 4582
f 4582 3358 3356
f 3355 3353 4579
f 4580 3349 4584
f 4584 3349 3348
f 4584 3348 4585
f 4585 3348 3351
f 4585 3351 4503
f 4503 4569 4585
f 4585 4569 4586
f 4585 4586 4584
f 4584 4586 4587
f 4584 4587 4580
f 4580 4587 4578
f 4581 4583 4582
f 4586 4569 4568
f 4587 4586 4588
f 4588 4586 4568
f 4588 4568 4567
f 4578 4587 4589
f 4589 4587 4588
f 4589 4588 4590
f 4590 4588 4567
f 4590 4567 4566
f 4578 4589 4576
f 4576 4589 4591
f 4576 4591 4574
f 4574 4591 4573
f 4591 4589 4590
f 4535 4543 4536
f 4536 4543 4546
f 4536 4546 4537
f 4544 4546 4543
f 4591 4590 4592
f 4592 4590 4566
f 4592 4566 4565
f 4572 4573 4592
f 4592 4573 4591
f 4572 4592 4565
f 4572 4565 4564
f 4572 4564 4571
f 4571 4564 4563
f 4571 4563 4570
f 4570 4563 4562
f 4548 4551 4549
f 4549 4551 4593
f 4549 4593 4539
f 4539 4593 4540
f 4551 4553 4593
f 4593 4553 4594
f 4593 4594 4540
f 4540 4594 4541
f 4553 4555 4594
f 4594 4555 4595
f 4594 4595 4541
f 4541 4595 4542
f 4555 4527 4595
f 4595 4527 4596
f 4595 4596 4542
f 4542 4596 4522
f 4523 4522 4596
f 4523 4596 4525
f 4525 4596 4527
f 4475 4597 4473
f 4473 4597 4598
f 4473 4598 4482
f 4482 4598 4599
f 4482 4599 4493
f 4493 4599 4530
f 4493 4530 4490
f 4597 4475 4600
f 4600 4475 4468
f 4600 4468 4601
f 4601 4468 4451
f 4600 4601 4602
f 4602 4601 4603
f 4602 4603 4604
f 4602 4604 4605
f 4605 4604 4606
f 4605 4606 4607
f 4607 4606 4608
f 4607 4608 4609
f 4609 4608 4610
f 4609 4610 4611
f 4611 4610 4612
f 4611 4612 4613
f 4613 4612 4614
f 4613 4614 4615
f 4610 4616 4612
f 4612 4616 4617
f 4612 4617 4614
f 4618 4619 4615
f 4615 4619 4620
f 4615 4620 4613
f 4613 4620 4611
f 4619 4618 4621
f 4621 4618 4622
f 4621 4622 3578
f 4621 3578 4623
f 4623 3578 4524
f 4623 4524 4624
f 4624 4524 4625
f 4624 4625 4626
f 4626 4625 4627
f 4626 4627 4628
f 4628 4627 4629
f 4628 4629 4602
f 4602 4629 4600
f 4625 4524 4630
f 4630 4524 4526
f 4630 4526 4631
f 4631 4526 4530
f 4631 4530 4599
f 4600 4629 4597
f 4597 4629 4632
f 4597 4632 4598
f 4598 4632 4631
f 4598 4631 4599
f 4630 4631 4632
f 4630 4632 4627
f 4627 4632 4629
f 4602 4605 4628
f 4628 4605 4633
f 4628 4633 4626
f 4626 4633 4634
f 4626 4634 4624
f 4624 4634 4623
f 4633 4605 4607
f 4625 4630 4627
f 4633 4607 4635
f 4635 4607 4609
f 4635 4609 4620
f 4620 4609 4611
f 4633 4635 4634
f 4634 4635 4636
f 4634 4636 4623
f 4623 4636 4621
f 4636 4635 4620
f 4636 4620 4619
f 4619 4621 4636
f 4637 4638 4639
f 4639 4638 4640
f 4639 4640 4641
f 4641 4640 4642
f 4641 4642 4643
f 4643 4642 4644
f 4643 4644 4645
f 4637 4646 4638
f 4638 4646 4647
f 4638 4647 4648
f 4648 4647 4649
f 4648 4649 4650
f 4650 4649 4651
f 4650 4651 4652
f 4652 4651 4653
f 4652 4653 4654
f 4654 4653 4655
f 4654 4655 4656
f 4656 4655 4657
f 4656 4657 4614
f 4614 4657 4615
f 4615 4657 4658
f 4615 4658 4659
f 4659 4658 4660
f 4659 4660 4661
f 4661 4660 4662
f 4661 4662 4663
f 4663 4662 4664
f 4663 4664 3597
f 3597 4664 3601
f 3601 4664 4665
f 3601 4665 3621
f 3621 4665 4666
f 3621 4666 3619
f 3619 4666 4667
f 3619 4667 3617
f 3617 4667 4668
f 4668 4667 4669
f 4668 4669 4670
f 4670 4669 4671
f 4670 4671 4672
f 4672 4671 4673
f 4672 4673 4674
f 4674 4673 4675
f 4674 4675 4647
f 4647 4675 4649
f 4646 4674 4647
f 3597 3580 4663
f 4663 3580 4676
f 4663 4676 4661
f 4661 4676 4677
f 4661 4677 4659
f 4659 4677 4618
f 4659 4618 4615
f 4676 3580 4678
f 4678 3580 3579
f 4678 3579 4622
f 4622 3579 3578
f 4678 4622 4677
f 4677 4622 4618
f 4656 4614 4679
f 4679 4614 4617
f 4679 4617 4680
f 4680 4617 4616
f 4680 4616 4681
f 4682 4683 4681
f 4681 4683 4684
f 4681 4684 4680
f 4680 4684 4685
f 4680 4685 4679
f 4679 4685 4654
f 4679 4654 4656
f 4683 4682 4686
f 4686 4682 4687
f 4686 4687 4688
f 4688 4687 4689
f 4688 4689 4642
f 4642 4689 4644
f 4690 4691 4645
f 4645 4691 4692
f 4645 4692 4643
f 4643 4692 4641
f 4691 4690 4693
f 4693 4690 4694
f 4693 4694 4695
f 4695 4694 4696
f 4695 4696 4697
f 4669 4667 4671
f 4671 4667 4666
f 4671 4666 4698
f 4698 4666 4665
f 4698 4665 4699
f 4699 4665 4664
f 4699 4664 4662
f 4673 4671 4700
f 4700 4671 4698
f 4700 4698 4701
f 4701 4698 4699
f 4701 4699 4702
f 4702 4699 4662
f 4702 4662 4660
f 4675 4673 4703
f 4703 4673 4700
f 4703 4700 4704
f 4704 4700 4701
f 4704 4701 4705
f 4705 4701 4702
f 4705 4702 4706
f 4706 4702 4660
f 4706 4660 4658
f 4688 4642 4640
f 4640 4638 4707
f 4707 4638 4648
f 4707 4648 4708
f 4708 4648 4650
f 4708 4650 4709
f 4709 4650 4652
f 4709 4652 4685
f 4685 4652 4654
f 4704 4651 4703
f 4703 4651 4649
f 4703 4649 4675
f 4651 4704 4653
f 4653 4704 4705
f 4653 4705 4655
f 4655 4705 4706
f 4655 4706 4657
f 4657 4706 4658
f 4708 4686 4707
f 4707 4686 4688
f 4707 4688 4640
f 4686 4708 4683
f 4683 4708 4709
f 4683 4709 4684
f 4684 4709 4685
f 4678 4677 4676
f 2264 3617 4710
f 4710 3617 4668
f 4710 4668 4711
f 4711 4668 4670
f 4711 4670 4712
f 4712 4670 4672
f 4712 4672 4713
f 4713 4672 4674
f 4713 4674 4714
f 4714 4674 4646
f 4714 4646 4715
f 4715 4646 4637
f 4715 4637 4716
f 4716 4637 4639
f 4716 4639 2272
f 2272 2270 4716
f 4716 2270 4715
f 2270 2269 4715
f 4715 2269 4714
f 2269 2268 4714
f 4714 2268 4713
f 2268 2267 4713
f 4713 2267 4712
f 2267 2266 4712
f 4712 2266 2265
f 4712 2265 4711
f 4711 2265 4710
f 2265 2264 4710
f 2261 3622 4717
f 4717 3622 3615
f 4717 3615 4718
f 4718 3615 3616
f 4718 3616 3617
f 3617 2264 4718
f 4718 2264 2263
f 4718 2263 2262
f 4718 2262 4717
f 4717 2262 2261
f 3833 4719 3835
f 3835 4719 2243
f 3835 2243 2242
f 3833 3831 4719
f 4719 3831 4720
f 4719 4720 2244
f 2244 4720 2245
f 2245 4720 4721
f 2245 4721 2246
f 2246 4721 4722
f 2246 4722 2247
f 2247 4722 4723
f 2247 4723 2248
f 2248 4723 4724
f 2248 4724 2249
f 2249 4724 2250
f 2250 4724 4725
f 2250 4725 2251
f 2251 4725 4726
f 2251 4726 2252
f 2252 4726 4727
f 2252 4727 2253
f 2253 4727 4728
f 2253 4728 4729
f 4729 4728 3772
f 4729 3772 3761
f 3831 3829 4720
f 4720 3829 3827
f 4720 3827 4721
f 4721 3827 3825
f 4721 3825 4722
f 4722 3825 3824
f 4722 3824 4723
f 4723 3824 3816
f 4723 3816 4724
f 4724 3816 3808
f 4724 3808 4725
f 4725 3808 3807
f 4725 3807 3806
f 3806 3805 4725
f 4725 3805 4726
f 3805 3795 4726
f 4726 3795 4727
f 3795 3784 4727
f 4727 3784 4728
f 3784 3772 4728
f 4729 3761 4730
f 4730 3761 3750
f 4730 3750 4731
f 4731 3750 3689
f 4731 3689 4732
f 4732 3689 3690
f 4732 3690 4733
f 4733 3690 4734
f 4733 4734 2260
f 2260 4734 2261
f 2261 4734 3622
f 3622 4734 3690
f 2260 2259 4733
f 4733 2259 4732
f 2259 2258 4732
f 4732 2258 2257
f 4732 2257 2256
f 4732 2256 4731
f 4731 2256 2255
f 4731 2255 4730
f 4730 2255 2254
f 4730 2254 4729
f 4729 2254 2253
f 2244 2243 4719
f 2239 2241 4735
f 4735 2241 4736
f 4735 4736 4737
f 4735 4737 4738
f 4738 4737 4739
f 4738 4739 4740
f 4740 4739 4741
f 4740 4741 4742
f 4742 4741 4743
f 4742 4743 4744
f 4744 4743 4745
f 4744 4745 4746
f 4746 4745 4747
f 4746 4747 4748
f 4748 4747 3835
f 4748 3835 2242
f 2242 2185 4748
f 4748 2185 4746
f 2185 2184 4746
f 4746 2184 4744
f 4744 2184 4742
f 4742 2184 2238
f 4742 2238 4740
f 4740 2238 2239
f 4740 2239 4738
f 4738 2239 4735
f 4749 4736 4750
f 4750 4736 2241
f 4750 2241 2240
f 2237 4751 2240
f 2240 4751 4752
f 2240 4752 4750
f 4750 4752 4749
f 4751 2237 4753
f 4753 2237 2183
f 4753 2183 4754
f 4754 2183 2181
f 4754 2181 4755
f 4755 2181 4756
f 4755 4756 4757
f 4757 4756 3972
f 3972 4756 2178
f 2178 4756 2181
f 4757 4758 4755
f 4755 4758 4754
f 4758 4759 4754
f 4754 4759 4760
f 4754 4760 4753
f 4753 4760 4751
f 4760 4761 4751
f 4751 4761 4752
f 4761 4749 4752
f 3943 3662 4762
f 4762 3662 4763
f 4762 4763 4764
f 4764 4763 4765
f 4764 4765 4766
f 4766 4765 4767
f 4766 4767 4768
f 4768 4767 4769
f 4768 4769 4770
f 4770 4769 4771
f 4770 4771 4772
f 4772 4771 4773
f 4772 4773 4774
f 4774 4773 4775
f 4774 4775 3959
f 3959 4775 4757
f 3959 4757 3972
f 4765 4763 4776
f 4776 4763 4777
f 4776 4777 4778
f 4778 4777 4779
f 4778 4779 4780
f 4780 4779 4781
f 4780 4781 4782
f 4782 4781 4783
f 4782 4783 4784
f 4784 4783 4760
f 4784 4760 4759
f 4779 4777 4785
f 4785 4777 4736
f 4785 4736 4786
f 4786 4736 4749
f 4786 4749 4787
f 4787 4749 4761
f 4787 4761 4783
f 4783 4761 4760
f 4759 4758 4784
f 4784 4758 4775
f 4784 4775 4773
f 4758 4757 4775
f 4774 3959 4788
f 4788 3959 3947
f 4788 3947 4789
f 4789 3947 4790
f 4789 4790 4791
f 4791 4790 4792
f 4791 4792 4770
f 4770 4792 4768
f 3947 3940 4790
f 4790 3940 4793
f 4790 4793 4794
f 4794 4793 4795
f 4794 4795 4796
f 4796 4795 4797
f 4796 4797 4798
f 4798 4797 3943
f 4798 3943 4762
f 4793 3940 4799
f 4799 3940 3939
f 4799 3939 4800
f 4800 3939 3946
f 4800 3946 4801
f 4801 3946 3944
f 4801 3944 4797
f 4797 3944 3943
f 4798 4762 4802
f 4802 4762 4764
f 4802 4764 4766
f 4799 4800 4801
f 4799 4801 4795
f 4795 4801 4797
f 4766 4803 4802
f 4802 4803 4796
f 4802 4796 4798
f 4796 4803 4794
f 4794 4803 4792
f 4794 4792 4790
f 4792 4803 4768
f 4768 4803 4766
f 4799 4795 4793
f 4778 4780 4769
f 4769 4780 4771
f 4791 4770 4772
f 4773 4771 4782
f 4782 4771 4780
f 4791 4772 4789
f 4789 4772 4788
f 4788 4772 4774
f 4776 4778 4767
f 4767 4778 4769
f 4782 4784 4773
f 4785 4786 4787
f 4785 4787 4781
f 4781 4787 4783
f 4785 4781 4779
f 4765 4776 4767
f 4777 4804 4736
f 4736 4804 4805
f 4736 4805 4737
f 4737 4805 4806
f 4737 4806 4739
f 4739 4806 4807
f 4739 4807 4741
f 4741 4807 4808
f 4741 4808 4743
f 4743 4808 4745
f 4745 4808 4809
f 4745 4809 4747
f 4747 4809 3835
f 3835 4809 3837
f 3837 4809 4810
f 3837 4810 4811
f 4811 4810 4812
f 4811 4812 4813
f 4813 4812 4814
f 4813 4814 4815
f 4815 4814 4816
f 4815 4816 4817
f 4817 4816 4804
f 4817 4804 4818
f 4818 4804 4777
f 4818 4777 4819
f 4819 4777 4820
f 4819 4820 4821
f 4821 4820 4822
f 4821 4822 4823
f 4823 4822 4824
f 4823 4824 4825
f 4825 4824 4826
f 4825 4826 4827
f 4827 4826 3804
f 4827 3804 3823
f 4777 4763 4820
f 4820 4763 4828
f 4820 4828 4822
f 4822 4828 4829
f 4822 4829 4824
f 4824 4829 4830
f 4824 4830 4826
f 4826 4830 3794
f 4826 3794 3804
f 3662 4831 4763
f 4763 4831 4832
f 4763 4832 4828
f 4828 4832 4829
f 3662 3661 4831
f 4831 3661 4833
f 4831 4833 4832
f 4832 4833 4829
f 3661 3783 4833
f 4833 3783 4830
f 4833 4830 4829
f 3783 3794 4830
f 3839 4834 3823
f 3823 4834 4835
f 3823 4835 4827
f 4827 4835 4825
f 3837 4811 3839
f 3839 4811 4836
f 3839 4836 4837
f 4837 4836 4838
f 4837 4838 4839
f 4839 4838 4840
f 4839 4840 4841
f 4841 4840 4842
f 4841 4842 4821
f 4821 4842 4819
f 3839 4837 4834
f 4834 4837 4839
f 4834 4839 4843
f 4843 4839 4841
f 4843 4841 4823
f 4823 4841 4821
f 4804 4816 4805
f 4805 4816 4806
f 4816 4814 4806
f 4806 4814 4807
f 4810 4809 4808
f 4814 4812 4807
f 4807 4812 4808
f 4812 4810 4808
f 4811 4813 4836
f 4836 4813 4838
f 4813 4815 4838
f 4838 4815 4840
f 4818 4819 4842
f 4815 4817 4840
f 4840 4817 4842
f 4817 4818 4842
f 4843 4823 4825
f 4834 4843 4835
f 4835 4843 4825
f 2272 4639 4844
f 4844 4639 4641
f 4844 4641 4845
f 4845 4641 4692
f 4845 4692 4846
f 4846 4692 4847
f 4846 4847 4848
f 4846 4848 4845
f 4845 4848 2272
f 4845 2272 4844
f 2271 2272 4849
f 4849 2272 4848
f 4849 4848 4850
f 4850 4848 4847
f 4850 4847 4851
f 4851 4847 4852
f 4851 4852 4853
f 4853 4852 4854
f 4855 4856 4853
f 4853 4856 4857
f 4853 4857 4851
f 4851 4857 4850
f 4850 4857 1877
f 4850 1877 4849
f 4849 1877 2271
f 4856 4855 4858
f 4858 4855 4859
f 4858 4859 4860
f 4861 4862 4860
f 4860 4862 4863
f 4860 4863 4858
f 4858 4863 4856
f 4861 4864 4862
f 4862 4864 4865
f 4862 4865 4866
f 4866 4865 4867
f 4866 4867 4868
f 4866 4868 4869
f 4869 4868 4870
f 4869 4870 4871
f 4869 4871 4872
f 4872 4871 4873
f 4872 4873 4874
f 4872 4874 4875
f 4875 4874 4876
f 4875 4876 4877
f 4875 4877 4878
f 4878 4877 4879
f 4878 4879 4880
f 4878 4880 4881
f 4881 4880 4882
f 4881 4882 4883
f 4883 4882 4884
f 4883 4884 4885
f 4885 4884 4886
f 4885 4886 4887
f 4887 4886 4888
f 4887 4888 4889
f 4889 4888 4890
f 4889 4890 4891
f 4884 4882 4892
f 4892 4882 4893
f 4892 4893 4894
f 4894 4893 4895
f 4894 4895 4896
f 4896 4895 4897
f 4896 4897 4898
f 4898 4897 4899
f 4899 4897 4900
f 4900 4897 4901
f 4900 4901 4902
f 4902 4901 4903
f 4903 4901 4904
f 4903 4904 4905
f 4905 4904 4906
f 4906 4904 4907
f 4906 4907 4908
f 4908 4907 4909
f 4909 4907 4910
f 4910 4907 504
f 4910 504 4911
f 4911 504 503
f 4911 503 4912
f 4912 503 472
f 4912 472 4913
f 4913 472 4914
f 4914 472 471
f 4914 471 4915
f 4915 471 4916
f 4915 4916 4917
f 4917 4916 491
f 4917 491 4918
f 4918 491 4919
f 4918 4919 4920
f 4920 4919 4921
f 4920 4921 4922
f 4922 4921 4923
f 4923 4921 4924
f 4923 4924 4925
f 4925 4924 4926
f 4926 4924 4927
f 4926 4927 4928
f 4928 4927 4891
f 4891 4927 4889
f 4897 4895 4901
f 4901 4895 4929
f 4901 4929 4904
f 4904 4929 4930
f 4904 4930 4907
f 4907 4930 4931
f 4907 4931 4932
f 4933 466 4932
f 4932 466 505
f 4932 505 4907
f 4907 505 504
f 466 4933 464
f 464 4933 4934
f 464 4934 4935
f 4935 4934 4936
f 4935 4936 462
f 462 4936 4937
f 462 4937 4938
f 462 4938 4939
f 4939 4938 4940
f 4939 4940 4941
f 4941 4942 4939
f 4939 4942 4943
f 4939 4943 461
f 461 4943 459
f 459 4943 4944
f 459 4944 458
f 458 4944 457
f 457 4944 4945
f 457 4945 455
f 455 4945 4946
f 455 4946 453
f 453 4946 4947
f 453 4947 4948
f 4942 4949 4943
f 4943 4949 4944
f 4944 4949 4950
f 4950 4949 4951
f 4950 4951 4952
f 4952 4951 4953
f 4952 4953 4954
f 4954 4953 4955
f 4954 4955 4956
f 4954 4956 4957
f 4957 4956 4958
f 4957 4958 4959
f 4959 4958 4960
f 4960 4958 4961
f 4960 4961 4962
f 4962 4963 4960
f 4959 4964 4957
f 4957 4964 4965
f 4957 4965 4952
f 4952 4965 4945
f 4952 4945 4944
f 4964 4966 4965
f 4965 4966 4946
f 4965 4946 4945
f 4966 4967 4946
f 4946 4967 4947
f 453 4948 452
f 452 4948 4968
f 452 4968 451
f 451 4968 4969
f 451 4969 445
f 445 4969 4970
f 445 4970 4971
f 445 4971 443
f 443 4971 4972
f 443 4972 441
f 441 4972 439
f 461 462 4939
f 462 464 4935
f 471 491 4916
f 491 492 4919
f 4919 492 493
f 4919 493 4973
f 4973 493 495
f 4973 495 496
f 496 497 4973
f 4973 497 4974
f 4973 4974 4975
f 4975 4974 4976
f 4975 4976 4977
f 4977 4976 4978
f 4977 4978 4979
f 4979 4978 4980
f 4979 4980 4981
f 4981 4980 4982
f 4981 4982 4983
f 4983 4982 4857
f 4983 4857 4984
f 4984 4857 4856
f 4984 4856 4863
f 497 4985 4974
f 4974 4985 1851
f 4974 1851 1852
f 1851 4985 4986
f 4986 4985 4987
f 4986 4987 4988
f 4988 4987 4989
f 4988 4989 1882
f 1882 4989 4990
f 1882 4990 1884
f 1884 4990 4991
f 1884 4991 1886
f 1886 4991 4992
f 1886 4992 498
f 1882 1880 4988
f 4988 1880 4986
f 1880 1879 4986
f 4986 1879 1851
f 1852 1853 4974
f 4974 1853 4976
f 1853 1855 4976
f 4976 1855 4978
f 4978 1855 4980
f 4980 1855 1857
f 4980 1857 4982
f 4982 1857 1877
f 4982 1877 4857
f 4898 4993 4896
f 4896 4993 4994
f 4896 4994 4995
f 4995 4994 4996
f 4995 4996 4997
f 4995 4997 4998
f 4998 4997 4999
f 4998 4999 4888
f 4888 4999 5000
f 4888 5000 5001
f 5001 4890 4888
f 4896 4995 4998
f 4884 4892 4886
f 4886 4892 4998
f 4886 4998 4888
f 4887 5002 5003
f 5003 5002 5004
f 5003 5004 5005
f 5005 5004 5006
f 5005 5006 4869
f 4869 5006 4866
f 5002 4983 5004
f 5004 4983 4984
f 5004 4984 5006
f 5006 4984 4863
f 5006 4863 4866
f 4866 4863 4862
f 4887 4889 5002
f 5002 4889 4981
f 5002 4981 4983
f 4887 5003 4885
f 4885 5003 5007
f 4885 5007 4883
f 4883 5007 4875
f 4883 4875 4878
f 5007 5003 5005
f 4869 4872 5005
f 5005 4872 5007
f 4878 4881 4883
f 4872 4875 5007
f 4896 4998 4894
f 4894 4998 4892
f 4979 4981 4889
f 4950 4952 4944
f 4954 4957 4952
f 4921 4919 4973
f 4921 4973 4975
f 4924 4921 4975
f 4924 4975 4977
f 4924 4977 4927
f 4927 4977 4979
f 4927 4979 4889
f 5008 4891 5009
f 5009 4891 4890
f 5009 4890 5001
f 5008 5010 4891
f 4891 5010 4928
f 4928 5010 4926
f 4926 5010 5011
f 4926 5011 4925
f 4925 5011 4923
f 4923 5011 5012
f 4923 5012 4922
f 4922 5012 5013
f 4922 5013 4920
f 4920 5013 4918
f 4918 5013 5014
f 4918 5014 4917
f 4917 5014 4915
f 4915 5014 5015
f 4915 5015 4914
f 4914 5015 4913
f 4913 5015 5016
f 4913 5016 4912
f 4912 5016 5017
f 4912 5017 4911
f 4911 5017 4910
f 4910 5017 5018
f 4910 5018 4909
f 4909 5018 5019
f 4909 5019 4908
f 4908 5019 5020
f 4908 5020 4906
f 4906 5020 5021
f 4906 5021 4905
f 4905 5021 5022
f 4905 5022 4903
f 4903 5022 5023
f 4903 5023 4902
f 4902 5023 5024
f 4902 5024 4900
f 4900 5024 5025
f 4900 5025 4899
f 4899 5025 5026
f 4899 5026 4898
f 4898 5026 5027
f 4898 5027 4993
f 4993 5027 5028
f 4993 5028 4994
f 4994 5028 5029
f 4994 5029 4996
f 4996 5029 5030
f 4996 5030 4997
f 4997 5030 5031
f 4997 5031 4999
f 4999 5031 5032
f 4999 5032 5000
f 5000 5032 5033
f 5000 5033 5001
f 5001 5033 5009
f 5026 5034 5035
f 5035 5034 5036
f 5035 5036 5037
f 5037 5036 5038
f 5037 5038 5039
f 5039 5038 5040
f 5039 5040 5041
f 5041 5040 5042
f 5041 5042 5043
f 5043 5042 5044
f 5043 5044 5045
f 5045 5044 5046
f 5045 5046 5047
f 5047 5046 5048
f 5047 5048 5049
f 5049 5048 5050
f 5049 5050 5009
f 5009 5033 5049
f 5049 5033 5047
f 5033 5032 5047
f 5047 5032 5045
f 5032 5031 5045
f 5045 5031 5043
f 5031 5030 5043
f 5043 5030 5041
f 5030 5029 5041
f 5041 5029 5039
f 5029 5028 5039
f 5039 5028 5037
f 5028 5027 5037
f 5037 5027 5035
f 5027 5026 5035
f 5051 5052 5053
f 5053 5052 5054
f 5053 5054 5055
f 5055 5054 5056
f 5056 5054 5057
f 5057 5054 5058
f 5057 5058 5059
f 5059 5058 5060
f 5059 5060 5061
f 5061 5060 5062
f 5061 5062 5063
f 5063 5062 5064
f 5063 5064 5065
f 5065 5064 5066
f 5065 5066 5067
f 5067 5066 5068
f 5067 5068 5069
f 5069 5068 5070
f 5069 5070 5071
f 5072 5073 5052
f 5052 5073 5074
f 5052 5074 5054
f 5054 5074 5075
f 5054 5075 5058
f 5058 5075 5076
f 5058 5076 5060
f 5060 5076 5077
f 5060 5077 5062
f 5062 5077 5078
f 5062 5078 5064
f 5064 5078 5079
f 5064 5079 5066
f 5066 5079 5080
f 5066 5080 5068
f 5068 5080 5081
f 5068 5081 5070
f 5073 5072 5082
f 5082 5072 5083
f 5082 5083 5084
f 5084 5083 5085
f 5084 5085 5086
f 5086 5085 5087
f 5086 5087 5088
f 5088 5087 5089
f 5088 5089 5076
f 5076 5089 5077
f 5087 5085 5090
f 5090 5085 5091
f 5090 5091 5092
f 5092 5091 5093
f 5092 5093 5094
f 5094 5093 5095
f 5094 5095 5079
f 5079 5095 5080
f 5091 5096 5093
f 5093 5096 5095
f 5096 5081 5095
f 5095 5081 5080
f 5069 5071 5097
f 5097 5071 5098
f 5097 5098 5099
f 5099 5098 5100
f 5099 5100 5101
f 5101 5100 5102
f 5101 5102 5103
f 5103 5102 5104
f 5103 5104 5105
f 5105 5104 5106
f 5105 5106 5107
f 5107 5106 5036
f 5107 5036 5034
f 5100 5108 5102
f 5102 5108 5109
f 5102 5109 5104
f 5104 5109 5110
f 5104 5110 5106
f 5106 5110 5111
f 5106 5111 5040
f 5040 5111 5042
f 5042 5111 5044
f 5044 5111 5112
f 5044 5112 5113
f 5113 5112 5114
f 5113 5114 5115
f 5115 5114 5116
f 5115 5116 5117
f 5108 5118 5109
f 5109 5118 5119
f 5109 5119 5110
f 5110 5119 5112
f 5110 5112 5111
f 5118 5120 5119
f 5119 5120 5114
f 5119 5114 5112
f 5120 5121 5114
f 5114 5121 5116
f 5115 5117 5122
f 5122 5117 5123
f 5122 5123 5124
f 5122 5124 5125
f 5125 5124 5126
f 5125 5126 5127
f 5127 5126 5128
f 5127 5128 5129
f 5129 5128 5130
f 5129 5130 5131
f 5131 5130 5132
f 5131 5132 5133
f 5133 5132 5134
f 5134 5132 5135
f 5135 5132 5130
f 5133 5136 5131
f 5131 5136 5137
f 5131 5137 5127
f 5127 5137 5125
f 5136 5138 5137
f 5137 5138 5139
f 5137 5139 5125
f 5125 5139 5122
f 5138 5140 5139
f 5139 5140 5050
f 5139 5050 5141
f 5141 5050 5048
f 5141 5048 5113
f 5113 5048 5046
f 5113 5046 5044
f 5040 5038 5106
f 5106 5038 5036
f 5034 5142 5107
f 5107 5142 5143
f 5107 5143 5105
f 5105 5143 5144
f 5105 5144 5103
f 5103 5144 5145
f 5103 5145 5101
f 5101 5145 5099
f 5146 5147 5142
f 5142 5147 5148
f 5142 5148 5149
f 5149 5148 5150
f 5149 5150 5144
f 5144 5150 5145
f 5147 5146 5151
f 5151 5146 5152
f 5151 5152 5061
f 5061 5152 5059
f 5152 5057 5059
f 5144 5143 5149
f 5149 5143 5142
f 5067 5069 5153
f 5153 5069 5097
f 5153 5097 5154
f 5154 5097 5099
f 5154 5099 5145
f 5065 5067 5155
f 5155 5067 5153
f 5155 5153 5156
f 5156 5153 5154
f 5156 5154 5150
f 5150 5154 5145
f 5151 5061 5063
f 5063 5065 5157
f 5157 5065 5155
f 5157 5155 5158
f 5158 5155 5156
f 5158 5156 5148
f 5148 5156 5150
f 5079 5078 5094
f 5094 5078 5159
f 5094 5159 5092
f 5092 5159 5090
f 5078 5077 5159
f 5159 5077 5089
f 5159 5089 5090
f 5090 5089 5087
f 5076 5075 5088
f 5088 5075 5160
f 5088 5160 5086
f 5086 5160 5084
f 5075 5074 5160
f 5160 5074 5073
f 5160 5073 5084
f 5084 5073 5082
f 5147 5151 5157
f 5157 5151 5063
f 5147 5157 5158
f 5148 5147 5158
f 5141 5113 5115
f 5139 5141 5122
f 5122 5141 5115
f 5129 5131 5127
f 5161 5124 5162
f 5162 5124 5123
f 5162 5123 5163
f 5163 5123 5117
f 5163 5117 5164
f 5164 5117 5116
f 5164 5116 5165
f 5165 5116 5121
f 5165 5121 5166
f 5166 5121 5120
f 5166 5120 5118
f 5166 5118 5167
f 5167 5118 5108
f 5167 5108 5168
f 5168 5108 5100
f 5168 5100 5169
f 5169 5100 5170
f 5169 5170 5171
f 5171 5170 5172
f 5171 5172 5173
f 5173 5172 5174
f 5173 5174 5175
f 5175 5174 5071
f 5175 5071 5070
f 5100 5098 5170
f 5170 5098 5172
f 5098 5071 5172
f 5172 5071 5174
f 5175 5070 5176
f 5176 5070 5081
f 5176 5081 5177
f 5177 5081 5096
f 5177 5096 5178
f 5178 5096 5179
f 5178 5179 5180
f 5180 5179 5181
f 5180 5181 5182
f 5182 5181 5183
f 5182 5183 5184
f 5184 5183 5085
f 5184 5085 5185
f 5185 5085 5186
f 5185 5186 5187
f 5187 5186 5188
f 5187 5188 5189
f 5189 5188 5083
f 5189 5083 5072
f 5096 5091 5179
f 5179 5091 5181
f 5181 5091 5183
f 5183 5091 5085
f 5085 5083 5186
f 5186 5083 5188
f 5052 5190 5072
f 5072 5190 5191
f 5072 5191 5189
f 5189 5191 5192
f 5189 5192 5187
f 5190 5052 5193
f 5193 5052 5051
f 5193 5051 5194
f 5194 5195 5193
f 5193 5195 5190
f 5190 5195 5191
f 5191 5195 5192
f 5187 5182 5185
f 5185 5182 5184
f 5180 5196 5178
f 5178 5196 5177
f 5177 5196 5176
f 5176 5196 5197
f 5176 5197 5175
f 5175 5197 5173
f 5171 5198 5169
f 5169 5198 5168
f 5198 5199 5168
f 5168 5199 5167
f 5199 5200 5167
f 5167 5200 5166
f 5200 5201 5166
f 5166 5201 5165
f 5201 5202 5165
f 5165 5202 5164
f 5164 5202 5163
f 5163 5202 5203
f 5163 5203 5162
f 5162 5203 5161
f 4854 5204 5205
f 5205 5204 5206
f 5205 5206 5207
f 5207 5206 5208
f 5207 5208 5209
f 5209 5208 5124
f 5209 5124 5161
f 5161 5210 5209
f 5209 5210 5207
f 5210 5211 5207
f 5207 5211 5205
f 5211 4854 5205
f 5212 5213 5204
f 5204 5213 5214
f 5204 5214 5206
f 5206 5214 5215
f 5206 5215 5216
f 5216 5215 5126
f 5216 5126 5208
f 5208 5126 5124
f 4692 4691 5212
f 5212 4691 4693
f 5212 4693 4695
f 4695 4697 5212
f 5212 4697 4696
f 5212 4696 4694
f 4694 4690 5212
f 5212 4690 4645
f 5212 4645 5213
f 5213 4645 4644
f 5213 4644 5217
f 5217 4644 4689
f 5217 4689 4687
f 5217 4687 5218
f 5218 4687 4682
f 5218 4682 4681
f 4616 5219 4681
f 4681 5219 5218
f 5218 5219 5220
f 5220 5219 5135
f 5220 5135 5130
f 5220 5130 5221
f 5221 5130 5128
f 5221 5128 5222
f 5222 5128 5223
f 5222 5223 5214
f 5214 5223 5215
f 5128 5126 5223
f 5223 5126 5215
f 5216 5208 5224
f 5224 5208 5206
f 5224 5206 5216
f 5221 5222 5213
f 5213 5222 5214
f 5220 5221 5217
f 5217 5221 5213
f 5218 5220 5217
f 4847 4692 5225
f 5225 4692 5212
f 5225 5212 5226
f 5226 5212 5204
f 5226 5204 4854
f 4854 4852 5226
f 5226 4852 4847
f 5226 4847 5225
f 5219 4616 5227
f 5227 4616 4610
f 5227 4610 5228
f 5228 4610 5229
f 5228 5229 5230
f 5230 5229 5231
f 5230 5231 5232
f 5232 5231 5233
f 5233 5231 5234
f 5233 5234 5235
f 5235 5234 5236
f 5235 5236 5237
f 5237 5236 5238
f 5237 5238 4429
f 4429 5238 4449
f 4449 5238 5239
f 4449 5239 4451
f 4451 5239 4601
f 4601 5239 5240
f 4601 5240 4603
f 4603 5240 5241
f 4603 5241 4604
f 4604 5241 5242
f 4604 5242 4606
f 4606 5242 5229
f 4606 5229 4608
f 4608 5229 4610
f 5232 5243 5230
f 5230 5243 5244
f 5230 5244 5228
f 5228 5244 5227
f 5244 5243 5245
f 5245 5243 5135
f 5245 5135 5219
f 5245 5219 5227
f 5244 5245 5227
f 5234 5231 5242
f 5242 5231 5229
f 5236 5234 5241
f 5241 5234 5242
f 5238 5236 5240
f 5240 5236 5241
f 5239 5238 5240
f 5246 5247 5248
f 5248 5247 5249
f 5248 5249 5250
f 5250 5249 5251
f 5250 5251 5252
f 5252 5251 5253
f 5252 5253 5254
f 5254 5253 5255
f 5254 5255 5256
f 5256 5255 5257
f 5256 5257 5258
f 5258 5257 5259
f 5258 5259 5260
f 5260 5259 5261
f 5260 5261 5262
f 5262 5261 5263
f 5262 5263 5264
f 5264 5263 5265
f 5264 5265 5266
f 5266 5265 5267
f 5266 5267 5268
f 5268 5267 5269
f 5268 5269 5270
f 5270 5269 5271
f 5270 5271 4414
f 4414 5271 4417
f 4417 5271 5272
f 4417 5272 4421
f 4421 5272 5273
f 4421 5273 5274
f 5274 5273 5275
f 5274 5275 5276
f 5276 5275 5277
f 5276 5277 5278
f 5278 5277 5279
f 5278 5279 5280
f 5280 5279 5281
f 5280 5281 5235
f 5235 5281 5233
f 5233 5281 5282
f 5233 5282 5283
f 5283 5282 5284
f 5283 5284 5285
f 5285 5284 5286
f 5285 5286 5287
f 5287 5286 5288
f 5287 5288 5289
f 5289 5288 5290
f 5289 5290 5291
f 5291 5290 5292
f 5291 5292 5293
f 5293 5292 5261
f 5293 5261 5259
f 5247 5246 5294
f 5294 5246 5295
f 5294 5295 5296
f 5296 5295 5297
f 5296 5297 5298
f 5298 5297 5152
f 5298 5152 5146
f 5295 5299 5297
f 5297 5299 5300
f 5297 5300 5301
f 5301 5300 5302
f 5301 5302 5055
f 5055 5302 5053
f 5053 5302 5051
f 5055 5056 5301
f 5301 5056 5057
f 5301 5057 5152
f 5298 5146 5303
f 5303 5146 5142
f 5303 5142 5304
f 5304 5142 5305
f 5304 5305 5306
f 5306 5305 5307
f 5306 5307 5308
f 5308 5307 5309
f 5308 5309 5310
f 5310 5309 5311
f 5310 5311 5312
f 5142 5034 5305
f 5305 5034 5313
f 5305 5313 5307
f 5307 5313 5314
f 5307 5314 5315
f 5315 5316 5307
f 5307 5316 5309
f 5316 5317 5309
f 5309 5317 5311
f 5312 5318 5310
f 5310 5318 5319
f 5310 5319 5320
f 5320 5319 5321
f 5320 5321 5322
f 5323 5324 5322
f 5322 5324 5325
f 5322 5325 5320
f 5320 5325 5326
f 5320 5326 5327
f 5327 5326 5255
f 5327 5255 5253
f 5323 5328 5324
f 5324 5328 5325
f 5328 5329 5325
f 5325 5329 5330
f 5325 5330 5331
f 5331 5330 5332
f 5331 5332 5291
f 5291 5332 5289
f 5329 5333 5330
f 5330 5333 5334
f 5330 5334 5332
f 5332 5334 5335
f 5332 5335 5289
f 5289 5335 5287
f 5334 5333 5336
f 5336 5333 5337
f 5336 5337 5338
f 5338 5339 5336
f 5336 5339 5340
f 5336 5340 5341
f 5341 5340 5342
f 5341 5342 5343
f 5339 5342 5340
f 5343 5344 5341
f 5341 5344 5345
f 5341 5345 5133
f 5133 5345 5136
f 5136 5345 5346
f 5136 5346 5138
f 5344 5347 5345
f 5345 5347 5346
f 5341 5133 5348
f 5348 5133 5134
f 5348 5134 5135
f 5135 5243 5348
f 5348 5243 5349
f 5348 5349 5350
f 5350 5349 5351
f 5350 5351 5334
f 5334 5351 5335
f 5243 5232 5349
f 5349 5232 5352
f 5349 5352 5351
f 5351 5352 5353
f 5351 5353 5335
f 5335 5353 5287
f 5233 5283 5232
f 5232 5283 5354
f 5232 5354 5352
f 5352 5354 5353
f 5280 5235 5355
f 5355 5235 5237
f 5355 5237 5356
f 5356 5237 5357
f 5356 5357 5358
f 5358 5357 5359
f 5358 5359 4429
f 4429 5359 5357
f 4429 5357 5237
f 4429 4423 5358
f 5358 4423 5360
f 5358 5360 5356
f 5356 5360 5276
f 5356 5276 5278
f 4423 4422 5360
f 5360 4422 5274
f 5360 5274 5276
f 4422 4421 5274
f 4414 4413 5270
f 5270 4413 5361
f 5270 5361 5268
f 5268 5361 5362
f 5268 5362 5266
f 5266 5362 5363
f 5266 5363 5264
f 5264 5363 5364
f 5264 5364 5262
f 5262 5364 5365
f 5262 5365 5260
f 5260 5365 5366
f 5260 5366 5258
f 5258 5366 5367
f 5258 5367 5256
f 5256 5367 5368
f 5256 5368 5254
f 5254 5368 5369
f 5254 5369 5252
f 5252 5369 5370
f 5252 5370 5250
f 5250 5370 5248
f 4413 4412 5361
f 5361 4412 5371
f 5361 5371 5362
f 5362 5371 5372
f 5362 5372 5363
f 5363 5372 5373
f 5363 5373 5364
f 5364 5373 5374
f 5364 5374 5365
f 5365 5374 5375
f 5365 5375 5366
f 5366 5375 5376
f 5366 5376 5367
f 5367 5376 5377
f 5367 5377 5368
f 5368 5377 5378
f 5368 5378 5369
f 5369 5378 5370
f 4412 4409 5371
f 5371 4409 5379
f 5371 5379 5372
f 5372 5379 5380
f 5372 5380 5373
f 5373 5380 5381
f 5373 5381 5374
f 5374 5381 5382
f 5374 5382 5375
f 5375 5382 5383
f 5375 5383 5376
f 5376 5383 5384
f 5376 5384 5385
f 5379 4409 5386
f 5386 4409 4407
f 5386 4407 4402
f 4402 4407 4404
f 4402 4401 5386
f 5386 4401 4399
f 5386 4399 5387
f 5387 4399 5388
f 5387 5388 5389
f 4399 4397 5388
f 5389 5390 5387
f 5387 5390 5391
f 5387 5391 5392
f 5393 5382 5392
f 5392 5382 5381
f 5392 5381 5380
f 5382 5393 5383
f 5383 5393 5394
f 5383 5394 5384
f 5395 5378 5385
f 5385 5378 5377
f 5385 5377 5376
f 5395 5370 5378
f 5249 5396 5251
f 5251 5396 5397
f 5251 5397 5253
f 5253 5397 5327
f 5247 5294 5249
f 5249 5294 5398
f 5249 5398 5399
f 5399 5398 5400
f 5399 5400 5304
f 5304 5400 5303
f 5396 5308 5397
f 5397 5308 5310
f 5397 5310 5327
f 5327 5310 5320
f 5249 5399 5396
f 5396 5399 5306
f 5396 5306 5308
f 5400 5398 5296
f 5296 5398 5294
f 5304 5306 5399
f 5298 5303 5400
f 5400 5296 5298
f 5301 5152 5297
f 5257 5255 5326
f 5326 5325 5401
f 5401 5325 5331
f 5401 5331 5293
f 5293 5331 5291
f 5334 5336 5350
f 5350 5336 5341
f 5350 5341 5348
f 5284 5282 5402
f 5402 5282 5281
f 5402 5281 5279
f 5286 5284 5403
f 5403 5284 5402
f 5403 5402 5404
f 5404 5402 5279
f 5404 5279 5277
f 5288 5286 5405
f 5405 5286 5403
f 5405 5403 5406
f 5406 5403 5404
f 5406 5404 5407
f 5407 5404 5277
f 5407 5277 5275
f 5290 5288 5408
f 5408 5288 5405
f 5408 5405 5409
f 5409 5405 5406
f 5409 5406 5410
f 5410 5406 5407
f 5410 5407 5411
f 5411 5407 5275
f 5411 5275 5273
f 5292 5290 5412
f 5412 5290 5408
f 5412 5408 5413
f 5413 5408 5409
f 5413 5409 5414
f 5414 5409 5410
f 5414 5410 5415
f 5415 5410 5411
f 5415 5411 5272
f 5272 5411 5273
f 5261 5292 5263
f 5263 5292 5412
f 5263 5412 5265
f 5265 5412 5413
f 5265 5413 5267
f 5267 5413 5414
f 5267 5414 5269
f 5269 5414 5415
f 5269 5415 5271
f 5271 5415 5272
f 5280 5355 5278
f 5278 5355 5356
f 5386 5387 5380
f 5380 5387 5392
f 5386 5380 5379
f 5401 5293 5259
f 5401 5259 5257
f 5354 5283 5285
f 5354 5285 5353
f 5353 5285 5287
f 5401 5257 5326
f 5194 5051 5416
f 5416 5051 5302
f 5416 5302 5300
f 5416 5300 5417
f 5417 5300 5299
f 5417 5299 5295
f 5417 5295 5418
f 5418 5295 5246
f 5418 5246 5419
f 5419 5246 5420
f 5419 5420 5421
f 5421 5420 5422
f 5422 5420 5248
f 5248 5420 5246
f 5421 5423 5419
f 5419 5423 5418
f 5418 5423 5417
f 5417 5423 5424
f 5417 5424 5416
f 5416 5424 5194
f 4853 4854 4855
f 4855 4854 5211
f 4855 5211 4859
f 4859 5211 5210
f 4859 5210 4860
f 4860 5210 5161
f 4860 5161 4861
f 4861 5161 5203
f 4861 5203 4864
f 4864 5203 4865
f 4865 5203 5202
f 4865 5202 4867
f 4867 5202 5201
f 4867 5201 4868
f 4868 5201 5200
f 4868 5200 4870
f 4870 5200 4871
f 4871 5200 5199
f 4871 5199 4873
f 4873 5199 5198
f 4873 5198 4874
f 4874 5198 5171
f 4874 5171 4876
f 4876 5171 4877
f 4877 5171 5173
f 4877 5173 4879
f 4879 5173 5197
f 4879 5197 4880
f 4880 5197 5196
f 4880 5196 5425
f 5425 5196 5180
f 5425 5180 5426
f 5426 5180 5182
f 5426 5182 5427
f 5427 5182 5187
f 5427 5187 5428
f 5428 5187 5192
f 5428 5192 5429
f 5429 5192 5195
f 5429 5195 5430
f 5430 5195 5194
f 5430 5194 5431
f 5431 5194 5424
f 5431 5424 5423
f 5431 5423 5432
f 5432 5423 5421
f 5432 5421 5433
f 5433 5421 5422
f 5433 5422 5434
f 5425 5426 5435
f 5435 5426 5436
f 5435 5436 5437
f 5435 5437 5438
f 5438 5437 5439
f 5438 5439 5440
f 5438 5440 5441
f 5441 5440 5442
f 5441 5442 4938
f 4938 5442 5443
f 4938 5443 4940
f 4940 5443 4941
f 4941 5443 5444
f 4941 5444 4942
f 4942 5444 5445
f 4942 5445 4949
f 4949 5445 5446
f 4949 5446 4951
f 4951 5446 5447
f 4951 5447 4953
f 4953 5447 5448
f 5448 5447 5446
f 5442 5444 5443
f 5444 5446 5445
f 4938 4937 5441
f 5441 4937 4936
f 5441 4936 5438
f 5438 4936 4934
f 5438 4934 4933
f 5438 4933 5435
f 5435 4933 4932
f 5435 4932 4931
f 4931 4930 5435
f 5435 4930 5449
f 5435 5449 5425
f 5425 5449 4895
f 5425 4895 4893
f 4930 4929 5449
f 5449 4929 4895
f 4882 4880 4893
f 4893 4880 5425
f 5450 5448 5432
f 5432 5448 5446
f 5432 5446 5431
f 5431 5446 5444
f 5431 5444 5430
f 5430 5444 5442
f 5430 5442 5429
f 5429 5442 5440
f 5429 5440 5439
f 5429 5439 5428
f 5428 5439 5437
f 5428 5437 5427
f 5427 5437 5436
f 5427 5436 5426
f 5432 5433 5450
f 5450 5433 5451
f 5451 5433 5434
f 5451 5434 4961
f 4961 5434 5452
f 4961 5452 4962
f 4962 5452 4963
f 4963 5452 4960
f 4960 5452 4959
f 4953 5448 5453
f 5453 5448 5450
f 5453 5450 4956
f 4956 5450 5451
f 4956 5451 4958
f 4958 5451 4961
f 4956 4955 5453
f 5453 4955 4953
f 5454 4959 5422
f 5422 4959 5452
f 5422 5452 5434
f 5454 5455 4959
f 4959 5455 4964
f 4964 5455 5456
f 4964 5456 4966
f 5422 5248 5457
f 5457 5248 5370
f 5457 5370 5458
f 5458 5370 5454
f 5458 5454 5457
f 5457 5454 5422
f 5454 5370 5459
f 5459 5370 5395
f 5459 5395 5460
f 5460 5395 5385
f 5460 5385 5384
f 5460 5384 5461
f 5461 5384 5394
f 5461 5394 5462
f 5462 5394 5393
f 5462 5393 5463
f 5463 5393 5392
f 5463 5392 5464
f 5464 5392 5465
f 5464 5465 5466
f 5466 5465 5467
f 5467 5465 5391
f 5391 5465 5392
f 5464 5466 5463
f 5463 5466 5468
f 5463 5468 5462
f 5462 5468 5469
f 5462 5469 5461
f 5461 5469 5470
f 5461 5470 5460
f 5460 5470 5471
f 5460 5471 5472
f 5460 5472 5459
f 5459 5472 5454
f 5454 5472 5455
f 5455 5472 5456
f 5456 5472 5473
f 5456 5473 4966
f 4966 5473 4967
f 4967 5473 4947
f 4947 5473 5474
f 4947 5474 5475
f 5475 5474 5469
f 5475 5469 5476
f 5476 5469 5468
f 5476 5468 5477
f 5477 5468 5466
f 5477 5466 5467
f 5472 5471 5473
f 5473 5471 5474
f 5471 5470 5474
f 5474 5470 5469
f 5467 5478 5477
f 5477 5478 4971
f 5477 4971 4970
f 5478 5479 4971
f 4971 5479 4972
f 5477 4970 5476
f 5476 4970 4969
f 5476 4969 4968
f 5476 4968 5475
f 5475 4968 4948
f 5475 4948 4947
f 5467 5480 5478
f 5478 5480 5479
f 5479 5480 4972
f 4972 5480 5481
f 4972 5481 439
f 439 5481 435
f 435 5481 5482
f 435 5482 434
f 5467 5391 5483
f 5483 5391 5390
f 5483 5390 5389
f 5483 5389 5484
f 5484 5389 5388
f 5484 5388 4397
f 4397 5480 5484
f 5484 5480 5483
f 5480 5467 5483
f 5480 4397 5485
f 5485 4397 4396
f 5485 4396 5486
f 5486 4396 4392
f 5486 4392 5487
f 5487 4392 5482
f 5487 5482 5486
f 5486 5482 5481
f 5486 5481 5485
f 5485 5481 5480
f 5482 4392 5488
f 5488 4392 4391
f 5488 4391 4390
f 4390 4389 5488
f 5488 4389 5489
f 5488 5489 5490
f 5490 5489 5491
f 5491 5489 5492
f 5492 5489 5493
f 5493 5489 4346
f 4346 5489 4389
f 5490 5482 5488
f 5482 5490 434
f 434 5490 5491
f 434 5491 5492
f 5492 5493 434
f 434 5493 5494
f 434 5494 429
f 429 5494 5495
f 429 5495 5496
f 5496 5495 5497
f 5496 5497 5498
f 5493 5499 5494
f 5494 5499 5495
f 5499 5497 5495
f 5496 5498 5500
f 5500 5498 5501
f 5500 5501 5502
f 5502 5501 5503
f 5502 5503 5504
f 5504 5503 5505
f 5504 5505 5506
f 5506 5505 5507
f 5506 5507 5508
f 5508 5507 5509
f 5508 5509 5510
f 5510 5509 5511
f 5510 5511 5512
f 5512 5511 5513
f 5512 5513 5514
f 5514 5513 5515
f 5514 5515 5516
f 5516 5515 5517
f 5516 5517 5518
f 5518 5517 5519
f 5518 5519 5520
f 5520 5519 5521
f 5520 5521 5522
f 5522 5521 5523
f 5522 5523 5524
f 397 398 5524
f 5524 398 5522
f 398 399 5522
f 5522 399 5520
f 399 400 5520
f 5520 400 5518
f 400 402 5518
f 5518 402 5516
f 5516 402 5514
f 5514 402 404
f 5514 404 5512
f 5512 404 406
f 5512 406 5510
f 5510 406 408
f 5510 408 409
f 5510 409 5508
f 5508 409 423
f 5508 423 5506
f 5506 423 5504
f 423 426 5504
f 5504 426 5502
f 5502 426 5500
f 5500 426 427
f 5500 427 5496
f 5496 427 429
f 5524 5525 397
f 397 5525 396
f 5524 4332 5526
f 5526 4332 4327
f 5526 4327 4331
f 5526 4331 5527
f 5527 4331 5525
f 5527 5525 5524
f 5527 5524 5526
f 4345 5528 4346
f 4346 5528 5499
f 4346 5499 5493
f 4345 4344 5528
f 5528 4344 5529
f 5528 5529 5497
f 5497 5529 5498
f 5498 5529 5530
f 5498 5530 5501
f 5501 5530 5503
f 5503 5530 5531
f 5503 5531 5505
f 5505 5531 5532
f 5505 5532 5507
f 5507 5532 5533
f 5507 5533 5509
f 5509 5533 5511
f 5511 5533 5534
f 5511 5534 5535
f 5535 5534 4338
f 5535 4338 5536
f 5536 4338 4336
f 5536 4336 5537
f 5537 4336 5538
f 5537 5538 5515
f 5515 5538 5539
f 5515 5539 5517
f 5517 5539 5540
f 5517 5540 5519
f 5519 5540 5541
f 5519 5541 5521
f 5521 5541 5542
f 5521 5542 5523
f 5523 5542 5543
f 5523 5543 5524
f 5524 5543 4332
f 4332 5543 4322
f 4322 5543 5542
f 4322 5542 4321
f 4321 5542 5541
f 4321 5541 4333
f 4333 5541 5540
f 4333 5540 4335
f 4335 5540 5539
f 4335 5539 5538
f 4344 4342 5529
f 5529 4342 4304
f 5529 4304 5530
f 5530 4304 4303
f 5530 4303 5531
f 5531 4303 4340
f 5531 4340 4339
f 5531 4339 5532
f 5532 4339 4311
f 5532 4311 5533
f 5533 4311 4312
f 5533 4312 5534
f 5534 4312 4338
f 4336 4335 5538
f 5515 5513 5537
f 5537 5513 5536
f 5536 5513 5535
f 5535 5513 5511
f 5497 5499 5528
f 4330 5544 4331
f 4331 5544 5545
f 4331 5545 5525
f 5525 5545 5546
f 5546 5545 5547
f 5546 5547 5548
f 5548 5547 5549
f 5548 5549 5550
f 5550 5549 5551
f 5550 5551 5552
f 5552 5551 5553
f 5552 5553 388
f 388 5553 4326
f 4326 5553 4328
f 4328 5553 5554
f 4328 5554 5555
f 5555 5554 5549
f 5555 5549 5547
f 5544 4330 5556
f 5556 4330 4329
f 5556 4329 5555
f 5555 4329 4328
f 388 5550 5552
f 5549 5554 5551
f 5551 5554 5553
f 5545 5544 5556
f 5545 5556 5547
f 5547 5556 5555
f 5525 5546 396
f 396 5546 394
f 394 5546 5548
f 394 5548 506
f 506 5548 392
f 392 5548 5550
f 392 5550 387
f 387 5550 388
f 390 389 5557
f 5557 389 1458
f 5557 1458 1454
f 1454 390 5557
f 4326 1458 5558
f 5558 1458 389
f 5558 389 388
f 388 4326 5558
f 1455 5559 1454
f 1454 5559 5560
f 1454 5560 390
f 390 5560 5561
f 5561 5560 5562
f 5561 5562 5563
f 5563 5562 5564
f 5563 5564 5565
f 5565 5564 1456
f 5565 1456 1457
f 1456 5564 1455
f 1455 5564 5566
f 1455 5566 5559
f 5559 5566 5560
f 5565 1457 5567
f 5567 1457 1453
f 5567 1453 5568
f 5567 5568 5569
f 5569 5568 5570
f 5569 5570 5571
f 5571 5570 5572
f 5571 5572 5563
f 5563 5572 5561
f 5569 5571 5567
f 5567 5571 5565
f 5571 5563 5565
f 5560 5566 5562
f 5562 5566 5564
f 390 5561 391
f 391 5561 1474
f 1474 5561 5572
f 1474 5572 1477
f 1477 5572 1478
f 1478 5572 5570
f 1478 5570 1476
f 1476 5570 5568
f 5573 1480 5568
f 5568 1480 1476
f 5568 1453 5574
f 5574 1453 1451
f 5574 1451 5575
f 5575 1451 1449
f 5575 1449 5573
f 5573 5568 5575
f 5575 5568 5574
f 5573 1449 5576
f 5576 1449 1444
f 5576 1444 5577
f 5577 1444 1443
f 5577 1443 5578
f 5578 1443 1447
f 5578 1447 5579
f 5579 1447 1445
f 5579 1445 5580
f 5580 1445 5581
f 5580 5581 5582
f 5582 5581 5583
f 5583 5581 5584
f 5583 5584 5585
f 5585 5584 1431
f 5585 1431 1390
f 1445 1431 5581
f 5581 1431 5584
f 1408 5586 1390
f 1390 5586 5587
f 1390 5587 5585
f 5585 5587 5588
f 5585 5588 5583
f 5586 1408 5589
f 5589 1408 1430
f 5589 1430 5590
f 5590 1430 1429
f 5590 1429 1427
f 5590 1427 5591
f 5591 1427 1425
f 5591 1425 5592
f 5592 1425 1424
f 5592 1424 1415
f 5592 1415 5593
f 5593 1415 1416
f 5593 1416 5594
f 5594 1416 1417
f 5594 1417 1423
f 1423 5595 5594
f 5594 5595 5596
f 5594 5596 5597
f 5594 5597 5593
f 5593 5597 5598
f 5593 5598 5592
f 5592 5598 5599
f 5592 5599 5600
f 5592 5600 5591
f 5591 5600 5601
f 5591 5601 5590
f 5590 5601 5602
f 5590 5602 5589
f 5589 5602 5603
f 5589 5603 5604
f 5589 5604 5586
f 5586 5604 5588
f 5586 5588 5587
f 5580 5582 5579
f 5579 5582 5605
f 5579 5605 5578
f 5578 5605 5606
f 5578 5606 5577
f 5577 5606 5607
f 5577 5607 5576
f 5576 5607 5573
f 5608 1508 5595
f 5595 1508 5609
f 5595 5609 5596
f 5596 5609 5610
f 5596 5610 5597
f 5597 5610 5611
f 5597 5611 5598
f 5598 5611 5612
f 5598 5612 5599
f 5599 5612 5613
f 5599 5613 5600
f 5600 5613 5614
f 5600 5614 5601
f 5601 5614 5615
f 5601 5615 5602
f 5602 5615 5616
f 5602 5616 5603
f 5603 5616 5617
f 5603 5617 5604
f 5604 5617 5618
f 5604 5618 5588
f 5588 5618 5619
f 5588 5619 5583
f 5583 5619 5620
f 5583 5620 5621
f 5621 5620 1483
f 5621 1483 5622
f 5622 1483 1482
f 5622 1482 5623
f 5623 1482 1481
f 5623 1481 5573
f 5573 1481 1480
f 5608 5624 1508
f 1508 5624 5625
f 1508 5625 4205
f 1508 1505 5609
f 5609 1505 5610
f 1505 1503 5610
f 5610 1503 5611
f 5611 1503 5612
f 5612 1503 1499
f 5612 1499 5613
f 5613 1499 5614
f 1499 1493 5614
f 5614 1493 5615
f 1493 1492 5615
f 5615 1492 5616
f 1492 1491 5616
f 5616 1491 5617
f 1491 1489 5617
f 5617 1489 5618
f 1489 1487 5618
f 5618 1487 5619
f 1487 1485 5619
f 5619 1485 5620
f 1485 1483 5620
f 5573 5607 5623
f 5623 5607 5606
f 5623 5606 5622
f 5622 5606 5605
f 5622 5605 5621
f 5621 5605 5582
f 5621 5582 5583
f 5595 1423 5626
f 5626 1423 4218
f 5626 4218 4217
f 5626 4217 5627
f 5627 4217 4269
f 5627 4269 4206
f 4206 4205 5627
f 5627 4205 5625
f 5627 5625 5624
f 5627 5624 5626
f 5626 5624 5608
f 5626 5608 5595
f 4188 5628 4202
f 4202 5628 5629
f 4202 5629 2594
f 4202 2594 4211
f 4211 2594 1515
f 4211 1515 1511
f 1508 4205 1511
f 1511 4205 4211
f 5628 4188 5630
f 5630 4188 4192
f 5630 4192 4193
f 5630 4193 5631
f 5631 4193 4195
f 5631 4195 5632
f 5632 4195 5633
f 5632 5633 2588
f 2588 5633 5634
f 2588 5634 2595
f 2595 5634 2596
f 2596 5634 4185
f 4185 5634 4200
f 4185 4200 4182
f 4182 4200 4183
f 4195 4197 5633
f 5633 4197 4199
f 5633 4199 5634
f 5634 4199 4200
f 2588 2589 5632
f 5632 2589 2590
f 5632 2590 5631
f 5631 2590 2591
f 5631 2591 2592
f 5631 2592 5630
f 5630 2592 2593
f 5630 2593 5628
f 5628 2593 5629
f 5629 2593 2594
f 5010 5138 5635
f 5635 5138 5346
f 5635 5346 5347
f 5347 5344 5635
f 5635 5344 5636
f 5635 5636 5011
f 5011 5636 5012
f 5012 5636 5637
f 5012 5637 5013
f 5013 5637 5638
f 5013 5638 5014
f 5014 5638 5639
f 5014 5639 5015
f 5015 5639 5640
f 5015 5640 5641
f 5641 5640 5328
f 5641 5328 5323
f 5344 5343 5636
f 5636 5343 5342
f 5636 5342 5637
f 5637 5342 5339
f 5637 5339 5638
f 5638 5339 5338
f 5638 5338 5337
f 5638 5337 5639
f 5639 5337 5333
f 5639 5333 5640
f 5640 5333 5329
f 5640 5329 5328
f 5641 5323 5642
f 5642 5323 5322
f 5642 5322 5321
f 5642 5321 5643
f 5643 5321 5319
f 5643 5319 5318
f 5318 5018 5643
f 5643 5018 5017
f 5643 5017 5642
f 5642 5017 5016
f 5642 5016 5641
f 5641 5016 5015
f 5011 5010 5635
f 5009 5050 5644
f 5644 5050 5140
f 5644 5140 5645
f 5645 5140 5138
f 5645 5138 5010
f 5010 5008 5645
f 5645 5008 5644
f 5008 5009 5644
f 5018 5318 5646
f 5646 5318 5312
f 5646 5312 5647
f 5647 5312 5311
f 5647 5311 5648
f 5648 5311 5317
f 5648 5317 5649
f 5649 5317 5316
f 5649 5316 5315
f 5649 5315 5650
f 5650 5315 5314
f 5650 5314 5651
f 5651 5314 5313
f 5651 5313 5652
f 5652 5313 5034
f 5652 5034 5026
f 5652 5026 5653
f 5653 5026 5025
f 5653 5025 5654
f 5654 5025 5024
f 5654 5024 5655
f 5655 5024 5023
f 5655 5023 5656
f 5656 5023 5022
f 5656 5022 5021
f 5656 5021 5657
f 5657 5021 5020
f 5657 5020 5658
f 5658 5020 5019
f 5658 5019 5659
f 5659 5019 5018
f 5659 5018 5646
f 5653 5654 5652
f 5652 5654 5651
f 5654 5655 5651
f 5651 5655 5650
f 5655 5656 5650
f 5650 5656 5649
f 5656 5657 5649
f 5649 5657 5648
f 5659 5646 5647
f 5657 5658 5648
f 5648 5658 5647
f 5658 5659 5647
f 497 498 4985
f 4985 498 4992
f 4985 4992 5660
f 5660 4992 4991
f 5660 4991 4989
f 4989 4991 4990
f 4989 4987 5660
f 5660 4987 4985
f 4248 3166 5661
f 5661 3166 3171
f 5661 3171 5662
f 5662 3171 3170
f 5662 3170 3105
f 3105 3170 3106
f 5662 3105 5663
f 5663 3105 3127
f 5663 3127 3143
f 5663 3143 5664
f 5664 3143 3039
f 5664 3039 3038
f 5664 3038 5665
f 5665 3038 2876
f 5665 2876 4249
f 5665 4249 5666
f 5666 4249 4248
f 5666 4248 5661
f 5666 5661 5662
f 5665 5666 5663
f 5663 5666 5662
f 5664 5665 5663
f 4173 5667 4174
f 4174 5667 5668
f 4174 5668 4175
f 4175 5668 5669
f 4175 5669 5670
f 4175 5670 4176
f 4176 5670 5671
f 4176 5671 4177
f 4177 5671 5672
f 4177 5672 4178
f 4178 5672 5673
f 4178 5673 4179
f 4179 5673 5674
f 4179 5674 5675
f 4179 5675 4180
f 4180 5675 5676
f 4180 5676 4181
f 4181 5676 2600
f 4181 2600 4184
f 4184 2600 2599
f 4184 2599 2598
f 2598 2597 4184
f 4184 2597 2583
f 2577 5674 5677
f 5677 5674 5673
f 5677 5673 2575
f 2575 5673 2573
f 2573 5673 5678
f 2573 5678 2571
f 2571 5678 5672
f 2571 5672 2569
f 2569 5672 5679
f 2569 5679 2568
f 2568 5679 2566
f 2566 5679 5671
f 2566 5671 5680
f 5680 5671 5670
f 5680 5670 5681
f 5681 5670 5669
f 5681 5669 5668
f 5673 5672 5678
f 5672 5671 5679
f 5668 5667 5681
f 5681 5667 5682
f 5681 5682 2562
f 2562 5682 2561
f 2561 5682 2602
f 2602 5682 2603
f 2603 5682 5683
f 2603 5683 2604
f 2604 5683 2605
f 2605 5683 4172
f 2605 4172 2606
f 2606 4172 2462
f 2606 2462 2464
f 5667 4173 5682
f 5682 4173 4172
f 5682 4172 5683
f 2562 2601 5681
f 5681 2601 2564
f 5681 2564 5680
f 5680 2564 2565
f 5680 2565 2566
f 2575 2577 5677
f 2600 5676 2581
f 2581 5676 2580
f 2580 5676 5675
f 2580 5675 5684
f 5684 5675 5674
f 5684 5674 2577
f 2577 2579 5684
f 5684 2579 2580
f 5685 2499 4165
f 4165 2499 2498
f 4165 2498 4166
f 4166 2498 2478
f 4166 2478 4162
f 2499 5685 2500
f 2500 5685 2236
f 2500 2236 2231
f 4165 4113 5686
f 5686 4113 4108
f 5686 4108 5687
f 5687 4108 5688
f 5687 5688 5685
f 5685 5688 2236
f 2236 5688 4067
f 4067 5688 4108
f 5687 5685 5686
f 5686 5685 4165
f 1571 2509 1572
f 1572 2509 2516
f 2516 2509 5689
f 2516 5689 2515
f 2515 5689 2513
f 2515 2513 2514
f 2509 2511 5689
f 5689 2511 2513
f 196 194 1671
f 1671 194 5690
f 1671 5690 1669
f 1669 5690 5691
f 1669 5691 1668
f 1668 5691 1667
f 1667 5691 2405
f 2405 5691 5692
f 2405 5692 5693
f 5693 5692 5694
f 5693 5694 5695
f 5695 5694 193
f 5695 193 191
f 5690 194 5694
f 5694 194 193
f 5695 191 5696
f 5696 191 190
f 5696 190 5697
f 5697 190 188
f 5697 188 186
f 5697 186 5698
f 5698 186 184
f 5698 184 5699
f 5699 184 181
f 5699 1572 5698
f 5698 1572 5700
f 5698 5700 5697
f 5697 5700 5701
f 5697 5701 5696
f 5696 5701 5702
f 5696 5702 5695
f 5695 5702 5693
f 1572 2362 5700
f 5700 2362 2361
f 5700 2361 2382
f 5700 2382 5701
f 5701 2382 2397
f 5701 2397 5702
f 5702 2397 2395
f 5702 2395 2402
f 5702 2402 5693
f 5693 2402 2405
f 5692 5691 5690
f 5692 5690 5694
f 179 5703 181
f 181 5703 5704
f 181 5704 5705
f 5705 5704 5706
f 5705 5706 5707
f 5707 5706 5708
f 5707 5708 5709
f 5709 5708 5710
f 5709 5710 5711
f 5711 5710 5712
f 5711 5712 5713
f 5713 5712 5714
f 5713 5714 5715
f 5715 5714 5716
f 5715 5716 5717
f 5717 5716 171
f 5717 171 5718
f 5718 171 169
f 5718 169 5719
f 5719 169 5720
f 5719 5720 5721
f 5721 5720 5722
f 5721 5722 5723
f 5723 5722 5724
f 5723 5724 1532
f 1532 5724 1531
f 1531 5724 5725
f 1531 5725 1529
f 1529 5725 1523
f 1523 5725 5726
f 1523 5726 1518
f 1518 5726 5727
f 1518 5727 5728
f 5728 5727 5729
f 5728 5729 5730
f 5730 5729 5731
f 5730 5731 5732
f 5732 5731 5733
f 5732 5733 5734
f 5734 5733 154
f 5734 154 152
f 176 5735 179
f 179 5735 5736
f 179 5736 5703
f 5703 5736 5704
f 173 5737 176
f 176 5737 5738
f 176 5738 5735
f 5735 5738 5708
f 5735 5708 5706
f 171 5716 173
f 173 5716 5714
f 173 5714 5737
f 5737 5714 5712
f 5737 5712 5710
f 169 167 5720
f 5720 167 5739
f 5720 5739 5722
f 5722 5739 5740
f 5722 5740 5724
f 5724 5740 5725
f 167 166 5739
f 5739 166 5741
f 5739 5741 5740
f 5740 5741 5742
f 5740 5742 5725
f 5725 5742 5726
f 166 164 5741
f 5741 164 5743
f 5741 5743 5742
f 5742 5743 5744
f 5742 5744 5726
f 5726 5744 5727
f 164 162 5743
f 5743 162 5745
f 5743 5745 5744
f 5744 5745 5729
f 5744 5729 5727
f 5745 162 5746
f 5746 162 160
f 5746 160 5745
f 5745 160 5747
f 5745 5747 5731
f 5731 5747 5733
f 160 158 5747
f 5747 158 5733
f 158 156 5733
f 5733 156 154
f 150 5748 152
f 152 5748 5749
f 152 5749 5734
f 5734 5749 5750
f 5734 5750 5732
f 5732 5750 5751
f 5732 5751 5730
f 5730 5751 5752
f 5730 5752 5728
f 5728 5752 1514
f 5728 1514 1518
f 148 5753 150
f 150 5753 5749
f 150 5749 5748
f 5753 148 5754
f 5754 148 146
f 5754 146 5755
f 5755 146 143
f 5755 143 5756
f 5756 143 16
f 5756 16 1584
f 1584 16 1585
f 1582 5757 1584
f 1584 5757 5758
f 1584 5758 5759
f 5759 5758 5760
f 5759 5760 5761
f 5761 5760 5762
f 5761 5762 5763
f 5763 5762 5764
f 5763 5764 5765
f 5765 5764 5766
f 5765 5766 5767
f 5767 5766 5768
f 5767 5768 5750
f 5750 5768 5751
f 5757 1582 5769
f 5769 1582 1497
f 5769 1497 5770
f 5770 1497 1495
f 5770 1495 1494
f 5770 1494 5771
f 5771 1494 1500
f 5771 1500 5772
f 5772 1500 1502
f 5772 1502 1504
f 5772 1504 5773
f 5773 1504 1507
f 5773 1507 5774
f 5774 1507 1510
f 5774 1510 5752
f 5752 1510 1512
f 5752 1512 1514
f 1532 1535 5723
f 5723 1535 5775
f 5723 5775 5721
f 5721 5775 5776
f 5721 5776 5719
f 5719 5776 5717
f 5719 5717 5718
f 1535 1579 5775
f 5775 1579 5777
f 5775 5777 5776
f 5776 5777 5778
f 5776 5778 5717
f 5717 5778 5715
f 1579 1577 5777
f 5777 1577 5779
f 5777 5779 5778
f 5778 5779 5780
f 5778 5780 5715
f 5715 5780 5713
f 1577 1554 5779
f 5779 1554 5781
f 5779 5781 5780
f 5780 5781 5782
f 5780 5782 5713
f 5713 5782 5711
f 1554 1556 5781
f 5781 1556 5783
f 5781 5783 5782
f 5782 5783 5784
f 5782 5784 5711
f 5711 5784 5709
f 1556 1575 5783
f 5783 1575 1562
f 5783 1562 5785
f 5785 1562 1564
f 5785 1564 5786
f 5786 1564 1572
f 5786 1572 5699
f 181 5705 5699
f 5699 5705 5787
f 5699 5787 5786
f 5786 5787 5788
f 5786 5788 5785
f 5785 5788 5784
f 5785 5784 5783
f 1584 5789 5756
f 5756 5789 5790
f 5756 5790 5755
f 5755 5790 5791
f 5755 5791 5754
f 5754 5791 5792
f 5754 5792 5753
f 5753 5792 5749
f 5708 5738 5710
f 5710 5738 5737
f 5704 5736 5706
f 5706 5736 5735
f 5790 5789 5761
f 5761 5789 5759
f 5791 5790 5763
f 5763 5790 5761
f 5792 5791 5765
f 5765 5791 5763
f 5749 5792 5767
f 5767 5792 5765
f 5767 5750 5749
f 5729 5745 5731
f 5787 5705 5707
f 5784 5788 5709
f 5709 5788 5707
f 5788 5787 5707
f 5759 5789 1584
f 5752 5751 5774
f 5774 5751 5768
f 5774 5768 5773
f 5773 5768 5766
f 5773 5766 5772
f 5772 5766 5764
f 5772 5764 5771
f 5771 5764 5762
f 5771 5762 5770
f 5770 5762 5760
f 5770 5760 5769
f 5769 5760 5758
f 5769 5758 5757
f 298 1588 18
f 18 1588 16
f 16 1588 1585
f 302 8 413
f 413 8 6
f 413 6 412
f 139 5793 6
f 6 5793 5794
f 6 5794 5795
f 5795 5794 5796
f 5795 5796 5797
f 5797 5796 5798
f 5797 5798 5799
f 5799 5798 5800
f 5799 5800 5801
f 5801 5800 5802
f 5801 5802 5803
f 5803 5802 5804
f 5803 5804 5805
f 5805 5804 5806
f 5805 5806 5807
f 5807 5806 5808
f 5807 5808 5809
f 5809 5808 5810
f 5809 5810 5811
f 5811 5810 122
f 5811 122 5812
f 5812 122 120
f 5812 120 5813
f 5813 120 118
f 5813 118 5814
f 5814 118 116
f 5814 116 5815
f 5815 116 114
f 5815 114 5816
f 5816 114 5817
f 5816 5817 112
f 112 5817 114
f 5793 139 5818
f 5818 139 137
f 5818 137 5819
f 5819 137 135
f 5819 135 5820
f 5820 135 133
f 5820 133 5821
f 5821 133 131
f 5821 131 5802
f 5802 131 5804
f 131 129 5804
f 5804 129 5806
f 129 127 5806
f 5806 127 125
f 5806 125 5808
f 5808 125 123
f 5808 123 5810
f 5810 123 122
f 5816 112 5822
f 5822 112 109
f 5822 109 5823
f 5823 109 5824
f 5823 5824 5825
f 5825 5824 5826
f 5825 5826 5827
f 5827 5826 5828
f 5827 5828 5829
f 5829 5828 5830
f 5829 5830 5831
f 5831 5830 5832
f 5831 5832 5833
f 5833 5832 5834
f 5833 5834 5835
f 5835 5834 5836
f 5835 5836 5837
f 5837 5836 5838
f 5837 5838 5839
f 5839 5838 489
f 5839 489 486
f 109 107 5824
f 5824 107 5826
f 5826 107 5828
f 5828 107 104
f 5828 104 5830
f 5830 104 5832
f 104 102 5832
f 5832 102 5834
f 5836 5834 5840
f 5840 5834 498
f 5840 498 500
f 5840 500 5838
f 5838 500 489
f 486 484 5839
f 5839 484 5841
f 5839 5841 5842
f 5842 5841 5843
f 5842 5843 5844
f 5844 5843 5845
f 5844 5845 5829
f 5829 5845 5827
f 484 482 5841
f 5841 482 5846
f 5841 5846 5843
f 5843 5846 5847
f 5843 5847 5845
f 5845 5847 5848
f 5845 5848 5827
f 5827 5848 5825
f 482 480 5846
f 5846 480 5849
f 5846 5849 5847
f 5847 5849 5850
f 5847 5850 5848
f 5848 5850 5851
f 5848 5851 5825
f 5825 5851 5823
f 480 478 5849
f 5849 478 5852
f 5849 5852 5850
f 5850 5852 5853
f 5850 5853 5851
f 5851 5853 5854
f 5851 5854 5823
f 5823 5854 5822
f 478 477 5852
f 5852 477 5855
f 5852 5855 5853
f 5853 5855 5856
f 5853 5856 5854
f 5854 5856 5816
f 5854 5816 5822
f 477 475 5855
f 5855 475 5857
f 5855 5857 5856
f 5856 5857 5858
f 5856 5858 5816
f 5816 5858 5815
f 475 473 5857
f 5857 473 5859
f 5857 5859 5858
f 5858 5859 5860
f 5858 5860 5815
f 5815 5860 5814
f 473 448 5859
f 5859 448 447
f 5859 447 5861
f 5861 447 442
f 5861 442 5862
f 5862 442 5863
f 5862 5863 5864
f 5864 5863 5865
f 5864 5865 5812
f 5812 5865 5811
f 442 438 5863
f 5863 438 5866
f 5863 5866 5865
f 5865 5866 5867
f 5865 5867 5811
f 5811 5867 5809
f 438 436 5866
f 5866 436 432
f 5866 432 5868
f 5868 432 431
f 5868 431 5869
f 5869 431 428
f 5869 428 5870
f 5870 428 424
f 5870 424 421
f 5870 421 5871
f 5871 421 411
f 5871 411 5872
f 5872 411 410
f 5872 410 419
f 5872 419 5873
f 5873 419 417
f 5873 417 5874
f 5874 417 414
f 5874 414 412
f 5874 412 5875
f 5875 412 6
f 5875 6 5795
f 5802 5800 5821
f 5821 5800 5820
f 5800 5798 5820
f 5820 5798 5819
f 5794 5793 5818
f 5798 5796 5819
f 5819 5796 5818
f 5796 5794 5818
f 5831 5833 5876
f 5876 5833 5835
f 5876 5835 5837
f 5829 5831 5844
f 5844 5831 5876
f 5844 5876 5842
f 5842 5876 5837
f 5842 5837 5839
f 5864 5812 5813
f 5813 5814 5877
f 5877 5814 5860
f 5877 5860 5861
f 5861 5860 5859
f 5807 5809 5878
f 5878 5809 5867
f 5878 5867 5868
f 5868 5867 5866
f 5805 5807 5879
f 5879 5807 5878
f 5879 5878 5869
f 5869 5878 5868
f 5803 5805 5880
f 5880 5805 5879
f 5880 5879 5870
f 5870 5879 5869
f 5801 5803 5881
f 5881 5803 5880
f 5881 5880 5871
f 5871 5880 5870
f 5799 5801 5882
f 5882 5801 5881
f 5882 5881 5872
f 5872 5881 5871
f 5875 5795 5797
f 5797 5799 5883
f 5883 5799 5882
f 5883 5882 5873
f 5873 5882 5872
f 5873 5874 5883
f 5883 5874 5875
f 5883 5875 5797
f 5861 5862 5877
f 5877 5862 5864
f 5877 5864 5813
f 5840 5838 5836
f 102 100 5834
f 5834 100 5884
f 5834 5884 5885
f 5885 5884 5886
f 5885 5886 5887
f 5887 5886 5888
f 5887 5888 5889
f 5889 5888 5890
f 5889 5890 5891
f 5891 5890 5892
f 5891 5892 5893
f 5893 5892 5894
f 5893 5894 5895
f 5895 5894 1612
f 5895 1612 1613
f 100 98 5884
f 5884 98 5886
f 98 96 5886
f 5886 96 95
f 5886 95 5888
f 5888 95 93
f 5888 93 5890
f 5890 93 91
f 5890 91 5892
f 5892 91 89
f 5892 89 5894
f 5894 89 88
f 5894 88 1632
f 1632 1612 5894
f 1613 1614 5895
f 5895 1614 1840
f 5895 1840 5893
f 5893 1840 5891
f 1840 1841 5891
f 5891 1841 5889
f 1841 1901 5889
f 5889 1901 1900
f 5889 1900 5887
f 5887 1900 1899
f 5887 1899 5885
f 5885 1899 1898
f 5885 1898 1887
f 498 5834 1887
f 1887 5834 5885
f 662 661 5896
f 5896 661 5897
f 5896 5897 5898
f 5898 5897 5899
f 5898 5899 5900
f 5900 5899 5901
f 5900 5901 5902
f 5902 5901 5903
f 5902 5903 5904
f 5904 5903 5905
f 5904 5905 5906
f 5906 5905 5907
f 5906 5907 5908
f 5908 5907 5909
f 5908 5909 5910
f 5910 5909 5911
f 5910 5911 5912
f 5912 5911 1694
f 5912 1694 1720
f 5897 5913 5899
f 5899 5913 5914
f 5899 5914 5901
f 5901 5914 5915
f 5901 5915 5903
f 5903 5915 5916
f 5903 5916 5905
f 5905 5916 5917
f 5905 5917 5907
f 5907 5917 5918
f 5907 5918 5909
f 5909 5918 5919
f 5909 5919 5911
f 5911 5919 1692
f 5911 1692 1694
f 5913 5920 5914
f 5914 5920 5921
f 5914 5921 5915
f 5915 5921 5922
f 5915 5922 5916
f 5916 5922 5923
f 5916 5923 5917
f 5917 5923 5924
f 5917 5924 5918
f 5918 5924 5925
f 5918 5925 5919
f 5919 5925 1692
f 5920 5926 5921
f 5921 5926 5927
f 5921 5927 5922
f 5922 5927 5928
f 5922 5928 5923
f 5923 5928 5929
f 5923 5929 5924
f 5924 5929 5930
f 5924 5930 5925
f 5925 5930 1690
f 5925 1690 1692
f 5926 5931 5927
f 5927 5931 5932
f 5927 5932 5928
f 5928 5932 5933
f 5928 5933 5929
f 5929 5933 5934
f 5929 5934 5930
f 5930 5934 1688
f 5930 1688 1690
f 5932 5931 5933
f 5933 5931 5935
f 5933 5935 5934
f 5934 5935 5936
f 5934 5936 5937
f 1686 1688 5937
f 5937 1688 5934
f 1746 5938 1720
f 1720 5938 5939
f 1720 5939 5912
f 5912 5939 5940
f 5912 5940 5910
f 5910 5940 5941
f 5910 5941 5908
f 5908 5941 5942
f 5908 5942 5906
f 5906 5942 5943
f 5906 5943 5904
f 5904 5943 5944
f 5904 5944 5902
f 5902 5944 5945
f 5902 5945 5900
f 5900 5945 5946
f 5900 5946 5898
f 5898 5946 5896
f 5938 1746 5947
f 5947 1746 1744
f 5947 1744 1741
f 5947 1741 5948
f 5948 1741 1737
f 5948 1737 5949
f 5949 1737 1728
f 5949 1728 5950
f 5950 1728 1729
f 5950 1729 2373
f 2363 5951 2373
f 2373 5951 5952
f 2373 5952 5953
f 5953 5952 5954
f 5953 5954 5950
f 5950 5954 5955
f 5950 5955 5949
f 5949 5955 5956
f 5949 5956 5948
f 5948 5956 5957
f 5948 5957 5958
f 5958 5957 5959
f 5958 5959 5960
f 5960 5959 5961
f 5960 5961 5962
f 5962 5961 5963
f 5962 5963 5964
f 5964 5963 5965
f 5964 5965 5966
f 5966 5965 5967
f 5966 5967 5968
f 5968 5967 5969
f 5968 5969 5970
f 5970 5969 5971
f 5970 5971 5972
f 5972 5971 665
f 5972 665 663
f 5955 5973 5956
f 5956 5973 5974
f 5956 5974 5957
f 5957 5974 5975
f 5957 5975 5959
f 5959 5975 5976
f 5959 5976 5977
f 5977 5976 5978
f 5977 5978 5979
f 5979 5978 5980
f 5979 5980 5981
f 5981 5980 5982
f 5981 5982 5983
f 5983 5982 5984
f 5983 5984 5985
f 5985 5984 5986
f 5985 5986 5987
f 5987 5986 681
f 5987 681 5971
f 5971 681 665
f 5976 5988 5978
f 5978 5988 5989
f 5978 5989 5980
f 5980 5989 5990
f 5980 5990 5982
f 5982 5990 5991
f 5982 5991 5984
f 5984 5991 5992
f 5984 5992 5986
f 5986 5992 686
f 5986 686 684
f 5988 5993 5989
f 5989 5993 5994
f 5989 5994 5990
f 5990 5994 5995
f 5990 5995 5991
f 5991 5995 5996
f 5991 5996 5992
f 5992 5996 688
f 5992 688 686
f 5993 5997 5994
f 5994 5997 5998
f 5994 5998 5995
f 5995 5998 5999
f 5995 5999 5996
f 5996 5999 689
f 5996 689 688
f 5997 6000 5998
f 5998 6000 6001
f 5998 6001 5999
f 5999 6001 689
f 6000 6002 6001
f 6001 6002 691
f 6001 691 689
f 6002 695 691
f 684 681 5986
f 5972 663 6003
f 6003 663 662
f 6003 662 5896
f 5961 5959 5977
f 5896 5946 6003
f 6003 5946 6004
f 6003 6004 5972
f 5972 6004 5970
f 5985 5987 5969
f 5969 5987 5971
f 6004 5946 5945
f 5970 6004 6005
f 6005 6004 5945
f 6005 5945 5944
f 5970 6005 5968
f 5968 6005 6006
f 5968 6006 5966
f 5966 6006 6007
f 5966 6007 5964
f 5964 6007 6008
f 5964 6008 5962
f 5962 6008 6009
f 5962 6009 5960
f 5960 6009 6010
f 5960 6010 5958
f 5958 6010 5938
f 5958 5938 5947
f 6006 6005 5944
f 5985 5969 5967
f 5985 5967 5983
f 5983 5967 5965
f 5983 5965 5981
f 5981 5965 5963
f 5981 5963 5979
f 5979 5963 5961
f 5979 5961 5977
f 6006 5944 5943
f 6006 5943 6007
f 6007 5943 5942
f 6007 5942 6008
f 6008 5942 5941
f 6008 5941 6009
f 6009 5941 5940
f 6009 5940 6010
f 6010 5940 5939
f 6010 5939 5938
f 5947 5948 5958
f 2373 5953 5950
f 5936 5935 6011
f 6011 5935 5931
f 6011 5931 6012
f 6012 5931 6013
f 6012 6013 6014
f 6014 6013 6015
f 6014 6015 6016
f 6016 6015 6017
f 6016 6017 6018
f 6018 6017 6019
f 6018 6019 6020
f 6020 6019 6021
f 6020 6021 6022
f 6022 6021 6023
f 6022 6023 6024
f 6024 6023 6025
f 6024 6025 6026
f 6026 6025 2124
f 6026 2124 2123
f 5931 5926 6013
f 6013 5926 6027
f 6013 6027 6015
f 6015 6027 6028
f 6015 6028 6017
f 6017 6028 6029
f 6017 6029 6019
f 6019 6029 6030
f 6019 6030 6021
f 6021 6030 6031
f 6021 6031 6023
f 6023 6031 6032
f 6023 6032 6025
f 6025 6032 2119
f 6025 2119 2124
f 6027 5926 6033
f 6033 5926 5920
f 6033 5920 6034
f 6034 5920 5913
f 6034 5913 5897
f 661 6035 5897
f 5897 6035 6036
f 5897 6036 6034
f 6034 6036 6037
f 6034 6037 6038
f 6038 6037 6039
f 6038 6039 6029
f 6029 6039 6030
f 6035 661 6040
f 6040 661 2128
f 6040 2128 6041
f 6041 2128 2055
f 6041 2055 6042
f 6042 2055 2056
f 6042 2056 6043
f 6043 2056 2058
f 6043 2058 6044
f 6044 2058 6032
f 6044 6032 6031
f 2058 2120 6032
f 6032 2120 2119
f 6026 2123 6045
f 6045 2123 2126
f 6045 2126 6046
f 6046 2126 2026
f 6046 2026 2027
f 2126 2025 2026
f 6046 2027 6047
f 6047 2027 2029
f 6047 2029 6048
f 6048 2029 2028
f 6048 2028 6049
f 6049 2028 6050
f 6049 6050 6051
f 6051 6050 6052
f 6051 6052 6053
f 6053 6052 6054
f 6053 6054 6055
f 6055 6054 6056
f 6055 6056 6057
f 6057 6056 6058
f 6057 6058 6059
f 6059 6058 1760
f 6059 1760 1759
f 6054 6060 6056
f 6056 6060 6061
f 6056 6061 6062
f 6062 6061 6063
f 6062 6063 1782
f 1782 6063 1784
f 1784 6063 6064
f 1784 6064 1786
f 1786 6064 1914
f 1914 6064 6065
f 1914 6065 6066
f 6066 6065 6067
f 6067 6065 6064
f 6067 6064 6068
f 6068 6064 6063
f 6068 6063 6061
f 6060 6069 6061
f 6061 6069 6068
f 6066 6070 1914
f 1914 6070 1915
f 1782 1780 6062
f 6062 1780 6058
f 6062 6058 6056
f 1780 1778 6058
f 6058 1778 1760
f 1776 6071 1759
f 1759 6071 6072
f 1759 6072 6059
f 6059 6072 6073
f 6059 6073 6057
f 6057 6073 6074
f 6057 6074 6055
f 6055 6074 6053
f 6071 1776 6075
f 6075 1776 1775
f 6075 1775 6076
f 6076 1775 6077
f 6076 6077 6078
f 6078 6077 6079
f 6078 6079 6080
f 6080 6079 6081
f 6080 6081 6082
f 6082 6081 6016
f 6082 6016 6018
f 1775 1774 6077
f 6077 1774 6083
f 6077 6083 6079
f 6079 6083 6084
f 6079 6084 6081
f 6081 6084 6014
f 6081 6014 6016
f 1774 1773 6083
f 6083 1773 6011
f 6083 6011 6084
f 6084 6011 6012
f 6084 6012 6014
f 1773 1686 6011
f 6011 1686 5937
f 6011 5937 5936
f 6075 6076 6085
f 6085 6076 6078
f 6085 6078 6086
f 6086 6078 6080
f 6086 6080 6087
f 6087 6080 6082
f 6087 6082 6088
f 6088 6082 6018
f 6088 6018 6020
f 6071 6075 6089
f 6089 6075 6085
f 6089 6085 6090
f 6090 6085 6086
f 6090 6086 6091
f 6091 6086 6087
f 6091 6087 6092
f 6092 6087 6088
f 6092 6088 6093
f 6093 6088 6020
f 6093 6020 6022
f 6072 6071 6094
f 6094 6071 6089
f 6094 6089 6095
f 6095 6089 6090
f 6095 6090 6096
f 6096 6090 6091
f 6096 6091 6097
f 6097 6091 6092
f 6097 6092 6098
f 6098 6092 6093
f 6098 6093 6099
f 6099 6093 6022
f 6099 6022 6024
f 6095 6100 6094
f 6094 6100 6073
f 6094 6073 6072
f 6073 6100 6074
f 6074 6100 6101
f 6074 6101 6053
f 6053 6101 6051
f 6100 6095 6102
f 6102 6095 6096
f 6102 6096 6103
f 6103 6096 6097
f 6103 6097 6104
f 6104 6097 6098
f 6104 6098 6105
f 6105 6098 6099
f 6105 6099 6106
f 6106 6099 6024
f 6106 6024 6026
f 6027 6033 6028
f 6028 6033 6038
f 6028 6038 6029
f 6034 6038 6033
f 6103 6107 6102
f 6102 6107 6101
f 6102 6101 6100
f 6049 6051 6107
f 6107 6051 6101
f 6107 6103 6108
f 6108 6103 6104
f 6108 6104 6109
f 6109 6104 6105
f 6109 6105 6110
f 6110 6105 6106
f 6110 6106 6045
f 6045 6106 6026
f 6048 6049 6108
f 6108 6049 6107
f 6048 6108 6109
f 6048 6109 6047
f 6047 6109 6110
f 6047 6110 6046
f 6046 6110 6045
f 6030 6039 6111
f 6111 6039 6112
f 6111 6112 6043
f 6043 6112 6042
f 6039 6037 6112
f 6112 6037 6113
f 6112 6113 6042
f 6042 6113 6041
f 6037 6036 6113
f 6113 6036 6035
f 6113 6035 6041
f 6041 6035 6040
f 6044 6031 6111
f 6111 6031 6030
f 6044 6111 6043
f 6066 6067 6114
f 6114 6067 1803
f 6114 1803 1916
f 1915 6070 1916
f 1916 6070 6066
f 1916 6066 6114
f 2009 2011 6054
f 6054 2011 6060
f 6060 2011 2013
f 6060 2013 2012
f 6060 2012 6069
f 6069 2012 1804
f 6069 1804 6068
f 6068 1804 1803
f 6068 1803 6067
f 2010 6115 1943
f 1943 6115 6116
f 1943 6116 2028
f 2028 6116 6050
f 6050 6116 6115
f 6050 6115 6052
f 6052 6115 2010
f 6052 2010 2009
f 2009 6054 6052
f 2284 6117 2283
f 2283 6117 6118
f 2283 6118 5993
f 5993 6118 5997
f 5997 6118 6000
f 6000 6118 6002
f 6002 6118 695
f 695 6118 6119
f 695 6119 693
f 693 6119 694
f 694 6119 696
f 696 6119 6120
f 696 6120 697
f 697 6120 6121
f 697 6121 679
f 679 6121 6122
f 679 6122 641
f 641 6122 6123
f 641 6123 643
f 643 6123 6124
f 643 6124 645
f 645 6124 2298
f 2298 6124 6125
f 2298 6125 2296
f 2296 6125 6126
f 2296 6126 2295
f 2295 6126 6127
f 2295 6127 2293
f 2293 6127 6128
f 2293 6128 2292
f 2292 6128 2290
f 2290 6128 2289
f 2289 6128 6120
f 2289 6120 6119
f 2284 2286 6117
f 6117 2286 6129
f 6117 6129 6118
f 6118 6129 6119
f 2286 2288 6129
f 6129 2288 6119
f 2288 2289 6119
f 6124 6123 6125
f 6125 6123 6122
f 6125 6122 6126
f 6126 6122 6121
f 6126 6121 6127
f 6127 6121 6120
f 6127 6120 6128
f 5975 2275 5976
f 5976 2275 2333
f 5976 2333 6130
f 6130 2333 2283
f 6130 2283 6131
f 6131 2283 5993
f 6131 5993 5988
f 6131 5988 6130
f 6130 5988 5976
f 2273 5973 2274
f 2274 5973 5955
f 2274 5955 2337
f 2337 5955 5954
f 2275 5975 2273
f 2273 5975 5974
f 2273 5974 5973
f 2339 2337 6132
f 6132 2337 5954
f 6132 5954 5952
f 6132 5952 2339
f 2339 5952 5951
f 2339 5951 2363
f 720 6133 725
f 725 6133 6134
f 725 6134 754
f 754 6134 6135
f 754 6135 755
f 755 6135 6136
f 755 6136 756
f 756 6136 757
f 757 6136 6137
f 757 6137 6138
f 6138 6137 6139
f 6138 6139 6140
f 6140 6139 6141
f 6140 6141 6142
f 6142 6141 6143
f 6142 6143 2149
f 6134 6133 6144
f 6144 6133 6145
f 6144 6145 6146
f 6146 6145 6141
f 6146 6141 6139
f 6145 6143 6141
f 6142 2149 6147
f 6147 2149 760
f 6147 760 6148
f 6148 760 759
f 6148 759 6149
f 6149 759 758
f 6149 758 6138
f 6138 758 757
f 6135 6134 6144
f 6144 6146 6150
f 6150 6146 6139
f 6150 6139 6137
f 6150 6137 6136
f 6147 6148 6149
f 6147 6149 6140
f 6140 6149 6138
f 6144 6150 6135
f 6135 6150 6136
f 6142 6147 6140
f 2322 2177 6151
f 6151 2177 2179
f 6151 2179 6152
f 6152 2179 2180
f 6152 2180 6153
f 6153 2180 2182
f 6153 2182 6154
f 6154 2182 2166
f 6154 2166 2149
f 2149 6143 6154
f 6154 6143 6153
f 6143 6145 6153
f 6153 6145 6152
f 6145 6133 6152
f 6152 6133 6151
f 6133 720 6151
f 6151 720 2322

