# https://github.com/mikedh/trimesh
v -0.03769800 0.00363500 0.09424300
v -0.03769800 0.00363500 0.09424300
v -0.03769800 0.00363500 0.09424300
v -0.03769800 0.00363500 0.09424300
v -0.03769800 0.00363500 0.09424300
v -0.03769800 0.00363500 0.09424300
v -0.03751000 -0.00076700 0.13555400
v -0.03751000 -0.00076700 0.13555400
v -0.03751000 -0.00076700 0.13555400
v -0.03751000 -0.00076700 0.13555400
v -0.03751000 -0.00076700 0.13555400
v -0.03751000 -0.00076700 0.13555400
v -0.03774300 0.01727800 0.12603000
v -0.03774300 0.01727800 0.12603000
v -0.03774300 0.01727800 0.12603000
v -0.03774300 0.01727800 0.12603000
v -0.03774300 0.01727800 0.12603000
v -0.03774300 0.01727800 0.12603000
v -0.03774300 0.01727800 0.12603000
v -0.03758000 0.01937300 0.10614400
v -0.03758000 0.01937300 0.10614400
v -0.03758000 0.01937300 0.10614400
v -0.03758000 0.01937300 0.10614400
v -0.03758000 0.01937300 0.10614400
v -0.03758000 0.01937300 0.10614400
v -0.03758000 0.01937300 0.10614400
v -0.03757700 -0.03035100 0.10268400
v -0.03757700 -0.03035100 0.10268400
v -0.03757700 -0.03035100 0.10268400
v -0.03757700 -0.03035100 0.10268400
v -0.03757700 -0.03035100 0.10268400
v -0.03757700 -0.03035100 0.10268400
v -0.03757700 -0.03035100 0.10268400
v -0.03791400 0.00915400 0.14480300
v -0.03791400 0.00915400 0.14480300
v -0.03791400 0.00915400 0.14480300
v -0.03791400 0.00915400 0.14480300
v -0.03791400 0.00915400 0.14480300
v -0.03806700 -0.02669200 0.13142600
v -0.03806700 -0.02669200 0.13142600
v -0.03806700 -0.02669200 0.13142600
v -0.03806700 -0.02669200 0.13142600
v -0.03824800 -0.01251200 0.14313900
v -0.03824800 -0.01251200 0.14313900
v -0.03824800 -0.01251200 0.14313900
v -0.03824800 -0.01251200 0.14313900
v -0.03824800 -0.01251200 0.14313900
v -0.03824800 -0.01251200 0.14313900
v -0.03824800 -0.01251200 0.14313900
v -0.02869300 0.00238700 0.09513900
v -0.02869300 0.00238700 0.09513900
v -0.02869300 0.00238700 0.09513900
v -0.02869300 0.00238700 0.09513900
v -0.02869300 0.00238700 0.09513900
v -0.03771600 -0.01072700 0.09653700
v -0.03771600 -0.01072700 0.09653700
v -0.03771600 -0.01072700 0.09653700
v -0.03771600 -0.01072700 0.09653700
v -0.03771600 -0.01072700 0.09653700
v -0.03771600 -0.01072700 0.09653700
v -0.03050500 -0.01421700 0.10273900
v -0.03050500 -0.01421700 0.10273900
v -0.03050500 -0.01421700 0.10273900
v -0.03050500 -0.01421700 0.10273900
v -0.03050500 -0.01421700 0.10273900
v -0.03050500 -0.01421700 0.10273900
v -0.03050500 -0.01421700 0.10273900
v -0.03050500 -0.01421700 0.10273900
v -0.03050500 -0.01421700 0.10273900
v -0.03050500 -0.01421700 0.10273900
v -0.03050500 -0.01421700 0.10273900
v -0.03749200 -0.02063400 0.11984900
v -0.03749200 -0.02063400 0.11984900
v -0.03749200 -0.02063400 0.11984900
v -0.03749200 -0.02063400 0.11984900
v -0.03749200 -0.02063400 0.11984900
v -0.03749200 -0.02063400 0.11984900
v -0.03749200 -0.02063400 0.11984900
v -0.03749200 -0.02063400 0.11984900
v -0.02869300 -0.01856200 0.11981200
v -0.02869300 -0.01856200 0.11981200
v -0.02869300 -0.01856200 0.11981200
v -0.02869300 -0.01856200 0.11981200
v -0.02869300 -0.00984800 0.13158600
v -0.02869300 -0.00984800 0.13158600
v -0.02869300 -0.00984800 0.13158600
v -0.02869300 -0.00984800 0.13158600
v -0.02869300 0.00772100 0.13271700
v -0.02869300 0.00772100 0.13271700
v -0.02869300 0.00772100 0.13271700
v -0.02869300 0.00772100 0.13271700
v -0.02926900 -0.02653900 0.13485800
v -0.02926900 -0.02653900 0.13485800
v -0.02926900 -0.02653900 0.13485800
v -0.02926900 -0.02653900 0.13485800
v -0.02926900 -0.02653900 0.13485800
v -0.02926900 -0.02653900 0.13485800
v -0.02926900 -0.02653900 0.13485800
v -0.02929100 0.00943300 0.14643000
v -0.02929100 0.00943300 0.14643000
v -0.02929100 0.00943300 0.14643000
v -0.02929100 0.00943300 0.14643000
v -0.02929100 0.00943300 0.14643000
v -0.02929100 0.00943300 0.14643000
v -0.01370100 -0.02417800 0.17451000
v -0.01370100 -0.02417800 0.17451000
v -0.01370100 -0.02417800 0.17451000
v -0.01370100 -0.02417800 0.17451000
v -0.01544400 -0.02214500 0.15951000
v -0.01544400 -0.02214500 0.15951000
v -0.01544400 -0.02214500 0.15951000
v -0.01544400 -0.02214500 0.15951000
v -0.01544400 -0.02214500 0.15951000
v -0.01544400 -0.02214500 0.15951000
v -0.01992400 0.01594400 0.17451000
v -0.01992400 0.01594400 0.17451000
v -0.01992400 0.01594400 0.17451000
v -0.01992400 0.01594400 0.17451000
v 0.06047000 0.00042600 0.33678100
v 0.06047000 0.00042600 0.33678100
v 0.06047000 0.00042600 0.33678100
v 0.06047000 0.00042600 0.33678100
v 0.06047000 0.00042600 0.33678100
v 0.06047000 0.00042600 0.33678100
v 0.06047000 0.00042600 0.33678100
v 0.05087900 -0.01627100 0.33833100
v 0.05087900 -0.01627100 0.33833100
v 0.05087900 -0.01627100 0.33833100
v 0.05087900 -0.01627100 0.33833100
v 0.05087900 -0.01627100 0.33833100
v 0.00130700 0.00374800 -0.13514900
v 0.00130700 0.00374800 -0.13514900
v 0.00130700 0.00374800 -0.13514900
v 0.03130700 0.00007300 -0.13549000
v 0.03130700 0.00007300 -0.13549000
v 0.03130700 0.00007300 -0.13549000
v 0.03130700 0.00007300 -0.13549000
v 0.03130700 0.00374800 -0.13514900
v 0.03130700 0.00374800 -0.13514900
v 0.03130700 0.00374800 -0.13514900
v 0.03130700 0.00374800 -0.13514900
v 0.00130700 0.00007300 -0.13549000
v 0.00130700 0.00007300 -0.13549000
v 0.00130700 0.00007300 -0.13549000
v 0.00130700 0.00729800 -0.13413900
v 0.00130700 0.00729800 -0.13413900
v 0.00130700 0.00729800 -0.13413900
v 0.03130700 0.00729800 -0.13413900
v 0.03130700 0.00729800 -0.13413900
v 0.03130700 0.00729800 -0.13413900
v 0.03130700 0.00729800 -0.13413900
v 0.00130700 0.01060200 -0.13249400
v 0.00130700 0.01060200 -0.13249400
v 0.00130700 0.01060200 -0.13249400
v 0.03130700 0.01060200 -0.13249400
v 0.03130700 0.01060200 -0.13249400
v 0.03130700 0.01060200 -0.13249400
v 0.03130700 0.01060200 -0.13249400
v 0.00130700 0.01354700 -0.13027000
v 0.00130700 0.01354700 -0.13027000
v 0.00130700 0.01354700 -0.13027000
v 0.03130700 0.01354700 -0.13027000
v 0.03130700 0.01354700 -0.13027000
v 0.03130700 0.01354700 -0.13027000
v 0.03130700 0.01354700 -0.13027000
v 0.00130700 0.01603300 -0.12754200
v 0.00130700 0.01603300 -0.12754200
v 0.00130700 0.01603300 -0.12754200
v 0.00130700 0.01603300 -0.12754200
v 0.03130700 0.01603300 -0.12754200
v 0.03130700 0.01603300 -0.12754200
v 0.03130700 0.01603300 -0.12754200
v 0.03130700 0.01603300 -0.12754200
v 0.00130700 0.01797600 -0.12440400
v 0.00130700 0.01797600 -0.12440400
v 0.00130700 0.01797600 -0.12440400
v 0.00130700 0.01797600 -0.12440400
v 0.00130700 0.01797600 -0.12440400
v 0.00130700 0.01797600 -0.12440400
v 0.03130700 0.01797600 -0.12440400
v 0.03130700 0.01797600 -0.12440400
v 0.03130700 0.01797600 -0.12440400
v 0.03130700 0.01797600 -0.12440400
v 0.03130700 0.01797600 -0.12440400
v 0.03130700 0.01797600 -0.12440400
v 0.00130700 0.01931000 -0.12096300
v 0.00130700 0.01931000 -0.12096300
v 0.00130700 0.01931000 -0.12096300
v 0.00130700 0.01931000 -0.12096300
v 0.03130700 0.01931000 -0.12096300
v 0.03130700 0.01931000 -0.12096300
v 0.03130700 0.01931000 -0.12096300
v 0.03130700 0.01931000 -0.12096300
v 0.03130700 0.01931000 -0.12096300
v 0.00130700 0.01998800 -0.11733500
v 0.00130700 0.01998800 -0.11733500
v 0.00130700 0.01998800 -0.11733500
v 0.00130700 0.01998800 -0.11733500
v 0.03130700 0.01998800 -0.11733500
v 0.03130700 0.01998800 -0.11733500
v 0.03130700 0.01998800 -0.11733500
v 0.03130700 0.01998800 -0.11733500
v 0.03130700 0.01998800 -0.11733500
v 0.00130700 0.01998800 -0.11364400
v 0.00130700 0.01998800 -0.11364400
v 0.00130700 0.01998800 -0.11364400
v 0.00130700 0.01998800 -0.11364400
v 0.00130700 0.01998800 -0.11364400
v 0.00130700 0.01998800 -0.11364400
v 0.03130700 0.01998800 -0.11364400
v 0.03130700 0.01998800 -0.11364400
v 0.03130700 0.01998800 -0.11364400
v 0.03130700 0.01998800 -0.11364400
v 0.03130700 0.01998800 -0.11364400
v 0.03130700 0.01998800 -0.11364400
v 0.00130700 0.01931000 -0.11001600
v 0.00130700 0.01931000 -0.11001600
v 0.00130700 0.01931000 -0.11001600
v 0.00130700 0.01931000 -0.11001600
v 0.03130700 0.01931000 -0.11001600
v 0.03130700 0.01931000 -0.11001600
v 0.03130700 0.01931000 -0.11001600
v 0.03130700 0.01931000 -0.11001600
v 0.00130700 0.01797600 -0.10657500
v 0.00130700 0.01797600 -0.10657500
v 0.00130700 0.01797600 -0.10657500
v 0.03130700 0.01797600 -0.10657500
v 0.03130700 0.01797600 -0.10657500
v 0.03130700 0.01797600 -0.10657500
v 0.03130700 0.01797600 -0.10657500
v 0.00130700 0.01603300 -0.10343700
v 0.00130700 0.01603300 -0.10343700
v 0.00130700 0.01603300 -0.10343700
v 0.03130700 0.01603300 -0.10343700
v 0.03130700 0.01603300 -0.10343700
v 0.03130700 0.01603300 -0.10343700
v 0.03130700 0.01603300 -0.10343700
v 0.03130700 0.01354700 -0.10070900
v 0.03130700 0.01354700 -0.10070900
v 0.03130700 0.01354700 -0.10070900
v 0.03130700 0.01354700 -0.10070900
v 0.00130700 0.01354700 -0.10070900
v 0.00130700 0.01354700 -0.10070900
v 0.00130700 0.01354700 -0.10070900
v 0.00130700 0.01354700 -0.10070900
v 0.03130700 0.01060200 -0.09848500
v 0.03130700 0.01060200 -0.09848500
v 0.03130700 0.01060200 -0.09848500
v 0.03130700 0.01060200 -0.09848500
v 0.03130700 0.01060200 -0.09848500
v 0.00130700 0.00901000 -0.09754200
v 0.00130700 0.00901000 -0.09754200
v 0.00130700 0.00901000 -0.09754200
v 0.00130700 0.00901000 -0.09754200
v 0.03130700 0.00729800 -0.09684000
v 0.03130700 0.00729800 -0.09684000
v 0.03130700 0.00729800 -0.09684000
v 0.03130700 0.00729800 -0.09684000
v 0.03130700 0.00729800 -0.09684000
v 0.00130700 0.00374800 -0.09583000
v 0.00130700 0.00374800 -0.09583000
v 0.00130700 0.00374800 -0.09583000
v 0.00130700 0.00374800 -0.09583000
v 0.03130700 0.00374800 -0.09583000
v 0.03130700 0.00374800 -0.09583000
v 0.03130700 0.00374800 -0.09583000
v 0.03130700 0.00374800 -0.09583000
v 0.03130700 0.00007300 -0.09549000
v 0.03130700 0.00007300 -0.09549000
v 0.03130700 0.00007300 -0.09549000
v 0.03130700 0.00007300 -0.09549000
v 0.00130700 0.00007300 -0.09549000
v 0.00130700 0.00007300 -0.09549000
v 0.00130700 0.00007300 -0.09549000
v 0.00130700 0.00007300 -0.09549000
v 0.00130700 0.00007300 0.09451000
v 0.00130700 0.00007300 0.09451000
v 0.00130700 0.00007300 0.09451000
v 0.00130700 0.00007300 0.09451000
v -0.02869300 0.00007300 0.09451000
v -0.02869300 0.00007300 0.09451000
v -0.02869300 0.00007300 0.09451000
v -0.02869300 0.00007300 0.09451000
v -0.02869300 -0.00360200 0.09485100
v -0.02869300 -0.00360200 0.09485100
v -0.02869300 -0.00360200 0.09485100
v -0.02869300 -0.00360200 0.09485100
v -0.02869300 -0.00360200 0.09485100
v 0.00130700 -0.01304100 0.09815300
v 0.00130700 -0.01304100 0.09815300
v 0.00130700 -0.01304100 0.09815300
v 0.00130700 -0.01304100 0.09815300
v 0.00130700 -0.01304100 0.09815300
v 0.00130700 -0.01304100 0.09815300
v 0.00130700 -0.01304100 0.09815300
v 0.00130700 -0.01304100 0.09815300
v 0.00130700 -0.01304100 0.09815300
v -0.02869300 -0.00715200 0.09586100
v -0.02869300 -0.00715200 0.09586100
v -0.02869300 -0.00715200 0.09586100
v -0.02869300 -0.00715200 0.09586100
v -0.02869300 -0.00715200 0.09586100
v -0.02869300 -0.00715200 0.09586100
v -0.02869300 -0.01045600 0.09750600
v -0.02869300 -0.01045600 0.09750600
v -0.02869300 -0.01045600 0.09750600
v -0.02869300 -0.01045600 0.09750600
v -0.02869300 -0.01045600 0.09750600
v -0.02869300 -0.01340100 0.09973000
v -0.02869300 -0.01340100 0.09973000
v -0.02869300 -0.01340100 0.09973000
v -0.02869300 -0.01340100 0.09973000
v -0.02869300 -0.01340100 0.09973000
v -0.02869300 -0.01588700 0.10245800
v -0.02869300 -0.01588700 0.10245800
v -0.02869300 -0.01588700 0.10245800
v -0.02869300 -0.01588700 0.10245800
v -0.02869300 -0.01588700 0.10245800
v -0.02869300 -0.01783000 0.10559600
v -0.02869300 -0.01783000 0.10559600
v -0.02869300 -0.01783000 0.10559600
v -0.02869300 -0.01783000 0.10559600
v -0.02869300 -0.01783000 0.10559600
v -0.02869300 -0.01916300 0.10903700
v -0.02869300 -0.01916300 0.10903700
v -0.02869300 -0.01916300 0.10903700
v -0.02869300 -0.01916300 0.10903700
v -0.02869300 -0.01916300 0.10903700
v -0.02869300 -0.01916300 0.10903700
v 0.00130700 -0.01916300 0.10903700
v 0.00130700 -0.01916300 0.10903700
v 0.00130700 -0.01916300 0.10903700
v 0.00130700 -0.01916300 0.10903700
v -0.02869300 -0.01984200 0.11266500
v -0.02869300 -0.01984200 0.11266500
v -0.02869300 -0.01984200 0.11266500
v -0.02869300 -0.01984200 0.11266500
v -0.02869300 -0.01984200 0.11266500
v -0.02869300 -0.01984200 0.11266500
v 0.00130700 -0.01984200 0.11266500
v 0.00130700 -0.01984200 0.11266500
v 0.00130700 -0.01984200 0.11266500
v 0.00130700 -0.01984200 0.11266500
v 0.00130700 -0.01984200 0.11266500
v 0.00130700 -0.01984200 0.11266500
v -0.02869300 -0.01984200 0.11635600
v -0.02869300 -0.01984200 0.11635600
v -0.02869300 -0.01984200 0.11635600
v -0.02869300 -0.01984200 0.11635600
v 0.00130700 -0.01984200 0.11635600
v 0.00130700 -0.01984200 0.11635600
v 0.00130700 -0.01984200 0.11635600
v 0.00130700 -0.01984200 0.11635600
v -0.02869300 -0.01916300 0.11998400
v -0.02869300 -0.01916300 0.11998400
v -0.02869300 -0.01916300 0.11998400
v -0.02869300 -0.01916300 0.11998400
v 0.00130700 -0.01916300 0.11998400
v 0.00130700 -0.01916300 0.11998400
v 0.00130700 -0.01916300 0.11998400
v 0.00130700 -0.01916300 0.11998400
v -0.02869300 -0.01783000 0.12342500
v -0.02869300 -0.01783000 0.12342500
v -0.02869300 -0.01783000 0.12342500
v -0.02869300 -0.01783000 0.12342500
v 0.00130700 -0.01783000 0.12342500
v 0.00130700 -0.01783000 0.12342500
v 0.00130700 -0.01783000 0.12342500
v 0.00130700 -0.01783000 0.12342500
v 0.00130700 -0.01783000 0.12342500
v 0.00130700 -0.01783000 0.12342500
v -0.02869300 -0.01588700 0.12656300
v -0.02869300 -0.01588700 0.12656300
v -0.02869300 -0.01588700 0.12656300
v -0.02869300 -0.01588700 0.12656300
v 0.00130700 -0.01588700 0.12656300
v 0.00130700 -0.01588700 0.12656300
v 0.00130700 -0.01588700 0.12656300
v 0.00130700 -0.01588700 0.12656300
v 0.00130700 -0.01588700 0.12656300
v -0.02869300 -0.01340100 0.12929100
v -0.02869300 -0.01340100 0.12929100
v -0.02869300 -0.01340100 0.12929100
v -0.02869300 -0.01340100 0.12929100
v -0.02869300 -0.01340100 0.12929100
v 0.00130700 -0.01176000 0.13072900
v 0.00130700 -0.01176000 0.13072900
v 0.00130700 -0.01176000 0.13072900
v 0.00130700 -0.01176000 0.13072900
v 0.00130700 -0.01176000 0.13072900
v -0.02869300 -0.01045600 0.13151500
v -0.02869300 -0.01045600 0.13151500
v -0.02869300 -0.01045600 0.13151500
v -0.02869300 -0.01045600 0.13151500
v -0.02869300 -0.00715200 0.13316000
v -0.02869300 -0.00715200 0.13316000
v -0.02869300 -0.00715200 0.13316000
v -0.02869300 -0.00715200 0.13316000
v -0.02869300 -0.00715200 0.13316000
v 0.00130700 -0.00715200 0.13316000
v 0.00130700 -0.00715200 0.13316000
v 0.00130700 -0.00715200 0.13316000
v -0.02869300 -0.00360200 0.13417000
v -0.02869300 -0.00360200 0.13417000
v -0.02869300 -0.00360200 0.13417000
v -0.02869300 -0.00360200 0.13417000
v 0.00130700 -0.00360200 0.13417000
v 0.00130700 -0.00360200 0.13417000
v 0.00130700 -0.00360200 0.13417000
v -0.02869300 0.00007300 0.13451000
v -0.02869300 0.00007300 0.13451000
v -0.02869300 0.00007300 0.13451000
v -0.02869300 0.00007300 0.13451000
v 0.00130700 0.00007300 0.13451000
v 0.00130700 0.00007300 0.13451000
v 0.00130700 0.00007300 0.13451000
v 0.00130700 0.00435300 0.29296400
v 0.00130700 0.00435300 0.29296400
v 0.00130700 0.00435300 0.29296400
v 0.00130700 0.00435300 0.29296400
v 0.00130700 0.00435300 0.29296400
v 0.00130700 0.03744200 0.27289600
v 0.00130700 0.03744200 0.27289600
v 0.00130700 0.03744200 0.27289600
v 0.00130700 0.03744200 0.27289600
v 0.00130700 0.04257300 0.24951000
v 0.00130700 0.04257300 0.24951000
v 0.00130700 0.04257300 0.24951000
v 0.00130700 0.04257300 0.24951000
v 0.00130700 0.04257300 0.24951000
v 0.00130700 0.04257300 0.24951000
v 0.00130700 0.04257300 0.24951000
v 0.00130700 0.04257300 0.24951000
v 0.00130700 0.00007300 0.34509800
v 0.00130700 0.00007300 0.34509800
v 0.00130700 0.00007300 0.34509800
v 0.00130700 0.00007300 0.34509800
v -0.02869300 0.07067300 -0.15683800
v -0.02869300 0.07067300 -0.15683800
v -0.02869300 0.07067300 -0.15683800
v -0.02869300 0.02507300 -0.16049000
v -0.02869300 0.02507300 -0.16049000
v -0.02869300 0.02507300 -0.16049000
v -0.02869300 0.02507300 -0.16049000
v -0.02869300 0.02507300 -0.16049000
v -0.02869300 0.02507300 -0.16049000
v -0.02869300 0.02507300 -0.16049000
v -0.02869300 0.05610400 -0.10501100
v -0.02869300 0.05610400 -0.10501100
v -0.02869300 0.05610400 -0.10501100
v -0.02869300 0.05610400 -0.10501100
v -0.02869300 0.05610400 -0.10501100
v -0.02869300 0.05610400 -0.10501100
v -0.02869300 0.05610400 -0.10501100
v -0.02869300 0.05610400 -0.10501100
v -0.02869300 0.05610400 -0.10501100
v -0.02869300 -0.02492700 -0.16049000
v -0.02869300 -0.02492700 -0.16049000
v -0.02869300 -0.02492700 -0.16049000
v -0.02869300 -0.02492700 -0.16049000
v -0.02869300 -0.02492700 -0.16049000
v -0.02869300 0.02507300 -0.17549000
v -0.02869300 0.02507300 -0.17549000
v -0.02869300 0.02507300 -0.17549000
v -0.02869300 0.02507300 -0.17549000
v -0.02869300 0.02507300 -0.17549000
v -0.02869300 -0.07059500 -0.15700000
v -0.02869300 -0.07059500 -0.15700000
v -0.02869300 -0.07059500 -0.15700000
v -0.02869300 -0.07059500 -0.15700000
v -0.02869300 -0.07059500 -0.15700000
v -0.02869300 -0.05583700 -0.10475300
v -0.02869300 -0.05583700 -0.10475300
v -0.02869300 -0.05583700 -0.10475300
v -0.02869300 -0.05583700 -0.10475300
v -0.02869300 -0.05583700 -0.10475300
v -0.02869300 -0.05583700 -0.10475300
v -0.02869300 -0.05583700 -0.10475300
v -0.02869300 -0.02492700 -0.17549000
v -0.02869300 -0.02492700 -0.17549000
v -0.02869300 -0.02492700 -0.17549000
v -0.02869300 -0.02492700 -0.17549000
v -0.02869300 -0.02492700 -0.17549000
v -0.02869300 -0.02492700 -0.17549000
v -0.01778300 0.02072400 0.15951000
v -0.01778300 0.02072400 0.15951000
v -0.01778300 0.02072400 0.15951000
v -0.01778300 0.02072400 0.15951000
v -0.01778300 0.02072400 0.15951000
v -0.01778300 0.02072400 0.15951000
v -0.01778300 0.02072400 0.15951000
v 0.00130700 0.02507300 0.17451000
v 0.00130700 0.02507300 0.17451000
v 0.00130700 0.02507300 0.17451000
v 0.00130700 0.02507300 0.17451000
v 0.00130700 0.02507300 0.17451000
v 0.00130700 0.02507300 0.17451000
v 0.00130700 0.02507300 0.17451000
v 0.00130700 0.02507300 0.15951000
v 0.00130700 0.02507300 0.15951000
v 0.00130700 0.02507300 0.15951000
v 0.00130700 0.02507300 0.15951000
v 0.00130700 0.02507300 0.15951000
v 0.00130700 0.02507300 0.15951000
v 0.00130700 -0.02492700 0.17451000
v 0.00130700 -0.02492700 0.17451000
v 0.00130700 -0.02492700 0.17451000
v 0.00130700 -0.02492700 0.17451000
v 0.00130700 -0.02492700 0.17451000
v 0.00130700 -0.02492700 0.17451000
v 0.00130700 -0.02492700 0.15951000
v 0.00130700 -0.02492700 0.15951000
v 0.00130700 -0.02492700 0.15951000
v 0.00130700 -0.02492700 0.15951000
v 0.00130700 -0.02492700 0.15951000
v 0.00130700 -0.02492700 0.15951000
v 0.00130700 -0.02492700 0.15951000
v 0.00130700 -0.02492700 0.15951000
v -0.02817300 -0.03414800 0.27727600
v -0.02817300 -0.03414800 0.27727600
v -0.02817300 -0.03414800 0.27727600
v -0.02817300 -0.03414800 0.27727600
v -0.02810200 0.03430700 0.27735600
v -0.02810200 0.03430700 0.27735600
v -0.02810200 0.03430700 0.27735600
v -0.02810200 0.03430700 0.27735600
v -0.02810200 0.03430700 0.27735600
v -0.02810200 0.03430700 0.27735600
v -0.02817100 0.04282200 0.25525800
v -0.02817100 0.04282200 0.25525800
v -0.02817100 0.04282200 0.25525800
v -0.02817100 0.04282200 0.25525800
v -0.02817100 0.04282200 0.25525800
v -0.02817100 0.04282200 0.25525800
v -0.02817100 0.04282200 0.25525800
v -0.02916200 -0.04444800 0.09289600
v -0.02916200 -0.04444800 0.09289600
v -0.02916200 -0.04444800 0.09289600
v -0.02916200 -0.04444800 0.09289600
v -0.02916200 -0.04444800 0.09289600
v -0.02916200 -0.04444800 0.09289600
v -0.02916200 -0.04444800 0.09289600
v -0.02876900 0.06831600 0.19798300
v -0.02876900 0.06831600 0.19798300
v -0.02876900 0.06831600 0.19798300
v -0.02876900 0.06831600 0.19798300
v -0.02876900 0.06831600 0.19798300
v -0.02876900 0.06831600 0.19798300
v -0.02876900 0.06831600 0.19798300
v -0.02876900 0.06831600 0.19798300
v -0.02876900 0.06831600 0.19798300
v -0.02876900 0.06831600 0.19798300
v -0.02876900 0.06831600 0.19798300
v -0.02927700 -0.04400300 -0.09666500
v -0.02927700 -0.04400300 -0.09666500
v -0.02927700 -0.04400300 -0.09666500
v -0.02927700 -0.04400300 -0.09666500
v 0.06130700 -0.04242700 0.15951000
v 0.06130700 -0.04242700 0.15951000
v 0.06130700 -0.04242700 0.15951000
v 0.06130700 -0.04242700 0.15951000
v 0.06130700 -0.04242700 0.15951000
v 0.05830100 -0.07662800 0.19488200
v 0.05830100 -0.07662800 0.19488200
v 0.05830100 -0.07662800 0.19488200
v 0.05830100 -0.07662800 0.19488200
v 0.05830100 -0.07662800 0.19488200
v 0.05830100 -0.07662800 0.19488200
v 0.05830100 -0.07662800 0.19488200
v 0.05830100 -0.07662800 0.19488200
v 0.06130700 0.04257300 0.15951000
v 0.06130700 0.04257300 0.15951000
v 0.06130700 0.04257300 0.15951000
v 0.06130700 0.04257300 0.15951000
v 0.06130700 0.04257300 0.15951000
v 0.06130700 0.04257300 0.15951000
v 0.06130700 -0.04065600 0.26548400
v 0.06130700 -0.04065600 0.26548400
v 0.06130700 -0.04065600 0.26548400
v 0.06130700 -0.04065600 0.26548400
v 0.06130700 -0.04065600 0.26548400
v 0.06130700 -0.04065600 0.26548400
v 0.06130700 -0.04065600 0.26548400
v 0.06130700 -0.04065600 0.26548400
v 0.06130700 -0.04065600 0.26548400
v 0.06130700 -0.04065600 0.26548400
v 0.06130700 0.03856900 0.27310200
v 0.06130700 0.03856900 0.27310200
v 0.06130700 0.03856900 0.27310200
v 0.06130700 0.03856900 0.27310200
v 0.06130700 0.03856900 0.27310200
v 0.06130700 0.03856900 0.27310200
v 0.06130700 0.03856900 0.27310200
v 0.06130700 0.03856900 0.27310200
v 0.06130700 0.03856900 0.27310200
v 0.06130700 0.03856900 0.27310200
v 0.06130700 0.03856900 0.27310200
v 0.06130700 0.03856900 0.27310200
v 0.06130700 0.03856900 0.27310200
v 0.06130700 -0.00815700 0.29353900
v 0.06130700 -0.00815700 0.29353900
v 0.06130700 -0.00815700 0.29353900
v 0.06130700 -0.00815700 0.29353900
v 0.06130700 -0.00815700 0.29353900
v 0.06130700 -0.00815700 0.29353900
v 0.06130700 -0.00815700 0.29353900
v 0.06130700 -0.00815700 0.29353900
v 0.06130700 -0.00815700 0.29353900
v 0.06130700 -0.00815700 0.29353900
v 0.06130700 -0.00815700 0.29353900
v 0.06130700 -0.00815700 0.29353900
v 0.03130700 0.02507300 0.15951000
v 0.03130700 0.02507300 0.15951000
v 0.03130700 0.02507300 0.15951000
v 0.03130700 0.02507300 0.15951000
v 0.03130700 0.02507300 0.15951000
v 0.03130700 0.02507300 0.15951000
v 0.03130700 0.02507300 0.15951000
v 0.03270700 0.03838400 0.15951000
v 0.03270700 0.03838400 0.15951000
v 0.03270700 0.03838400 0.15951000
v 0.03270700 0.03838400 0.15951000
v 0.03270700 0.03838400 0.15951000
v 0.03270700 0.03838400 0.15951000
v 0.03270700 0.03838400 0.15951000
v 0.03270700 0.03838400 0.15951000
v 0.04497900 0.02492400 0.17451000
v 0.04497900 0.02492400 0.17451000
v 0.04497900 0.02492400 0.17451000
v 0.04497900 0.02492400 0.17451000
v 0.04497900 0.02492400 0.17451000
v 0.03130700 0.02507300 0.17451000
v 0.03130700 0.02507300 0.17451000
v 0.03130700 0.02507300 0.17451000
v 0.03130700 0.02507300 0.17451000
v 0.03130700 0.02507300 0.17451000
v 0.03130700 -0.02492700 0.17451000
v 0.03130700 -0.02492700 0.17451000
v 0.03130700 -0.02492700 0.17451000
v 0.03130700 -0.02492700 0.17451000
v 0.03130700 -0.02492700 0.17451000
v 0.03130700 -0.02492700 0.17451000
v 0.05448300 -0.01184000 0.17451000
v 0.05448300 -0.01184000 0.17451000
v 0.05448300 -0.01184000 0.17451000
v 0.05448300 -0.01184000 0.17451000
v 0.03381400 -0.03580900 0.15951000
v 0.03381400 -0.03580900 0.15951000
v 0.03381400 -0.03580900 0.15951000
v 0.03381400 -0.03580900 0.15951000
v 0.03381400 -0.03580900 0.15951000
v 0.03381400 -0.03580900 0.15951000
v 0.03381400 -0.03580900 0.15951000
v 0.03381400 -0.03580900 0.15951000
v 0.03381400 -0.03580900 0.15951000
v 0.03130700 -0.02492700 0.15951000
v 0.03130700 -0.02492700 0.15951000
v 0.03130700 -0.02492700 0.15951000
v 0.03130700 -0.02492700 0.15951000
v 0.03130700 -0.02492700 0.15951000
v 0.00130700 0.05715900 -0.09330100
v 0.00130700 0.05715900 -0.09330100
v 0.00130700 0.05715900 -0.09330100
v 0.00130700 0.05715900 -0.09330100
v 0.00130700 0.05715900 -0.09330100
v 0.00130700 0.05715900 -0.09330100
v 0.00130700 0.05715900 -0.09330100
v 0.00130700 0.05715900 -0.09330100
v 0.00130700 0.05715900 -0.09330100
v 0.00130700 0.04642300 -0.03173600
v 0.00130700 0.04642300 -0.03173600
v 0.00130700 0.04642300 -0.03173600
v 0.00130700 0.04642300 -0.03173600
v 0.00130700 0.04642300 -0.03173600
v 0.00130700 0.04642300 -0.03173600
v 0.00130700 0.04642300 -0.03173600
v 0.00130700 0.07074100 -0.15700000
v 0.00130700 0.07074100 -0.15700000
v 0.00130700 0.07074100 -0.15700000
v 0.00130700 0.07074100 -0.15700000
v 0.00130700 0.07074100 -0.15700000
v 0.00130700 0.02507300 -0.16049000
v 0.00130700 0.02507300 -0.16049000
v 0.00130700 0.02507300 -0.16049000
v 0.00130700 0.02507300 -0.16049000
v 0.00130700 0.02507300 -0.16049000
v 0.00130700 0.02507300 -0.16049000
v 0.00130700 -0.02492700 -0.16049000
v 0.00130700 -0.02492700 -0.16049000
v 0.00130700 -0.02492700 -0.16049000
v 0.00130700 -0.02492700 -0.16049000
v 0.00130700 -0.02492700 -0.16049000
v 0.00130700 -0.02492700 -0.16049000
v 0.00130700 -0.02492700 -0.16049000
v 0.00130700 -0.02492700 -0.16049000
v 0.00130700 -0.02492700 -0.17549000
v 0.00130700 -0.02492700 -0.17549000
v 0.00130700 -0.02492700 -0.17549000
v 0.00130700 -0.02492700 -0.17549000
v 0.00130700 -0.02492700 -0.17549000
v 0.00130700 -0.02492700 -0.17549000
v 0.00130700 0.02507300 -0.17549000
v 0.00130700 0.02507300 -0.17549000
v 0.00130700 0.02507300 -0.17549000
v 0.00130700 0.02507300 -0.17549000
v 0.00130700 0.02507300 -0.17549000
v 0.00130700 0.02507300 -0.17549000
v 0.00130700 0.02507300 -0.17549000
v 0.00130700 -0.03436700 0.27777400
v 0.00130700 -0.03436700 0.27777400
v 0.00130700 -0.03436700 0.27777400
v 0.00130700 -0.03436700 0.27777400
v 0.00130700 -0.03436700 0.27777400
v 0.00130700 -0.04095200 0.31306200
v 0.00130700 -0.04095200 0.31306200
v 0.00130700 -0.04095200 0.31306200
v 0.00130700 -0.04095200 0.31306200
v 0.00130700 -0.04095200 0.31306200
v 0.00130700 -0.04095200 0.31306200
v 0.00130700 -0.04095200 0.31306200
v 0.00130700 -0.06086600 0.26650800
v 0.00130700 -0.06086600 0.26650800
v 0.00130700 -0.06086600 0.26650800
v 0.00130700 -0.04242700 0.15951000
v 0.00130700 -0.04242700 0.15951000
v 0.00130700 -0.04242700 0.15951000
v 0.00130700 -0.04242700 0.15951000
v 0.00130700 -0.04242700 0.15951000
v 0.00130700 -0.04242700 0.15951000
v 0.00130700 -0.04242700 0.15951000
v 0.00130700 -0.04242700 0.24951000
v 0.00130700 -0.04242700 0.24951000
v 0.00130700 -0.04242700 0.24951000
v 0.00130700 -0.04242700 0.24951000
v 0.00130700 -0.04242700 0.24951000
v 0.00130700 -0.04242700 0.24951000
v 0.00130700 -0.04242700 0.24951000
v 0.00130700 -0.04242700 0.24951000
v 0.00130700 -0.04242700 0.24951000
v 0.00130000 -0.07932700 0.18795100
v 0.00130000 -0.07932700 0.18795100
v 0.00130000 -0.07932700 0.18795100
v 0.00130000 -0.07932700 0.18795100
v 0.00130000 -0.07932700 0.18795100
v 0.00130000 -0.07932700 0.18795100
v 0.00130000 -0.07932700 0.18795100
v 0.00130700 0.04257300 0.15951000
v 0.00130700 0.04257300 0.15951000
v 0.00130700 0.04257300 0.15951000
v 0.00130700 0.04257300 0.15951000
v 0.00130700 0.04257300 0.15951000
v 0.00130700 0.04257300 0.15951000
v 0.00130700 0.04257300 0.15951000
v 0.00130000 0.07947300 0.18795100
v 0.00130000 0.07947300 0.18795100
v 0.00130000 0.07947300 0.18795100
v 0.00130000 0.07947300 0.18795100
v 0.00130000 0.07947300 0.18795100
v 0.00130000 0.07947300 0.18795100
v 0.00130000 0.07947300 0.18795100
v 0.00130000 0.07947300 0.18795100
v 0.00130700 -0.07992700 0.26451000
v 0.00130700 -0.07992700 0.26451000
v 0.00130700 -0.07992700 0.26451000
v 0.00130700 -0.07992700 0.26451000
v 0.00130700 -0.07992700 0.26451000
v 0.00130700 -0.07992700 0.26451000
v 0.00130700 -0.07992700 0.26451000
v 0.00130700 -0.07992700 0.26451000
v 0.00130700 -0.07992700 0.26451000
v 0.00130700 -0.07992700 0.26451000
v 0.00130700 -0.07992700 0.26451000
v 0.00130700 0.04121800 0.31155000
v 0.00130700 0.04121800 0.31155000
v 0.00130700 0.04121800 0.31155000
v 0.00130700 0.04121800 0.31155000
v 0.00130700 0.04121800 0.31155000
v 0.00130700 0.04121800 0.31155000
v 0.00130700 0.06147700 0.26558000
v 0.00130700 0.06147700 0.26558000
v 0.00130700 0.06147700 0.26558000
v 0.00130700 0.06147700 0.26558000
v 0.00130700 0.08007300 0.26451000
v 0.00130700 0.08007300 0.26451000
v 0.00130700 0.08007300 0.26451000
v 0.00130700 0.08007300 0.26451000
v 0.00130700 0.08007300 0.26451000
v 0.00130700 0.08007300 0.26451000
v 0.00130700 0.08007300 0.26451000
v 0.00130700 0.08007300 0.26451000
v 0.00130700 0.08007300 0.26451000
v 0.00130700 0.08007300 0.26451000
v 0.00130700 -0.05701300 0.09232100
v 0.00130700 -0.05701300 0.09232100
v 0.00130700 -0.05701300 0.09232100
v 0.00130700 -0.05701300 0.09232100
v 0.00130700 -0.05701300 0.09232100
v 0.00130700 -0.05701300 0.09232100
v 0.00130700 -0.05701300 0.09232100
v 0.00130700 -0.05701300 0.09232100
v 0.00130700 -0.05701300 0.09232100
v 0.00130700 -0.05701300 0.09232100
v 0.00130700 0.00374800 0.13417000
v 0.00130700 0.00374800 0.13417000
v 0.00130700 0.00374800 0.13417000
v 0.00130700 0.00729800 0.13316000
v 0.00130700 0.00729800 0.13316000
v 0.00130700 0.00729800 0.13316000
v 0.00130700 0.01060200 0.13151500
v 0.00130700 0.01060200 0.13151500
v 0.00130700 0.01060200 0.13151500
v 0.00130700 0.01354700 0.12929100
v 0.00130700 0.01354700 0.12929100
v 0.00130700 0.01354700 0.12929100
v 0.00130700 0.01603300 0.12656300
v 0.00130700 0.01603300 0.12656300
v 0.00130700 0.01603300 0.12656300
v 0.00130700 0.01603300 0.12656300
v 0.00130700 0.01797600 0.12342500
v 0.00130700 0.01797600 0.12342500
v 0.00130700 0.01797600 0.12342500
v 0.00130700 0.01797600 0.12342500
v 0.00130700 0.01797600 0.12342500
v 0.00130700 0.01797600 0.12342500
v 0.00130700 -0.04627700 0.03075700
v 0.00130700 -0.04627700 0.03075700
v 0.00130700 -0.04627700 0.03075700
v 0.00130700 -0.04627700 0.03075700
v 0.00130700 -0.04627700 0.03075700
v 0.00130700 -0.04627700 0.03075700
v 0.00130700 -0.04627700 0.03075700
v 0.00130700 0.01998800 0.11635600
v 0.00130700 0.01998800 0.11635600
v 0.00130700 0.01998800 0.11635600
v 0.00130700 0.01998800 0.11635600
v 0.00130700 0.01998800 0.11266500
v 0.00130700 0.01998800 0.11266500
v 0.00130700 0.01998800 0.11266500
v 0.00130700 0.01998800 0.11266500
v 0.00130700 0.01998800 0.11266500
v 0.00130700 0.01998800 0.11266500
v 0.00130700 0.01931000 0.11998400
v 0.00130700 0.01931000 0.11998400
v 0.00130700 0.01931000 0.11998400
v 0.00130700 0.01931000 0.11998400
v 0.00130700 0.05715900 0.09232100
v 0.00130700 0.05715900 0.09232100
v 0.00130700 0.05715900 0.09232100
v 0.00130700 0.05715900 0.09232100
v 0.00130700 0.05715900 0.09232100
v 0.00130700 0.05715900 0.09232100
v 0.00130700 0.05715900 0.09232100
v 0.00130700 0.05715900 0.09232100
v 0.00130700 0.05715900 0.09232100
v 0.00130700 0.01354700 0.09973000
v 0.00130700 0.01354700 0.09973000
v 0.00130700 0.01354700 0.09973000
v 0.00130700 0.01354700 0.09973000
v 0.00130700 0.00901000 0.09656200
v 0.00130700 0.00901000 0.09656200
v 0.00130700 0.00901000 0.09656200
v 0.00130700 0.00901000 0.09656200
v 0.00130700 0.01603300 0.10245800
v 0.00130700 0.01603300 0.10245800
v 0.00130700 0.01603300 0.10245800
v 0.00130700 0.01797600 0.10559600
v 0.00130700 0.01797600 0.10559600
v 0.00130700 0.01797600 0.10559600
v 0.00130700 0.01931000 0.10903700
v 0.00130700 0.01931000 0.10903700
v 0.00130700 0.01931000 0.10903700
v 0.00130700 0.01931000 0.10903700
v 0.00130700 0.04642300 0.03075700
v 0.00130700 0.04642300 0.03075700
v 0.00130700 0.04642300 0.03075700
v 0.00130700 0.04642300 0.03075700
v 0.00130700 0.04642300 0.03075700
v 0.00130700 0.04642300 0.03075700
v 0.00130700 0.04642300 0.03075700
v 0.00130700 0.00374800 0.09485100
v 0.00130700 0.00374800 0.09485100
v 0.00130700 0.00374800 0.09485100
v 0.00130700 0.00374800 0.09485100
v 0.00130700 -0.04627700 -0.03173600
v 0.00130700 -0.04627700 -0.03173600
v 0.00130700 -0.04627700 -0.03173600
v 0.00130700 -0.04627700 -0.03173600
v 0.00130700 -0.04627700 -0.03173600
v 0.00130700 -0.04627700 -0.03173600
v 0.00130700 -0.04627700 -0.03173600
v 0.00130700 -0.07052700 -0.15683800
v 0.00130700 -0.07052700 -0.15683800
v 0.00130700 -0.07052700 -0.15683800
v 0.00130700 -0.01304100 -0.09913200
v 0.00130700 -0.01304100 -0.09913200
v 0.00130700 -0.01304100 -0.09913200
v 0.00130700 -0.01304100 -0.09913200
v 0.00130700 -0.01304100 -0.09913200
v 0.00130700 -0.01304100 -0.09913200
v 0.00130700 -0.01304100 -0.09913200
v 0.00130700 -0.01304100 -0.09913200
v 0.00130700 -0.01304100 -0.09913200
v 0.00130700 -0.05701300 -0.09330100
v 0.00130700 -0.05701300 -0.09330100
v 0.00130700 -0.05701300 -0.09330100
v 0.00130700 -0.05701300 -0.09330100
v 0.00130700 -0.05701300 -0.09330100
v 0.00130700 -0.05701300 -0.09330100
v 0.00130700 -0.05701300 -0.09330100
v 0.00130700 -0.05701300 -0.09330100
v 0.00130700 -0.05701300 -0.09330100
v 0.00130700 -0.05701300 -0.09330100
v 0.00130700 -0.01916300 -0.11001600
v 0.00130700 -0.01916300 -0.11001600
v 0.00130700 -0.01916300 -0.11001600
v 0.00130700 -0.01916300 -0.11001600
v 0.00130700 -0.01916300 -0.11001600
v 0.00130700 -0.01984200 -0.11364400
v 0.00130700 -0.01984200 -0.11364400
v 0.00130700 -0.01984200 -0.11364400
v 0.00130700 -0.01984200 -0.11364400
v 0.00130700 -0.01984200 -0.11364400
v 0.00130700 -0.01984200 -0.11364400
v 0.00130700 -0.01984200 -0.11733500
v 0.00130700 -0.01984200 -0.11733500
v 0.00130700 -0.01984200 -0.11733500
v 0.00130700 -0.01984200 -0.11733500
v 0.00130700 -0.01984200 -0.11733500
v 0.00130700 -0.01916300 -0.12096300
v 0.00130700 -0.01916300 -0.12096300
v 0.00130700 -0.01916300 -0.12096300
v 0.00130700 -0.01916300 -0.12096300
v 0.00130700 -0.01783000 -0.12440400
v 0.00130700 -0.01783000 -0.12440400
v 0.00130700 -0.01783000 -0.12440400
v 0.00130700 -0.01783000 -0.12440400
v 0.00130700 -0.01783000 -0.12440400
v 0.00130700 -0.01783000 -0.12440400
v 0.00130700 -0.00360200 -0.13514900
v 0.00130700 -0.00360200 -0.13514900
v 0.00130700 -0.00360200 -0.13514900
v 0.00130700 -0.00715200 -0.13413900
v 0.00130700 -0.00715200 -0.13413900
v 0.00130700 -0.00715200 -0.13413900
v 0.00130700 -0.01176000 -0.13170900
v 0.00130700 -0.01176000 -0.13170900
v 0.00130700 -0.01176000 -0.13170900
v 0.00130700 -0.01176000 -0.13170900
v 0.00130700 -0.01176000 -0.13170900
v 0.00130700 -0.01588700 -0.12754200
v 0.00130700 -0.01588700 -0.12754200
v 0.00130700 -0.01588700 -0.12754200
v 0.00130700 -0.01588700 -0.12754200
v 0.00130700 -0.01588700 -0.12754200
v -0.03760300 0.04288500 -0.00144100
v -0.03760300 0.04288500 -0.00144100
v -0.03760300 0.04288500 -0.00144100
v -0.03760300 0.04288500 -0.00144100
v -0.03760300 0.04288500 -0.00144100
v -0.03760300 0.04288500 -0.00144100
v -0.03760300 0.04288500 -0.00144100
v -0.03760300 0.04288500 -0.00144100
v -0.03760300 0.04288500 -0.00144100
v -0.03877900 0.06478800 0.13392900
v -0.03877900 0.06478800 0.13392900
v -0.03877900 0.06478800 0.13392900
v -0.03877900 0.06478800 0.13392900
v -0.03877900 0.06478800 0.13392900
v -0.01722600 0.07982200 0.20395900
v -0.01722600 0.07982200 0.20395900
v -0.01722600 0.07982200 0.20395900
v -0.01722600 0.07982200 0.20395900
v -0.01722600 0.07982200 0.20395900
v 0.03130700 0.08007300 0.26451000
v 0.03130700 0.08007300 0.26451000
v 0.03130700 0.08007300 0.26451000
v 0.03130700 0.08007300 0.26451000
v 0.03130700 0.08007300 0.26451000
v 0.03130700 0.08007300 0.26451000
v 0.03130700 0.08007300 0.26451000
v 0.03130700 0.08007300 0.26451000
v 0.03130700 0.08007300 0.26451000
v -0.02172200 0.07677700 0.28422200
v -0.02172200 0.07677700 0.28422200
v -0.02172200 0.07677700 0.28422200
v -0.02172200 0.07677700 0.28422200
v -0.02172200 0.07677700 0.28422200
v -0.02172200 0.07677700 0.28422200
v -0.02172200 0.07677700 0.28422200
v -0.02172200 0.07677700 0.28422200
v -0.02172200 0.07677700 0.28422200
v 0.03130700 0.04257300 0.31809100
v 0.03130700 0.04257300 0.31809100
v 0.03130700 0.04257300 0.31809100
v 0.03130700 0.04257300 0.31809100
v 0.03130700 0.04257300 0.31809100
v 0.03130700 0.04257300 0.31809100
v 0.03130700 -0.04242700 0.31809100
v 0.03130700 -0.04242700 0.31809100
v 0.03130700 -0.04242700 0.31809100
v 0.03130700 -0.04242700 0.31809100
v 0.03130700 -0.04242700 0.31809100
v -0.01904900 -0.07706300 0.28509600
v -0.01904900 -0.07706300 0.28509600
v -0.01904900 -0.07706300 0.28509600
v -0.01904900 -0.07706300 0.28509600
v -0.01904900 -0.07706300 0.28509600
v -0.01904900 -0.07706300 0.28509600
v -0.01904900 -0.07706300 0.28509600
v 0.03130700 -0.07992700 0.26451000
v 0.03130700 -0.07992700 0.26451000
v 0.03130700 -0.07992700 0.26451000
v 0.03130700 -0.07992700 0.26451000
v 0.03130700 -0.07992700 0.26451000
v 0.03130700 -0.07992700 0.26451000
v 0.03130700 -0.07992700 0.26451000
v 0.03130700 -0.07992700 0.26451000
v -0.03771600 -0.06650800 0.13758300
v -0.03771600 -0.06650800 0.13758300
v -0.03771600 -0.06650800 0.13758300
v -0.03771600 -0.06650800 0.13758300
v -0.02815400 -0.04261600 0.25567300
v -0.02815400 -0.04261600 0.25567300
v -0.02815400 -0.04261600 0.25567300
v -0.02815400 -0.04261600 0.25567300
v -0.02815400 -0.04261600 0.25567300
v -0.02815400 -0.04261600 0.25567300
v -0.02815400 -0.04261600 0.25567300
v -0.02825100 -0.04301400 0.15904500
v -0.02825100 -0.04301400 0.15904500
v -0.02825100 -0.04301400 0.15904500
v -0.02825100 -0.04301400 0.15904500
v -0.02825100 -0.04301400 0.15904500
v -0.02825100 -0.04301400 0.15904500
v -0.02825100 -0.04301400 0.15904500
v -0.02825100 -0.04301400 0.15904500
v -0.02825100 -0.04301400 0.15904500
v -0.02807100 -0.01620500 0.28980900
v -0.02807100 -0.01620500 0.28980900
v -0.02807100 -0.01620500 0.28980900
v -0.02807100 -0.01620500 0.28980900
v -0.02807100 -0.01620500 0.28980900
v -0.02807100 -0.01620500 0.28980900
v -0.02826400 0.04316800 0.15903800
v -0.02826400 0.04316800 0.15903800
v -0.02826400 0.04316800 0.15903800
v -0.02826400 0.04316800 0.15903800
v -0.02826400 0.04316800 0.15903800
v -0.02826400 0.04316800 0.15903800
v -0.02826400 0.04316800 0.15903800
v -0.02826400 0.04316800 0.15903800
v -0.02869300 0.00374800 0.13417000
v -0.02869300 0.00374800 0.13417000
v -0.02869300 0.00374800 0.13417000
v -0.02869300 0.00374800 0.13417000
v -0.02869300 0.00729800 0.13316000
v -0.02869300 0.00729800 0.13316000
v -0.02869300 0.00729800 0.13316000
v -0.02869300 0.00729800 0.13316000
v -0.02869300 0.01060200 0.13151500
v -0.02869300 0.01060200 0.13151500
v -0.02869300 0.01060200 0.13151500
v -0.02869300 0.01060200 0.13151500
v -0.02869300 0.01354700 0.12929100
v -0.02869300 0.01354700 0.12929100
v -0.02869300 0.01354700 0.12929100
v -0.02869300 0.01354700 0.12929100
v -0.02869300 0.01603300 0.12656300
v -0.02869300 0.01603300 0.12656300
v -0.02869300 0.01603300 0.12656300
v -0.02869300 0.01603300 0.12656300
v -0.02869300 0.01797600 0.12342500
v -0.02869300 0.01797600 0.12342500
v -0.02869300 0.01797600 0.12342500
v -0.02869300 0.01797600 0.12342500
v -0.02869300 0.01931000 0.11998400
v -0.02869300 0.01931000 0.11998400
v -0.02869300 0.01931000 0.11998400
v -0.02869300 0.01931000 0.11998400
v -0.02869300 0.01998800 0.11635600
v -0.02869300 0.01998800 0.11635600
v -0.02869300 0.01998800 0.11635600
v -0.02869300 0.01998800 0.11635600
v -0.02869300 0.01998800 0.11266500
v -0.02869300 0.01998800 0.11266500
v -0.02869300 0.01998800 0.11266500
v -0.02869300 0.01998800 0.11266500
v -0.02869300 0.01931000 0.10903700
v -0.02869300 0.01931000 0.10903700
v -0.02869300 0.01931000 0.10903700
v -0.02869300 0.01931000 0.10903700
v -0.02869300 0.01797600 0.10559600
v -0.02869300 0.01797600 0.10559600
v -0.02869300 0.01797600 0.10559600
v -0.02869300 0.01797600 0.10559600
v -0.02869300 0.01603300 0.10245800
v -0.02869300 0.01603300 0.10245800
v -0.02869300 0.01603300 0.10245800
v -0.02869300 0.01603300 0.10245800
v -0.02869300 0.01354700 0.09973000
v -0.02869300 0.01354700 0.09973000
v -0.02869300 0.01354700 0.09973000
v -0.02869300 0.01354700 0.09973000
v -0.02869300 0.01060200 0.09750600
v -0.02869300 0.01060200 0.09750600
v -0.02869300 0.01060200 0.09750600
v -0.02869300 0.01060200 0.09750600
v -0.02869300 0.01060200 0.09750600
v -0.02869300 0.00729800 0.09586100
v -0.02869300 0.00729800 0.09586100
v -0.02869300 0.00729800 0.09586100
v -0.02869300 0.00729800 0.09586100
v -0.02869300 0.00729800 0.09586100
v -0.02869300 0.00374800 0.09485100
v -0.02869300 0.00374800 0.09485100
v -0.02869300 0.00374800 0.09485100
v -0.02869300 0.00374800 0.09485100
v 0.03130700 0.05580900 0.27397600
v 0.03130700 0.05580900 0.27397600
v 0.03130700 0.05580900 0.27397600
v 0.03130700 0.05580900 0.27397600
v 0.03130700 -0.05747900 0.27028000
v 0.03130700 -0.05747900 0.27028000
v 0.03130700 -0.05747900 0.27028000
v 0.03130700 -0.05747900 0.27028000
v 0.03130700 -0.05747900 0.27028000
v 0.03130700 0.00007300 0.34509800
v 0.03130700 0.00007300 0.34509800
v 0.03130700 0.00007300 0.34509800
v 0.03130700 0.00007300 0.34509800
v 0.03130700 0.00399400 0.29182900
v 0.03130700 0.00399400 0.29182900
v 0.03130700 0.00399400 0.29182900
v 0.03130700 0.00399400 0.29182900
v 0.03130700 0.00399400 0.29182900
v 0.03130700 -0.03133500 0.27814200
v 0.03130700 -0.03133500 0.27814200
v 0.03130700 -0.03133500 0.27814200
v 0.03130700 -0.03133500 0.27814200
v 0.03130700 -0.03133500 0.27814200
v 0.03130700 -0.03133500 0.27814200
v 0.03130700 -0.03606100 0.27188400
v 0.03130700 -0.03606100 0.27188400
v 0.03130700 -0.03606100 0.27188400
v 0.03130700 -0.03606100 0.27188400
v 0.03130700 -0.03606100 0.27188400
v 0.03130700 0.01170400 0.29038800
v 0.03130700 0.01170400 0.29038800
v 0.03130700 0.01170400 0.29038800
v 0.03130700 0.01170400 0.29038800
v 0.03130700 0.01170400 0.29038800
v 0.03130700 -0.02553900 0.28342600
v 0.03130700 -0.02553900 0.28342600
v 0.03130700 -0.02553900 0.28342600
v 0.03130700 -0.02553900 0.28342600
v 0.03130700 -0.02553900 0.28342600
v 0.03130700 -0.02553900 0.28342600
v 0.03130700 0.01901700 0.28755500
v 0.03130700 0.01901700 0.28755500
v 0.03130700 0.01901700 0.28755500
v 0.03130700 0.01901700 0.28755500
v 0.03130700 0.01901700 0.28755500
v 0.03130700 0.01901700 0.28755500
v 0.03130700 -0.06250700 0.12201100
v 0.03130700 -0.06250700 0.12201100
v 0.03130700 -0.06250700 0.12201100
v 0.03130700 -0.06250700 0.12201100
v 0.03130700 -0.06250700 0.12201100
v 0.03130700 -0.01887100 0.28755500
v 0.03130700 -0.01887100 0.28755500
v 0.03130700 -0.01887100 0.28755500
v 0.03130700 -0.01887100 0.28755500
v 0.03130700 -0.01887100 0.28755500
v 0.03130700 -0.04242700 0.24951000
v 0.03130700 -0.04242700 0.24951000
v 0.03130700 -0.04242700 0.24951000
v 0.03130700 -0.04242700 0.24951000
v 0.03130700 -0.04242700 0.24951000
v 0.03130700 -0.04242700 0.24951000
v 0.03130700 -0.04242700 0.24951000
v 0.03130700 -0.07964100 0.19188300
v 0.03130700 -0.07964100 0.19188300
v 0.03130700 -0.07964100 0.19188300
v 0.03130700 -0.07964100 0.19188300
v 0.03130700 -0.07964100 0.19188300
v 0.03130700 -0.07964100 0.19188300
v 0.03130700 0.07973900 0.19123100
v 0.03130700 0.07973900 0.19123100
v 0.03130700 0.07973900 0.19123100
v 0.03130700 0.07973900 0.19123100
v 0.03130700 0.07973900 0.19123100
v 0.03130700 0.07973900 0.19123100
v 0.03130700 0.04257300 0.24951000
v 0.03130700 0.04257300 0.24951000
v 0.03130700 0.04257300 0.24951000
v 0.03130700 0.04257300 0.24951000
v 0.03130700 0.04257300 0.24951000
v 0.03130700 0.04257300 0.24951000
v 0.03130700 -0.01155800 0.29038800
v 0.03130700 -0.01155800 0.29038800
v 0.03130700 -0.01155800 0.29038800
v 0.03130700 -0.01155800 0.29038800
v 0.03130700 -0.01155800 0.29038800
v 0.03130700 -0.00384800 0.29182900
v 0.03130700 -0.00384800 0.29182900
v 0.03130700 -0.00384800 0.29182900
v 0.03130700 -0.00384800 0.29182900
v 0.03130700 -0.00384800 0.29182900
v 0.03130700 -0.00384800 0.29182900
v 0.03130700 0.06209700 0.12157200
v 0.03130700 0.06209700 0.12157200
v 0.03130700 0.06209700 0.12157200
v 0.03130700 0.06209700 0.12157200
v 0.03130700 0.06209700 0.12157200
v 0.03130700 0.06209700 0.12157200
v 0.03130700 0.04184900 0.25732000
v 0.03130700 0.04184900 0.25732000
v 0.03130700 0.04184900 0.25732000
v 0.03130700 0.04184900 0.25732000
v 0.03130700 0.04184900 0.25732000
v 0.03130700 0.03970300 0.26486300
v 0.03130700 0.03970300 0.26486300
v 0.03130700 0.03970300 0.26486300
v 0.03130700 0.03970300 0.26486300
v 0.03130700 0.03970300 0.26486300
v 0.03130700 0.03970300 0.26486300
v 0.03130700 0.03620700 0.27188400
v 0.03130700 0.03620700 0.27188400
v 0.03130700 0.03620700 0.27188400
v 0.03130700 0.03620700 0.27188400
v 0.03130700 0.03620700 0.27188400
v 0.03130700 -0.04170300 0.25732000
v 0.03130700 -0.04170300 0.25732000
v 0.03130700 -0.04170300 0.25732000
v 0.03130700 -0.04170300 0.25732000
v 0.03130700 -0.04170300 0.25732000
v 0.03130700 0.03148100 0.27814200
v 0.03130700 0.03148100 0.27814200
v 0.03130700 0.03148100 0.27814200
v 0.03130700 0.03148100 0.27814200
v 0.03130700 0.03148100 0.27814200
v 0.03130700 0.02568500 0.28342600
v 0.03130700 0.02568500 0.28342600
v 0.03130700 0.02568500 0.28342600
v 0.03130700 0.02568500 0.28342600
v 0.03130700 0.02568500 0.28342600
v 0.03130700 0.02568500 0.28342600
v 0.03130700 -0.03955700 0.26486300
v 0.03130700 -0.03955700 0.26486300
v 0.03130700 -0.03955700 0.26486300
v 0.03130700 -0.03955700 0.26486300
v 0.03130700 -0.03955700 0.26486300
v 0.05095800 0.07947600 0.19339800
v 0.05095800 0.07947600 0.19339800
v 0.05095800 0.07947600 0.19339800
v 0.05095800 0.07947600 0.19339800
v 0.05095800 0.07947600 0.19339800
v 0.05095800 0.07947600 0.19339800
v 0.04900000 0.06172100 0.12153400
v 0.04900000 0.06172100 0.12153400
v 0.04900000 0.06172100 0.12153400
v 0.04900000 0.06172100 0.12153400
v 0.04900000 0.06172100 0.12153400
v 0.04900000 0.06172100 0.12153400
v 0.04655000 -0.06317900 0.12164400
v 0.04655000 -0.06317900 0.12164400
v 0.04655000 -0.06317900 0.12164400
v 0.04655000 -0.06317900 0.12164400
v 0.04655000 -0.06317900 0.12164400
v 0.04655000 -0.06317900 0.12164400
v 0.05500200 0.00114500 0.15951000
v 0.05500200 0.00114500 0.15951000
v 0.05500200 0.00114500 0.15951000
v 0.05500200 0.00114500 0.15951000
v 0.03130700 -0.00360200 -0.09583000
v 0.03130700 -0.00360200 -0.09583000
v 0.03130700 -0.00360200 -0.09583000
v 0.03130700 -0.00360200 -0.09583000
v 0.03130700 -0.00360200 -0.09583000
v 0.03130700 -0.00715200 -0.09684000
v 0.03130700 -0.00715200 -0.09684000
v 0.03130700 -0.00715200 -0.09684000
v 0.03130700 -0.00715200 -0.09684000
v 0.03130700 -0.01045600 -0.09848500
v 0.03130700 -0.01045600 -0.09848500
v 0.03130700 -0.01045600 -0.09848500
v 0.03130700 -0.01045600 -0.09848500
v 0.03130700 -0.01340100 -0.10070900
v 0.03130700 -0.01340100 -0.10070900
v 0.03130700 -0.01340100 -0.10070900
v 0.03130700 -0.01340100 -0.10070900
v 0.03130700 -0.01588700 -0.10343700
v 0.03130700 -0.01588700 -0.10343700
v 0.03130700 -0.01588700 -0.10343700
v 0.03130700 -0.01588700 -0.10343700
v 0.03130700 -0.01783000 -0.10657500
v 0.03130700 -0.01783000 -0.10657500
v 0.03130700 -0.01783000 -0.10657500
v 0.03130700 -0.01783000 -0.10657500
v 0.03130700 -0.01916300 -0.11001600
v 0.03130700 -0.01916300 -0.11001600
v 0.03130700 -0.01916300 -0.11001600
v 0.03130700 -0.01916300 -0.11001600
v 0.03130700 -0.01916300 -0.11001600
v 0.03130700 -0.01984200 -0.11364400
v 0.03130700 -0.01984200 -0.11364400
v 0.03130700 -0.01984200 -0.11364400
v 0.03130700 -0.01984200 -0.11364400
v 0.03130700 -0.01984200 -0.11364400
v 0.03130700 -0.01984200 -0.11733500
v 0.03130700 -0.01984200 -0.11733500
v 0.03130700 -0.01984200 -0.11733500
v 0.03130700 -0.01984200 -0.11733500
v 0.03130700 -0.01916300 -0.12096300
v 0.03130700 -0.01916300 -0.12096300
v 0.03130700 -0.01916300 -0.12096300
v 0.03130700 -0.01916300 -0.12096300
v 0.03130700 -0.01916300 -0.12096300
v 0.03130700 -0.01783000 -0.12440400
v 0.03130700 -0.01783000 -0.12440400
v 0.03130700 -0.01783000 -0.12440400
v 0.03130700 -0.01783000 -0.12440400
v 0.03130700 -0.01588700 -0.12754200
v 0.03130700 -0.01588700 -0.12754200
v 0.03130700 -0.01588700 -0.12754200
v 0.03130700 -0.01588700 -0.12754200
v 0.03130700 -0.01340100 -0.13027000
v 0.03130700 -0.01340100 -0.13027000
v 0.03130700 -0.01340100 -0.13027000
v 0.03130700 -0.01340100 -0.13027000
v 0.03130700 -0.01340100 -0.13027000
v 0.03130700 -0.01045600 -0.13249400
v 0.03130700 -0.01045600 -0.13249400
v 0.03130700 -0.01045600 -0.13249400
v 0.03130700 -0.01045600 -0.13249400
v 0.03130700 -0.00715200 -0.13413900
v 0.03130700 -0.00715200 -0.13413900
v 0.03130700 -0.00715200 -0.13413900
v 0.03130700 -0.00715200 -0.13413900
v 0.03130700 -0.00715200 -0.13413900
v 0.03130700 -0.00360200 -0.13514900
v 0.03130700 -0.00360200 -0.13514900
v 0.03130700 -0.00360200 -0.13514900
v 0.03130700 -0.00360200 -0.13514900
v 0.06050500 -0.05691600 0.13041100
v 0.06050500 -0.05691600 0.13041100
v 0.06050500 -0.05691600 0.13041100
v 0.06050500 -0.05691600 0.13041100
v 0.06050500 -0.05691600 0.13041100
v 0.06050500 -0.05691600 0.13041100
v 0.06049700 0.05846500 0.13211000
v 0.06049700 0.05846500 0.13211000
v 0.06049700 0.05846500 0.13211000
v 0.06049700 0.05846500 0.13211000
v 0.06049700 0.05846500 0.13211000
v 0.06044200 0.07144300 0.19590900
v 0.06044200 0.07144300 0.19590900
v 0.06044200 0.07144300 0.19590900
v 0.06044200 0.07144300 0.19590900
v 0.06044200 0.07144300 0.19590900
v 0.06044200 0.07144300 0.19590900
v 0.06062200 -0.06965000 0.27969100
v 0.06062200 -0.06965000 0.27969100
v 0.06062200 -0.06965000 0.27969100
v 0.06062200 -0.06965000 0.27969100
v 0.06062200 -0.06965000 0.27969100
v 0.05077600 0.07758000 0.28474100
v 0.05077600 0.07758000 0.28474100
v 0.05077600 0.07758000 0.28474100
v 0.05077600 0.07758000 0.28474100
v 0.05077600 0.07758000 0.28474100
v 0.05077600 0.07758000 0.28474100
v 0.05077600 0.07758000 0.28474100
v 0.05077600 0.07758000 0.28474100
v 0.05200000 -0.07685400 0.28547500
v 0.05200000 -0.07685400 0.28547500
v 0.05200000 -0.07685400 0.28547500
v 0.05200000 -0.07685400 0.28547500
v 0.05200000 -0.07685400 0.28547500
v 0.05200000 -0.07685400 0.28547500
v 0.05200000 -0.07685400 0.28547500
v 0.05200000 -0.07685400 0.28547500
v 0.05200000 -0.07685400 0.28547500
v 0.06032100 0.06931500 0.28352000
v 0.06032100 0.06931500 0.28352000
v 0.06032100 0.06931500 0.28352000
v 0.06032100 0.06931500 0.28352000
v 0.06032100 0.06931500 0.28352000
v 0.05457000 0.00964300 0.34045400
v 0.05457000 0.00964300 0.34045400
v 0.05457000 0.00964300 0.34045400
v 0.05457000 0.00964300 0.34045400
v 0.05457000 0.00964300 0.34045400
v 0.05457000 0.00964300 0.34045400
v -0.02869300 0.01820300 0.10748700
v -0.02869300 0.01820300 0.10748700
v -0.02869300 0.01820300 0.10748700
v -0.02869300 0.01188800 0.09939000
v -0.02869300 0.01188800 0.09939000
v -0.02869300 0.01188800 0.09939000
v -0.02869300 0.01188800 0.09939000
v -0.02869300 0.01844500 0.12107400
v -0.02869300 0.01844500 0.12107400
v -0.02869300 0.01844500 0.12107400
v -0.02869300 0.01844500 0.12107400
v -0.03768500 -0.04526900 -0.09764600
v -0.03768500 -0.04526900 -0.09764600
v -0.03768500 -0.04526900 -0.09764600
v -0.03768500 -0.04526900 -0.09764600
v -0.03768500 -0.04526900 -0.09764600
v -0.03768500 -0.04526900 -0.09764600
v -0.03768500 -0.04526900 -0.09764600
v -0.03767100 0.04537000 -0.09763900
v -0.03767100 0.04537000 -0.09763900
v -0.03767100 0.04537000 -0.09763900
v -0.03767100 0.04537000 -0.09763900
v -0.03767100 0.04537000 -0.09763900
v -0.03767100 0.04537000 -0.09763900
v -0.03767100 0.04537000 -0.09763900
v -0.03919000 -0.05823400 0.13148300
v -0.03919000 -0.05823400 0.13148300
v -0.03919000 -0.05823400 0.13148300
v -0.03919000 -0.05823400 0.13148300
v -0.03919000 -0.05823400 0.13148300
v -0.03919000 -0.05823400 0.13148300
v -0.03795100 0.02760900 0.09886800
v -0.03795100 0.02760900 0.09886800
v -0.03795100 0.02760900 0.09886800
v -0.03795100 0.02760900 0.09886800
v -0.03795100 0.02760900 0.09886800
v -0.03791300 0.03744600 0.05442700
v -0.03791300 0.03744600 0.05442700
v -0.03791300 0.03744600 0.05442700
v -0.03791300 0.03744600 0.05442700
v -0.03791300 0.03744600 0.05442700
v -0.02917300 0.03436000 0.04004300
v -0.02917300 0.03436000 0.04004300
v -0.02917300 0.03436000 0.04004300
v -0.02917300 0.03436000 0.04004300
v -0.02917300 0.03436000 0.04004300
v -0.02917300 0.03436000 0.04004300
v -0.02924100 0.03380200 -0.03154700
v -0.02924100 0.03380200 -0.03154700
v -0.02924100 0.03380200 -0.03154700
v -0.02924100 0.03380200 -0.03154700
v -0.02924100 0.03380200 -0.03154700
v -0.02924100 0.03380200 -0.03154700
v -0.02917000 0.01156100 -0.09643500
v -0.02917000 0.01156100 -0.09643500
v -0.02917000 0.01156100 -0.09643500
v -0.02917000 0.01156100 -0.09643500
v -0.02917000 0.01156100 -0.09643500
v -0.03768000 0.01042800 -0.09761900
v -0.03768000 0.01042800 -0.09761900
v -0.03768000 0.01042800 -0.09761900
v -0.03768000 0.01042800 -0.09761900
v -0.03768000 0.01042800 -0.09761900
v -0.03768000 0.01042800 -0.09761900
v -0.02922500 0.03148900 0.10154100
v -0.02922500 0.03148900 0.10154100
v -0.02922500 0.03148900 0.10154100
v -0.02922500 0.03148900 0.10154100
v -0.02922500 0.03148900 0.10154100
v -0.02922500 0.03148900 0.10154100
v -0.02922500 0.03148900 0.10154100
v -0.02928500 -0.03385700 0.03214700
v -0.02928500 -0.03385700 0.03214700
v -0.02928500 -0.03385700 0.03214700
v -0.02928500 -0.03385700 0.03214700
v -0.02928500 -0.03385700 0.03214700
v -0.02929500 -0.03374400 -0.03178400
v -0.02929500 -0.03374400 -0.03178400
v -0.02929500 -0.03374400 -0.03178400
v -0.02929500 -0.03374400 -0.03178400
v -0.02929500 -0.03374400 -0.03178400
v -0.02929500 -0.03374400 -0.03178400
v -0.02880800 -0.06696600 0.19734600
v -0.02880800 -0.06696600 0.19734600
v -0.02880800 -0.06696600 0.19734600
v -0.02880800 -0.06696600 0.19734600
v -0.02880800 -0.06696600 0.19734600
v -0.02880800 -0.06696600 0.19734600
v -0.02880800 -0.06696600 0.19734600
v -0.02723100 -0.07931500 0.20027500
v -0.02723100 -0.07931500 0.20027500
v -0.02723100 -0.07931500 0.20027500
v -0.02723100 -0.07931500 0.20027500
v -0.02723100 -0.07931500 0.20027500
v -0.02723100 -0.07931500 0.20027500
v -0.02723100 -0.07931500 0.20027500
v -0.02723100 -0.07931500 0.20027500
v -0.02489400 -0.07525000 0.21481300
v -0.02489400 -0.07525000 0.21481300
v -0.02489400 -0.07525000 0.21481300
v -0.02489400 -0.07525000 0.21481300
v -0.02780900 -0.07012100 0.28107600
v -0.02780900 -0.07012100 0.28107600
v -0.02780900 -0.07012100 0.28107600
v -0.02780900 -0.07012100 0.28107600
v -0.02780900 -0.07012100 0.28107600
v -0.02780900 -0.07012100 0.28107600
v -0.02780900 -0.07012100 0.28107600
v -0.02780900 -0.07012100 0.28107600
v -0.01832000 0.01691800 0.33800900
v -0.01832000 0.01691800 0.33800900
v -0.01832000 0.01691800 0.33800900
v -0.01832000 0.01691800 0.33800900
v -0.01832000 0.01691800 0.33800900
v -0.01832000 0.01691800 0.33800900
v -0.02824200 0.00204200 0.33452800
v -0.02824200 0.00204200 0.33452800
v -0.02824200 0.00204200 0.33452800
v -0.02824200 0.00204200 0.33452800
v -0.02824200 0.00204200 0.33452800
v -0.02824200 0.00204200 0.33452800
v -0.02824200 0.00204200 0.33452800
v -0.02016500 -0.01146300 0.34029200
v -0.02016500 -0.01146300 0.34029200
v -0.02016500 -0.01146300 0.34029200
v -0.02016500 -0.01146300 0.34029200
v -0.02016500 -0.01146300 0.34029200
v -0.02016500 -0.01146300 0.34029200
v -0.02798500 0.06713200 0.28585900
v -0.02798500 0.06713200 0.28585900
v -0.02798500 0.06713200 0.28585900
v -0.02798500 0.06713200 0.28585900
v -0.02798500 0.06713200 0.28585900
v -0.02798500 0.06713200 0.28585900
v -0.03761500 -0.04273100 -0.00125700
v -0.03761500 -0.04273100 -0.00125700
v -0.03761500 -0.04273100 -0.00125700
v -0.03761500 -0.04273100 -0.00125700
v -0.03761500 -0.04273100 -0.00125700
v -0.03761500 -0.04273100 -0.00125700
v -0.03761500 -0.04273100 -0.00125700
v -0.03761500 -0.04273100 -0.00125700
v -0.03761500 -0.04273100 -0.00125700
v -0.03761500 -0.04273100 -0.00125700
v -0.03778200 -0.04995100 -0.10739800
v -0.03778200 -0.04995100 -0.10739800
v -0.03778200 -0.04995100 -0.10739800
v -0.03778200 -0.04995100 -0.10739800
v -0.03778200 -0.04995100 -0.10739800
v -0.03778200 -0.04995100 -0.10739800
v -0.03785800 -0.05614800 -0.09681100
v -0.03785800 -0.05614800 -0.09681100
v -0.03785800 -0.05614800 -0.09681100
v -0.03785800 -0.05614800 -0.09681100
v -0.03789800 0.04892200 -0.10774200
v -0.03789800 0.04892200 -0.10774200
v -0.03789800 0.04892200 -0.10774200
v -0.03789800 0.04892200 -0.10774200
v -0.03789800 0.04892200 -0.10774200
v -0.03789800 0.04892200 -0.10774200
v -0.03770200 0.05630300 -0.09782500
v -0.03770200 0.05630300 -0.09782500
v -0.03770200 0.05630300 -0.09782500
v -0.03770200 0.05630300 -0.09782500
v -0.02772300 0.07938400 0.19824100
v -0.02772300 0.07938400 0.19824100
v -0.02772300 0.07938400 0.19824100
v -0.02772300 0.07938400 0.19824100
v -0.02772300 0.07938400 0.19824100
v -0.02772300 0.07938400 0.19824100
v -0.02461700 0.07589400 0.21502400
v -0.02461700 0.07589400 0.21502400
v -0.02461700 0.07589400 0.21502400
v -0.02461700 0.07589400 0.21502400
v -0.03771000 0.03535200 -0.03211700
v -0.03771000 0.03535200 -0.03211700
v -0.03771000 0.03535200 -0.03211700
v -0.03771000 0.03535200 -0.03211700
v -0.03771000 0.03535200 -0.03211700
v -0.03774200 0.01029200 0.08247700
v -0.03774200 0.01029200 0.08247700
v -0.03774200 0.01029200 0.08247700
v -0.03774200 0.01029200 0.08247700
v -0.03774200 0.01029200 0.08247700
v -0.03774200 0.01029200 0.08247700
v -0.03774200 0.01029200 0.08247700
v -0.03774200 0.01029200 0.08247700
v -0.03774200 0.01029200 0.08247700
v -0.03747000 0.03033600 0.12667500
v -0.03747000 0.03033600 0.12667500
v -0.03747000 0.03033600 0.12667500
v -0.03747000 0.03033600 0.12667500
v -0.03747000 0.03033600 0.12667500
v -0.03747000 0.03033600 0.12667500
v -0.03773300 -0.01015600 0.08248500
v -0.03773300 -0.01015600 0.08248500
v -0.03773300 -0.01015600 0.08248500
v -0.03773300 -0.01015600 0.08248500
v -0.03773300 -0.01015600 0.08248500
v -0.03773300 -0.01015600 0.08248500
v -0.03769200 -0.01027000 -0.09761800
v -0.03769200 -0.01027000 -0.09761800
v -0.03769200 -0.01027000 -0.09761800
v -0.03769200 -0.01027000 -0.09761800
v -0.03769200 -0.01027000 -0.09761800
v -0.03769200 -0.01027000 -0.09761800
v -0.03769200 -0.01027000 -0.09761800
v -0.03769200 -0.01027000 -0.09761800
v -0.03771800 -0.03522300 -0.03219700
v -0.03771800 -0.03522300 -0.03219700
v -0.03771800 -0.03522300 -0.03219700
v -0.03771800 -0.03522300 -0.03219700
v -0.03771800 -0.03522300 -0.03219700
v -0.03778100 -0.03685100 0.05233700
v -0.03778100 -0.03685100 0.05233700
v -0.03778100 -0.03685100 0.05233700
v -0.03778100 -0.03685100 0.05233700
v -0.03778100 -0.03685100 0.05233700
v -0.03778100 -0.03685100 0.05233700
v -0.02927500 0.04409400 -0.09671200
v -0.02927500 0.04409400 -0.09671200
v -0.02927500 0.04409400 -0.09671200
v -0.02927500 0.04409400 -0.09671200
v -0.02919300 0.01168600 0.08176600
v -0.02919300 0.01168600 0.08176600
v -0.02919300 0.01168600 0.08176600
v -0.02919300 0.01168600 0.08176600
v -0.02919300 0.01168600 0.08176600
v -0.02949900 0.02813100 0.13234100
v -0.02949900 0.02813100 0.13234100
v -0.02949900 0.02813100 0.13234100
v -0.02949900 0.02813100 0.13234100
v -0.02949900 0.02813100 0.13234100
v -0.02957100 -0.03191800 0.10307200
v -0.02957100 -0.03191800 0.10307200
v -0.02957100 -0.03191800 0.10307200
v -0.02957100 -0.03191800 0.10307200
v -0.02957100 -0.03191800 0.10307200
v -0.02920500 -0.00902900 0.14607900
v -0.02920500 -0.00902900 0.14607900
v -0.02920500 -0.00902900 0.14607900
v -0.02920500 -0.00902900 0.14607900
v -0.02920500 -0.00902900 0.14607900
v -0.02920700 -0.01150700 0.08175700
v -0.02920700 -0.01150700 0.08175700
v -0.02920700 -0.01150700 0.08175700
v -0.02920700 -0.01150700 0.08175700
v -0.02920700 -0.01150700 0.08175700
v -0.02920700 -0.01150700 0.08175700
v -0.02920700 -0.01150700 0.08175700
v -0.02917000 -0.01144300 -0.09646300
v -0.02917000 -0.01144300 -0.09646300
v -0.02917000 -0.01144300 -0.09646300
v -0.02917000 -0.01144300 -0.09646300
v -0.02917000 -0.01144300 -0.09646300
v -0.02814800 0.00838800 0.29258400
v -0.02814800 0.00838800 0.29258400
v -0.02814800 0.00838800 0.29258400
v -0.02814800 0.00838800 0.29258400
v 0.04019200 -0.03035200 -0.10366300
v 0.04019200 -0.03035200 -0.10366300
v 0.04019200 -0.03035200 -0.10366300
v 0.04019200 -0.03035200 -0.10366300
v 0.04019200 -0.03035200 -0.10366300
v 0.04019200 -0.03035200 -0.10366300
v 0.04019200 -0.03035200 -0.10366300
v 0.04055800 0.00913500 -0.14576900
v 0.04055800 0.00913500 -0.14576900
v 0.04055800 0.00913500 -0.14576900
v 0.04055800 0.00913500 -0.14576900
v 0.04055800 0.00913500 -0.14576900
v 0.04055800 0.00913500 -0.14576900
v 0.04068200 -0.02669200 -0.13240600
v 0.04068200 -0.02669200 -0.13240600
v 0.04068200 -0.02669200 -0.13240600
v 0.04068200 -0.02669200 -0.13240600
v 0.04084600 -0.01254100 -0.14411800
v 0.04084600 -0.01254100 -0.14411800
v 0.04084600 -0.01254100 -0.14411800
v 0.04084600 -0.01254100 -0.14411800
v 0.04084600 -0.01254100 -0.14411800
v 0.04084600 -0.01254100 -0.14411800
v 0.04028600 0.00149500 -0.09519100
v 0.04028600 0.00149500 -0.09519100
v 0.04028600 0.00149500 -0.09519100
v 0.04028600 0.00149500 -0.09519100
v 0.04028600 0.00149500 -0.09519100
v 0.04028600 0.00149500 -0.09519100
v 0.04030900 0.01479600 -0.10091800
v 0.04030900 0.01479600 -0.10091800
v 0.04030900 0.01479600 -0.10091800
v 0.04030900 0.01479600 -0.10091800
v 0.04030900 0.01479600 -0.10091800
v 0.04030900 0.01479600 -0.10091800
v 0.04030900 0.01479600 -0.10091800
v 0.04012500 -0.00076700 -0.13653300
v 0.04012500 -0.00076700 -0.13653300
v 0.04012500 -0.00076700 -0.13653300
v 0.04012500 -0.00076700 -0.13653300
v 0.04012500 -0.00076700 -0.13653300
v 0.04012500 -0.00076700 -0.13653300
v 0.04046700 0.01696600 -0.12744500
v 0.04046700 0.01696600 -0.12744500
v 0.04046700 0.01696600 -0.12744500
v 0.04046700 0.01696600 -0.12744500
v 0.04046700 0.01696600 -0.12744500
v 0.04046700 0.01696600 -0.12744500
v 0.04046700 0.01696600 -0.12744500
v 0.04046700 0.01696600 -0.12744500
v 0.03687100 0.01871600 -0.11185600
v 0.03687100 0.01871600 -0.11185600
v 0.03687100 0.01871600 -0.11185600
v 0.03687100 0.01871600 -0.11185600
v 0.03687100 0.01871600 -0.11185600
v 0.03687100 0.01871600 -0.11185600
v 0.03687100 0.01871600 -0.11185600
v 0.03687100 0.01871600 -0.11185600
v 0.03130700 -0.00172100 -0.09612900
v 0.03130700 -0.00172100 -0.09612900
v 0.03130700 -0.00172100 -0.09612900
v 0.03130700 -0.00172100 -0.09612900
v 0.04016400 -0.01363700 -0.10002600
v 0.04016400 -0.01363700 -0.10002600
v 0.04016400 -0.01363700 -0.10002600
v 0.04016400 -0.01363700 -0.10002600
v 0.04016400 -0.01363700 -0.10002600
v 0.04016400 -0.01363700 -0.10002600
v 0.03130700 -0.01534600 -0.10315100
v 0.03130700 -0.01534600 -0.10315100
v 0.03130700 -0.01534600 -0.10315100
v 0.03130700 -0.01534600 -0.10315100
v 0.04026500 -0.02043100 -0.12148900
v 0.04026500 -0.02043100 -0.12148900
v 0.04026500 -0.02043100 -0.12148900
v 0.04026500 -0.02043100 -0.12148900
v 0.04026500 -0.02043100 -0.12148900
v 0.04026500 -0.02043100 -0.12148900
v 0.04026500 -0.02043100 -0.12148900
v 0.04026500 -0.02043100 -0.12148900
v 0.03130700 -0.01917400 -0.11908800
v 0.03130700 -0.01917400 -0.11908800
v 0.03130700 -0.01917400 -0.11908800
v 0.03130700 -0.01260700 -0.13006900
v 0.03130700 -0.01260700 -0.13006900
v 0.03130700 -0.01260700 -0.13006900
v 0.03130700 -0.01260700 -0.13006900
v 0.03130700 0.00062700 -0.13523000
v 0.03130700 0.00062700 -0.13523000
v 0.03130700 0.00062700 -0.13523000
v 0.03130700 0.00062700 -0.13523000
v 0.03188400 -0.02653900 -0.13583700
v 0.03188400 -0.02653900 -0.13583700
v 0.03188400 -0.02653900 -0.13583700
v 0.03188400 -0.02653900 -0.13583700
v 0.03188400 -0.02653900 -0.13583700
v 0.03188400 -0.02653900 -0.13583700
v 0.03188400 -0.02653900 -0.13583700
v 0.03189700 -0.00295600 -0.14879300
v 0.03189700 -0.00295600 -0.14879300
v 0.03189700 -0.00295600 -0.14879300
v 0.03189700 -0.00295600 -0.14879300
v 0.03189700 -0.00295600 -0.14879300
v 0.03189700 -0.00295600 -0.14879300
v 0.01631600 -0.02417800 -0.17549000
v 0.01631600 -0.02417800 -0.17549000
v 0.01631600 -0.02417800 -0.17549000
v 0.01631600 -0.02417800 -0.17549000
v 0.01805900 -0.02214500 -0.16049000
v 0.01805900 -0.02214500 -0.16049000
v 0.01805900 -0.02214500 -0.16049000
v 0.01805900 -0.02214500 -0.16049000
v 0.01805900 -0.02214500 -0.16049000
v 0.01805900 -0.02214500 -0.16049000
v 0.02253900 0.01594400 -0.17549000
v 0.02253900 0.01594400 -0.17549000
v 0.02253900 0.01594400 -0.17549000
v 0.02253900 0.01594400 -0.17549000
v -0.05785500 0.00042600 -0.33776000
v -0.05785500 0.00042600 -0.33776000
v -0.05785500 0.00042600 -0.33776000
v -0.05785500 0.00042600 -0.33776000
v -0.05785500 0.00042600 -0.33776000
v -0.05785500 0.00042600 -0.33776000
v -0.05785500 0.00042600 -0.33776000
v -0.04826400 -0.01627100 -0.33931000
v -0.04826400 -0.01627100 -0.33931000
v -0.04826400 -0.01627100 -0.33931000
v -0.04826400 -0.01627100 -0.33931000
v -0.04826400 -0.01627100 -0.33931000
v 0.00130700 -0.00417300 -0.29360100
v 0.00130700 -0.00417300 -0.29360100
v 0.00130700 -0.00417300 -0.29360100
v 0.00130700 -0.00417300 -0.29360100
v 0.00130700 0.03491800 -0.27908600
v 0.00130700 0.03491800 -0.27908600
v 0.00130700 0.03491800 -0.27908600
v 0.00130700 0.03491800 -0.27908600
v 0.00130700 0.03491800 -0.27908600
v 0.00130700 0.04257300 -0.25049000
v 0.00130700 0.04257300 -0.25049000
v 0.00130700 0.04257300 -0.25049000
v 0.00130700 0.04257300 -0.25049000
v 0.00130700 0.04257300 -0.25049000
v 0.00130700 0.04257300 -0.25049000
v 0.00130700 0.04257300 -0.25049000
v 0.00130700 0.00007300 -0.34607700
v 0.00130700 0.00007300 -0.34607700
v 0.00130700 0.00007300 -0.34607700
v 0.00130700 0.00007300 -0.34607700
v 0.03130700 0.07067300 0.15585900
v 0.03130700 0.07067300 0.15585900
v 0.03130700 0.07067300 0.15585900
v 0.03130700 0.05610400 0.10403100
v 0.03130700 0.05610400 0.10403100
v 0.03130700 0.05610400 0.10403100
v 0.03130700 0.05610400 0.10403100
v 0.03130700 0.05610400 0.10403100
v 0.03130700 0.05610400 0.10403100
v 0.03130700 0.05610400 0.10403100
v 0.03130700 0.05610400 0.10403100
v 0.03130700 0.05610400 0.10403100
v 0.03130700 -0.05583700 0.10377400
v 0.03130700 -0.05583700 0.10377400
v 0.03130700 -0.05583700 0.10377400
v 0.03130700 -0.05583700 0.10377400
v 0.03130700 -0.05583700 0.10377400
v 0.03130700 -0.05583700 0.10377400
v 0.03130700 -0.05583700 0.10377400
v 0.03130700 -0.07059500 0.15602100
v 0.03130700 -0.07059500 0.15602100
v 0.03130700 -0.07059500 0.15602100
v 0.03130700 -0.07059500 0.15602100
v 0.03130700 -0.07059500 0.15602100
v 0.02039800 0.02072400 -0.16049000
v 0.02039800 0.02072400 -0.16049000
v 0.02039800 0.02072400 -0.16049000
v 0.02039800 0.02072400 -0.16049000
v 0.02039800 0.02072400 -0.16049000
v 0.02039800 0.02072400 -0.16049000
v 0.02039800 0.02072400 -0.16049000
v 0.03078800 -0.03414800 -0.27825600
v 0.03078800 -0.03414800 -0.27825600
v 0.03078800 -0.03414800 -0.27825600
v 0.03078800 -0.03414800 -0.27825600
v 0.03071700 0.03430700 -0.27833500
v 0.03071700 0.03430700 -0.27833500
v 0.03071700 0.03430700 -0.27833500
v 0.03071700 0.03430700 -0.27833500
v 0.03071700 0.03430700 -0.27833500
v 0.03078600 0.04282200 -0.25623800
v 0.03078600 0.04282200 -0.25623800
v 0.03078600 0.04282200 -0.25623800
v 0.03078600 0.04282200 -0.25623800
v 0.03078600 0.04282200 -0.25623800
v 0.03078600 0.04282200 -0.25623800
v 0.03078600 0.04282200 -0.25623800
v 0.03177700 -0.04444800 -0.09387500
v 0.03177700 -0.04444800 -0.09387500
v 0.03177700 -0.04444800 -0.09387500
v 0.03177700 -0.04444800 -0.09387500
v 0.03177700 -0.04444800 -0.09387500
v 0.03177700 -0.04444800 -0.09387500
v 0.03177700 -0.04444800 -0.09387500
v 0.03166600 0.06714800 -0.19596800
v 0.03166600 0.06714800 -0.19596800
v 0.03166600 0.06714800 -0.19596800
v 0.03166600 0.06714800 -0.19596800
v 0.03166600 0.06714800 -0.19596800
v 0.03166600 0.06714800 -0.19596800
v 0.03166600 0.06714800 -0.19596800
v 0.03166600 0.06714800 -0.19596800
v 0.03166600 0.06714800 -0.19596800
v 0.03166600 0.06714800 -0.19596800
v 0.03166600 0.06714800 -0.19596800
v 0.03189200 -0.04400300 0.09568600
v 0.03189200 -0.04400300 0.09568600
v 0.03189200 -0.04400300 0.09568600
v 0.03189200 -0.04400300 0.09568600
v -0.05869300 -0.04242700 -0.16049000
v -0.05869300 -0.04242700 -0.16049000
v -0.05869300 -0.04242700 -0.16049000
v -0.05869300 -0.04242700 -0.16049000
v -0.05869300 -0.04242700 -0.16049000
v -0.05788500 -0.07112300 -0.19672700
v -0.05788500 -0.07112300 -0.19672700
v -0.05788500 -0.07112300 -0.19672700
v -0.05788500 -0.07112300 -0.19672700
v -0.05788500 -0.07112300 -0.19672700
v -0.05869300 0.00422900 -0.29533900
v -0.05869300 0.00422900 -0.29533900
v -0.05869300 0.00422900 -0.29533900
v -0.05869300 0.00422900 -0.29533900
v -0.05869300 0.00422900 -0.29533900
v -0.05869300 0.00422900 -0.29533900
v -0.05869300 0.00422900 -0.29533900
v -0.05869300 0.00422900 -0.29533900
v -0.05869300 0.00422900 -0.29533900
v -0.05869300 0.00422900 -0.29533900
v -0.05869300 0.00422900 -0.29533900
v -0.05869300 0.04257300 -0.16049000
v -0.05869300 0.04257300 -0.16049000
v -0.05869300 0.04257300 -0.16049000
v -0.05869300 0.04257300 -0.16049000
v -0.05869300 0.04257300 -0.16049000
v -0.05869300 0.04257300 -0.16049000
v -0.05869300 -0.03932700 -0.27145400
v -0.05869300 -0.03932700 -0.27145400
v -0.05869300 -0.03932700 -0.27145400
v -0.05869300 -0.03932700 -0.27145400
v -0.05869300 -0.03932700 -0.27145400
v -0.05869300 -0.03932700 -0.27145400
v -0.05869300 -0.03932700 -0.27145400
v -0.05869300 -0.03932700 -0.27145400
v -0.05869300 -0.03932700 -0.27145400
v -0.05869300 -0.03932700 -0.27145400
v -0.05869300 -0.03932700 -0.27145400
v -0.05869300 -0.03932700 -0.27145400
v -0.05869300 -0.03932700 -0.27145400
v -0.05869300 0.04054600 -0.26761200
v -0.05869300 0.04054600 -0.26761200
v -0.05869300 0.04054600 -0.26761200
v -0.05869300 0.04054600 -0.26761200
v -0.05869300 0.04054600 -0.26761200
v -0.05869300 0.04054600 -0.26761200
v -0.05869300 0.04054600 -0.26761200
v -0.05869300 0.04054600 -0.26761200
v -0.05869300 0.04054600 -0.26761200
v -0.05869300 0.04054600 -0.26761200
v -0.05869300 0.04054600 -0.26761200
v -0.03179000 0.03906100 -0.16049000
v -0.03179000 0.03906100 -0.16049000
v -0.03179000 0.03906100 -0.16049000
v -0.03179000 0.03906100 -0.16049000
v -0.03179000 0.03906100 -0.16049000
v -0.03179000 0.03906100 -0.16049000
v -0.03179000 0.03906100 -0.16049000
v -0.03179000 0.03906100 -0.16049000
v -0.05002600 0.01767000 -0.17549000
v -0.05002600 0.01767000 -0.17549000
v -0.05002600 0.01767000 -0.17549000
v -0.05002600 0.01767000 -0.17549000
v -0.05002600 0.01767000 -0.17549000
v -0.04348100 -0.02394700 -0.17549000
v -0.04348100 -0.02394700 -0.17549000
v -0.04348100 -0.02394700 -0.17549000
v -0.05002600 -0.01752400 -0.16049000
v -0.05002600 -0.01752400 -0.16049000
v -0.05002600 -0.01752400 -0.16049000
v -0.05002600 -0.01752400 -0.16049000
v -0.05002600 -0.01752400 -0.16049000
v 0.00130700 0.07074100 0.15602100
v 0.00130700 0.07074100 0.15602100
v 0.00130700 0.07074100 0.15602100
v 0.00130700 0.07074100 0.15602100
v 0.00130700 0.07074100 0.15602100
v 0.00130700 -0.03583200 -0.27606500
v 0.00130700 -0.03583200 -0.27606500
v 0.00130700 -0.03583200 -0.27606500
v 0.00130700 -0.03583200 -0.27606500
v 0.00130700 -0.03583200 -0.27606500
v 0.00130700 -0.04095200 -0.31404200
v 0.00130700 -0.04095200 -0.31404200
v 0.00130700 -0.04095200 -0.31404200
v 0.00130700 -0.04095200 -0.31404200
v 0.00130700 -0.04095200 -0.31404200
v 0.00130700 -0.04095200 -0.31404200
v 0.00130700 -0.04095200 -0.31404200
v 0.00130700 -0.06086600 -0.26748700
v 0.00130700 -0.06086600 -0.26748700
v 0.00130700 -0.06086600 -0.26748700
v 0.00130700 -0.04242700 -0.16049000
v 0.00130700 -0.04242700 -0.16049000
v 0.00130700 -0.04242700 -0.16049000
v 0.00130700 -0.04242700 -0.16049000
v 0.00130700 -0.04242700 -0.16049000
v 0.00130700 -0.04242700 -0.16049000
v 0.00130700 -0.04242700 -0.16049000
v 0.00130700 -0.04242700 -0.25049000
v 0.00130700 -0.04242700 -0.25049000
v 0.00130700 -0.04242700 -0.25049000
v 0.00130700 -0.04242700 -0.25049000
v 0.00130700 -0.04242700 -0.25049000
v 0.00130700 -0.04242700 -0.25049000
v 0.00130700 -0.04242700 -0.25049000
v 0.00131500 -0.07932700 -0.18893000
v 0.00131500 -0.07932700 -0.18893000
v 0.00131500 -0.07932700 -0.18893000
v 0.00131500 -0.07932700 -0.18893000
v 0.00131500 -0.07932700 -0.18893000
v 0.00131500 -0.07932700 -0.18893000
v 0.00131500 -0.07932700 -0.18893000
v 0.00130700 0.04257300 -0.16049000
v 0.00130700 0.04257300 -0.16049000
v 0.00130700 0.04257300 -0.16049000
v 0.00130700 0.04257300 -0.16049000
v 0.00130700 0.04257300 -0.16049000
v 0.00130700 0.04257300 -0.16049000
v 0.00130700 0.04257300 -0.16049000
v 0.00131500 0.07947300 -0.18893000
v 0.00131500 0.07947300 -0.18893000
v 0.00131500 0.07947300 -0.18893000
v 0.00131500 0.07947300 -0.18893000
v 0.00131500 0.07947300 -0.18893000
v 0.00131500 0.07947300 -0.18893000
v 0.00131500 0.07947300 -0.18893000
v 0.00131500 0.07947300 -0.18893000
v 0.00130700 -0.07992700 -0.26549000
v 0.00130700 -0.07992700 -0.26549000
v 0.00130700 -0.07992700 -0.26549000
v 0.00130700 -0.07992700 -0.26549000
v 0.00130700 -0.07992700 -0.26549000
v 0.00130700 -0.07992700 -0.26549000
v 0.00130700 -0.07992700 -0.26549000
v 0.00130700 -0.07992700 -0.26549000
v 0.00130700 -0.07992700 -0.26549000
v 0.00130700 -0.07992700 -0.26549000
v 0.00130700 -0.07992700 -0.26549000
v 0.00130700 0.04121800 -0.31253000
v 0.00130700 0.04121800 -0.31253000
v 0.00130700 0.04121800 -0.31253000
v 0.00130700 0.04121800 -0.31253000
v 0.00130700 0.04121800 -0.31253000
v 0.00130700 0.04121800 -0.31253000
v 0.00130700 0.06147700 -0.26655900
v 0.00130700 0.06147700 -0.26655900
v 0.00130700 0.06147700 -0.26655900
v 0.00130700 0.06147700 -0.26655900
v 0.00130700 0.08007300 -0.26549000
v 0.00130700 0.08007300 -0.26549000
v 0.00130700 0.08007300 -0.26549000
v 0.00130700 0.08007300 -0.26549000
v 0.00130700 0.08007300 -0.26549000
v 0.00130700 0.08007300 -0.26549000
v 0.00130700 0.08007300 -0.26549000
v 0.00130700 0.08007300 -0.26549000
v 0.00130700 0.08007300 -0.26549000
v 0.00130700 0.08007300 -0.26549000
v 0.00130700 -0.07052700 0.15585900
v 0.00130700 -0.07052700 0.15585900
v 0.00130700 -0.07052700 0.15585900
v 0.04021800 0.04288500 0.00046200
v 0.04021800 0.04288500 0.00046200
v 0.04021800 0.04288500 0.00046200
v 0.04021800 0.04288500 0.00046200
v 0.04021800 0.04288500 0.00046200
v 0.04021800 0.04288500 0.00046200
v 0.04021800 0.04288500 0.00046200
v 0.04021800 0.04288500 0.00046200
v 0.04021800 0.04288500 0.00046200
v 0.04139400 0.06478800 -0.13490900
v 0.04139400 0.06478800 -0.13490900
v 0.04139400 0.06478800 -0.13490900
v 0.04139400 0.06478800 -0.13490900
v 0.04139400 0.06478800 -0.13490900
v 0.01984100 0.07982200 -0.20493800
v 0.01984100 0.07982200 -0.20493800
v 0.01984100 0.07982200 -0.20493800
v 0.01984100 0.07982200 -0.20493800
v 0.01984100 0.07982200 -0.20493800
v -0.02869300 0.08007300 -0.26549000
v -0.02869300 0.08007300 -0.26549000
v -0.02869300 0.08007300 -0.26549000
v -0.02869300 0.08007300 -0.26549000
v -0.02869300 0.08007300 -0.26549000
v -0.02869300 0.08007300 -0.26549000
v -0.02869300 0.08007300 -0.26549000
v -0.02869300 0.08007300 -0.26549000
v -0.02869300 0.08007300 -0.26549000
v 0.02433700 0.07677700 -0.28520200
v 0.02433700 0.07677700 -0.28520200
v 0.02433700 0.07677700 -0.28520200
v 0.02433700 0.07677700 -0.28520200
v 0.02433700 0.07677700 -0.28520200
v 0.02433700 0.07677700 -0.28520200
v 0.02433700 0.07677700 -0.28520200
v 0.02433700 0.07677700 -0.28520200
v 0.02433700 0.07677700 -0.28520200
v -0.02869300 0.04257300 -0.31907100
v -0.02869300 0.04257300 -0.31907100
v -0.02869300 0.04257300 -0.31907100
v -0.02869300 0.04257300 -0.31907100
v -0.02869300 0.04257300 -0.31907100
v -0.02869300 0.04257300 -0.31907100
v -0.02869300 -0.04242700 -0.31907100
v -0.02869300 -0.04242700 -0.31907100
v -0.02869300 -0.04242700 -0.31907100
v -0.02869300 -0.04242700 -0.31907100
v -0.02869300 -0.04242700 -0.31907100
v 0.02166400 -0.07706300 -0.28607500
v 0.02166400 -0.07706300 -0.28607500
v 0.02166400 -0.07706300 -0.28607500
v 0.02166400 -0.07706300 -0.28607500
v 0.02166400 -0.07706300 -0.28607500
v 0.02166400 -0.07706300 -0.28607500
v 0.02166400 -0.07706300 -0.28607500
v -0.02869300 -0.07992700 -0.26549000
v -0.02869300 -0.07992700 -0.26549000
v -0.02869300 -0.07992700 -0.26549000
v -0.02869300 -0.07992700 -0.26549000
v -0.02869300 -0.07992700 -0.26549000
v -0.02869300 -0.07992700 -0.26549000
v -0.02869300 -0.07992700 -0.26549000
v -0.02869300 -0.07992700 -0.26549000
v -0.04867100 -0.07930700 -0.19541500
v -0.04867100 -0.07930700 -0.19541500
v -0.04867100 -0.07930700 -0.19541500
v -0.04867100 -0.07930700 -0.19541500
v -0.04867100 -0.07930700 -0.19541500
v -0.04867100 -0.07930700 -0.19541500
v -0.04867100 -0.07930700 -0.19541500
v 0.04033000 -0.06650900 -0.13856300
v 0.04033000 -0.06650900 -0.13856300
v 0.04033000 -0.06650900 -0.13856300
v 0.04033000 -0.06650900 -0.13856300
v 0.03076800 -0.04261600 -0.25665200
v 0.03076800 -0.04261600 -0.25665200
v 0.03076800 -0.04261600 -0.25665200
v 0.03076800 -0.04261600 -0.25665200
v 0.03076800 -0.04261600 -0.25665200
v 0.03076800 -0.04261600 -0.25665200
v 0.03076800 -0.04261600 -0.25665200
v 0.03086600 -0.04301400 -0.16002400
v 0.03086600 -0.04301400 -0.16002400
v 0.03086600 -0.04301400 -0.16002400
v 0.03086600 -0.04301400 -0.16002400
v 0.03086600 -0.04301400 -0.16002400
v 0.03086600 -0.04301400 -0.16002400
v 0.03086600 -0.04301400 -0.16002400
v 0.03086600 -0.04301400 -0.16002400
v 0.03086600 -0.04301400 -0.16002400
v 0.03068600 -0.01620500 -0.29078800
v 0.03068600 -0.01620500 -0.29078800
v 0.03068600 -0.01620500 -0.29078800
v 0.03068600 -0.01620500 -0.29078800
v 0.03068600 -0.01620500 -0.29078800
v 0.03068600 -0.01620500 -0.29078800
v 0.03087900 0.04316800 -0.16001800
v 0.03087900 0.04316800 -0.16001800
v 0.03087900 0.04316800 -0.16001800
v 0.03087900 0.04316800 -0.16001800
v 0.03087900 0.04316800 -0.16001800
v 0.03087900 0.04316800 -0.16001800
v 0.03087900 0.04316800 -0.16001800
v 0.03087900 0.04316800 -0.16001800
v -0.02869300 0.05580900 -0.27495600
v -0.02869300 0.05580900 -0.27495600
v -0.02869300 0.05580900 -0.27495600
v -0.02869300 0.05580900 -0.27495600
v -0.02869300 -0.05747900 -0.27126000
v -0.02869300 -0.05747900 -0.27126000
v -0.02869300 -0.05747900 -0.27126000
v -0.02869300 -0.05747900 -0.27126000
v -0.02869300 -0.05747900 -0.27126000
v -0.02869300 0.00007300 -0.34607700
v -0.02869300 0.00007300 -0.34607700
v -0.02869300 0.00007300 -0.34607700
v -0.02869300 0.00007300 -0.34607700
v -0.02869300 0.00399400 -0.29280800
v -0.02869300 0.00399400 -0.29280800
v -0.02869300 0.00399400 -0.29280800
v -0.02869300 0.00399400 -0.29280800
v -0.02869300 0.00399400 -0.29280800
v -0.02869300 0.00399400 -0.29280800
v -0.02869300 -0.03133500 -0.27912200
v -0.02869300 -0.03133500 -0.27912200
v -0.02869300 -0.03133500 -0.27912200
v -0.02869300 -0.03133500 -0.27912200
v -0.02869300 -0.03133500 -0.27912200
v -0.02869300 -0.03133500 -0.27912200
v -0.02869300 -0.03133500 -0.27912200
v -0.02869300 -0.03606100 -0.27286300
v -0.02869300 -0.03606100 -0.27286300
v -0.02869300 -0.03606100 -0.27286300
v -0.02869300 -0.03606100 -0.27286300
v -0.02869300 -0.03606100 -0.27286300
v -0.02869300 -0.03606100 -0.27286300
v -0.02869300 0.01170400 -0.29136700
v -0.02869300 0.01170400 -0.29136700
v -0.02869300 0.01170400 -0.29136700
v -0.02869300 0.01170400 -0.29136700
v -0.02869300 0.01170400 -0.29136700
v -0.02869300 0.01170400 -0.29136700
v -0.02869300 0.01170400 -0.29136700
v -0.02869300 -0.02553900 -0.28440500
v -0.02869300 -0.02553900 -0.28440500
v -0.02869300 -0.02553900 -0.28440500
v -0.02869300 -0.02553900 -0.28440500
v -0.02869300 -0.02553900 -0.28440500
v -0.02869300 -0.02553900 -0.28440500
v -0.02869300 0.01901700 -0.28853400
v -0.02869300 0.01901700 -0.28853400
v -0.02869300 0.01901700 -0.28853400
v -0.02869300 0.01901700 -0.28853400
v -0.02869300 0.01901700 -0.28853400
v -0.02869300 0.01901700 -0.28853400
v -0.02869300 -0.06250700 -0.12299000
v -0.02869300 -0.06250700 -0.12299000
v -0.02869300 -0.06250700 -0.12299000
v -0.02869300 -0.01887100 -0.28853400
v -0.02869300 -0.01887100 -0.28853400
v -0.02869300 -0.01887100 -0.28853400
v -0.02869300 -0.01887100 -0.28853400
v -0.02869300 -0.01887100 -0.28853400
v -0.02869300 -0.01887100 -0.28853400
v -0.02869300 -0.01887100 -0.28853400
v -0.02869300 -0.04242700 -0.25049000
v -0.02869300 -0.04242700 -0.25049000
v -0.02869300 -0.04242700 -0.25049000
v -0.02869300 -0.04242700 -0.25049000
v -0.02869300 -0.04242700 -0.25049000
v -0.02869300 -0.04242700 -0.25049000
v -0.02869300 -0.04242700 -0.16049000
v -0.02869300 -0.04242700 -0.16049000
v -0.02869300 -0.04242700 -0.16049000
v -0.02869300 -0.04242700 -0.16049000
v -0.02869300 -0.07964100 -0.19286200
v -0.02869300 -0.07964100 -0.19286200
v -0.02869300 -0.07964100 -0.19286200
v -0.02869300 -0.07964100 -0.19286200
v -0.02869300 0.07973900 -0.19221100
v -0.02869300 0.07973900 -0.19221100
v -0.02869300 0.07973900 -0.19221100
v -0.02869300 0.07973900 -0.19221100
v -0.02869300 0.07973900 -0.19221100
v -0.02869300 0.07973900 -0.19221100
v -0.02869300 0.04257300 -0.25049000
v -0.02869300 0.04257300 -0.25049000
v -0.02869300 0.04257300 -0.25049000
v -0.02869300 0.04257300 -0.25049000
v -0.02869300 0.04257300 -0.25049000
v -0.02869300 0.04257300 -0.25049000
v -0.02869300 0.04257300 -0.25049000
v -0.02869300 0.04257300 -0.25049000
v -0.02869300 -0.01155800 -0.29136700
v -0.02869300 -0.01155800 -0.29136700
v -0.02869300 -0.01155800 -0.29136700
v -0.02869300 -0.01155800 -0.29136700
v -0.02869300 -0.01155800 -0.29136700
v -0.02869300 -0.01155800 -0.29136700
v -0.02869300 -0.01155800 -0.29136700
v -0.02869300 -0.00384800 -0.29280800
v -0.02869300 -0.00384800 -0.29280800
v -0.02869300 -0.00384800 -0.29280800
v -0.02869300 -0.00384800 -0.29280800
v -0.02869300 -0.00384800 -0.29280800
v -0.02869300 -0.00384800 -0.29280800
v -0.02869300 0.06209700 -0.12255100
v -0.02869300 0.06209700 -0.12255100
v -0.02869300 0.06209700 -0.12255100
v -0.02869300 0.06209700 -0.12255100
v -0.02869300 0.06209700 -0.12255100
v -0.02869300 0.06209700 -0.12255100
v -0.02869300 0.04184900 -0.25829900
v -0.02869300 0.04184900 -0.25829900
v -0.02869300 0.04184900 -0.25829900
v -0.02869300 0.04184900 -0.25829900
v -0.02869300 0.04184900 -0.25829900
v -0.02869300 0.04184900 -0.25829900
v -0.02869300 0.03970300 -0.26584200
v -0.02869300 0.03970300 -0.26584200
v -0.02869300 0.03970300 -0.26584200
v -0.02869300 0.03970300 -0.26584200
v -0.02869300 0.03970300 -0.26584200
v -0.02869300 0.03970300 -0.26584200
v -0.02869300 0.03620700 -0.27286300
v -0.02869300 0.03620700 -0.27286300
v -0.02869300 0.03620700 -0.27286300
v -0.02869300 0.03620700 -0.27286300
v -0.02869300 0.03620700 -0.27286300
v -0.02869300 0.03620700 -0.27286300
v -0.02869300 -0.04170300 -0.25829900
v -0.02869300 -0.04170300 -0.25829900
v -0.02869300 -0.04170300 -0.25829900
v -0.02869300 -0.04170300 -0.25829900
v -0.02869300 -0.04170300 -0.25829900
v -0.02869300 -0.04170300 -0.25829900
v -0.02869300 -0.04170300 -0.25829900
v -0.02869300 0.03148100 -0.27912200
v -0.02869300 0.03148100 -0.27912200
v -0.02869300 0.03148100 -0.27912200
v -0.02869300 0.03148100 -0.27912200
v -0.02869300 0.03148100 -0.27912200
v -0.02869300 0.03148100 -0.27912200
v -0.02869300 0.02568500 -0.28440500
v -0.02869300 0.02568500 -0.28440500
v -0.02869300 0.02568500 -0.28440500
v -0.02869300 0.02568500 -0.28440500
v -0.02869300 0.02568500 -0.28440500
v -0.02869300 0.02568500 -0.28440500
v -0.02869300 0.02568500 -0.28440500
v -0.02869300 0.02568500 -0.28440500
v -0.02869300 -0.03955700 -0.26584200
v -0.02869300 -0.03955700 -0.26584200
v -0.02869300 -0.03955700 -0.26584200
v -0.02869300 -0.03955700 -0.26584200
v -0.02869300 -0.03955700 -0.26584200
v -0.02869300 -0.03955700 -0.26584200
v -0.04834300 0.07947600 -0.19437700
v -0.04834300 0.07947600 -0.19437700
v -0.04834300 0.07947600 -0.19437700
v -0.04834300 0.07947600 -0.19437700
v -0.04834300 0.07947600 -0.19437700
v -0.04834300 0.07947600 -0.19437700
v -0.04638500 0.06172100 -0.12251300
v -0.04638500 0.06172100 -0.12251300
v -0.04638500 0.06172100 -0.12251300
v -0.04638500 0.06172100 -0.12251300
v -0.04638500 0.06172100 -0.12251300
v -0.04638500 0.06172100 -0.12251300
v -0.04393500 -0.06317900 -0.12262300
v -0.04393500 -0.06317900 -0.12262300
v -0.04393500 -0.06317900 -0.12262300
v -0.04393500 -0.06317900 -0.12262300
v -0.04393500 -0.06317900 -0.12262300
v -0.04393500 -0.06317900 -0.12262300
v -0.05789000 -0.05691600 -0.13139000
v -0.05789000 -0.05691600 -0.13139000
v -0.05789000 -0.05691600 -0.13139000
v -0.05789000 -0.05691600 -0.13139000
v -0.05789000 -0.05691600 -0.13139000
v -0.05789000 -0.05691600 -0.13139000
v -0.05789000 -0.05691600 -0.13139000
v -0.05788200 0.05846500 -0.13308900
v -0.05788200 0.05846500 -0.13308900
v -0.05788200 0.05846500 -0.13308900
v -0.05788200 0.05846500 -0.13308900
v -0.05788200 0.05846500 -0.13308900
v -0.05782700 0.07144300 -0.19688900
v -0.05782700 0.07144300 -0.19688900
v -0.05782700 0.07144300 -0.19688900
v -0.05782700 0.07144300 -0.19688900
v -0.05782700 0.07144300 -0.19688900
v -0.05782700 0.07144300 -0.19688900
v -0.05800700 -0.06965000 -0.28067000
v -0.05800700 -0.06965000 -0.28067000
v -0.05800700 -0.06965000 -0.28067000
v -0.05800700 -0.06965000 -0.28067000
v -0.05800700 -0.06965000 -0.28067000
v -0.04816100 0.07758000 -0.28572000
v -0.04816100 0.07758000 -0.28572000
v -0.04816100 0.07758000 -0.28572000
v -0.04816100 0.07758000 -0.28572000
v -0.04816100 0.07758000 -0.28572000
v -0.04816100 0.07758000 -0.28572000
v -0.04816100 0.07758000 -0.28572000
v -0.04816100 0.07758000 -0.28572000
v -0.04938500 -0.07685400 -0.28645400
v -0.04938500 -0.07685400 -0.28645400
v -0.04938500 -0.07685400 -0.28645400
v -0.04938500 -0.07685400 -0.28645400
v -0.04938500 -0.07685400 -0.28645400
v -0.04938500 -0.07685400 -0.28645400
v -0.04938500 -0.07685400 -0.28645400
v -0.04938500 -0.07685400 -0.28645400
v -0.04938500 -0.07685400 -0.28645400
v -0.05770600 0.06931500 -0.28450000
v -0.05770600 0.06931500 -0.28450000
v -0.05770600 0.06931500 -0.28450000
v -0.05770600 0.06931500 -0.28450000
v -0.05770600 0.06931500 -0.28450000
v -0.05770600 0.06931500 -0.28450000
v -0.05195500 0.00964300 -0.34143300
v -0.05195500 0.00964300 -0.34143300
v -0.05195500 0.00964300 -0.34143300
v -0.05195500 0.00964300 -0.34143300
v -0.05195500 0.00964300 -0.34143300
v -0.05195500 0.00964300 -0.34143300
v 0.03130700 0.01660400 -0.10525400
v 0.03130700 0.01660400 -0.10525400
v 0.03130700 0.01660400 -0.10525400
v 0.03130700 0.01660400 -0.10525400
v 0.03130700 0.00864000 -0.09828500
v 0.03130700 0.00864000 -0.09828500
v 0.03130700 0.00864000 -0.09828500
v 0.03130700 0.00864000 -0.09828500
v 0.03130700 0.01483300 -0.12824600
v 0.03130700 0.01483300 -0.12824600
v 0.03130700 0.01483300 -0.12824600
v 0.03130700 0.01483300 -0.12824600
v 0.04030000 -0.04526900 0.09666700
v 0.04030000 -0.04526900 0.09666700
v 0.04030000 -0.04526900 0.09666700
v 0.04030000 -0.04526900 0.09666700
v 0.04030000 -0.04526900 0.09666700
v 0.04030000 -0.04526900 0.09666700
v 0.04030000 -0.04526900 0.09666700
v 0.04028500 0.04537000 0.09666000
v 0.04028500 0.04537000 0.09666000
v 0.04028500 0.04537000 0.09666000
v 0.04028500 0.04537000 0.09666000
v 0.04028500 0.04537000 0.09666000
v 0.04028500 0.04537000 0.09666000
v 0.04028500 0.04537000 0.09666000
v 0.04180500 -0.05823400 -0.13246200
v 0.04180500 -0.05823400 -0.13246200
v 0.04180500 -0.05823400 -0.13246200
v 0.04180500 -0.05823400 -0.13246200
v 0.04180500 -0.05823400 -0.13246200
v 0.04180500 -0.05823400 -0.13246200
v 0.04056600 0.02760900 -0.09984800
v 0.04056600 0.02760900 -0.09984800
v 0.04056600 0.02760900 -0.09984800
v 0.04056600 0.02760900 -0.09984800
v 0.04056600 0.02760900 -0.09984800
v 0.04052800 0.03744600 -0.05540600
v 0.04052800 0.03744600 -0.05540600
v 0.04052800 0.03744600 -0.05540600
v 0.04052800 0.03744600 -0.05540600
v 0.04052800 0.03744600 -0.05540600
v 0.03185500 0.03380200 0.03056800
v 0.03185500 0.03380200 0.03056800
v 0.03185500 0.03380200 0.03056800
v 0.03185500 0.03380200 0.03056800
v 0.03185500 0.03380200 0.03056800
v 0.03185500 0.03380200 0.03056800
v 0.03188200 0.03398500 -0.03311500
v 0.03188200 0.03398500 -0.03311500
v 0.03188200 0.03398500 -0.03311500
v 0.03188200 0.03398500 -0.03311500
v 0.03188200 0.03398500 -0.03311500
v 0.03188200 0.03398500 -0.03311500
v 0.03178500 0.01156100 0.09545600
v 0.03178500 0.01156100 0.09545600
v 0.03178500 0.01156100 0.09545600
v 0.03178500 0.01156100 0.09545600
v 0.03178500 0.01156100 0.09545600
v 0.04029500 0.01042800 0.09663900
v 0.04029500 0.01042800 0.09663900
v 0.04029500 0.01042800 0.09663900
v 0.04029500 0.01042800 0.09663900
v 0.04029500 0.01042800 0.09663900
v 0.04029500 0.01042800 0.09663900
v 0.03184000 0.03148900 -0.10252100
v 0.03184000 0.03148900 -0.10252100
v 0.03184000 0.03148900 -0.10252100
v 0.03184000 0.03148900 -0.10252100
v 0.03184000 0.03148900 -0.10252100
v 0.03184000 0.03148900 -0.10252100
v 0.03184000 0.03148900 -0.10252100
v 0.03190000 -0.03385700 -0.03312700
v 0.03190000 -0.03385700 -0.03312700
v 0.03190000 -0.03385700 -0.03312700
v 0.03190000 -0.03385700 -0.03312700
v 0.03190000 -0.03385700 -0.03312700
v 0.03191000 -0.03374400 0.03080500
v 0.03191000 -0.03374400 0.03080500
v 0.03191000 -0.03374400 0.03080500
v 0.03191000 -0.03374400 0.03080500
v 0.03191000 -0.03374400 0.03080500
v 0.03191000 -0.03374400 0.03080500
v 0.03142300 -0.06696600 -0.19832600
v 0.03142300 -0.06696600 -0.19832600
v 0.03142300 -0.06696600 -0.19832600
v 0.03142300 -0.06696600 -0.19832600
v 0.03142300 -0.06696600 -0.19832600
v 0.03142300 -0.06696600 -0.19832600
v 0.03142300 -0.06696600 -0.19832600
v 0.02984600 -0.07931500 -0.20125500
v 0.02984600 -0.07931500 -0.20125500
v 0.02984600 -0.07931500 -0.20125500
v 0.02984600 -0.07931500 -0.20125500
v 0.02984600 -0.07931500 -0.20125500
v 0.02984600 -0.07931500 -0.20125500
v 0.02984600 -0.07931500 -0.20125500
v 0.02984600 -0.07931500 -0.20125500
v 0.02750900 -0.07525000 -0.21579200
v 0.02750900 -0.07525000 -0.21579200
v 0.02750900 -0.07525000 -0.21579200
v 0.02750900 -0.07525000 -0.21579200
v 0.03042400 -0.07012100 -0.28205500
v 0.03042400 -0.07012100 -0.28205500
v 0.03042400 -0.07012100 -0.28205500
v 0.03042400 -0.07012100 -0.28205500
v 0.03042400 -0.07012100 -0.28205500
v 0.03042400 -0.07012100 -0.28205500
v 0.03042400 -0.07012100 -0.28205500
v 0.03042400 -0.07012100 -0.28205500
v 0.02093500 0.01691800 -0.33898900
v 0.02093500 0.01691800 -0.33898900
v 0.02093500 0.01691800 -0.33898900
v 0.02093500 0.01691800 -0.33898900
v 0.02093500 0.01691800 -0.33898900
v 0.02093500 0.01691800 -0.33898900
v 0.03085700 0.00204300 -0.33550700
v 0.03085700 0.00204300 -0.33550700
v 0.03085700 0.00204300 -0.33550700
v 0.03085700 0.00204300 -0.33550700
v 0.03085700 0.00204300 -0.33550700
v 0.03085700 0.00204300 -0.33550700
v 0.03085700 0.00204300 -0.33550700
v 0.02278000 -0.01146300 -0.34127100
v 0.02278000 -0.01146300 -0.34127100
v 0.02278000 -0.01146300 -0.34127100
v 0.02278000 -0.01146300 -0.34127100
v 0.02278000 -0.01146300 -0.34127100
v 0.02278000 -0.01146300 -0.34127100
v 0.03060000 0.06713200 -0.28683800
v 0.03060000 0.06713200 -0.28683800
v 0.03060000 0.06713200 -0.28683800
v 0.03060000 0.06713200 -0.28683800
v 0.03060000 0.06713200 -0.28683800
v 0.03060000 0.06713200 -0.28683800
v 0.04022900 -0.04273100 0.00027800
v 0.04022900 -0.04273100 0.00027800
v 0.04022900 -0.04273100 0.00027800
v 0.04022900 -0.04273100 0.00027800
v 0.04022900 -0.04273100 0.00027800
v 0.04022900 -0.04273100 0.00027800
v 0.04022900 -0.04273100 0.00027800
v 0.04022900 -0.04273100 0.00027800
v 0.04022900 -0.04273100 0.00027800
v 0.04022900 -0.04273100 0.00027800
v 0.04039600 -0.04995100 0.10641800
v 0.04039600 -0.04995100 0.10641800
v 0.04039600 -0.04995100 0.10641800
v 0.04039600 -0.04995100 0.10641800
v 0.04039600 -0.04995100 0.10641800
v 0.04039600 -0.04995100 0.10641800
v 0.04047300 -0.05614800 0.09583200
v 0.04047300 -0.05614800 0.09583200
v 0.04047300 -0.05614800 0.09583200
v 0.04047300 -0.05614800 0.09583200
v 0.04068900 0.04651300 0.10729500
v 0.04068900 0.04651300 0.10729500
v 0.04068900 0.04651300 0.10729500
v 0.04068900 0.04651300 0.10729500
v 0.04068900 0.04651300 0.10729500
v 0.04068900 0.04651300 0.10729500
v 0.04021000 0.05591200 0.09964700
v 0.04021000 0.05591200 0.09964700
v 0.04021000 0.05591200 0.09964700
v 0.04021000 0.05591200 0.09964700
v 0.03033800 0.07938400 -0.19922000
v 0.03033800 0.07938400 -0.19922000
v 0.03033800 0.07938400 -0.19922000
v 0.03033800 0.07938400 -0.19922000
v 0.03033800 0.07938400 -0.19922000
v 0.03033800 0.07938400 -0.19922000
v 0.02723000 0.07589300 -0.21600300
v 0.02723000 0.07589300 -0.21600300
v 0.02723000 0.07589300 -0.21600300
v 0.02723000 0.07589300 -0.21600300
v 0.04032500 0.03535200 0.03113800
v 0.04032500 0.03535200 0.03113800
v 0.04032500 0.03535200 0.03113800
v 0.04032500 0.03535200 0.03113800
v 0.04032500 0.03535200 0.03113800
v 0.04035700 0.01029200 -0.08345600
v 0.04035700 0.01029200 -0.08345600
v 0.04035700 0.01029200 -0.08345600
v 0.04035700 0.01029200 -0.08345600
v 0.04035700 0.01029200 -0.08345600
v 0.04035700 0.01029200 -0.08345600
v 0.04035700 0.01029200 -0.08345600
v 0.04035700 0.01029200 -0.08345600
v 0.04035700 0.01029200 -0.08345600
v 0.04008500 0.03033600 -0.12765400
v 0.04008500 0.03033600 -0.12765400
v 0.04008500 0.03033600 -0.12765400
v 0.04008500 0.03033600 -0.12765400
v 0.04008500 0.03033600 -0.12765400
v 0.04008500 0.03033600 -0.12765400
v 0.04034800 -0.01015600 -0.08346400
v 0.04034800 -0.01015600 -0.08346400
v 0.04034800 -0.01015600 -0.08346400
v 0.04034800 -0.01015600 -0.08346400
v 0.04034800 -0.01015600 -0.08346400
v 0.04034800 -0.01015600 -0.08346400
v 0.04030700 -0.01027000 0.09663900
v 0.04030700 -0.01027000 0.09663900
v 0.04030700 -0.01027000 0.09663900
v 0.04030700 -0.01027000 0.09663900
v 0.04030700 -0.01027000 0.09663900
v 0.04030700 -0.01027000 0.09663900
v 0.04030700 -0.01027000 0.09663900
v 0.04030700 -0.01027000 0.09663900
v 0.04033300 -0.03522300 0.03121800
v 0.04033300 -0.03522300 0.03121800
v 0.04033300 -0.03522300 0.03121800
v 0.04033300 -0.03522300 0.03121800
v 0.04033300 -0.03522300 0.03121800
v 0.04039600 -0.03685100 -0.05331600
v 0.04039600 -0.03685100 -0.05331600
v 0.04039600 -0.03685100 -0.05331600
v 0.04039600 -0.03685100 -0.05331600
v 0.04039600 -0.03685100 -0.05331600
v 0.04039600 -0.03685100 -0.05331600
v 0.03189000 0.04409400 0.09573300
v 0.03189000 0.04409400 0.09573300
v 0.03189000 0.04409400 0.09573300
v 0.03189000 0.04409400 0.09573300
v 0.03180800 0.01168600 -0.08274500
v 0.03180800 0.01168600 -0.08274500
v 0.03180800 0.01168600 -0.08274500
v 0.03180800 0.01168600 -0.08274500
v 0.03180800 0.01168600 -0.08274500
v 0.03202100 0.02993900 -0.12929200
v 0.03202100 0.02993900 -0.12929200
v 0.03202100 0.02993900 -0.12929200
v 0.03202100 0.02993900 -0.12929200
v 0.03202100 0.02993900 -0.12929200
v 0.03203000 0.02086400 -0.14136500
v 0.03203000 0.02086400 -0.14136500
v 0.03203000 0.02086400 -0.14136500
v 0.03203000 0.02086400 -0.14136500
v 0.03203000 0.02086400 -0.14136500
v 0.03218600 -0.03191800 -0.10405100
v 0.03218600 -0.03191800 -0.10405100
v 0.03218600 -0.03191800 -0.10405100
v 0.03218600 -0.03191800 -0.10405100
v 0.03218600 -0.03191800 -0.10405100
v 0.03182200 -0.01150700 -0.08273600
v 0.03182200 -0.01150700 -0.08273600
v 0.03182200 -0.01150700 -0.08273600
v 0.03182200 -0.01150700 -0.08273600
v 0.03182200 -0.01150700 -0.08273600
v 0.03182200 -0.01150700 -0.08273600
v 0.03182200 -0.01150700 -0.08273600
v 0.03178500 -0.01144300 0.09548400
v 0.03178500 -0.01144300 0.09548400
v 0.03178500 -0.01144300 0.09548400
v 0.03178500 -0.01144300 0.09548400
v 0.03178500 -0.01144300 0.09548400
v 0.03076300 0.00838800 -0.29356300
v 0.03076300 0.00838800 -0.29356300
v 0.03076300 0.00838800 -0.29356300
v 0.03076300 0.00838800 -0.29356300
v 0.03076300 0.00838800 -0.29356300
v 0.03649500 -0.03663100 0.16626200
v 0.03649500 -0.03663100 0.16626200
v 0.03649500 -0.03663100 0.16626200
v 0.03649500 -0.03663100 0.16626200
v 0.02783600 -0.04104100 0.19601600
v 0.02783600 -0.04104100 0.19601600
v 0.02783600 -0.04104100 0.19601600
v 0.02783600 -0.04104100 0.19601600
v 0.02783600 -0.04104100 0.19601600
v 0.02783600 -0.04104100 0.19601600
v 0.00534300 0.04318400 0.14445800
v 0.00534300 0.04318400 0.14445800
v 0.00534300 0.04318400 0.14445800
v 0.00534300 0.04318400 0.14445800
v 0.01558200 0.04219400 0.14695400
v 0.01558200 0.04219400 0.14695400
v 0.01558200 0.04219400 0.14695400
v 0.03747300 -0.03009100 0.16681900
v 0.03747300 -0.03009100 0.16681900
v 0.03747300 -0.03009100 0.16681900
v 0.03747300 -0.03009100 0.16681900
v 0.03747300 -0.03009100 0.16681900
v 0.03747300 -0.03009100 0.16681900
v 0.05666000 -0.01251400 0.16998500
v 0.05666000 -0.01251400 0.16998500
v 0.05666000 -0.01251400 0.16998500
v 0.05666000 -0.01251400 0.16998500
v 0.05666000 -0.01251400 0.16998500
v 0.05666000 -0.01251400 0.16998500
v 0.05666000 -0.01251400 0.16998500
v 0.04481200 -0.03106100 0.19764000
v 0.04481200 -0.03106100 0.19764000
v 0.04481200 -0.03106100 0.19764000
v 0.04481200 -0.03106100 0.19764000
v 0.04481200 -0.03106100 0.19764000
v 0.04481200 -0.03106100 0.19764000
v 0.05142400 -0.01203300 0.17005600
v 0.05142400 -0.01203300 0.17005600
v 0.05142400 -0.01203300 0.17005600
v 0.05142400 -0.01203300 0.17005600
v 0.05142400 -0.01203300 0.17005600
v 0.03876300 -0.03069900 0.19914000
v 0.03876300 -0.03069900 0.19914000
v 0.03876300 -0.03069900 0.19914000
v 0.03876300 -0.03069900 0.19914000
v 0.03876300 -0.03069900 0.19914000
v 0.03876300 -0.03069900 0.19914000
v 0.05408600 -0.01897100 0.19735400
v 0.05408600 -0.01897100 0.19735400
v 0.05408600 -0.01897100 0.19735400
v 0.05408600 -0.01897100 0.19735400
v 0.05832500 0.00775000 0.17048000
v 0.05832500 0.00775000 0.17048000
v 0.05832500 0.00775000 0.17048000
v 0.05832500 0.00775000 0.17048000
v 0.05281200 -0.00715000 0.20020900
v 0.05281200 -0.00715000 0.20020900
v 0.05281200 -0.00715000 0.20020900
v 0.05281200 -0.00715000 0.20020900
v 0.05281200 -0.00715000 0.20020900
v 0.05714700 -0.00759400 0.20141500
v 0.05714700 -0.00759400 0.20141500
v 0.05714700 -0.00759400 0.20141500
v 0.05714700 -0.00759400 0.20141500
v 0.05714700 -0.00759400 0.20141500
v 0.05714700 -0.00759400 0.20141500
v 0.05714700 -0.00759400 0.20141500
v 0.05199900 0.00940000 0.17046400
v 0.05199900 0.00940000 0.17046400
v 0.05199900 0.00940000 0.17046400
v 0.05199900 0.00940000 0.17046400
v 0.05199900 0.00940000 0.17046400
v 0.05199900 0.00940000 0.17046400
v 0.05515700 0.01646500 0.20295500
v 0.05515700 0.01646500 0.20295500
v 0.05515700 0.01646500 0.20295500
v 0.05515700 0.01646500 0.20295500
v 0.05515700 0.01646500 0.20295500
v 0.04912700 0.02163800 0.17392800
v 0.04912700 0.02163800 0.17392800
v 0.04912700 0.02163800 0.17392800
v 0.04912700 0.02163800 0.17392800
v 0.04912700 0.02163800 0.17392800
v 0.04912700 0.02163800 0.17392800
v 0.04912700 0.02163800 0.17392800
v 0.04912700 0.02163800 0.17392800
v 0.05266400 0.02098900 0.16932800
v 0.05266400 0.02098900 0.16932800
v 0.05266400 0.02098900 0.16932800
v 0.05266400 0.02098900 0.16932800
v 0.05266400 0.02098900 0.16932800
v 0.05266400 0.02098900 0.16932800
v 0.05164500 0.01254800 0.20195900
v 0.05164500 0.01254800 0.20195900
v 0.05164500 0.01254800 0.20195900
v 0.05164500 0.01254800 0.20195900
v 0.05164500 0.01254800 0.20195900
v 0.05164500 0.01254800 0.20195900
v 0.04480500 0.03247600 0.17283300
v 0.04480500 0.03247600 0.17283300
v 0.04480500 0.03247600 0.17283300
v 0.04480500 0.03247600 0.17283300
v 0.04542700 0.03106200 0.20065800
v 0.04542700 0.03106200 0.20065800
v 0.04542700 0.03106200 0.20065800
v 0.04542700 0.03106200 0.20065800
v 0.04542700 0.03106200 0.20065800
v 0.04542700 0.03106200 0.20065800
v 0.02214900 0.03837200 0.17437900
v 0.02214900 0.03837200 0.17437900
v 0.02214900 0.03837200 0.17437900
v 0.02214900 0.03837200 0.17437900
v 0.02214900 0.03837200 0.17437900
v 0.02214900 0.03837200 0.17437900
v 0.02908400 0.04212600 0.17429300
v 0.02908400 0.04212600 0.17429300
v 0.02908400 0.04212600 0.17429300
v 0.02908400 0.04212600 0.17429300
v 0.02908400 0.04212600 0.17429300
v 0.02908400 0.04212600 0.17429300
v 0.02908400 0.04212600 0.17429300
v 0.03814600 0.03053700 0.20160400
v 0.03814600 0.03053700 0.20160400
v 0.03814600 0.03053700 0.20160400
v 0.03814600 0.03053700 0.20160400
v 0.03814600 0.03053700 0.20160400
v 0.03101600 0.03923200 0.20581800
v 0.03101600 0.03923200 0.20581800
v 0.03101600 0.03923200 0.20581800
v 0.03101600 0.03923200 0.20581800
v 0.03101600 0.03923200 0.20581800
v 0.03101600 0.03923200 0.20581800
v 0.03101600 0.03923200 0.20581800
v 0.03101600 0.03923200 0.20581800
v 0.03293800 0.03952800 0.20240700
v 0.03293800 0.03952800 0.20240700
v 0.03293800 0.03952800 0.20240700
v 0.03293800 0.03952800 0.20240700
v 0.00515500 0.04321100 0.17386000
v 0.00515500 0.04321100 0.17386000
v 0.00515500 0.04321100 0.17386000
v 0.00515500 0.04321100 0.17386000
v 0.00515500 0.04321100 0.17386000
v 0.01962800 0.03840400 0.20209300
v 0.01962800 0.03840400 0.20209300
v 0.01962800 0.03840400 0.20209300
v 0.01962800 0.03840400 0.20209300
v 0.01962800 0.03840400 0.20209300
v 0.01962800 0.03840400 0.20209300
v 0.01962800 0.03840400 0.20209300
v 0.01962800 0.03840400 0.20209300
v 0.01654000 0.04338300 0.20459600
v 0.01654000 0.04338300 0.20459600
v 0.01654000 0.04338300 0.20459600
v 0.01654000 0.04338300 0.20459600
v 0.01654000 0.04338300 0.20459600
v 0.01526800 0.03989600 0.14295300
v 0.01526800 0.03989600 0.14295300
v 0.01526800 0.03989600 0.14295300
v 0.01526800 0.03989600 0.14295300
v 0.01526800 0.03989600 0.14295300
v -0.00610100 0.03427900 0.17829000
v -0.00610100 0.03427900 0.17829000
v -0.00610100 0.03427900 0.17829000
v -0.00610100 0.03427900 0.17829000
v -0.00610100 0.03427900 0.17829000
v -0.00610100 0.03427900 0.17829000
v -0.00610100 0.03427900 0.17829000
v -0.00531700 0.03776600 0.14773600
v -0.00531700 0.03776600 0.14773600
v -0.00531700 0.03776600 0.14773600
v -0.00531700 0.03776600 0.14773600
v -0.00531700 0.03776600 0.14773600
v -0.00531700 0.03776600 0.14773600
v -0.00796300 0.03045400 0.14555700
v -0.00796300 0.03045400 0.14555700
v -0.00796300 0.03045400 0.14555700
v -0.00796300 0.03045400 0.14555700
v -0.00796300 0.03045400 0.14555700
v -0.01683400 0.02850300 0.14816900
v -0.01683400 0.02850300 0.14816900
v -0.01683400 0.02850300 0.14816900
v -0.01683400 0.02850300 0.14816900
v -0.01683400 0.02850300 0.14816900
v -0.01683400 0.02850300 0.14816900
v -0.00038300 0.04060200 0.20487900
v -0.00038300 0.04060200 0.20487900
v -0.00038300 0.04060200 0.20487900
v -0.00038300 0.04060200 0.20487900
v -0.00038300 0.04060200 0.20487900
v -0.00038300 0.04060200 0.20487900
v -0.02430100 0.01791500 0.14599100
v -0.02430100 0.01791500 0.14599100
v -0.02430100 0.01791500 0.14599100
v -0.02430100 0.01791500 0.14599100
v -0.00201800 0.03547700 0.20782800
v -0.00201800 0.03547700 0.20782800
v -0.00201800 0.03547700 0.20782800
v -0.00201800 0.03547700 0.20782800
v -0.00201800 0.03547700 0.20782800
v -0.00201800 0.03547700 0.20782800
v -0.00201800 0.03547700 0.20782800
v -0.00917600 0.02979800 0.17493900
v -0.00917600 0.02979800 0.17493900
v -0.00917600 0.02979800 0.17493900
v -0.00917600 0.02979800 0.17493900
v -0.00917600 0.02979800 0.17493900
v -0.00917600 0.02979800 0.17493900
v -0.00917600 0.02979800 0.17493900
v -0.02120100 0.01173100 0.14800800
v -0.02120100 0.01173100 0.14800800
v -0.02120100 0.01173100 0.14800800
v -0.02120100 0.01173100 0.14800800
v -0.02120100 0.01173100 0.14800800
v -0.02120100 0.01173100 0.14800800
v -0.02310200 0.01978600 0.17639900
v -0.02310200 0.01978600 0.17639900
v -0.02310200 0.01978600 0.17639900
v -0.01668100 0.02834100 0.20403700
v -0.01668100 0.02834100 0.20403700
v -0.01668100 0.02834100 0.20403700
v -0.01668100 0.02834100 0.20403700
v -0.01668100 0.02834100 0.20403700
v -0.01668100 0.02834100 0.20403700
v -0.01367400 0.02813700 0.20861300
v -0.01367400 0.02813700 0.20861300
v -0.01367400 0.02813700 0.20861300
v -0.01367400 0.02813700 0.20861300
v -0.01367400 0.02813700 0.20861300
v -0.02686100 0.00493000 0.14876300
v -0.02686100 0.00493000 0.14876300
v -0.02686100 0.00493000 0.14876300
v -0.02686100 0.00493000 0.14876300
v -0.02686100 0.00493000 0.14876300
v -0.02686100 0.00493000 0.14876300
v -0.02708700 0.00663000 0.17854000
v -0.02708700 0.00663000 0.17854000
v -0.02708700 0.00663000 0.17854000
v -0.02708700 0.00663000 0.17854000
v -0.02708700 0.00663000 0.17854000
v -0.02708700 0.00663000 0.17854000
v -0.02708700 0.00663000 0.17854000
v -0.02708700 0.00663000 0.17854000
v -0.01987900 0.01368300 0.20614400
v -0.01987900 0.01368300 0.20614400
v -0.01987900 0.01368300 0.20614400
v -0.01987900 0.01368300 0.20614400
v -0.01987900 0.01368300 0.20614400
v -0.01987900 0.01368300 0.20614400
v -0.01987900 0.01368300 0.20614400
v -0.01987900 0.01368300 0.20614400
v -0.02221700 0.00511800 0.17812900
v -0.02221700 0.00511800 0.17812900
v -0.02221700 0.00511800 0.17812900
v -0.02221700 0.00511800 0.17812900
v -0.02221700 0.00511800 0.17812900
v -0.02537200 0.00980500 0.20942900
v -0.02537200 0.00980500 0.20942900
v -0.02537200 0.00980500 0.20942900
v -0.02537200 0.00980500 0.20942900
v -0.02537200 0.00980500 0.20942900
v -0.02537200 0.00980500 0.20942900
v -0.02555600 -0.01033200 0.14926300
v -0.02555600 -0.01033200 0.14926300
v -0.02555600 -0.01033200 0.14926300
v -0.02555600 -0.01033200 0.14926300
v -0.02555600 -0.01033200 0.14926300
v -0.01988600 -0.01267700 0.14917000
v -0.01988600 -0.01267700 0.14917000
v -0.01988600 -0.01267700 0.14917000
v -0.01988600 -0.01267700 0.14917000
v -0.01988600 -0.01267700 0.14917000
v -0.01988600 -0.01267700 0.14917000
v -0.02640000 -0.00789500 0.17849900
v -0.02640000 -0.00789500 0.17849900
v -0.02640000 -0.00789500 0.17849900
v -0.02640000 -0.00789500 0.17849900
v -0.01786300 -0.02467500 0.14608100
v -0.01786300 -0.02467500 0.14608100
v -0.01786300 -0.02467500 0.14608100
v -0.01786300 -0.02467500 0.14608100
v -0.01786300 -0.02467500 0.14608100
v -0.01786300 -0.02467500 0.14608100
v -0.02714000 -0.00710500 0.20842900
v -0.02714000 -0.00710500 0.20842900
v -0.02714000 -0.00710500 0.20842900
v -0.02714000 -0.00710500 0.20842900
v -0.02714000 -0.00710500 0.20842900
v -0.01497400 -0.02661500 0.18104700
v -0.01497400 -0.02661500 0.18104700
v -0.01497400 -0.02661500 0.18104700
v -0.01497400 -0.02661500 0.18104700
v -0.01497400 -0.02661500 0.18104700
v -0.01497400 -0.02661500 0.18104700
v -0.01497400 -0.02661500 0.18104700
v -0.01497400 -0.02661500 0.18104700
v -0.01582000 -0.02956500 0.17839800
v -0.01582000 -0.02956500 0.17839800
v -0.01582000 -0.02956500 0.17839800
v -0.01582000 -0.02956500 0.17839800
v -0.01582000 -0.02956500 0.17839800
v -0.02179900 -0.01344100 0.21045300
v -0.02179900 -0.01344100 0.21045300
v -0.02179900 -0.01344100 0.21045300
v -0.02179900 -0.01344100 0.21045300
v -0.02179900 -0.01344100 0.21045300
v -0.02179900 -0.01344100 0.21045300
v -0.02179900 -0.01344100 0.21045300
v -0.00319400 -0.03124200 0.14937200
v -0.00319400 -0.03124200 0.14937200
v -0.00319400 -0.03124200 0.14937200
v -0.00319400 -0.03124200 0.14937200
v -0.00319400 -0.03124200 0.14937200
v -0.00319400 -0.03124200 0.14937200
v -0.01124200 -0.03043800 0.15133200
v -0.01124200 -0.03043800 0.15133200
v -0.01124200 -0.03043800 0.15133200
v -0.01124200 -0.03043800 0.15133200
v -0.01124200 -0.03043800 0.15133200
v -0.01124200 -0.03043800 0.15133200
v -0.01944200 -0.01672100 0.20575400
v -0.01944200 -0.01672100 0.20575400
v -0.01944200 -0.01672100 0.20575400
v -0.01944200 -0.01672100 0.20575400
v -0.01944200 -0.01672100 0.20575400
v -0.01944200 -0.01672100 0.20575400
v -0.01944200 -0.01672100 0.20575400
v -0.01895000 -0.02568000 0.20874300
v -0.01895000 -0.02568000 0.20874300
v -0.01895000 -0.02568000 0.20874300
v -0.01895000 -0.02568000 0.20874300
v -0.01895000 -0.02568000 0.20874300
v -0.00795900 -0.02894900 0.17787200
v -0.00795900 -0.02894900 0.17787200
v -0.00795900 -0.02894900 0.17787200
v -0.00795900 -0.02894900 0.17787200
v -0.00935000 -0.02779900 0.20933200
v -0.00935000 -0.02779900 0.20933200
v -0.00935000 -0.02779900 0.20933200
v -0.00935000 -0.02779900 0.20933200
v -0.00935000 -0.02779900 0.20933200
v 0.00739200 -0.03967300 0.18233700
v 0.00739200 -0.03967300 0.18233700
v 0.00739200 -0.03967300 0.18233700
v 0.00739200 -0.03967300 0.18233700
v 0.00739200 -0.03967300 0.18233700
v 0.00739200 -0.03967300 0.18233700
v 0.00739200 -0.03967300 0.18233700
v 0.00739200 -0.03967300 0.18233700
v -0.00270400 -0.03849500 0.21106400
v -0.00270400 -0.03849500 0.21106400
v -0.00270400 -0.03849500 0.21106400
v -0.00270400 -0.03849500 0.21106400
v -0.00270400 -0.03849500 0.21106400
v -0.00270400 -0.03849500 0.21106400
v -0.00270400 -0.03849500 0.21106400
v 0.01761300 -0.04053200 0.14833000
v 0.01761300 -0.04053200 0.14833000
v 0.01761300 -0.04053200 0.14833000
v 0.01761300 -0.04053200 0.14833000
v 0.01761300 -0.04053200 0.14833000
v 0.01095500 -0.03650900 0.17908200
v 0.01095500 -0.03650900 0.17908200
v 0.01095500 -0.03650900 0.17908200
v 0.01095500 -0.03650900 0.17908200
v 0.01095500 -0.03650900 0.17908200
v 0.01900700 -0.03857500 0.15327300
v 0.01900700 -0.03857500 0.15327300
v 0.01900700 -0.03857500 0.15327300
v 0.01900700 -0.03857500 0.15327300
v 0.01900700 -0.03857500 0.15327300
v 0.01900700 -0.03857500 0.15327300
v 0.01900700 -0.03857500 0.15327300
v 0.01900700 -0.03857500 0.15327300
v 0.03240200 -0.03854600 0.15048100
v 0.03240200 -0.03854600 0.15048100
v 0.03240200 -0.03854600 0.15048100
v 0.03240200 -0.03854600 0.15048100
v 0.03240200 -0.03854600 0.15048100
v 0.03240200 -0.03854600 0.15048100
v 0.00655000 -0.03625400 0.21017800
v 0.00655000 -0.03625400 0.21017800
v 0.00655000 -0.03625400 0.21017800
v 0.00655000 -0.03625400 0.21017800
v 0.03069300 -0.03963700 0.18230100
v 0.03069300 -0.03963700 0.18230100
v 0.03069300 -0.03963700 0.18230100
v 0.03069300 -0.03963700 0.18230100
v 0.03069300 -0.03963700 0.18230100
v 0.01553900 -0.04284100 0.21157100
v 0.01553900 -0.04284100 0.21157100
v 0.01553900 -0.04284100 0.21157100
v 0.01553900 -0.04284100 0.21157100
v 0.01553900 -0.04284100 0.21157100
v 0.01553900 -0.04284100 0.21157100
v 0.03448000 -0.03157100 0.15067800
v 0.03448000 -0.03157100 0.15067800
v 0.03448000 -0.03157100 0.15067800
v 0.03448000 -0.03157100 0.15067800
v 0.03448000 -0.03157100 0.15067800
v 0.03448000 -0.03157100 0.15067800
v 0.03448000 -0.03157100 0.15067800
v 0.04051300 -0.03005100 0.15488500
v 0.04051300 -0.03005100 0.15488500
v 0.04051300 -0.03005100 0.15488500
v 0.04051300 -0.03005100 0.15488500
v 0.04051300 -0.03005100 0.15488500
v 0.04889600 -0.02606200 0.15404300
v 0.04889600 -0.02606200 0.15404300
v 0.04889600 -0.02606200 0.15404300
v 0.04889600 -0.02606200 0.15404300
v 0.04889600 -0.02606200 0.15404300
v 0.02701200 -0.04023800 0.20856000
v 0.02701200 -0.04023800 0.20856000
v 0.02701200 -0.04023800 0.20856000
v 0.02701200 -0.04023800 0.20856000
v 0.02701200 -0.04023800 0.20856000
v 0.02785900 -0.03537900 0.21135800
v 0.02785900 -0.03537900 0.21135800
v 0.02785900 -0.03537900 0.21135800
v 0.02785900 -0.03537900 0.21135800
v 0.02785900 -0.03537900 0.21135800
v 0.02785900 -0.03537900 0.21135800
v 0.04359200 -0.02839300 0.18516800
v 0.04359200 -0.02839300 0.18516800
v 0.04359200 -0.02839300 0.18516800
v 0.04359200 -0.02839300 0.18516800
v 0.04359200 -0.02839300 0.18516800
v 0.04256000 -0.02620200 0.18239000
v 0.04256000 -0.02620200 0.18239000
v 0.04256000 -0.02620200 0.18239000
v 0.04256000 -0.02620200 0.18239000
v 0.04256000 -0.02620200 0.18239000
v 0.04256000 -0.02620200 0.18239000
v 0.05210600 -0.02268400 0.18259500
v 0.05210600 -0.02268400 0.18259500
v 0.05210600 -0.02268400 0.18259500
v 0.05210600 -0.02268400 0.18259500
v 0.05210600 -0.02268400 0.18259500
v 0.05210600 -0.02268400 0.18259500
v 0.04906200 -0.01547700 0.15362600
v 0.04906200 -0.01547700 0.15362600
v 0.04906200 -0.01547700 0.15362600
v 0.04906200 -0.01547700 0.15362600
v 0.04906200 -0.01547700 0.15362600
v 0.04906200 -0.01547700 0.15362600
v 0.04607200 -0.03078600 0.21360800
v 0.04607200 -0.03078600 0.21360800
v 0.04607200 -0.03078600 0.21360800
v 0.04196700 -0.02619500 0.21300300
v 0.04196700 -0.02619500 0.21300300
v 0.04196700 -0.02619500 0.21300300
v 0.04196700 -0.02619500 0.21300300
v 0.05301400 0.00615700 0.15500400
v 0.05301400 0.00615700 0.15500400
v 0.05301400 0.00615700 0.15500400
v 0.05301400 0.00615700 0.15500400
v 0.05301400 0.00615700 0.15500400
v 0.05719200 0.00290800 0.15735800
v 0.05719200 0.00290800 0.15735800
v 0.05719200 0.00290800 0.15735800
v 0.05719200 0.00290800 0.15735800
v 0.05719200 0.00290800 0.15735800
v 0.05719200 0.00290800 0.15735800
v 0.05719200 0.00290800 0.15735800
v 0.05719200 0.00290800 0.15735800
v 0.05533700 -0.00673900 0.18689700
v 0.05533700 -0.00673900 0.18689700
v 0.05533700 -0.00673900 0.18689700
v 0.05533700 -0.00673900 0.18689700
v 0.05533700 -0.00673900 0.18689700
v 0.05533700 -0.00673900 0.18689700
v 0.05533700 -0.00673900 0.18689700
v 0.05722200 -0.00187800 0.18206300
v 0.05722200 -0.00187800 0.18206300
v 0.05722200 -0.00187800 0.18206300
v 0.05722200 -0.00187800 0.18206300
v 0.05722200 -0.00187800 0.18206300
v 0.05722200 -0.00187800 0.18206300
v 0.05722200 -0.00187800 0.18206300
v 0.05722200 -0.00187800 0.18206300
v 0.05371100 0.00180200 0.18509000
v 0.05371100 0.00180200 0.18509000
v 0.05371100 0.00180200 0.18509000
v 0.05371100 0.00180200 0.18509000
v 0.05371100 0.00180200 0.18509000
v 0.05371100 0.00180200 0.18509000
v 0.05493300 0.01734600 0.15770600
v 0.05493300 0.01734600 0.15770600
v 0.05493300 0.01734600 0.15770600
v 0.05493300 0.01734600 0.15770600
v 0.05780000 0.00916000 0.18585000
v 0.05780000 0.00916000 0.18585000
v 0.05780000 0.00916000 0.18585000
v 0.05780000 0.00916000 0.18585000
v 0.04441800 0.02711100 0.15503100
v 0.04441800 0.02711100 0.15503100
v 0.04441800 0.02711100 0.15503100
v 0.04441800 0.02711100 0.15503100
v 0.04441800 0.02711100 0.15503100
v 0.04441800 0.02711100 0.15503100
v 0.04224600 0.03564500 0.15647300
v 0.04224600 0.03564500 0.15647300
v 0.04224600 0.03564500 0.15647300
v 0.04224600 0.03564500 0.15647300
v 0.04224600 0.03564500 0.15647300
v 0.04224600 0.03564500 0.15647300
v 0.04325200 0.02918000 0.18992700
v 0.04325200 0.02918000 0.18992700
v 0.04325200 0.02918000 0.18992700
v 0.04325200 0.02918000 0.18992700
v 0.04325200 0.02918000 0.18992700
v 0.04325200 0.02918000 0.18992700
v 0.04325200 0.02918000 0.18992700
v 0.04325200 0.02918000 0.18992700
v 0.05164800 0.02470900 0.18612600
v 0.05164800 0.02470900 0.18612600
v 0.05164800 0.02470900 0.18612600
v 0.05164800 0.02470900 0.18612600
v 0.03670000 0.03546300 0.16032900
v 0.03670000 0.03546300 0.16032900
v 0.03670000 0.03546300 0.16032900
v 0.03670000 0.03546300 0.16032900
v 0.03670000 0.03546300 0.16032900
v 0.03670000 0.03546300 0.16032900
v 0.03670000 0.03546300 0.16032900
v 0.03670000 0.03546300 0.16032900
v 0.01577000 0.04461700 0.15882600
v 0.01577000 0.04461700 0.15882600
v 0.01577000 0.04461700 0.15882600
v 0.01577000 0.04461700 0.15882600
v 0.01577000 0.04461700 0.15882600
v 0.01577000 0.04461700 0.15882600
v 0.01938400 0.04001200 0.15671700
v 0.01938400 0.04001200 0.15671700
v 0.01938400 0.04001200 0.15671700
v 0.01938400 0.04001200 0.15671700
v 0.01938400 0.04001200 0.15671700
v 0.01938400 0.04001200 0.15671700
v -0.00192900 0.03774900 0.16288600
v -0.00192900 0.03774900 0.16288600
v -0.00192900 0.03774900 0.16288600
v -0.00192900 0.03774900 0.16288600
v -0.00192900 0.03774900 0.16288600
v -0.00192900 0.03774900 0.16288600
v -0.00192900 0.03774900 0.16288600
v -0.00192900 0.03774900 0.16288600
v 0.00558500 0.03775500 0.16019200
v 0.00558500 0.03775500 0.16019200
v 0.00558500 0.03775500 0.16019200
v 0.00558500 0.03775500 0.16019200
v 0.01439700 0.04243700 0.19173600
v 0.01439700 0.04243700 0.19173600
v 0.01439700 0.04243700 0.19173600
v 0.01439700 0.04243700 0.19173600
v 0.01439700 0.04243700 0.19173600
v 0.01439700 0.04243700 0.19173600
v -0.00387200 0.03933000 0.15946500
v -0.00387200 0.03933000 0.15946500
v -0.00387200 0.03933000 0.15946500
v -0.00387200 0.03933000 0.15946500
v -0.00112200 0.04098500 0.19094700
v -0.00112200 0.04098500 0.19094700
v -0.00112200 0.04098500 0.19094700
v -0.00112200 0.04098500 0.19094700
v -0.00112200 0.04098500 0.19094700
v 0.00174500 0.03637200 0.18917300
v 0.00174500 0.03637200 0.18917300
v 0.00174500 0.03637200 0.18917300
v 0.00174500 0.03637200 0.18917300
v 0.00174500 0.03637200 0.18917300
v -0.01443200 0.03155700 0.16231500
v -0.01443200 0.03155700 0.16231500
v -0.01443200 0.03155700 0.16231500
v -0.01443200 0.03155700 0.16231500
v -0.01443200 0.03155700 0.16231500
v -0.01273500 0.02810800 0.19349700
v -0.01273500 0.02810800 0.19349700
v -0.01273500 0.02810800 0.19349700
v -0.01273500 0.02810800 0.19349700
v -0.01273500 0.02810800 0.19349700
v -0.01273500 0.02810800 0.19349700
v -0.01273500 0.02810800 0.19349700
v -0.02415800 0.01808200 0.16153000
v -0.02415800 0.01808200 0.16153000
v -0.02415800 0.01808200 0.16153000
v -0.02415800 0.01808200 0.16153000
v -0.02213300 0.02194200 0.19111200
v -0.02213300 0.02194200 0.19111200
v -0.02213300 0.02194200 0.19111200
v -0.02213300 0.02194200 0.19111200
v -0.02213300 0.02194200 0.19111200
v -0.02213300 0.02194200 0.19111200
v -0.02319500 0.01174300 0.16456600
v -0.02319500 0.01174300 0.16456600
v -0.02319500 0.01174300 0.16456600
v -0.02319500 0.01174300 0.16456600
v -0.02319500 0.01174300 0.16456600
v -0.02319500 0.01174300 0.16456600
v -0.02319500 0.01174300 0.16456600
v -0.02074900 0.01260800 0.16041100
v -0.02074900 0.01260800 0.16041100
v -0.02074900 0.01260800 0.16041100
v -0.02074900 0.01260800 0.16041100
v -0.02074900 0.01260800 0.16041100
v -0.02676600 -0.00772200 0.16116600
v -0.02676600 -0.00772200 0.16116600
v -0.02676600 -0.00772200 0.16116600
v -0.02676600 -0.00772200 0.16116600
v -0.02676600 -0.00772200 0.16116600
v -0.02676600 -0.00772200 0.16116600
v -0.02676600 -0.00772200 0.16116600
v -0.02676600 -0.00772200 0.16116600
v -0.02284800 0.00785100 0.19451800
v -0.02284800 0.00785100 0.19451800
v -0.02284800 0.00785100 0.19451800
v -0.02284800 0.00785100 0.19451800
v -0.02284800 0.00785100 0.19451800
v -0.02284800 0.00785100 0.19451800
v -0.02113600 -0.00678800 0.16233000
v -0.02113600 -0.00678800 0.16233000
v -0.02113600 -0.00678800 0.16233000
v -0.02113600 -0.00678800 0.16233000
v -0.02113600 -0.00678800 0.16233000
v -0.02754700 -0.00213100 0.19244200
v -0.02754700 -0.00213100 0.19244200
v -0.02754700 -0.00213100 0.19244200
v -0.02754700 -0.00213100 0.19244200
v -0.02754700 -0.00213100 0.19244200
v -0.01900900 -0.02234200 0.16572500
v -0.01900900 -0.02234200 0.16572500
v -0.01900900 -0.02234200 0.16572500
v -0.01900900 -0.02234200 0.16572500
v -0.01900900 -0.02234200 0.16572500
v -0.01900900 -0.02234200 0.16572500
v -0.01764600 -0.01624900 0.19265200
v -0.01764600 -0.01624900 0.19265200
v -0.01764600 -0.01624900 0.19265200
v -0.01764600 -0.01624900 0.19265200
v -0.01764600 -0.01624900 0.19265200
v -0.01764600 -0.01624900 0.19265200
v -0.01082800 -0.03261400 0.16197300
v -0.01082800 -0.03261400 0.16197300
v -0.01082800 -0.03261400 0.16197300
v -0.01082800 -0.03261400 0.16197300
v -0.01082800 -0.03261400 0.16197300
v -0.01082800 -0.03261400 0.16197300
v -0.00420500 -0.03456200 0.16678000
v -0.00420500 -0.03456200 0.16678000
v -0.00420500 -0.03456200 0.16678000
v -0.00420500 -0.03456200 0.16678000
v -0.00420500 -0.03456200 0.16678000
v -0.00708500 -0.02964800 0.16379200
v -0.00708500 -0.02964800 0.16379200
v -0.00708500 -0.02964800 0.16379200
v -0.00708500 -0.02964800 0.16379200
v -0.00708500 -0.02964800 0.16379200
v -0.00708500 -0.02964800 0.16379200
v -0.00708500 -0.02964800 0.16379200
v -0.01173600 -0.03136500 0.19128300
v -0.01173600 -0.03136500 0.19128300
v -0.01173600 -0.03136500 0.19128300
v -0.01173600 -0.03136500 0.19128300
v -0.01173600 -0.03136500 0.19128300
v -0.01173600 -0.03136500 0.19128300
v -0.01173600 -0.03136500 0.19128300
v -0.01173600 -0.03136500 0.19128300
v -0.00166800 -0.03313400 0.19464100
v -0.00166800 -0.03313400 0.19464100
v -0.00166800 -0.03313400 0.19464100
v -0.00166800 -0.03313400 0.19464100
v -0.00166800 -0.03313400 0.19464100
v 0.01225900 -0.04221000 0.16514400
v 0.01225900 -0.04221000 0.16514400
v 0.01225900 -0.04221000 0.16514400
v 0.01225900 -0.04221000 0.16514400
v 0.01225900 -0.04221000 0.16514400
v 0.01225900 -0.04221000 0.16514400
v -0.00886100 -0.03193600 0.19645900
v -0.00886100 -0.03193600 0.19645900
v -0.00886100 -0.03193600 0.19645900
v -0.00886100 -0.03193600 0.19645900
v -0.00886100 -0.03193600 0.19645900
v -0.00886100 -0.03193600 0.19645900
v 0.00394700 -0.04089000 0.19508800
v 0.00394700 -0.04089000 0.19508800
v 0.00394700 -0.04089000 0.19508800
v 0.00394700 -0.04089000 0.19508800
v 0.00394700 -0.04089000 0.19508800
v 0.01192700 -0.03691900 0.16726000
v 0.01192700 -0.03691900 0.16726000
v 0.01192700 -0.03691900 0.16726000
v 0.01192700 -0.03691900 0.16726000
v 0.01192700 -0.03691900 0.16726000
v 0.01192700 -0.03691900 0.16726000
v 0.03751700 -0.03533500 0.16924000
v 0.03751700 -0.03533500 0.16924000
v 0.03751700 -0.03533500 0.16924000
v 0.03751700 -0.03533500 0.16924000
v 0.03751700 -0.03533500 0.16924000
v 0.03751700 -0.03533500 0.16924000
v 0.03751700 -0.03533500 0.16924000
v 0.01949000 -0.03838000 0.19813600
v 0.01949000 -0.03838000 0.19813600
v 0.01949000 -0.03838000 0.19813600
v 0.01949000 -0.03838000 0.19813600
v 0.01949000 -0.03838000 0.19813600
v 0.01949000 -0.03838000 0.19813600
v 0.01949000 -0.03838000 0.19813600
v 0.01949000 -0.03838000 0.19813600
v 0.05600800 0.00860100 0.19754600
v 0.05600800 0.00860100 0.19754600
v 0.05600800 0.00860100 0.19754600
v 0.05600800 0.00860100 0.19754600
v 0.05600800 0.00860100 0.19754600
v 0.05600800 0.00860100 0.19754600
v 0.05600800 0.00860100 0.19754600
v 0.05600800 0.00860100 0.19754600
v 0.05494500 -0.00771100 0.16645600
v 0.05494500 -0.00771100 0.16645600
v 0.05494500 -0.00771100 0.16645600
v 0.05494500 -0.00771100 0.16645600
v 0.05494500 -0.00771100 0.16645600
v 0.05494500 -0.00771100 0.16645600
v 0.05494500 -0.00771100 0.16645600
v 0.04305400 0.03031500 0.16939400
v 0.04305400 0.03031500 0.16939400
v 0.04305400 0.03031500 0.16939400
v 0.04305400 0.03031500 0.16939400
v 0.04305400 0.03031500 0.16939400
v 0.04305400 0.03031500 0.16939400
v 0.04305400 0.03031500 0.16939400
v 0.01729500 0.04100400 0.17145500
v 0.01729500 0.04100400 0.17145500
v 0.01729500 0.04100400 0.17145500
v 0.01729500 0.04100400 0.17145500
v 0.01729500 0.04100400 0.17145500
v -0.00106100 0.03593900 0.20272200
v -0.00106100 0.03593900 0.20272200
v -0.00106100 0.03593900 0.20272200
v -0.00106100 0.03593900 0.20272200
v -0.00106100 0.03593900 0.20272200
v -0.02624600 0.00385600 0.20487700
v -0.02624600 0.00385600 0.20487700
v -0.02624600 0.00385600 0.20487700
v -0.02624600 0.00385600 0.20487700
v -0.02624600 0.00385600 0.20487700
v -0.01617500 0.02951700 0.17403400
v -0.01617500 0.02951700 0.17403400
v -0.01617500 0.02951700 0.17403400
v -0.01617500 0.02951700 0.17403400
v -0.01617500 0.02951700 0.17403400
v -0.01617500 0.02951700 0.17403400
v -0.01617500 0.02951700 0.17403400
v -0.01184300 0.03269900 0.14322700
v -0.01184300 0.03269900 0.14322700
v -0.01184300 0.03269900 0.14322700
v -0.01184300 0.03269900 0.14322700
v -0.01184300 0.03269900 0.14322700
v -0.01184300 0.03269900 0.14322700
v -0.01184300 0.03269900 0.14322700
v -0.01184300 0.03269900 0.14322700
v -0.02193800 -0.00869600 0.17540300
v -0.02193800 -0.00869600 0.17540300
v -0.02193800 -0.00869600 0.17540300
v -0.02193800 -0.00869600 0.17540300
v -0.02193800 -0.00869600 0.17540300
v -0.02193800 -0.00869600 0.17540300
v -0.02193800 -0.00869600 0.17540300
v -0.02193800 -0.00869600 0.17540300
v -0.02485300 -0.00540600 0.14505300
v -0.02485300 -0.00540600 0.14505300
v -0.02485300 -0.00540600 0.14505300
v -0.02485300 -0.00540600 0.14505300
v -0.02485300 -0.00540600 0.14505300
v -0.02485300 -0.00540600 0.14505300
v -0.02485300 -0.00540600 0.14505300
v -0.02485300 -0.00540600 0.14505300
v -0.00126000 -0.03674800 0.20655200
v -0.00126000 -0.03674800 0.20655200
v -0.00126000 -0.03674800 0.20655200
v -0.00126000 -0.03674800 0.20655200
v -0.00126000 -0.03674800 0.20655200
v -0.00126000 -0.03674800 0.20655200
v -0.00126000 -0.03674800 0.20655200
v -0.00126000 -0.03674800 0.20655200
v 0.00471100 -0.04005000 0.17723600
v 0.00471100 -0.04005000 0.17723600
v 0.00471100 -0.04005000 0.17723600
v 0.00471100 -0.04005000 0.17723600
v 0.00471100 -0.04005000 0.17723600
v 0.00471100 -0.04005000 0.17723600
v 0.00471100 -0.04005000 0.17723600
v 0.01056300 -0.03649600 0.14841300
v 0.01056300 -0.03649600 0.14841300
v 0.01056300 -0.03649600 0.14841300
v 0.01056300 -0.03649600 0.14841300
v 0.01056300 -0.03649600 0.14841300
v 0.01056300 -0.03649600 0.14841300
v 0.03549200 -0.03394200 0.17887900
v 0.03549200 -0.03394200 0.17887900
v 0.03549200 -0.03394200 0.17887900
v 0.03549200 -0.03394200 0.17887900
v 0.03549200 -0.03394200 0.17887900
v 0.03549200 -0.03394200 0.17887900
v 0.03549200 -0.03394200 0.17887900
v 0.00462400 -0.04057300 0.14959900
v 0.00462400 -0.04057300 0.14959900
v 0.00462400 -0.04057300 0.14959900
v 0.00462400 -0.04057300 0.14959900
v 0.00462400 -0.04057300 0.14959900
v 0.05157300 -0.01762800 0.18054400
v 0.05157300 -0.01762800 0.18054400
v 0.05157300 -0.01762800 0.18054400
v 0.05157300 -0.01762800 0.18054400
v 0.05157300 -0.01762800 0.18054400
v 0.05545100 -0.01318900 0.15165200
v 0.05545100 -0.01318900 0.15165200
v 0.05545100 -0.01318900 0.15165200
v 0.05545100 -0.01318900 0.15165200
v 0.05545100 -0.01318900 0.15165200
v 0.05545100 -0.01318900 0.15165200
v 0.05545100 -0.01318900 0.15165200
v 0.04880400 0.01974500 0.18491700
v 0.04880400 0.01974500 0.18491700
v 0.04880400 0.01974500 0.18491700
v 0.04880400 0.01974500 0.18491700
v 0.04880400 0.01974500 0.18491700
v 0.05710000 0.00531200 0.15236500
v 0.05710000 0.00531200 0.15236500
v 0.05710000 0.00531200 0.15236500
v 0.05710000 0.00531200 0.15236500
v 0.05710000 0.00531200 0.15236500
v 0.05710000 0.00531200 0.15236500
v 0.02946700 0.04154600 0.18638200
v 0.02946700 0.04154600 0.18638200
v 0.02946700 0.04154600 0.18638200
v 0.02946700 0.04154600 0.18638200
v 0.02946700 0.04154600 0.18638200
v 0.02946700 0.04154600 0.18638200
v 0.02946700 0.04154600 0.18638200
v 0.02946700 0.04154600 0.18638200
v 0.02946700 0.04154600 0.18638200
v 0.02885800 0.03570600 0.18767800
v 0.02885800 0.03570600 0.18767800
v 0.02885800 0.03570600 0.18767800
v 0.02885800 0.03570600 0.18767800
v 0.02885800 0.03570600 0.18767800
v -0.00490300 0.03678000 0.18797400
v -0.00490300 0.03678000 0.18797400
v -0.00490300 0.03678000 0.18797400
v -0.00490300 0.03678000 0.18797400
v -0.00490300 0.03678000 0.18797400
v -0.00490300 0.03678000 0.18797400
v -0.01361500 0.02792900 0.15826300
v -0.01361500 0.02792900 0.15826300
v -0.01361500 0.02792900 0.15826300
v -0.01361500 0.02792900 0.15826300
v -0.01361500 0.02792900 0.15826300
v -0.01361500 0.02792900 0.15826300
v -0.01361500 0.02792900 0.15826300
v -0.01361500 0.02792900 0.15826300
v -0.01361500 0.02792900 0.15826300
v -0.02341000 0.00977900 0.18921100
v -0.02341000 0.00977900 0.18921100
v -0.02341000 0.00977900 0.18921100
v -0.02341000 0.00977900 0.18921100
v -0.02341000 0.00977900 0.18921100
v -0.02341000 0.00977900 0.18921100
v -0.02341000 0.00977900 0.18921100
v -0.02208500 -0.02041300 0.19442500
v -0.02208500 -0.02041300 0.19442500
v -0.02208500 -0.02041300 0.19442500
v -0.02208500 -0.02041300 0.19442500
v -0.02208500 -0.02041300 0.19442500
v 0.00733300 -0.03889700 0.19205700
v 0.00733300 -0.03889700 0.19205700
v 0.00733300 -0.03889700 0.19205700
v 0.00733300 -0.03889700 0.19205700
v 0.00733300 -0.03889700 0.19205700
v 0.00733300 -0.03889700 0.19205700
v 0.03029200 -0.03672100 0.19342600
v 0.03029200 -0.03672100 0.19342600
v 0.03029200 -0.03672100 0.19342600
v 0.03029200 -0.03672100 0.19342600
v 0.03029200 -0.03672100 0.19342600
v 0.02642600 -0.03839200 0.16336400
v 0.02642600 -0.03839200 0.16336400
v 0.02642600 -0.03839200 0.16336400
v 0.02642600 -0.03839200 0.16336400
v 0.02642600 -0.03839200 0.16336400
v 0.02642600 -0.03839200 0.16336400
v 0.02642600 -0.03839200 0.16336400
v 0.04616000 -0.02489800 0.19502700
v 0.04616000 -0.02489800 0.19502700
v 0.04616000 -0.02489800 0.19502700
v 0.04616000 -0.02489800 0.19502700
v 0.04616000 -0.02489800 0.19502700
v 0.04616000 -0.02489800 0.19502700
v 0.04616000 -0.02489800 0.19502700
v 0.04966900 -0.02299500 0.16540400
v 0.04966900 -0.02299500 0.16540400
v 0.04966900 -0.02299500 0.16540400
v 0.04966900 -0.02299500 0.16540400
v 0.04966900 -0.02299500 0.16540400
v 0.04966900 -0.02299500 0.16540400
v 0.01348500 -0.02915700 -0.15852900
v 0.01348500 -0.02915700 -0.15852900
v 0.01348500 -0.02915700 -0.15852900
v 0.01348500 -0.02915700 -0.15852900
v 0.01348500 -0.02915700 -0.15852900
v 0.01348500 -0.02915700 -0.15852900
v 0.02553100 -0.02122700 -0.18437800
v 0.02553100 -0.02122700 -0.18437800
v 0.02553100 -0.02122700 -0.18437800
v 0.02553100 -0.02122700 -0.18437800
v 0.02553100 -0.02122700 -0.18437800
v 0.02553100 -0.02122700 -0.18437800
v 0.02553100 -0.02122700 -0.18437800
v 0.02553100 -0.02122700 -0.18437800
v 0.01177000 -0.03552400 -0.18537400
v 0.01177000 -0.03552400 -0.18537400
v 0.01177000 -0.03552400 -0.18537400
v 0.01177000 -0.03552400 -0.18537400
v 0.01177000 -0.03552400 -0.18537400
v 0.00050400 -0.04279000 -0.15862900
v 0.00050400 -0.04279000 -0.15862900
v 0.00050400 -0.04279000 -0.15862900
v 0.00050400 -0.04279000 -0.15862900
v 0.00050400 -0.04279000 -0.15862900
v -0.01191400 0.03920200 -0.20957100
v -0.01191400 0.03920200 -0.20957100
v -0.01191400 0.03920200 -0.20957100
v 0.01400700 -0.02967800 -0.18879000
v 0.01400700 -0.02967800 -0.18879000
v 0.01400700 -0.02967800 -0.18879000
v 0.01400700 -0.02967800 -0.18879000
v 0.01400700 -0.02967800 -0.18879000
v 0.01400700 -0.02967800 -0.18879000
v 0.02027700 -0.02967200 -0.15870500
v 0.02027700 -0.02967200 -0.15870500
v 0.02027700 -0.02967200 -0.15870500
v 0.02027700 -0.02967200 -0.15870500
v 0.02027700 -0.02967200 -0.15870500
v 0.02392700 -0.01443400 -0.18518400
v 0.02392700 -0.01443400 -0.18518400
v 0.02392700 -0.01443400 -0.18518400
v 0.02392700 -0.01443400 -0.18518400
v 0.01855200 -0.02819800 -0.15475100
v 0.01855200 -0.02819800 -0.15475100
v 0.01855200 -0.02819800 -0.15475100
v 0.01855200 -0.02819800 -0.15475100
v 0.01855200 -0.02819800 -0.15475100
v 0.01855200 -0.02819800 -0.15475100
v 0.01855200 -0.02819800 -0.15475100
v 0.02958100 -0.01203800 -0.15784300
v 0.02958100 -0.01203800 -0.15784300
v 0.02958100 -0.01203800 -0.15784300
v 0.02958100 -0.01203800 -0.15784300
v 0.02958100 -0.01203800 -0.15784300
v 0.02958100 -0.01203800 -0.15784300
v 0.03082800 0.00535200 -0.18527700
v 0.03082800 0.00535200 -0.18527700
v 0.03082800 0.00535200 -0.18527700
v 0.03082800 0.00535200 -0.18527700
v 0.02643100 -0.00398100 -0.15478100
v 0.02643100 -0.00398100 -0.15478100
v 0.02643100 -0.00398100 -0.15478100
v 0.02643100 -0.00398100 -0.15478100
v 0.02643100 -0.00398100 -0.15478100
v 0.02643100 -0.00398100 -0.15478100
v 0.02871200 0.00544700 -0.15301600
v 0.02871200 0.00544700 -0.15301600
v 0.02871200 0.00544700 -0.15301600
v 0.02871200 0.00544700 -0.15301600
v 0.02871200 0.00544700 -0.15301600
v 0.02871200 0.00544700 -0.15301600
v 0.02871200 0.00544700 -0.15301600
v 0.02450200 0.00700200 -0.18533700
v 0.02450200 0.00700200 -0.18533700
v 0.02450200 0.00700200 -0.18533700
v 0.02450200 0.00700200 -0.18533700
v 0.02450200 0.00700200 -0.18533700
v 0.02450200 0.00700200 -0.18533700
v 0.02163000 0.01932600 -0.18219400
v 0.02163000 0.01932600 -0.18219400
v 0.02163000 0.01932600 -0.18219400
v 0.02163000 0.01932600 -0.18219400
v 0.02163000 0.01932600 -0.18219400
v 0.02163000 0.01932600 -0.18219400
v 0.02163000 0.01932600 -0.18219400
v 0.02163000 0.01932600 -0.18219400
v 0.02516700 0.01855700 -0.18677600
v 0.02516700 0.01855700 -0.18677600
v 0.02516700 0.01855700 -0.18677600
v 0.02516700 0.01855700 -0.18677600
v 0.02516700 0.01855700 -0.18677600
v 0.02516700 0.01855700 -0.18677600
v 0.02179800 0.02637700 -0.15359600
v 0.02179800 0.02637700 -0.15359600
v 0.02179800 0.02637700 -0.15359600
v 0.02179800 0.02637700 -0.15359600
v 0.02179800 0.02637700 -0.15359600
v 0.02179800 0.02637700 -0.15359600
v 0.02179800 0.02637700 -0.15359600
v 0.01730800 0.03013200 -0.18357300
v 0.01730800 0.03013200 -0.18357300
v 0.01730800 0.03013200 -0.18357300
v 0.01730800 0.03013200 -0.18357300
v 0.01730800 0.03013200 -0.18357300
v -0.00305700 0.03565000 -0.18376600
v -0.00305700 0.03565000 -0.18376600
v -0.00305700 0.03565000 -0.18376600
v -0.00305700 0.03565000 -0.18376600
v -0.00305700 0.03565000 -0.18376600
v -0.00305700 0.03565000 -0.18376600
v 0.00251500 0.03570900 -0.18038700
v 0.00251500 0.03570900 -0.18038700
v 0.00251500 0.03570900 -0.18038700
v 0.00251500 0.03570900 -0.18038700
v 0.00251500 0.03570900 -0.18038700
v 0.00992500 0.02940000 -0.15312200
v 0.00992500 0.02940000 -0.15312200
v 0.00992500 0.02940000 -0.15312200
v 0.00992500 0.02940000 -0.15312200
v 0.00992500 0.02940000 -0.15312200
v 0.00992500 0.02940000 -0.15312200
v 0.00549200 0.03819000 -0.15341500
v 0.00549200 0.03819000 -0.15341500
v 0.00549200 0.03819000 -0.15341500
v -0.00909300 0.04064600 -0.18026300
v -0.00909300 0.04064600 -0.18026300
v -0.00909300 0.04064600 -0.18026300
v -0.00909300 0.04064600 -0.18026300
v -0.00909300 0.04064600 -0.18026300
v -0.02313100 0.04058400 -0.18214800
v -0.02313100 0.04058400 -0.18214800
v -0.02313100 0.04058400 -0.18214800
v -0.02313100 0.04058400 -0.18214800
v -0.02313100 0.04058400 -0.18214800
v -0.01224700 0.03668100 -0.21341400
v -0.01224700 0.03668100 -0.21341400
v -0.01224700 0.03668100 -0.21341400
v -0.01224700 0.03668100 -0.21341400
v -0.00527000 0.04027600 -0.15041100
v -0.00527000 0.04027600 -0.15041100
v -0.00527000 0.04027600 -0.15041100
v -0.00527000 0.04027600 -0.15041100
v -0.00527000 0.04027600 -0.15041100
v -0.00527000 0.04027600 -0.15041100
v -0.00527000 0.04027600 -0.15041100
v -0.02971100 0.03504400 -0.20850700
v -0.02971100 0.03504400 -0.20850700
v -0.02971100 0.03504400 -0.20850700
v -0.02971100 0.03504400 -0.20850700
v -0.02971100 0.03504400 -0.20850700
v -0.02971100 0.03504400 -0.20850700
v -0.01802300 0.03727800 -0.15314800
v -0.01802300 0.03727800 -0.15314800
v -0.01802300 0.03727800 -0.15314800
v -0.01802300 0.03727800 -0.15314800
v -0.01802300 0.03727800 -0.15314800
v -0.01802300 0.03727800 -0.15314800
v -0.01802300 0.03727800 -0.15314800
v -0.02712900 0.03853800 -0.21348800
v -0.02712900 0.03853800 -0.21348800
v -0.02712900 0.03853800 -0.21348800
v -0.02712900 0.03853800 -0.21348800
v -0.02712900 0.03853800 -0.21348800
v -0.01901800 0.04134200 -0.15167300
v -0.01901800 0.04134200 -0.15167300
v -0.01901800 0.04134200 -0.15167300
v -0.01901800 0.04134200 -0.15167300
v -0.02739200 0.03307400 -0.17992900
v -0.02739200 0.03307400 -0.17992900
v -0.02739200 0.03307400 -0.17992900
v -0.02739200 0.03307400 -0.17992900
v -0.02739200 0.03307400 -0.17992900
v -0.02739200 0.03307400 -0.17992900
v -0.02739200 0.03307400 -0.17992900
v -0.04274000 0.02408400 -0.21271200
v -0.04274000 0.02408400 -0.21271200
v -0.04274000 0.02408400 -0.21271200
v -0.04274000 0.02408400 -0.21271200
v -0.04274000 0.02408400 -0.21271200
v -0.04274000 0.02408400 -0.21271200
v -0.04274000 0.02408400 -0.21271200
v -0.04828200 0.02140600 -0.20831400
v -0.04828200 0.02140600 -0.20831400
v -0.04828200 0.02140600 -0.20831400
v -0.04828200 0.02140600 -0.20831400
v -0.04828200 0.02140600 -0.20831400
v -0.04828200 0.02140600 -0.20831400
v -0.04828200 0.02140600 -0.20831400
v -0.02537200 0.03671300 -0.14895300
v -0.02537200 0.03671300 -0.14895300
v -0.02537200 0.03671300 -0.14895300
v -0.02537200 0.03671300 -0.14895300
v -0.02537200 0.03671300 -0.14895300
v -0.02921400 0.03636400 -0.15394700
v -0.02921400 0.03636400 -0.15394700
v -0.02921400 0.03636400 -0.15394700
v -0.02921400 0.03636400 -0.15394700
v -0.02921400 0.03636400 -0.15394700
v -0.02921400 0.03636400 -0.15394700
v -0.02921400 0.03636400 -0.15394700
v -0.04391400 0.01805300 -0.20917800
v -0.04391400 0.01805300 -0.20917800
v -0.04391400 0.01805300 -0.20917800
v -0.04391400 0.01805300 -0.20917800
v -0.04672900 0.02256000 -0.17783600
v -0.04672900 0.02256000 -0.17783600
v -0.04672900 0.02256000 -0.17783600
v -0.04672900 0.02256000 -0.17783600
v -0.04672900 0.02256000 -0.17783600
v -0.04672900 0.02256000 -0.17783600
v -0.04318700 0.01972000 -0.18022100
v -0.04318700 0.01972000 -0.18022100
v -0.04318700 0.01972000 -0.18022100
v -0.04318700 0.01972000 -0.18022100
v -0.04318700 0.01972000 -0.18022100
v -0.04318700 0.01972000 -0.18022100
v -0.03886100 0.03140300 -0.14859900
v -0.03886100 0.03140300 -0.14859900
v -0.03886100 0.03140300 -0.14859900
v -0.03886100 0.03140300 -0.14859900
v -0.03886100 0.03140300 -0.14859900
v -0.03886100 0.03140300 -0.14859900
v -0.04932900 0.01576900 -0.18211800
v -0.04932900 0.01576900 -0.18211800
v -0.04932900 0.01576900 -0.18211800
v -0.04932900 0.01576900 -0.18211800
v -0.04932900 0.01576900 -0.18211800
v -0.04932900 0.01576900 -0.18211800
v -0.05500100 -0.00556800 -0.20677400
v -0.05500100 -0.00556800 -0.20677400
v -0.05500100 -0.00556800 -0.20677400
v -0.05500100 -0.00556800 -0.20677400
v -0.05500100 -0.00556800 -0.20677400
v -0.04306700 0.02064800 -0.15119800
v -0.04306700 0.02064800 -0.15119800
v -0.04306700 0.02064800 -0.15119800
v -0.04306700 0.02064800 -0.15119800
v -0.04306700 0.02064800 -0.15119800
v -0.04306700 0.02064800 -0.15119800
v -0.04993400 -0.00348400 -0.20705500
v -0.04993400 -0.00348400 -0.20705500
v -0.04993400 -0.00348400 -0.20705500
v -0.04993400 -0.00348400 -0.20705500
v -0.04993400 -0.00348400 -0.20705500
v -0.04993400 -0.00348400 -0.20705500
v -0.04993400 -0.00348400 -0.20705500
v -0.04993400 -0.00348400 -0.20705500
v -0.05457000 0.00417800 -0.17717200
v -0.05457000 0.00417800 -0.17717200
v -0.05457000 0.00417800 -0.17717200
v -0.05457000 0.00417800 -0.17717200
v -0.05457000 0.00417800 -0.17717200
v -0.05457000 0.00417800 -0.17717200
v -0.05457000 0.00417800 -0.17717200
v -0.05435700 0.00521800 -0.14999300
v -0.05435700 0.00521800 -0.14999300
v -0.05435700 0.00521800 -0.14999300
v -0.05435700 0.00521800 -0.14999300
v -0.05254700 0.00515700 -0.14597400
v -0.05254700 0.00515700 -0.14597400
v -0.05254700 0.00515700 -0.14597400
v -0.05254700 0.00515700 -0.14597400
v -0.05254700 0.00515700 -0.14597400
v -0.05254700 0.00515700 -0.14597400
v -0.05254700 0.00515700 -0.14597400
v -0.04977000 -0.00704700 -0.17771200
v -0.04977000 -0.00704700 -0.17771200
v -0.04977000 -0.00704700 -0.17771200
v -0.04977000 -0.00704700 -0.17771200
v -0.04977000 -0.00704700 -0.17771200
v -0.04977000 -0.00704700 -0.17771200
v -0.05389700 -0.01007800 -0.17685200
v -0.05389700 -0.01007800 -0.17685200
v -0.05389700 -0.01007800 -0.17685200
v -0.05389700 -0.01007800 -0.17685200
v -0.04529100 -0.02899900 -0.20488900
v -0.04529100 -0.02899900 -0.20488900
v -0.04529100 -0.02899900 -0.20488900
v -0.04529100 -0.02899900 -0.20488900
v -0.04529100 -0.02899900 -0.20488900
v -0.04529100 -0.02899900 -0.20488900
v -0.04529100 -0.02899900 -0.20488900
v -0.04247100 -0.02872400 -0.17381500
v -0.04247100 -0.02872400 -0.17381500
v -0.04247100 -0.02872400 -0.17381500
v -0.04247100 -0.02872400 -0.17381500
v -0.04247100 -0.02872400 -0.17381500
v -0.04247100 -0.02872400 -0.17381500
v -0.04247100 -0.02872400 -0.17381500
v -0.05011200 -0.00234800 -0.14999700
v -0.05011200 -0.00234800 -0.14999700
v -0.05011200 -0.00234800 -0.14999700
v -0.05011200 -0.00234800 -0.14999700
v -0.05011200 -0.00234800 -0.14999700
v -0.05011200 -0.00234800 -0.14999700
v -0.05011200 -0.00234800 -0.14999700
v -0.04119800 -0.02591000 -0.20513200
v -0.04119800 -0.02591000 -0.20513200
v -0.04119800 -0.02591000 -0.20513200
v -0.04119800 -0.02591000 -0.20513200
v -0.04119800 -0.02591000 -0.20513200
v -0.05297700 -0.01460300 -0.14696600
v -0.05297700 -0.01460300 -0.14696600
v -0.05297700 -0.01460300 -0.14696600
v -0.05297700 -0.01460300 -0.14696600
v -0.05297700 -0.01460300 -0.14696600
v -0.05297700 -0.01460300 -0.14696600
v -0.04331700 -0.03174200 -0.17638600
v -0.04331700 -0.03174200 -0.17638600
v -0.04331700 -0.03174200 -0.17638600
v -0.04331700 -0.03174200 -0.17638600
v -0.04331700 -0.03174200 -0.17638600
v -0.04532500 -0.02118400 -0.14444400
v -0.04532500 -0.02118400 -0.14444400
v -0.04532500 -0.02118400 -0.14444400
v -0.04532500 -0.02118400 -0.14444400
v -0.04532500 -0.02118400 -0.14444400
v -0.04532500 -0.02118400 -0.14444400
v -0.04532500 -0.02118400 -0.14444400
v -0.02462100 -0.03832300 -0.20272800
v -0.02462100 -0.03832300 -0.20272800
v -0.02462100 -0.03832300 -0.20272800
v -0.02462100 -0.03832300 -0.20272800
v -0.02462100 -0.03832300 -0.20272800
v -0.02462100 -0.03832300 -0.20272800
v -0.02462100 -0.03832300 -0.20272800
v -0.03545600 -0.03114000 -0.17692700
v -0.03545600 -0.03114000 -0.17692700
v -0.03545600 -0.03114000 -0.17692700
v -0.03545600 -0.03114000 -0.17692700
v -0.03545600 -0.03114000 -0.17692700
v -0.04369700 -0.03004500 -0.14610700
v -0.04369700 -0.03004500 -0.14610700
v -0.04369700 -0.03004500 -0.14610700
v -0.04369700 -0.03004500 -0.14610700
v -0.04369700 -0.03004500 -0.14610700
v -0.02003100 -0.04179800 -0.17217800
v -0.02003100 -0.04179800 -0.17217800
v -0.02003100 -0.04179800 -0.17217800
v -0.02003100 -0.04179800 -0.17217800
v -0.02003100 -0.04179800 -0.17217800
v -0.02003100 -0.04179800 -0.17217800
v -0.02003100 -0.04179800 -0.17217800
v -0.03103000 -0.03967200 -0.14531700
v -0.03103000 -0.03967200 -0.14531700
v -0.03103000 -0.03967200 -0.14531700
v -0.03103000 -0.03967200 -0.14531700
v -0.03103000 -0.03967200 -0.14531700
v -0.00797800 -0.04254100 -0.20659000
v -0.00797800 -0.04254100 -0.20659000
v -0.00797800 -0.04254100 -0.20659000
v -0.00797800 -0.04254100 -0.20659000
v -0.00797800 -0.04254100 -0.20659000
v -0.00797800 -0.04254100 -0.20659000
v -0.00797800 -0.04254100 -0.20659000
v -0.01652800 -0.03866800 -0.17552100
v -0.01652800 -0.03866800 -0.17552100
v -0.01652800 -0.03866800 -0.17552100
v -0.01652800 -0.03866800 -0.17552100
v -0.01652800 -0.03866800 -0.17552100
v -0.02655700 -0.03974300 -0.14244700
v -0.02655700 -0.03974300 -0.14244700
v -0.02655700 -0.03974300 -0.14244700
v -0.02655700 -0.03974300 -0.14244700
v -0.02655700 -0.03974300 -0.14244700
v -0.02655700 -0.03974300 -0.14244700
v -0.02655700 -0.03974300 -0.14244700
v -0.00436900 -0.04283700 -0.20151600
v -0.00436900 -0.04283700 -0.20151600
v -0.00436900 -0.04283700 -0.20151600
v -0.00436900 -0.04283700 -0.20151600
v -0.00436900 -0.04283700 -0.20151600
v 0.00262200 -0.03670700 -0.20283600
v 0.00262200 -0.03670700 -0.20283600
v 0.00262200 -0.03670700 -0.20283600
v 0.00262200 -0.03670700 -0.20283600
v 0.00262200 -0.03670700 -0.20283600
v 0.00262200 -0.03670700 -0.20283600
v 0.00262200 -0.03670700 -0.20283600
v -0.02004100 -0.03889100 -0.14692800
v -0.02004100 -0.03889100 -0.14692800
v -0.02004100 -0.03889100 -0.14692800
v -0.02004100 -0.03889100 -0.14692800
v -0.02004100 -0.03889100 -0.14692800
v -0.02004100 -0.03889100 -0.14692800
v -0.02004100 -0.03889100 -0.14692800
v 0.00418100 -0.04124000 -0.17170000
v 0.00418100 -0.04124000 -0.17170000
v 0.00418100 -0.04124000 -0.17170000
v 0.00418100 -0.04124000 -0.17170000
v 0.00418100 -0.04124000 -0.17170000
v 0.01000800 -0.03829700 -0.20127600
v 0.01000800 -0.03829700 -0.20127600
v 0.01000800 -0.03829700 -0.20127600
v 0.01000800 -0.03829700 -0.20127600
v 0.01000800 -0.03829700 -0.20127600
v 0.01000800 -0.03829700 -0.20127600
v 0.01000800 -0.03829700 -0.20127600
v -0.01062300 -0.03885600 -0.14479200
v -0.01062300 -0.03885600 -0.14479200
v -0.01062300 -0.03885600 -0.14479200
v -0.01062300 -0.03885600 -0.14479200
v -0.01062300 -0.03885600 -0.14479200
v -0.01035900 -0.04422100 -0.14376300
v -0.01035900 -0.04422100 -0.14376300
v -0.01035900 -0.04422100 -0.14376300
v -0.01035900 -0.04422100 -0.14376300
v -0.01035900 -0.04422100 -0.14376300
v 0.01750600 -0.03097100 -0.20477800
v 0.01750600 -0.03097100 -0.20477800
v 0.01750600 -0.03097100 -0.20477800
v 0.01750600 -0.03097100 -0.20477800
v 0.01750600 -0.03097100 -0.20477800
v 0.01612600 -0.02866700 -0.17021400
v 0.01612600 -0.02866700 -0.17021400
v 0.01612600 -0.02866700 -0.17021400
v 0.01612600 -0.02866700 -0.17021400
v 0.01612600 -0.02866700 -0.17021400
v 0.01612600 -0.02866700 -0.17021400
v 0.01612600 -0.02866700 -0.17021400
v 0.00188000 -0.03829500 -0.14056300
v 0.00188000 -0.03829500 -0.14056300
v 0.00188000 -0.03829500 -0.14056300
v 0.00188000 -0.03829500 -0.14056300
v 0.00188000 -0.03829500 -0.14056300
v 0.00188000 -0.03829500 -0.14056300
v 0.01974200 -0.03036000 -0.17218700
v 0.01974200 -0.03036000 -0.17218700
v 0.01974200 -0.03036000 -0.17218700
v 0.01974200 -0.03036000 -0.17218700
v 0.01974200 -0.03036000 -0.17218700
v 0.02542800 -0.02300400 -0.20207800
v 0.02542800 -0.02300400 -0.20207800
v 0.02542800 -0.02300400 -0.20207800
v 0.02542800 -0.02300400 -0.20207800
v 0.02812600 -0.01408900 -0.19913400
v 0.02812600 -0.01408900 -0.19913400
v 0.02812600 -0.01408900 -0.19913400
v 0.02812600 -0.01408900 -0.19913400
v 0.02812600 -0.01408900 -0.19913400
v 0.02812600 -0.01408900 -0.19913400
v 0.02329600 -0.01536300 -0.20160700
v 0.02329600 -0.01536300 -0.20160700
v 0.02329600 -0.01536300 -0.20160700
v 0.02329600 -0.01536300 -0.20160700
v 0.02329600 -0.01536300 -0.20160700
v 0.02329600 -0.01536300 -0.20160700
v 0.02329600 -0.01536300 -0.20160700
v 0.02329600 -0.01536300 -0.20160700
v 0.02197300 -0.01951600 -0.17401100
v 0.02197300 -0.01951600 -0.17401100
v 0.02197300 -0.01951600 -0.17401100
v 0.02197300 -0.01951600 -0.17401100
v 0.02197300 -0.01951600 -0.17401100
v 0.02197300 -0.01951600 -0.17401100
v 0.02964200 -0.01385000 -0.17162200
v 0.02964200 -0.01385000 -0.17162200
v 0.02964200 -0.01385000 -0.17162200
v 0.02964200 -0.01385000 -0.17162200
v 0.02964200 -0.01385000 -0.17162200
v 0.02964200 -0.01385000 -0.17162200
v 0.01435100 -0.02767500 -0.14249400
v 0.01435100 -0.02767500 -0.14249400
v 0.01435100 -0.02767500 -0.14249400
v 0.01435100 -0.02767500 -0.14249400
v 0.03034100 0.00370200 -0.19835600
v 0.03034100 0.00370200 -0.19835600
v 0.03034100 0.00370200 -0.19835600
v 0.03034100 0.00370200 -0.19835600
v 0.03034100 0.00370200 -0.19835600
v 0.03034100 0.00370200 -0.19835600
v 0.03034100 0.00370200 -0.19835600
v 0.02784000 -0.00870200 -0.16848600
v 0.02784000 -0.00870200 -0.16848600
v 0.02784000 -0.00870200 -0.16848600
v 0.02784000 -0.00870200 -0.16848600
v 0.02784000 -0.00870200 -0.16848600
v 0.02784000 -0.00870200 -0.16848600
v 0.02784000 -0.00870200 -0.16848600
v 0.02518600 0.00698600 -0.19922300
v 0.02518600 0.00698600 -0.19922300
v 0.02518600 0.00698600 -0.19922300
v 0.02518600 0.00698600 -0.19922300
v 0.02601200 0.00178900 -0.17277100
v 0.02601200 0.00178900 -0.17277100
v 0.02601200 0.00178900 -0.17277100
v 0.02601200 0.00178900 -0.17277100
v 0.02601200 0.00178900 -0.17277100
v 0.02601200 0.00178900 -0.17277100
v 0.02601200 0.00178900 -0.17277100
v 0.03030300 0.00716400 -0.16994900
v 0.03030300 0.00716400 -0.16994900
v 0.03030300 0.00716400 -0.16994900
v 0.03030300 0.00716400 -0.16994900
v 0.03030300 0.00716400 -0.16994900
v 0.02783000 0.00563500 -0.20331300
v 0.02783000 0.00563500 -0.20331300
v 0.02783000 0.00563500 -0.20331300
v 0.02783000 0.00563500 -0.20331300
v 0.02783000 0.00563500 -0.20331300
v 0.02783000 0.00563500 -0.20331300
v 0.02783000 0.00563500 -0.20331300
v 0.01911600 0.02880500 -0.19878300
v 0.01911600 0.02880500 -0.19878300
v 0.01911600 0.02880500 -0.19878300
v 0.01911600 0.02880500 -0.19878300
v 0.01911600 0.02880500 -0.19878300
v 0.01911600 0.02880500 -0.19878300
v 0.01872700 0.02711700 -0.16675300
v 0.01872700 0.02711700 -0.16675300
v 0.01872700 0.02711700 -0.16675300
v 0.01872700 0.02711700 -0.16675300
v 0.01872700 0.02711700 -0.16675300
v 0.01872700 0.02711700 -0.16675300
v 0.01872700 0.02711700 -0.16675300
v 0.02020900 0.01791000 -0.16966300
v 0.02020900 0.01791000 -0.16966300
v 0.02020900 0.01791000 -0.16966300
v 0.02020900 0.01791000 -0.16966300
v 0.02020900 0.01791000 -0.16966300
v 0.01386700 0.02688200 -0.19751500
v 0.01386700 0.02688200 -0.19751500
v 0.01386700 0.02688200 -0.19751500
v 0.01386700 0.02688200 -0.19751500
v 0.01386700 0.02688200 -0.19751500
v 0.01386700 0.02688200 -0.19751500
v 0.02415100 0.02271500 -0.17008100
v 0.02415100 0.02271500 -0.17008100
v 0.02415100 0.02271500 -0.17008100
v 0.02415100 0.02271500 -0.17008100
v 0.00476900 0.03683900 -0.19594600
v 0.00476900 0.03683900 -0.19594600
v 0.00476900 0.03683900 -0.19594600
v 0.00476900 0.03683900 -0.19594600
v 0.00476900 0.03683900 -0.19594600
v 0.00476900 0.03683900 -0.19594600
v 0.00476900 0.03683900 -0.19594600
v 0.00089800 0.03831200 -0.20056900
v 0.00089800 0.03831200 -0.20056900
v 0.00089800 0.03831200 -0.20056900
v 0.00089800 0.03831200 -0.20056900
v 0.00089800 0.03831200 -0.20056900
v 0.00089800 0.03831200 -0.20056900
v 0.00238000 0.03329400 -0.16850800
v 0.00238000 0.03329400 -0.16850800
v 0.00238000 0.03329400 -0.16850800
v 0.00238000 0.03329400 -0.16850800
v 0.00238000 0.03329400 -0.16850800
v -0.01497800 0.04136200 -0.19700500
v -0.01497800 0.04136200 -0.19700500
v -0.01497800 0.04136200 -0.19700500
v -0.01497800 0.04136200 -0.19700500
v -0.01497800 0.04136200 -0.19700500
v -0.01551800 0.03628800 -0.19773500
v -0.01551800 0.03628800 -0.19773500
v -0.01551800 0.03628800 -0.19773500
v -0.01551800 0.03628800 -0.19773500
v -0.01551800 0.03628800 -0.19773500
v -0.01551800 0.03628800 -0.19773500
v -0.02592900 0.03617700 -0.19371200
v -0.02592900 0.03617700 -0.19371200
v -0.02592900 0.03617700 -0.19371200
v -0.02592900 0.03617700 -0.19371200
v -0.02592900 0.03617700 -0.19371200
v -0.02592900 0.03617700 -0.19371200
v -0.01309900 0.04058400 -0.16493700
v -0.01309900 0.04058400 -0.16493700
v -0.01309900 0.04058400 -0.16493700
v -0.01309900 0.04058400 -0.16493700
v -0.01309900 0.04058400 -0.16493700
v -0.01309900 0.04058400 -0.16493700
v -0.03718700 0.03321900 -0.19633400
v -0.03718700 0.03321900 -0.19633400
v -0.03718700 0.03321900 -0.19633400
v -0.03718700 0.03321900 -0.19633400
v -0.03718700 0.03321900 -0.19633400
v -0.02676500 0.03931500 -0.16706800
v -0.02676500 0.03931500 -0.16706800
v -0.02676500 0.03931500 -0.16706800
v -0.02676500 0.03931500 -0.16706800
v -0.03587600 0.02755800 -0.19473300
v -0.03587600 0.02755800 -0.19473300
v -0.03587600 0.02755800 -0.19473300
v -0.03587600 0.02755800 -0.19473300
v -0.03587600 0.02755800 -0.19473300
v -0.03587600 0.02755800 -0.19473300
v -0.02230100 0.03508400 -0.16749600
v -0.02230100 0.03508400 -0.16749600
v -0.02230100 0.03508400 -0.16749600
v -0.02230100 0.03508400 -0.16749600
v -0.02230100 0.03508400 -0.16749600
v -0.02230100 0.03508400 -0.16749600
v -0.04560900 0.02485700 -0.19355400
v -0.04560900 0.02485700 -0.19355400
v -0.04560900 0.02485700 -0.19355400
v -0.04560900 0.02485700 -0.19355400
v -0.04560900 0.02485700 -0.19355400
v -0.04560900 0.02485700 -0.19355400
v -0.04126000 0.02961500 -0.16351900
v -0.04126000 0.02961500 -0.16351900
v -0.04126000 0.02961500 -0.16351900
v -0.04126000 0.02961500 -0.16351900
v -0.04126000 0.02961500 -0.16351900
v -0.04126000 0.02961500 -0.16351900
v -0.04126000 0.02961500 -0.16351900
v -0.04770900 0.01066200 -0.19315700
v -0.04770900 0.01066200 -0.19315700
v -0.04770900 0.01066200 -0.19315700
v -0.04770900 0.01066200 -0.19315700
v -0.04770900 0.01066200 -0.19315700
v -0.04770900 0.01066200 -0.19315700
v -0.04770900 0.01066200 -0.19315700
v -0.05402600 0.00827600 -0.19377800
v -0.05402600 0.00827600 -0.19377800
v -0.05402600 0.00827600 -0.19377800
v -0.05402600 0.00827600 -0.19377800
v -0.05402600 0.00827600 -0.19377800
v -0.04524300 0.01834100 -0.16312000
v -0.04524300 0.01834100 -0.16312000
v -0.04524300 0.01834100 -0.16312000
v -0.04524300 0.01834100 -0.16312000
v -0.04524300 0.01834100 -0.16312000
v -0.04524300 0.01834100 -0.16312000
v -0.04524300 0.01834100 -0.16312000
v -0.05129800 0.01599600 -0.16405500
v -0.05129800 0.01599600 -0.16405500
v -0.05129800 0.01599600 -0.16405500
v -0.05129800 0.01599600 -0.16405500
v -0.05129800 0.01599600 -0.16405500
v -0.04873400 -0.00979500 -0.19280500
v -0.04873400 -0.00979500 -0.19280500
v -0.04873400 -0.00979500 -0.19280500
v -0.04873400 -0.00979500 -0.19280500
v -0.04873400 -0.00979500 -0.19280500
v -0.05425500 -0.00382200 -0.16524600
v -0.05425500 -0.00382200 -0.16524600
v -0.05425500 -0.00382200 -0.16524600
v -0.05425500 -0.00382200 -0.16524600
v -0.05425500 -0.00382200 -0.16524600
v -0.05425500 -0.00382200 -0.16524600
v -0.05425500 -0.00382200 -0.16524600
v -0.05254000 -0.00261800 -0.16037500
v -0.05254000 -0.00261800 -0.16037500
v -0.05254000 -0.00261800 -0.16037500
v -0.05254000 -0.00261800 -0.16037500
v -0.05254000 -0.00261800 -0.16037500
v -0.05254000 -0.00261800 -0.16037500
v -0.04808300 -0.02397200 -0.18941900
v -0.04808300 -0.02397200 -0.18941900
v -0.04808300 -0.02397200 -0.18941900
v -0.04808300 -0.02397200 -0.18941900
v -0.04808300 -0.02397200 -0.18941900
v -0.04808300 -0.02397200 -0.18941900
v -0.04808300 -0.02397200 -0.18941900
v -0.05265300 -0.01469600 -0.16277700
v -0.05265300 -0.01469600 -0.16277700
v -0.05265300 -0.01469600 -0.16277700
v -0.05265300 -0.01469600 -0.16277700
v -0.04864500 -0.01002300 -0.16211900
v -0.04864500 -0.01002300 -0.16211900
v -0.04864500 -0.01002300 -0.16211900
v -0.04864500 -0.01002300 -0.16211900
v -0.04864500 -0.01002300 -0.16211900
v -0.04864500 -0.01002300 -0.16211900
v -0.03345600 -0.03335000 -0.18943900
v -0.03345600 -0.03335000 -0.18943900
v -0.03345600 -0.03335000 -0.18943900
v -0.03345600 -0.03335000 -0.18943900
v -0.03345600 -0.03335000 -0.18943900
v -0.03668700 -0.02996600 -0.16039700
v -0.03668700 -0.02996600 -0.16039700
v -0.03668700 -0.02996600 -0.16039700
v -0.03668700 -0.02996600 -0.16039700
v -0.03668700 -0.02996600 -0.16039700
v -0.03668700 -0.02996600 -0.16039700
v -0.03843000 -0.03464300 -0.15871700
v -0.03843000 -0.03464300 -0.15871700
v -0.03843000 -0.03464300 -0.15871700
v -0.03843000 -0.03464300 -0.15871700
v -0.03843000 -0.03464300 -0.15871700
v -0.03843000 -0.03464300 -0.15871700
v -0.03843000 -0.03464300 -0.15871700
v -0.03340000 -0.03871400 -0.18897900
v -0.03340000 -0.03871400 -0.18897900
v -0.03340000 -0.03871400 -0.18897900
v -0.03340000 -0.03871400 -0.18897900
v -0.03340000 -0.03871400 -0.18897900
v -0.01893700 -0.04393300 -0.18991800
v -0.01893700 -0.04393300 -0.18991800
v -0.01893700 -0.04393300 -0.18991800
v -0.01893700 -0.04393300 -0.18991800
v -0.01893700 -0.04393300 -0.18991800
v -0.02207100 -0.04320900 -0.15995300
v -0.02207100 -0.04320900 -0.15995300
v -0.02207100 -0.04320900 -0.15995300
v -0.02207100 -0.04320900 -0.15995300
v -0.02207100 -0.04320900 -0.15995300
v -0.01177200 -0.03933500 -0.18732200
v -0.01177200 -0.03933500 -0.18732200
v -0.01177200 -0.03933500 -0.18732200
v -0.01177200 -0.03933500 -0.18732200
v -0.01177200 -0.03933500 -0.18732200
v -0.01177200 -0.03933500 -0.18732200
v -0.01177200 -0.03933500 -0.18732200
v -0.01177200 -0.03933500 -0.18732200
v -0.01100100 -0.03908000 -0.15812400
v -0.01100100 -0.03908000 -0.15812400
v -0.01100100 -0.03908000 -0.15812400
v -0.01100100 -0.03908000 -0.15812400
v -0.01100100 -0.03908000 -0.15812400
v -0.01100100 -0.03908000 -0.15812400
v -0.01100100 -0.03908000 -0.15812400
v -0.00279900 -0.04331000 -0.18779600
v -0.00279900 -0.04331000 -0.18779600
v -0.00279900 -0.04331000 -0.18779600
v -0.00279900 -0.04331000 -0.18779600
v 0.02364200 0.01666100 -0.15773900
v 0.02364200 0.01666100 -0.15773900
v 0.02364200 0.01666100 -0.15773900
v 0.02364200 0.01666100 -0.15773900
v 0.02364200 0.01666100 -0.15773900
v 0.02364200 0.01666100 -0.15773900
v 0.02736600 -0.01437800 -0.18922100
v 0.02736600 -0.01437800 -0.18922100
v 0.02736600 -0.01437800 -0.18922100
v 0.02736600 -0.01437800 -0.18922100
v 0.02736600 -0.01437800 -0.18922100
v 0.02736600 -0.01437800 -0.18922100
v 0.02736600 -0.01437800 -0.18922100
v -0.00068700 0.03777400 -0.15592700
v -0.00068700 0.03777400 -0.15592700
v -0.00068700 0.03777400 -0.15592700
v -0.00068700 0.03777400 -0.15592700
v -0.00068700 0.03777400 -0.15592700
v -0.00068700 0.03777400 -0.15592700
v -0.00068700 0.03777400 -0.15592700
v -0.00068700 0.03777400 -0.15592700
v 0.01555700 0.02788100 -0.18695400
v 0.01555700 0.02788100 -0.18695400
v 0.01555700 0.02788100 -0.18695400
v 0.01555700 0.02788100 -0.18695400
v 0.01555700 0.02788100 -0.18695400
v 0.01555700 0.02788100 -0.18695400
v 0.00059400 0.03869200 -0.18536300
v 0.00059400 0.03869200 -0.18536300
v 0.00059400 0.03869200 -0.18536300
v 0.00059400 0.03869200 -0.18536300
v 0.00059400 0.03869200 -0.18536300
v 0.00059400 0.03869200 -0.18536300
v 0.00059400 0.03869200 -0.18536300
v 0.00059400 0.03869200 -0.18536300
v -0.04616000 0.02418800 -0.15211800
v -0.04616000 0.02418800 -0.15211800
v -0.04616000 0.02418800 -0.15211800
v -0.04616000 0.02418800 -0.15211800
v -0.04616000 0.02418800 -0.15211800
v -0.04616000 0.02418800 -0.15211800
v -0.03855200 0.03143700 -0.18311400
v -0.03855200 0.03143700 -0.18311400
v -0.03855200 0.03143700 -0.18311400
v -0.03855200 0.03143700 -0.18311400
v -0.03855200 0.03143700 -0.18311400
v -0.03855200 0.03143700 -0.18311400
v -0.04338200 -0.02579100 -0.14912300
v -0.04338200 -0.02579100 -0.14912300
v -0.04338200 -0.02579100 -0.14912300
v -0.04338200 -0.02579100 -0.14912300
v -0.04338200 -0.02579100 -0.14912300
v -0.04338200 -0.02579100 -0.14912300
v -0.05022400 -0.01320800 -0.18014700
v -0.05022400 -0.01320800 -0.18014700
v -0.05022400 -0.01320800 -0.18014700
v -0.05022400 -0.01320800 -0.18014700
v -0.05022400 -0.01320800 -0.18014700
v -0.05022400 -0.01320800 -0.18014700
v -0.05022400 -0.01320800 -0.18014700
v -0.05168600 0.00675600 -0.21175500
v -0.05168600 0.00675600 -0.21175500
v -0.05168600 0.00675600 -0.21175500
v -0.05168600 0.00675600 -0.21175500
v -0.05168600 0.00675600 -0.21175500
v -0.04965500 -0.01525600 -0.21018500
v -0.04965500 -0.01525600 -0.21018500
v -0.04965500 -0.01525600 -0.21018500
v -0.04965500 -0.01525600 -0.21018500
v -0.04965500 -0.01525600 -0.21018500
v -0.04965500 -0.01525600 -0.21018500
v -0.02278600 -0.04225400 -0.17727200
v -0.02278600 -0.04225400 -0.17727200
v -0.02278600 -0.04225400 -0.17727200
v -0.02278600 -0.04225400 -0.17727200
v -0.02278600 -0.04225400 -0.17727200
v -0.02278600 -0.04225400 -0.17727200
v -0.02278600 -0.04225400 -0.17727200
v -0.03445900 -0.03273300 -0.20806000
v -0.03445900 -0.03273300 -0.20806000
v -0.03445900 -0.03273300 -0.20806000
v -0.03445900 -0.03273300 -0.20806000
v -0.03445900 -0.03273300 -0.20806000
v -0.03445900 -0.03273300 -0.20806000
v 0.00284600 -0.04061500 -0.14558900
v 0.00284600 -0.04061500 -0.14558900
v 0.00284600 -0.04061500 -0.14558900
v 0.00284600 -0.04061500 -0.14558900
v 0.00284600 -0.04061500 -0.14558900
v 0.00284600 -0.04061500 -0.14558900
v 0.01864300 -0.03208600 -0.14251700
v 0.01864300 -0.03208600 -0.14251700
v 0.01864300 -0.03208600 -0.14251700
v 0.00799500 -0.03610500 -0.17579000
v 0.00799500 -0.03610500 -0.17579000
v 0.00799500 -0.03610500 -0.17579000
v 0.00799500 -0.03610500 -0.17579000
v 0.00799500 -0.03610500 -0.17579000
v 0.00799500 -0.03610500 -0.17579000
v 0.00799500 -0.03610500 -0.17579000
v -0.02287400 -0.04350000 -0.20488700
v -0.02287400 -0.04350000 -0.20488700
v -0.02287400 -0.04350000 -0.20488700
v -0.02287400 -0.04350000 -0.20488700
v -0.02287400 -0.04350000 -0.20488700
v 0.00737700 -0.03619100 -0.20572200
v 0.00737700 -0.03619100 -0.20572200
v 0.00737700 -0.03619100 -0.20572200
v 0.00737700 -0.03619100 -0.20572200
v 0.00737700 -0.03619100 -0.20572200
v 0.02800100 -0.00987900 -0.20383600
v 0.02800100 -0.00987900 -0.20383600
v 0.02800100 -0.00987900 -0.20383600
v 0.02800100 -0.00987900 -0.20383600
v 0.02800100 -0.00987900 -0.20383600
v 0.02800100 -0.00987900 -0.20383600
v 0.00197000 0.03955300 -0.17026500
v 0.00197000 0.03955300 -0.17026500
v 0.00197000 0.03955300 -0.17026500
v 0.00197000 0.03955300 -0.17026500
v 0.00197000 0.03955300 -0.17026500
v 0.00197000 0.03955300 -0.17026500
v 0.00197000 0.03955300 -0.17026500
v 0.00197000 0.03955300 -0.17026500
v 0.00197000 0.03955300 -0.17026500
v 0.00815400 0.03104600 -0.20006500
v 0.00815400 0.03104600 -0.20006500
v 0.00815400 0.03104600 -0.20006500
v 0.00815400 0.03104600 -0.20006500
v 0.00815400 0.03104600 -0.20006500
v 0.00815400 0.03104600 -0.20006500
v -0.02245000 0.03837800 -0.19953400
v -0.02245000 0.03837800 -0.19953400
v -0.02245000 0.03837800 -0.19953400
v -0.02245000 0.03837800 -0.19953400
v -0.02245000 0.03837800 -0.19953400
v -0.02245000 0.03837800 -0.19953400
v -0.03761300 0.02883100 -0.16831100
v -0.03761300 0.02883100 -0.16831100
v -0.03761300 0.02883100 -0.16831100
v -0.03761300 0.02883100 -0.16831100
v -0.03761300 0.02883100 -0.16831100
v -0.03761300 0.02883100 -0.16831100
v -0.05007000 0.01195100 -0.16695900
v -0.05007000 0.01195100 -0.16695900
v -0.05007000 0.01195100 -0.16695900
v -0.05007000 0.01195100 -0.16695900
v -0.05007000 0.01195100 -0.16695900
v -0.05007000 0.01195100 -0.16695900
v -0.04398100 0.02241600 -0.19788500
v -0.04398100 0.02241600 -0.19788500
v -0.04398100 0.02241600 -0.19788500
v -0.04398100 0.02241600 -0.19788500
v -0.04398100 0.02241600 -0.19788500
v -0.04398100 0.02241600 -0.19788500
v -0.04398100 0.02241600 -0.19788500
v -0.05296800 -0.01043200 -0.19528600
v -0.05296800 -0.01043200 -0.19528600
v -0.05296800 -0.01043200 -0.19528600
v -0.05296800 -0.01043200 -0.19528600
v -0.05296800 -0.01043200 -0.19528600
v -0.05296800 -0.01043200 -0.19528600
v -0.04068900 -0.03065000 -0.16395500
v -0.04068900 -0.03065000 -0.16395500
v -0.04068900 -0.03065000 -0.16395500
v -0.04068900 -0.03065000 -0.16395500
v -0.04068900 -0.03065000 -0.16395500
v -0.04068900 -0.03065000 -0.16395500
v -0.03699700 -0.03349300 -0.19364500
v -0.03699700 -0.03349300 -0.19364500
v -0.03699700 -0.03349300 -0.19364500
v -0.03699700 -0.03349300 -0.19364500
v -0.03699700 -0.03349300 -0.19364500
v -0.03699700 -0.03349300 -0.19364500
v -0.03699700 -0.03349300 -0.19364500
v -0.03699700 -0.03349300 -0.19364500
v -0.01040000 -0.04273800 -0.16160100
v -0.01040000 -0.04273800 -0.16160100
v -0.01040000 -0.04273800 -0.16160100
v -0.01040000 -0.04273800 -0.16160100
v -0.01040000 -0.04273800 -0.16160100
v -0.01040000 -0.04273800 -0.16160100
v -0.01040000 -0.04273800 -0.16160100
v 0.00589400 -0.03975100 -0.19072100
v 0.00589400 -0.03975100 -0.19072100
v 0.00589400 -0.03975100 -0.19072100
v 0.00589400 -0.03975100 -0.19072100
v 0.00589400 -0.03975100 -0.19072100
v 0.00589400 -0.03975100 -0.19072100
v 0.00589400 -0.03975100 -0.19072100
v 0.00589400 -0.03975100 -0.19072100
v 0.02913300 0.00353800 -0.15829300
v 0.02913300 0.00353800 -0.15829300
v 0.02913300 0.00353800 -0.15829300
v 0.02913300 0.00353800 -0.15829300
v 0.02913300 0.00353800 -0.15829300
v -0.02822200 -0.03996400 0.23670600
v -0.02822200 -0.03996400 0.23670600
v -0.02822200 -0.03996400 0.23670600
v -0.02822200 -0.03996400 0.23670600
v -0.02822200 -0.03996400 0.23670600
v -0.02822200 -0.03996400 0.23670600
v -0.02835300 0.04135600 0.24030800
v -0.02835300 0.04135600 0.24030800
v -0.02835300 0.04135600 0.24030800
v -0.02835300 0.04135600 0.24030800
v -0.02835300 0.04135600 0.24030800
v -0.02835300 0.04135600 0.24030800
v -0.02835300 0.04135600 0.24030800
v -0.02776300 -0.02899500 0.21803100
v -0.02776300 -0.02899500 0.21803100
v -0.02776300 -0.02899500 0.21803100
v -0.02776300 -0.02899500 0.21803100
v -0.02837600 0.00256900 0.20632500
v -0.02837600 0.00256900 0.20632500
v -0.02837600 0.00256900 0.20632500
v -0.02837600 0.00256900 0.20632500
v -0.02837600 0.00256900 0.20632500
v -0.02837600 0.00256900 0.20632500
v -0.02778800 0.03131900 0.22070400
v -0.02778800 0.03131900 0.22070400
v -0.02778800 0.03131900 0.22070400
v -0.02778800 0.03131900 0.22070400
v 0.07070300 0.04266500 0.24597200
v 0.07070300 0.04266500 0.24597200
v 0.07070300 0.04266500 0.24597200
v 0.07070300 0.04266500 0.24597200
v 0.07070300 0.04266500 0.24597200
v 0.07070300 0.04266500 0.24597200
v 0.07070300 0.04266500 0.24597200
v 0.07070300 0.04266500 0.24597200
v 0.07075000 -0.04021100 0.23390400
v 0.07075000 -0.04021100 0.23390400
v 0.07075000 -0.04021100 0.23390400
v 0.07075000 -0.04021100 0.23390400
v 0.07075000 -0.04021100 0.23390400
v 0.07075000 -0.04021100 0.23390400
v 0.07068700 -0.01895300 0.21169600
v 0.07068700 -0.01895300 0.21169600
v 0.07068700 -0.01895300 0.21169600
v 0.07068700 -0.01895300 0.21169600
v 0.07058400 0.00366200 0.20727100
v 0.07058400 0.00366200 0.20727100
v 0.07058400 0.00366200 0.20727100
v 0.07058400 0.00366200 0.20727100
v 0.07058400 0.00366200 0.20727100
v 0.07112100 0.02879300 0.21787700
v 0.07112100 0.02879300 0.21787700
v 0.07112100 0.02879300 0.21787700
v 0.07112100 0.02879300 0.21787700
v 0.07112100 0.02879300 0.21787700
v 0.03130700 0.00423900 0.31969400
v 0.03130700 0.00423900 0.31969400
v 0.03130700 0.00423900 0.31969400
v 0.03130700 0.00423900 0.31969400
v 0.00130700 -0.00015400 0.32188300
v 0.00130700 -0.00015400 0.32188300
v 0.00130700 -0.00015400 0.32188300
v 0.00130700 -0.00015400 0.32188300
v 0.03130700 -0.00591300 0.31772200
v 0.03130700 -0.00591300 0.31772200
v 0.03130700 -0.00591300 0.31772200
v 0.03130700 -0.00591300 0.31772200
v 0.00130700 -0.00567100 0.31143200
v 0.00130700 -0.00567100 0.31143200
v 0.00130700 -0.00567100 0.31143200
v 0.00130700 -0.00567100 0.31143200
v 0.03130700 -0.02716600 0.21108200
v 0.03130700 -0.02716600 0.21108200
v 0.03130700 -0.02716600 0.21108200
v 0.03130700 -0.02716600 0.21108200
v 0.03130700 -0.02716600 0.21108200
v 0.03130700 0.03444100 0.21999100
v 0.03130700 0.03444100 0.21999100
v 0.03130700 0.03444100 0.21999100
v 0.03130700 0.03444100 0.21999100
v 0.03130700 0.03444100 0.21999100
v 0.03130700 0.01654900 0.27442300
v 0.03130700 0.01654900 0.27442300
v 0.03130700 0.01654900 0.27442300
v 0.03130700 0.01654900 0.27442300
v 0.07130700 0.01043300 0.27887100
v 0.07130700 0.01043300 0.27887100
v 0.07130700 0.01043300 0.27887100
v 0.07130700 0.01043300 0.27887100
v 0.07130700 0.01043300 0.27887100
v 0.07130700 0.01043300 0.27887100
v 0.07130700 0.01043300 0.27887100
v 0.07130700 0.01043300 0.27887100
v 0.03130700 -0.02099800 0.26989100
v 0.03130700 -0.02099800 0.26989100
v 0.03130700 -0.02099800 0.26989100
v 0.03130700 -0.02099800 0.26989100
v 0.07130700 -0.02710300 0.26003900
v 0.07130700 -0.02710300 0.26003900
v 0.07130700 -0.02710300 0.26003900
v 0.07130700 -0.02710300 0.26003900
v 0.07130700 -0.02710300 0.26003900
v 0.07130700 -0.02710300 0.26003900
v 0.07130700 -0.02710300 0.26003900
v 0.00130700 -0.02716600 0.21108200
v 0.00130700 -0.02716600 0.21108200
v 0.00130700 -0.02716600 0.21108200
v 0.00130700 -0.02716600 0.21108200
v 0.00130700 -0.02716600 0.21108200
v 0.00130700 0.03444100 0.21999100
v 0.00130700 0.03444100 0.21999100
v 0.00130700 0.03444100 0.21999100
v 0.00130700 0.03444100 0.21999100
v 0.00130700 0.03444100 0.21999100
v -0.02869300 0.02906500 0.25493000
v -0.02869300 0.02906500 0.25493000
v -0.02869300 0.02906500 0.25493000
v -0.02869300 0.02906500 0.25493000
v -0.02869300 0.02906500 0.25493000
v -0.02869300 0.02906500 0.25493000
v -0.02869300 0.02906500 0.25493000
v 0.00130700 0.02485200 0.23416800
v 0.00130700 0.02485200 0.23416800
v 0.00130700 0.02485200 0.23416800
v 0.00130700 0.02485200 0.23416800
v 0.00130700 0.02231100 0.26861100
v 0.00130700 0.02231100 0.26861100
v 0.00130700 0.02231100 0.26861100
v 0.00130700 0.02231100 0.26861100
v -0.02869300 0.00191400 0.27876800
v -0.02869300 0.00191400 0.27876800
v -0.02869300 0.00191400 0.27876800
v -0.02869300 0.00191400 0.27876800
v -0.02869300 0.00191400 0.27876800
v -0.02869300 0.00191400 0.27876800
v -0.02869300 0.00191400 0.27876800
v 0.00130700 -0.01755200 0.27437600
v 0.00130700 -0.01755200 0.27437600
v 0.00130700 -0.01755200 0.27437600
v 0.00130700 -0.01755200 0.27437600
v -0.02869300 -0.02847000 0.25763100
v -0.02869300 -0.02847000 0.25763100
v -0.02869300 -0.02847000 0.25763100
v -0.02869300 -0.02847000 0.25763100
v -0.02869300 -0.02847000 0.25763100
v -0.02869300 -0.02847000 0.25763100
v -0.02869300 -0.02847000 0.25763100
v 0.00130700 -0.02587100 0.23659200
v 0.00130700 -0.02587100 0.23659200
v 0.00130700 -0.02587100 0.23659200
v 0.00130700 -0.02587100 0.23659200
v 0.00130700 0.01178700 0.25676300
v 0.00130700 0.01178700 0.25676300
v 0.00130700 0.01178700 0.25676300
v 0.00130700 -0.00639500 0.26250000
v 0.00130700 -0.00639500 0.26250000
v 0.00130700 -0.00639500 0.26250000
v 0.00130700 -0.00639500 0.26250000
v 0.03130700 -0.01144400 0.26000900
v 0.03130700 -0.01144400 0.26000900
v 0.03130700 -0.01144400 0.26000900
v 0.03130700 -0.01144400 0.26000900
v 0.00130700 -0.01237200 0.24284100
v 0.00130700 -0.01237200 0.24284100
v 0.00130700 -0.01237200 0.24284100
v 0.00130700 -0.01237200 0.24284100
v 0.03130700 0.01410100 0.25396600
v 0.03130700 0.01410100 0.25396600
v 0.03130700 0.01410100 0.25396600
v 0.03130700 0.01410100 0.25396600
v 0.03130700 0.01410100 0.25396600
v 0.03130700 -0.00132500 0.23442000
v 0.03130700 -0.00132500 0.23442000
v 0.03130700 -0.00132500 0.23442000
v 0.03130700 -0.00132500 0.23442000
v 0.03130700 -0.02392200 0.23139000
v 0.03130700 -0.02392200 0.23139000
v 0.03130700 -0.02392200 0.23139000
v 0.03130700 -0.02392200 0.23139000
v 0.03130700 0.02341600 0.22823000
v 0.03130700 0.02341600 0.22823000
v 0.03130700 0.02341600 0.22823000
v 0.03130700 0.02341600 0.22823000
v 0.00130700 -0.00175300 0.22116000
v 0.00130700 -0.00175300 0.22116000
v 0.00130700 -0.00175300 0.22116000
v 0.00130700 -0.00175300 0.22116000
v 0.00130700 0.00819800 0.23723800
v 0.00130700 0.00819800 0.23723800
v 0.00130700 0.00819800 0.23723800
v 0.00130700 0.00819800 0.23723800
v -0.02869300 -0.01376400 0.22366600
v -0.02869300 -0.01376400 0.22366600
v -0.02869300 -0.01376400 0.22366600
v -0.02869300 -0.01376400 0.22366600
v -0.02869300 -0.01376400 0.22366600
v -0.02869300 -0.01376400 0.22366600
v -0.02869300 -0.01376400 0.22366600
v -0.02869300 0.01655100 0.22636700
v -0.02869300 0.01655100 0.22636700
v -0.02869300 0.01655100 0.22636700
v -0.02869300 0.01655100 0.22636700
v -0.02869300 0.01655100 0.22636700
v -0.02869300 0.01655100 0.22636700
v -0.02869300 0.01655100 0.22636700
v 0.00130700 0.03968700 0.27020300
v 0.00130700 0.03968700 0.27020300
v 0.00130700 0.03968700 0.27020300
v 0.00130700 0.03968700 0.27020300
v 0.00130700 0.03968700 0.27020300
v 0.00130700 0.03968700 0.27020300
v 0.00130700 0.03968700 0.27020300
v 0.00130700 0.03968700 0.27020300
v -0.02797100 0.03955000 0.26493700
v -0.02797100 0.03955000 0.26493700
v -0.02797100 0.03955000 0.26493700
v -0.02797100 0.03955000 0.26493700
v -0.02818900 0.02553800 0.28325600
v -0.02818900 0.02553800 0.28325600
v -0.02818900 0.02553800 0.28325600
v -0.02818900 0.02553800 0.28325600
v -0.02818900 0.02553800 0.28325600
v -0.02818900 0.02553800 0.28325600
v 0.00130700 -0.00274900 0.29332500
v 0.00130700 -0.00274900 0.29332500
v 0.00130700 -0.00274900 0.29332500
v 0.00130700 -0.00274900 0.29332500
v 0.00130700 -0.00274900 0.29332500
v -0.02796700 0.00392700 0.29172100
v -0.02796700 0.00392700 0.29172100
v -0.02796700 0.00392700 0.29172100
v -0.02796700 0.00392700 0.29172100
v -0.02825800 -0.01809800 0.28766000
v -0.02825800 -0.01809800 0.28766000
v -0.02825800 -0.01809800 0.28766000
v -0.02825800 -0.01809800 0.28766000
v -0.02825800 -0.01809800 0.28766000
v -0.02825800 -0.01809800 0.28766000
v 0.00130700 -0.04021100 0.26800200
v 0.00130700 -0.04021100 0.26800200
v 0.00130700 -0.04021100 0.26800200
v 0.00130700 -0.04021100 0.26800200
v 0.00130700 -0.04021100 0.26800200
v 0.00130700 -0.04021100 0.26800200
v 0.00130700 -0.04021100 0.26800200
v -0.02811400 -0.04018700 0.26528200
v -0.02811400 -0.04018700 0.26528200
v -0.02811400 -0.04018700 0.26528200
v -0.02811400 -0.04018700 0.26528200
v -0.02811400 -0.04018700 0.26528200
v 0.07130700 -0.01640300 0.22459800
v 0.07130700 -0.01640300 0.22459800
v 0.07130700 -0.01640300 0.22459800
v 0.07130700 -0.01640300 0.22459800
v 0.07130700 -0.01640300 0.22459800
v 0.07130700 -0.01640300 0.22459800
v 0.07130700 -0.01640300 0.22459800
v 0.07130700 -0.01640300 0.22459800
v 0.07130700 0.02617100 0.23335100
v 0.07130700 0.02617100 0.23335100
v 0.07130700 0.02617100 0.23335100
v 0.07130700 0.02617100 0.23335100
v 0.07130700 0.02617100 0.23335100
v 0.07130700 0.02617100 0.23335100
v 0.07069300 0.01535600 0.28942100
v 0.07069300 0.01535600 0.28942100
v 0.07069300 0.01535600 0.28942100
v 0.07069300 0.01535600 0.28942100
v 0.07069300 0.01535600 0.28942100
v 0.07069300 0.01535600 0.28942100
v 0.07069300 0.01535600 0.28942100
v 0.07069300 0.01535600 0.28942100
v 0.07085800 -0.01234200 0.28993100
v 0.07085800 -0.01234200 0.28993100
v 0.07085800 -0.01234200 0.28993100
v 0.07085800 -0.01234200 0.28993100
v 0.07085800 -0.01234200 0.28993100
v 0.07085800 -0.01234200 0.28993100
v 0.07085800 -0.01234200 0.28993100
v 0.07085800 -0.01234200 0.28993100
v 0.03130700 0.00189900 0.30724900
v 0.03130700 0.00189900 0.30724900
v 0.03130700 0.00189900 0.30724900
v 0.03130700 0.00189900 0.30724900
v 0.00130700 0.00501100 0.30941600
v 0.00130700 0.00501100 0.30941600
v 0.00130700 0.00501100 0.30941600
v 0.00130700 0.00501100 0.30941600
v 0.03130700 0.04257300 0.26451000
v 0.03130700 0.04257300 0.26451000
v 0.03130700 0.04257300 0.26451000
v 0.03130700 0.04257300 0.26451000
v 0.00130700 0.03961900 0.32598900
v 0.00130700 0.03961900 0.32598900
v 0.00130700 0.03961900 0.32598900
v 0.00130700 0.03961900 0.32598900
v 0.00130700 0.03961900 0.32598900
v 0.03130700 0.03888000 0.32510900
v 0.03130700 0.03888000 0.32510900
v 0.03130700 0.03888000 0.32510900
v 0.03130700 0.08007300 0.20451000
v 0.03130700 0.08007300 0.20451000
v 0.03130700 0.08007300 0.20451000
v 0.00130700 0.08007300 0.20451000
v 0.00130700 0.08007300 0.20451000
v 0.00130700 0.08007300 0.20451000
v 0.00130700 -0.07992700 0.20451000
v 0.00130700 -0.07992700 0.20451000
v 0.00130700 -0.07992700 0.20451000
v 0.03130700 -0.07992700 0.20451000
v 0.03130700 -0.07992700 0.20451000
v 0.03130700 -0.07992700 0.20451000
v 0.03130700 -0.04242700 0.26451000
v 0.03130700 -0.04242700 0.26451000
v 0.03130700 -0.04242700 0.26451000
v 0.03130700 -0.04242700 0.26451000
v 0.00130700 -0.04024200 0.32430200
v 0.00130700 -0.04024200 0.32430200
v 0.00130700 -0.04024200 0.32430200
v 0.00130700 -0.04024200 0.32430200
v 0.03130700 -0.03769200 0.32668900
v 0.03130700 -0.03769200 0.32668900
v 0.03130700 -0.03769200 0.32668900
v 0.03130700 -0.03769200 0.32668900
v 0.07060500 -0.03690800 0.27200400
v 0.07060500 -0.03690800 0.27200400
v 0.07060500 -0.03690800 0.27200400
v 0.07060500 -0.03690800 0.27200400
v 0.07060500 -0.03690800 0.27200400
v 0.07060500 -0.03690800 0.27200400
v 0.07060500 -0.03690800 0.27200400
v 0.07060500 -0.03690800 0.27200400
v 0.07060500 -0.03690800 0.27200400
v 0.07059100 0.03599700 0.27199700
v 0.07059100 0.03599700 0.27199700
v 0.07059100 0.03599700 0.27199700
v 0.07059100 0.03599700 0.27199700
v 0.07059100 0.03599700 0.27199700
v 0.07059100 0.03599700 0.27199700
v 0.07059100 0.03599700 0.27199700
v -0.05822200 0.04011000 -0.23768600
v -0.05822200 0.04011000 -0.23768600
v -0.05822200 0.04011000 -0.23768600
v -0.05822200 0.04011000 -0.23768600
v -0.05822200 0.04011000 -0.23768600
v -0.05822200 0.04011000 -0.23768600
v -0.05835300 -0.04121000 -0.24128800
v -0.05835300 -0.04121000 -0.24128800
v -0.05835300 -0.04121000 -0.24128800
v -0.05835300 -0.04121000 -0.24128800
v -0.05835300 -0.04121000 -0.24128800
v -0.05835300 -0.04121000 -0.24128800
v -0.05835300 -0.04121000 -0.24128800
v -0.05776300 0.02914100 -0.21901000
v -0.05776300 0.02914100 -0.21901000
v -0.05776300 0.02914100 -0.21901000
v -0.05776300 0.02914100 -0.21901000
v -0.05837600 -0.00242300 -0.20730400
v -0.05837600 -0.00242300 -0.20730400
v -0.05837600 -0.00242300 -0.20730400
v -0.05837600 -0.00242300 -0.20730400
v -0.05837600 -0.00242300 -0.20730400
v -0.05837600 -0.00242300 -0.20730400
v -0.05778800 -0.03117300 -0.22168300
v -0.05778800 -0.03117300 -0.22168300
v -0.05778800 -0.03117300 -0.22168300
v -0.05778800 -0.03117300 -0.22168300
v 0.04070300 -0.04251900 -0.24695200
v 0.04070300 -0.04251900 -0.24695200
v 0.04070300 -0.04251900 -0.24695200
v 0.04070300 -0.04251900 -0.24695200
v 0.04070300 -0.04251900 -0.24695200
v 0.04070300 -0.04251900 -0.24695200
v 0.04070300 -0.04251900 -0.24695200
v 0.04084200 0.04322900 -0.25057000
v 0.04084200 0.04322900 -0.25057000
v 0.04084200 0.04322900 -0.25057000
v 0.04084200 0.04322900 -0.25057000
v 0.04084200 0.04322900 -0.25057000
v 0.04084200 0.04322900 -0.25057000
v 0.04084200 0.04322900 -0.25057000
v 0.04059100 0.03153200 -0.22209000
v 0.04059100 0.03153200 -0.22209000
v 0.04059100 0.03153200 -0.22209000
v 0.04059100 0.03153200 -0.22209000
v 0.04071200 0.00467100 -0.20752400
v 0.04071200 0.00467100 -0.20752400
v 0.04071200 0.00467100 -0.20752400
v 0.04071200 0.00467100 -0.20752400
v 0.04071200 0.00467100 -0.20752400
v 0.04071200 0.00467100 -0.20752400
v 0.04112100 -0.02864700 -0.21885600
v 0.04112100 -0.02864700 -0.21885600
v 0.04112100 -0.02864700 -0.21885600
v 0.04112100 -0.02864700 -0.21885600
v 0.04112100 -0.02864700 -0.21885600
v -0.02869300 -0.00571600 -0.31932300
v -0.02869300 -0.00571600 -0.31932300
v -0.02869300 -0.00571600 -0.31932300
v -0.02869300 -0.00571600 -0.31932300
v 0.00130700 0.00682400 -0.31885100
v 0.00130700 0.00682400 -0.31885100
v 0.00130700 0.00682400 -0.31885100
v 0.00130700 0.00682400 -0.31885100
v 0.00130700 0.00682400 -0.31885100
v -0.02869300 0.00561600 -0.31941700
v -0.02869300 0.00561600 -0.31941700
v -0.02869300 0.00561600 -0.31941700
v 0.00130700 0.03263800 -0.21899200
v 0.00130700 0.03263800 -0.21899200
v 0.00130700 0.03263800 -0.21899200
v 0.00130700 0.03263800 -0.21899200
v 0.00130700 0.03263800 -0.21899200
v 0.00130700 -0.02943500 -0.21377400
v 0.00130700 -0.02943500 -0.21377400
v 0.00130700 -0.02943500 -0.21377400
v 0.00130700 -0.02943500 -0.21377400
v 0.00130700 -0.02943500 -0.21377400
v 0.00130700 -0.02965600 -0.25894800
v 0.00130700 -0.02965600 -0.25894800
v 0.00130700 -0.02965600 -0.25894800
v 0.00130700 -0.02965600 -0.25894800
v 0.04130700 -0.02099800 -0.27087100
v 0.04130700 -0.02099800 -0.27087100
v 0.04130700 -0.02099800 -0.27087100
v 0.04130700 -0.02099800 -0.27087100
v 0.04130700 -0.02099800 -0.27087100
v 0.04130700 -0.02099800 -0.27087100
v 0.00130700 0.00454600 -0.27896800
v 0.00130700 0.00454600 -0.27896800
v 0.00130700 0.00454600 -0.27896800
v 0.00130700 0.00454600 -0.27896800
v 0.04130700 0.01916600 -0.27424700
v 0.04130700 0.01916600 -0.27424700
v 0.04130700 0.01916600 -0.27424700
v 0.04130700 0.01916600 -0.27424700
v 0.04130700 0.01916600 -0.27424700
v 0.04130700 0.01916600 -0.27424700
v 0.04130700 0.01916600 -0.27424700
v 0.04130700 0.01916600 -0.27424700
v 0.00130700 0.02906500 -0.25590900
v 0.00130700 0.02906500 -0.25590900
v 0.00130700 0.02906500 -0.25590900
v 0.00130700 0.02906500 -0.25590900
v 0.04130700 0.02485200 -0.23514700
v 0.04130700 0.02485200 -0.23514700
v 0.04130700 0.02485200 -0.23514700
v 0.04130700 0.02485200 -0.23514700
v 0.04130700 0.02485200 -0.23514700
v 0.04130700 0.02485200 -0.23514700
v 0.04130700 0.02485200 -0.23514700
v -0.02869300 0.03263800 -0.21899200
v -0.02869300 0.03263800 -0.21899200
v -0.02869300 0.03263800 -0.21899200
v -0.02869300 0.03263800 -0.21899200
v -0.02869300 0.03263800 -0.21899200
v -0.02869300 -0.02943500 -0.21377400
v -0.02869300 -0.02943500 -0.21377400
v -0.02869300 -0.02943500 -0.21377400
v -0.02869300 -0.02943500 -0.21377400
v -0.02869300 -0.02943500 -0.21377400
v -0.05869300 -0.02891900 -0.25590900
v -0.05869300 -0.02891900 -0.25590900
v -0.05869300 -0.02891900 -0.25590900
v -0.05869300 -0.02891900 -0.25590900
v -0.05869300 -0.02891900 -0.25590900
v -0.05869300 -0.02891900 -0.25590900
v -0.05869300 -0.02891900 -0.25590900
v -0.02869300 -0.01902000 -0.27424700
v -0.02869300 -0.01902000 -0.27424700
v -0.02869300 -0.01902000 -0.27424700
v -0.02869300 -0.01902000 -0.27424700
v -0.05869300 -0.00440000 -0.27896800
v -0.05869300 -0.00440000 -0.27896800
v -0.05869300 -0.00440000 -0.27896800
v -0.05869300 -0.00440000 -0.27896800
v -0.05869300 -0.00440000 -0.27896800
v -0.05869300 -0.00440000 -0.27896800
v -0.05869300 -0.00440000 -0.27896800
v -0.02869300 0.01655100 -0.27363300
v -0.02869300 0.01655100 -0.27363300
v -0.02869300 0.01655100 -0.27363300
v -0.02869300 0.01655100 -0.27363300
v -0.05869300 0.02829600 -0.26142300
v -0.05869300 0.02829600 -0.26142300
v -0.05869300 0.02829600 -0.26142300
v -0.05869300 0.02829600 -0.26142300
v -0.05869300 0.02829600 -0.26142300
v -0.05869300 0.02829600 -0.26142300
v -0.05869300 0.02829600 -0.26142300
v -0.02869300 0.02906500 -0.24507000
v -0.02869300 0.02906500 -0.24507000
v -0.02869300 0.02906500 -0.24507000
v -0.02869300 0.02906500 -0.24507000
v 0.00130700 0.00538500 -0.26556300
v 0.00130700 0.00538500 -0.26556300
v 0.00130700 0.00538500 -0.26556300
v 0.00130700 0.00538500 -0.26556300
v 0.00130700 0.00538500 -0.26556300
v -0.02869300 0.00388900 -0.26390000
v -0.02869300 0.00388900 -0.26390000
v -0.02869300 0.00388900 -0.26390000
v -0.02869300 0.01410100 -0.24603400
v -0.02869300 0.01410100 -0.24603400
v -0.02869300 0.01410100 -0.24603400
v -0.02869300 0.01410100 -0.24603400
v 0.00130700 0.00787900 -0.23788300
v 0.00130700 0.00787900 -0.23788300
v 0.00130700 0.00787900 -0.23788300
v 0.00130700 0.00787900 -0.23788300
v 0.00130700 0.01655100 -0.22734700
v 0.00130700 0.01655100 -0.22734700
v 0.00130700 0.01655100 -0.22734700
v 0.00130700 0.01655100 -0.22734700
v 0.00130700 -0.01111500 -0.22392200
v 0.00130700 -0.01111500 -0.22392200
v 0.00130700 -0.01111500 -0.22392200
v 0.00130700 -0.01111500 -0.22392200
v 0.00130700 -0.01398100 -0.24649100
v 0.00130700 -0.01398100 -0.24649100
v 0.00130700 -0.01398100 -0.24649100
v 0.00130700 -0.01398100 -0.24649100
v -0.02869300 -0.02360900 -0.23260600
v -0.02869300 -0.02360900 -0.23260600
v -0.02869300 -0.02360900 -0.23260600
v -0.02869300 -0.02360900 -0.23260600
v -0.02869300 -0.01527000 -0.25143900
v -0.02869300 -0.01527000 -0.25143900
v -0.02869300 -0.01527000 -0.25143900
v -0.02869300 -0.01527000 -0.25143900
v -0.02869300 0.00707800 -0.22295700
v -0.02869300 0.00707800 -0.22295700
v -0.02869300 0.00707800 -0.22295700
v -0.02869300 0.00707800 -0.22295700
v -0.02869300 -0.00116100 -0.23717400
v -0.02869300 -0.00116100 -0.23717400
v -0.02869300 -0.00116100 -0.23717400
v -0.02869300 -0.00116100 -0.23717400
v -0.05869300 0.01391000 -0.22464500
v -0.05869300 0.01391000 -0.22464500
v -0.05869300 0.01391000 -0.22464500
v -0.05869300 0.01391000 -0.22464500
v -0.05869300 0.01391000 -0.22464500
v -0.05869300 0.01391000 -0.22464500
v -0.05869300 0.01391000 -0.22464500
v -0.05869300 -0.01640500 -0.22734700
v -0.05869300 -0.01640500 -0.22734700
v -0.05869300 -0.01640500 -0.22734700
v -0.05869300 -0.01640500 -0.22734700
v -0.05869300 -0.01640500 -0.22734700
v -0.05869300 -0.01640500 -0.22734700
v -0.05869300 -0.01640500 -0.22734700
v -0.05797100 -0.03940400 -0.26591600
v -0.05797100 -0.03940400 -0.26591600
v -0.05797100 -0.03940400 -0.26591600
v -0.05797100 -0.03940400 -0.26591600
v -0.05797100 -0.03940400 -0.26591600
v -0.05797100 -0.03940400 -0.26591600
v -0.05797100 -0.03940400 -0.26591600
v -0.05818900 -0.02539200 -0.28423500
v -0.05818900 -0.02539200 -0.28423500
v -0.05818900 -0.02539200 -0.28423500
v -0.05818900 -0.02539200 -0.28423500
v -0.05818900 -0.02539200 -0.28423500
v -0.05818900 -0.02539200 -0.28423500
v -0.05818900 -0.02539200 -0.28423500
v -0.05818900 -0.02539200 -0.28423500
v -0.05796700 -0.00378100 -0.29270000
v -0.05796700 -0.00378100 -0.29270000
v -0.05796700 -0.00378100 -0.29270000
v -0.05796700 -0.00378100 -0.29270000
v -0.05796700 -0.00378100 -0.29270000
v -0.05796700 -0.00378100 -0.29270000
v -0.05796700 -0.00378100 -0.29270000
v -0.05825800 0.01824400 -0.28864000
v -0.05825800 0.01824400 -0.28864000
v -0.05825800 0.01824400 -0.28864000
v -0.05825800 0.01824400 -0.28864000
v -0.05825800 0.01824400 -0.28864000
v -0.05825800 0.01824400 -0.28864000
v -0.05825800 0.01824400 -0.28864000
v -0.05811400 0.04033300 -0.26626100
v -0.05811400 0.04033300 -0.26626100
v -0.05811400 0.04033300 -0.26626100
v -0.05811400 0.04033300 -0.26626100
v -0.05811400 0.04033300 -0.26626100
v -0.05811400 0.04033300 -0.26626100
v -0.05811400 0.04033300 -0.26626100
v -0.05811400 0.04033300 -0.26626100
v -0.05811400 0.04033300 -0.26626100
v 0.04130700 -0.00711300 -0.22206900
v 0.04130700 -0.00711300 -0.22206900
v 0.04130700 -0.00711300 -0.22206900
v 0.04130700 -0.00711300 -0.22206900
v 0.04130700 -0.00711300 -0.22206900
v 0.04130700 -0.00711300 -0.22206900
v 0.04130700 -0.02702000 -0.24278100
v 0.04130700 -0.02702000 -0.24278100
v 0.04130700 -0.02702000 -0.24278100
v 0.04130700 -0.02702000 -0.24278100
v 0.04130700 -0.02702000 -0.24278100
v 0.04130700 -0.02702000 -0.24278100
v 0.00130700 -0.04028700 -0.26869500
v 0.00130700 -0.04028700 -0.26869500
v 0.00130700 -0.04028700 -0.26869500
v 0.00130700 -0.04028700 -0.26869500
v 0.00130700 -0.04028700 -0.26869500
v 0.00130700 -0.04028700 -0.26869500
v 0.00130700 -0.04028700 -0.26869500
v 0.00130700 0.00719300 -0.29609700
v 0.00130700 0.00719300 -0.29609700
v 0.00130700 0.00719300 -0.29609700
v 0.00130700 0.00719300 -0.29609700
v 0.00130700 0.00719300 -0.29609700
v 0.04046300 0.02658500 -0.28475900
v 0.04046300 0.02658500 -0.28475900
v 0.04046300 0.02658500 -0.28475900
v 0.04046300 0.02658500 -0.28475900
v 0.04046300 0.02658500 -0.28475900
v 0.00130700 0.04101900 -0.26487000
v 0.00130700 0.04101900 -0.26487000
v 0.00130700 0.04101900 -0.26487000
v 0.00130700 0.04101900 -0.26487000
v 0.00130700 0.04101900 -0.26487000
v 0.00130700 0.04101900 -0.26487000
v 0.00130700 0.04101900 -0.26487000
v -0.02869300 0.00052000 -0.30826100
v -0.02869300 0.00052000 -0.30826100
v -0.02869300 0.00052000 -0.30826100
v -0.02869300 0.00052000 -0.30826100
v -0.02869300 0.00052000 -0.30826100
v 0.00130700 -0.00032900 -0.30910600
v 0.00130700 -0.00032900 -0.30910600
v 0.00130700 -0.00032900 -0.30910600
v 0.00130700 -0.00680300 -0.31677500
v 0.00130700 -0.00680300 -0.31677500
v 0.00130700 -0.00680300 -0.31677500
v 0.00130700 -0.00680300 -0.31677500
v -0.02869300 -0.03947300 -0.32696900
v -0.02869300 -0.03947300 -0.32696900
v -0.02869300 -0.03947300 -0.32696900
v -0.02869300 -0.03947300 -0.32696900
v -0.02869300 -0.03947300 -0.32696900
v 0.00130700 -0.03873400 -0.32608800
v 0.00130700 -0.03873400 -0.32608800
v 0.00130700 -0.03873400 -0.32608800
v -0.02869300 -0.04242700 -0.26549000
v -0.02869300 -0.04242700 -0.26549000
v -0.02869300 -0.04242700 -0.26549000
v -0.02869300 -0.04242700 -0.26549000
v 0.00130700 -0.07992700 -0.20549000
v 0.00130700 -0.07992700 -0.20549000
v 0.00130700 -0.07992700 -0.20549000
v -0.02869300 -0.07992700 -0.20549000
v -0.02869300 -0.07992700 -0.20549000
v -0.02869300 -0.07992700 -0.20549000
v -0.02869300 0.08007300 -0.20549000
v -0.02869300 0.08007300 -0.20549000
v -0.02869300 0.08007300 -0.20549000
v 0.00130700 0.08007300 -0.20549000
v 0.00130700 0.08007300 -0.20549000
v 0.00130700 0.08007300 -0.20549000
v -0.02869300 0.04257300 -0.26549000
v -0.02869300 0.04257300 -0.26549000
v -0.02869300 0.04257300 -0.26549000
v -0.02869300 0.04257300 -0.26549000
v -0.02869300 0.04038800 -0.32528100
v -0.02869300 0.04038800 -0.32528100
v -0.02869300 0.04038800 -0.32528100
v -0.02869300 0.04038800 -0.32528100
v 0.00130700 0.03783800 -0.32766800
v 0.00130700 0.03783800 -0.32766800
v 0.00130700 0.03783800 -0.32766800
v 0.00130700 0.03783800 -0.32766800
v 0.04101200 -0.03120800 -0.28021800
v 0.04101200 -0.03120800 -0.28021800
v 0.04101200 -0.03120800 -0.28021800
v 0.04101200 -0.03120800 -0.28021800
v 0.04101200 -0.03120800 -0.28021800
v 0.04101200 -0.03120800 -0.28021800
v 0.04077800 -0.00232200 -0.29280200
v 0.04077800 -0.00232200 -0.29280200
v 0.04077800 -0.00232200 -0.29280200
v 0.04077800 -0.00232200 -0.29280200
v -0.04109300 0.00458200 -0.27563200
v -0.04109300 0.00458200 -0.27563200
v -0.04109300 0.00458200 -0.27563200
v -0.04109300 0.00458200 -0.27563200
v -0.04098700 0.02200200 -0.26317600
v -0.04098700 0.02200200 -0.26317600
v -0.04098700 0.02200200 -0.26317600
v -0.04098700 0.02200200 -0.26317600
v -0.04098700 0.02200200 -0.26317600
v -0.04098700 0.02200200 -0.26317600
v -0.02869300 0.02626900 -0.25124900
v -0.02869300 0.02626900 -0.25124900
v -0.02869300 0.02626900 -0.25124900
v -0.02869300 0.02626900 -0.25124900
v -0.04100500 0.02465200 -0.24452100
v -0.04100500 0.02465200 -0.24452100
v -0.04100500 0.02465200 -0.24452100
v -0.04100500 0.02465200 -0.24452100
v -0.04100500 0.02465200 -0.24452100
v -0.02869300 0.01775700 -0.23443800
v -0.02869300 0.01775700 -0.23443800
v -0.02869300 0.01775700 -0.23443800
v -0.02869300 0.01775700 -0.23443800
v -0.02869300 0.01775700 -0.23443800
v -0.02869300 0.01775700 -0.23443800
v -0.04092000 0.00888900 -0.22573300
v -0.04092000 0.00888900 -0.22573300
v -0.04092000 0.00888900 -0.22573300
v -0.04092000 0.00888900 -0.22573300
v -0.04092000 0.00888900 -0.22573300
v -0.04092000 0.00888900 -0.22573300
v -0.02869300 -0.00117200 -0.26392100
v -0.02869300 -0.00117200 -0.26392100
v -0.02869300 -0.00117200 -0.26392100
v 0.02130700 0.00425300 -0.26518200
v 0.02130700 0.00425300 -0.26518200
v 0.02130700 0.00425300 -0.26518200
v 0.02130700 0.00425300 -0.26518200
v 0.02130700 0.00425300 -0.26518200
v -0.02869300 0.01458300 -0.24914500
v -0.02869300 0.01458300 -0.24914500
v -0.02869300 0.01458300 -0.24914500
v -0.02869300 0.01458300 -0.24914500
v 0.02130700 0.00774400 -0.23810000
v 0.02130700 0.00774400 -0.23810000
v 0.02130700 0.00774400 -0.23810000
v 0.02130700 0.00774400 -0.23810000
v 0.02130700 0.00774400 -0.23810000
v -0.04875000 0.00950100 -0.24732600
v -0.04875000 0.00950100 -0.24732600
v -0.04875000 0.00950100 -0.24732600
v -0.04875000 0.00950100 -0.24732600
v -0.04875000 0.00950100 -0.24732600
v -0.04875000 0.00950100 -0.24732600
v -0.04827900 -0.01155000 -0.25258700
v -0.04827900 -0.01155000 -0.25258700
v -0.04827900 -0.01155000 -0.25258700
v -0.04827900 -0.01155000 -0.25258700
v -0.04827900 -0.01155000 -0.25258700
v -0.04827900 -0.01155000 -0.25258700
v -0.04862800 -0.00344100 -0.24254900
v -0.04862800 -0.00344100 -0.24254900
v -0.04862800 -0.00344100 -0.24254900
v -0.04862800 -0.00344100 -0.24254900
v -0.04862800 -0.00344100 -0.24254900
v -0.04901900 0.00037700 -0.25902000
v -0.04901900 0.00037700 -0.25902000
v -0.04901900 0.00037700 -0.25902000
v -0.04901900 0.00037700 -0.25902000
v -0.04901900 0.00037700 -0.25902000
v -0.04901900 0.00037700 -0.25902000
v -0.03271000 0.00007300 -0.25049000
v -0.03271000 0.00007300 -0.25049000
v -0.03271000 0.00007300 -0.25049000
v -0.03271000 0.00007300 -0.25049000
v -0.02869300 -0.01394100 -0.24787000
v -0.02869300 -0.01394100 -0.24787000
v -0.02869300 -0.01394100 -0.24787000
v -0.02869300 -0.01394100 -0.24787000
v -0.02869300 -0.01394100 -0.24787000
v 0.02130700 -0.01336000 -0.24710200
v 0.02130700 -0.01336000 -0.24710200
v 0.02130700 -0.01336000 -0.24710200
v -0.02869300 -0.02259900 -0.26363400
v -0.02869300 -0.02259900 -0.26363400
v -0.02869300 -0.02259900 -0.26363400
v -0.02869300 -0.02259900 -0.26363400
v -0.02869300 -0.01846400 -0.23015600
v -0.02869300 -0.01846400 -0.23015600
v -0.02869300 -0.01846400 -0.23015600
v -0.02869300 -0.01846400 -0.23015600
v -0.02869300 -0.01846400 -0.23015600
v -0.02869300 0.00671900 -0.27681700
v -0.02869300 0.00671900 -0.27681700
v -0.02869300 0.00671900 -0.27681700
v -0.02869300 0.00671900 -0.27681700
v -0.02869300 0.00671900 -0.27681700
v -0.04117300 -0.01985300 -0.23369000
v -0.04117300 -0.01985300 -0.23369000
v -0.04117300 -0.01985300 -0.23369000
v -0.04117300 -0.01985300 -0.23369000
v -0.04117300 -0.01985300 -0.23369000
v -0.04083600 -0.02450700 -0.25705900
v -0.04083600 -0.02450700 -0.25705900
v -0.04083600 -0.02450700 -0.25705900
v -0.04083600 -0.02450700 -0.25705900
v -0.04083600 -0.02450700 -0.25705900
v -0.04097700 -0.01375400 -0.27137800
v -0.04097700 -0.01375400 -0.27137800
v -0.04097700 -0.01375400 -0.27137800
v -0.04097700 -0.01375400 -0.27137800
v -0.04097700 -0.01375400 -0.27137800
v -0.04097700 -0.01375400 -0.27137800
v -0.01109300 0.00458200 0.22436800
v -0.01109300 0.00458200 0.22436800
v -0.01109300 0.00458200 0.22436800
v -0.01109300 0.00458200 0.22436800
v -0.01098700 0.02200200 0.23682400
v -0.01098700 0.02200200 0.23682400
v -0.01098700 0.02200200 0.23682400
v -0.01098700 0.02200200 0.23682400
v -0.01098700 0.02200200 0.23682400
v -0.01098700 0.02200200 0.23682400
v 0.00130700 0.02331300 0.26390000
v 0.00130700 0.02331300 0.26390000
v 0.00130700 0.02331300 0.26390000
v 0.00130700 0.02331300 0.26390000
v 0.00130700 0.02331300 0.26390000
v -0.01100500 0.02465200 0.25547900
v -0.01100500 0.02465200 0.25547900
v -0.01100500 0.02465200 0.25547900
v -0.01100500 0.02465200 0.25547900
v -0.01092000 0.00888900 0.27426700
v -0.01092000 0.00888900 0.27426700
v -0.01092000 0.00888900 0.27426700
v -0.01092000 0.00888900 0.27426700
v -0.01092000 0.00888900 0.27426700
v -0.01092000 0.00888900 0.27426700
v -0.01092000 0.00888900 0.27426700
v 0.00130700 -0.00782600 0.27449800
v 0.00130700 -0.00782600 0.27449800
v 0.00130700 -0.00782600 0.27449800
v 0.00130700 -0.00782600 0.27449800
v 0.05130700 0.01228200 0.24296400
v 0.05130700 0.01228200 0.24296400
v 0.05130700 0.01228200 0.24296400
v 0.05130700 0.01228200 0.24296400
v 0.00130700 0.01265500 0.24371200
v 0.00130700 0.01265500 0.24371200
v 0.00130700 0.01265500 0.24371200
v 0.00130700 0.01265500 0.24371200
v 0.05130700 0.00053600 0.26459100
v 0.05130700 0.00053600 0.26459100
v 0.05130700 0.00053600 0.26459100
v 0.05130700 0.00053600 0.26459100
v 0.05130700 0.00053600 0.26459100
v 0.00130700 0.00608600 0.26158500
v 0.00130700 0.00608600 0.26158500
v 0.00130700 0.00608600 0.26158500
v -0.01827900 0.01169600 0.24741300
v -0.01827900 0.01169600 0.24741300
v -0.01827900 0.01169600 0.24741300
v -0.01827900 0.01169600 0.24741300
v -0.01827900 0.01169600 0.24741300
v -0.01827900 0.01169600 0.24741300
v -0.01862800 0.00358700 0.25745100
v -0.01862800 0.00358700 0.25745100
v -0.01862800 0.00358700 0.25745100
v -0.01862800 0.00358700 0.25745100
v -0.01875000 -0.00935500 0.25267400
v -0.01875000 -0.00935500 0.25267400
v -0.01875000 -0.00935500 0.25267400
v -0.01875000 -0.00935500 0.25267400
v -0.01875000 -0.00935500 0.25267400
v -0.01875000 -0.00935500 0.25267400
v -0.01875000 -0.00935500 0.25267400
v -0.01901900 -0.00023100 0.24098000
v -0.01901900 -0.00023100 0.24098000
v -0.01901900 -0.00023100 0.24098000
v -0.01901900 -0.00023100 0.24098000
v -0.01901900 -0.00023100 0.24098000
v -0.01901900 -0.00023100 0.24098000
v -0.00271000 0.00007300 0.24951000
v -0.00271000 0.00007300 0.24951000
v -0.00271000 0.00007300 0.24951000
v -0.00271000 0.00007300 0.24951000
v 0.00130700 -0.01062500 0.25758900
v 0.00130700 -0.01062500 0.25758900
v 0.00130700 -0.01062500 0.25758900
v 0.00130700 -0.01062500 0.25758900
v 0.05130700 -0.01115000 0.23989200
v 0.05130700 -0.01115000 0.23989200
v 0.05130700 -0.01115000 0.23989200
v 0.05130700 -0.01115000 0.23989200
v 0.00130700 -0.00810900 0.23796300
v 0.00130700 -0.00810900 0.23796300
v 0.00130700 -0.00810900 0.23796300
v 0.00130700 -0.00810900 0.23796300
v 0.00130700 -0.02754700 0.24434700
v 0.00130700 -0.02754700 0.24434700
v 0.00130700 -0.02754700 0.24434700
v 0.00130700 -0.02754700 0.24434700
v 0.00130700 -0.02754700 0.24434700
v 0.00130700 0.01191400 0.22380200
v 0.00130700 0.01191400 0.22380200
v 0.00130700 0.01191400 0.22380200
v 0.00130700 0.01191400 0.22380200
v 0.00130700 0.01191400 0.22380200
v -0.01117300 -0.01985300 0.26631000
v -0.01117300 -0.01985300 0.26631000
v -0.01117300 -0.01985300 0.26631000
v -0.01117300 -0.01985300 0.26631000
v -0.01117300 -0.01985300 0.26631000
v -0.01083600 -0.02450700 0.24294100
v -0.01083600 -0.02450700 0.24294100
v -0.01083600 -0.02450700 0.24294100
v -0.01083600 -0.02450700 0.24294100
v -0.01097700 -0.01375400 0.22862200
v -0.01097700 -0.01375400 0.22862200
v -0.01097700 -0.01375400 0.22862200
v -0.01097700 -0.01375400 0.22862200
v -0.01097700 -0.01375400 0.22862200
v -0.01097700 -0.01375400 0.22862200
f 60 1 53
f 57 54 71
f 74 68 80
f 76 81 84
f 10 79 85
f 11 86 90
f 30 1592 1644
f 27 1641 1632
f 41 29 95
f 31 1631 94
f 48 42 92
f 46 93 1634
f 34 44 104
f 47 1633 103
f 487 113 115
f 109 108 118
f 126 120 1390
f 139 137 133
f 137 142 133
f 148 138 147
f 138 131 147
f 155 150 153
f 150 146 153
f 165 157 160
f 157 152 160
f 173 164 169
f 164 159 169
f 181 171 178
f 171 168 178
f 192 185 188
f 185 177 188
f 201 191 197
f 191 186 197
f 215 202 206
f 202 198 206
f 223 210 217
f 210 208 217
f 229 222 224
f 222 216 224
f 241 234 232
f 235 227 233
f 227 226 233
f 246 240 244
f 241 232 242
f 256 249 252
f 248 245 253
f 268 266 263
f 267 257 262
f 259 254 261
f 268 263 273
f 285 281 277
f 303 287 294
f 284 276 292
f 308 299 290
f 313 305 293
f 315 310 289
f 320 316 291
f 328 323 296
f 338 327 333
f 329 297 332
f 346 334 341
f 338 333 345
f 355 347 352
f 346 341 350
f 363 357 361
f 355 352 358
f 372 365 371
f 363 361 370
f 385 373 376
f 372 371 377
f 383 380 390
f 398 393 386
f 392 381 388
f 405 399 401
f 396 387 400
f 405 401 407
f 410 403 408
f 410 408 414
f 527 1653 417
f 526 418 425
f 534 528 422
f 535 423 427
f 460 451 444
f 444 451 438
f 460 444 466
f 484 460 466
f 469 477 460
f 460 477 451
f 494 116 486
f 495 485 502
f 105 506 117
f 117 506 492
f 107 112 513
f 510 106 511
f 1497 1511 1041
f 520 1499 1040
f 1502 521 1023
f 1039 1512 1651
f 1650 1513 523
f 1503 1025 1478
f 524 1516 1525
f 532 525 1523
f 538 1482 1035
f 537 1032 98
f 96 1029 1636
f 536 97 1628
f 531 1524 553
f 1627 102 1044
f 1624 1051 545
f 1463 1623 552
f 542 1630 1467
f 1629 1640 1470
f 1465 544 1440
f 1622 1464 1439
f 557 1475 1645
f 1451 1444 1617
f 547 1045 530
f 1637 1034 1046
f 99 1635 1047
f 1480 1026 1037
f 1474 1639 1649
f 1468 1642 1472
f 1446 1452 1619
f 1437 1445 1621
f 568 1350 560
f 1345 1355 574
f 561 1346 572
f 1366 565 586
f 589 1358 1384
f 569 558 581
f 602 598 122
f 121 596 1386
f 1365 577 610
f 575 1351 1357
f 576 1356 599
f 1362 600 123
f 628 626 618
f 635 629 617
f 645 631 633
f 642 645 633
f 643 641 648
f 640 657 647
f 251 674 667
f 243 251 667
f 231 243 667
f 225 231 667
f 218 225 667
f 207 218 681
f 195 207 681
f 189 195 681
f 218 667 681
f 695 144 684
f 167 174 684
f 161 167 684
f 154 161 684
f 145 154 684
f 132 145 684
f 144 132 684
f 701 695 684
f 174 189 681
f 684 174 681
f 701 684 707
f 721 718 711
f 718 436 711
f 741 735 729
f 759 751 428
f 711 436 421
f 721 711 731
f 765 721 731
f 769 739 742
f 436 777 421
f 424 421 777
f 424 777 782
f 432 424 782
f 432 782 785
f 512 508 498
f 512 389 378
f 727 512 378
f 745 724 368
f 727 378 366
f 389 512 402
f 743 369 359
f 402 512 409
f 743 359 351
f 512 498 503
f 512 503 415
f 409 512 415
f 801 740 344
f 743 351 340
f 415 503 803
f 799 343 331
f 803 503 806
f 799 331 295
f 806 503 809
f 431 788 756
f 809 503 812
f 812 503 816
f 503 750 816
f 816 750 821
f 799 295 829
f 295 279 829
f 823 748 758
f 837 833 755
f 833 843 755
f 843 819 755
f 841 754 849
f 859 858 851
f 858 864 851
f 864 868 851
f 868 870 851
f 870 836 851
f 829 279 874
f 859 851 874
f 279 882 874
f 882 859 874
f 829 874 674
f 887 829 674
f 903 887 896
f 891 903 915
f 903 896 915
f 891 915 919
f 887 674 275
f 896 887 275
f 891 919 927
f 275 674 260
f 891 927 932
f 260 674 251
f 891 932 938
f 941 144 695
f 942 941 695
f 947 942 695
f 954 947 695
f 938 954 695
f 891 938 695
f 450 661 679
f 440 448 677
f 1558 452 963
f 453 663 671
f 959 454 672
f 958 670 873
f 967 956 847
f 961 875 846
f 966 1562 848
f 1563 761 850
f 1567 972 1564
f 1561 973 760
f 1254 1192 979
f 1371 1257 977
f 757 969 790
f 789 971 984
f 792 983 1370
f 974 784 1369
f 1368 993 1389
f 992 1367 988
f 1391 997 1130
f 994 987 773
f 437 774 1506
f 778 989 1505
f 1504 1522 434
f 1380 1000 130
f 128 1002 1129
f 1379 1005 716
f 1001 1383 714
f 435 715 1521
f 717 1004 1519
f 1381 564 1010
f 567 1184 1012
f 746 1490 767
f 772 1488 1006
f 770 1009 1378
f 1015 771 1382
f 1489 1021 802
f 1491 797 744
f 1537 1019 796
f 1530 798 827
f 1545 1529 475
f 476 1531 886
f 1532 826 890
f 478 885 905
f 474 467 907
f 471 893 908
f 468 458 691
f 892 470 690
f 689 699 482
f 459 689 482
f 483 696 705
f 483 705 464
f 683 704 465
f 441 683 465
f 447 439 678
f 687 446 680
f 737 1027 725
f 1024 1036 730
f 522 1022 709
f 1028 738 712
f 1042 519 713
f 1038 710 419
f 1652 1043 420
f 533 433 753
f 529 752 1049
f 726 1030 110
f 728 111 518
f 504 491 747
f 490 1050 749
f 489 1031 1048
f 114 1033 488
f 1054 413 416
f 1054 416 805
f 1062 1057 807
f 1058 1052 808
f 1052 804 808
f 1062 807 811
f 1071 1067 814
f 1065 1063 813
f 1063 810 813
f 1072 1069 817
f 1071 814 815
f 1079 1074 820
f 1072 817 824
f 1080 1077 842
f 1079 820 844
f 1080 842 832
f 1090 1085 838
f 1084 1083 839
f 1083 835 839
f 1094 1088 871
f 1090 838 872
f 1094 871 866
f 1097 1092 863
f 1092 867 863
f 1108 1103 855
f 1101 1096 856
f 1096 865 856
f 1111 1106 862
f 1105 857 861
f 1109 860 883
f 1116 1112 881
f 1115 880 278
f 280 1115 278
f 1120 981 781
f 780 982 791
f 1119 779 775
f 996 1121 776
f 1124 720 723
f 1011 1126 768
f 766 1122 722
f 999 719 1125
f 1123 1145 1137
f 1135 1149 1128
f 1123 1137 1156
f 1149 1160 995
f 1128 1149 995
f 1160 1118 995
f 1123 1156 1173
f 1185 652 1179
f 1187 1198 624
f 1123 1173 998
f 998 1173 1200
f 1182 1164 654
f 655 1165 656
f 1200 1207 1128
f 998 1200 1128
f 658 1168 1215
f 658 1215 615
f 1226 1218 1118
f 1218 1196 1118
f 638 658 636
f 658 615 636
f 613 1213 625
f 1229 1226 1118
f 1123 1017 1180
f 1017 1183 1180
f 1123 1180 1233
f 1237 1229 1118
f 1160 1245 1118
f 1245 1237 1118
f 621 1212 1188
f 1207 1135 1128
f 1123 1233 1249
f 1196 1189 980
f 1118 1196 980
f 1123 1249 1145
f 1264 1214 1190
f 1256 1262 1191
f 1166 1268 1211
f 1266 1259 1210
f 1267 566 1186
f 1270 1181 1167
f 129 1394 1127
f 650 559 1273
f 620 1273 571
f 1273 559 571
f 584 562 651
f 1178 578 649
f 587 1194 1216
f 592 1217 1222
f 597 1223 1231
f 594 1230 1239
f 593 1241 1242
f 601 595 1159
f 588 1244 1163
f 609 1158 1148
f 608 1151 1134
f 607 1133 1206
f 606 1208 1203
f 605 1199 1171
f 604 1170 1155
f 585 603 1141
f 611 1153 1139
f 580 1140 1144
f 582 1146 1250
f 583 1248 1236
f 579 1234 1175
f 590 1193 623
f 591 619 573
f 1277 271 272
f 1280 1279 897
f 1278 274 900
f 1284 1281 901
f 1289 1287 899
f 1293 1288 895
f 1297 1294 898
f 1302 1298 902
f 1307 1301 914
f 1303 894 916
f 1312 1309 923
f 1306 917 920
f 1315 1310 924
f 1312 923 925
f 1321 1318 931
f 1317 926 930
f 1325 1322 935
f 1321 931 933
f 1330 1323 951
f 1325 935 952
f 1328 953 948
f 1338 1335 946
f 1333 1329 949
f 1337 945 944
f 1341 1336 939
f 1336 943 939
f 134 1344 143
f 1344 940 143
f 1327 1332 1320
f 1324 1327 1320
f 1332 1339 1342
f 1316 1320 1313
f 1342 136 141
f 141 149 158
f 1300 1305 1295
f 1299 1300 1295
f 158 162 172
f 1342 141 172
f 141 158 172
f 1305 1313 184
f 1320 1332 184
f 1332 1342 184
f 1313 1320 184
f 1342 172 184
f 1291 1295 1276
f 1285 1291 1276
f 1282 1285 1276
f 184 190 199
f 1305 184 199
f 199 214 221
f 1295 1305 221
f 1305 199 221
f 1276 1295 221
f 269 1276 255
f 265 269 255
f 255 1276 230
f 1276 221 230
f 255 230 237
f 255 237 239
f 250 255 239
f 1349 1269 1263
f 1348 1260 1354
f 1265 1347 563
f 1261 1255 1353
f 1253 1361 1352
f 1364 1377 570
f 1373 1388 1360
f 1372 1359 1258
f 125 127 1376
f 119 1375 1363
f 1392 124 1387
f 1393 1385 1374
f 1271 622 627
f 1274 630 644
f 653 1272 646
f 375 87 382
f 1398 1100 1395
f 311 304 62
f 1395 1100 1098
f 314 309 63
f 382 87 391
f 65 306 302
f 321 317 66
f 1395 1098 1093
f 391 87 397
f 325 319 69
f 1395 1093 1089
f 298 286 50
f 64 301 52
f 397 87 404
f 336 326 70
f 1395 1089 1086
f 404 87 88
f 286 283 50
f 404 88 412
f 349 337 82
f 1395 1086 1402
f 339 61 83
f 1402 1086 1082
f 50 283 1117
f 349 82 356
f 412 88 1053
f 1117 1113 50
f 1402 1082 1078
f 356 82 362
f 1053 88 1056
f 50 1113 1398
f 1113 1107 1398
f 362 82 375
f 1402 1078 1073
f 375 82 87
f 1056 88 1060
f 1107 1100 1398
f 1402 1073 1068
f 88 1402 1064
f 1060 88 1064
f 1402 1068 1064
f 1546 1544 1411
f 1409 1541 1596
f 1548 1408 1534
f 1536 1406 1606
f 1457 1549 1418
f 1415 1550 1557
f 1535 1607 1610
f 1416 1555 960
f 1571 1419 955
f 1538 1613 1424
f 1432 1573 962
f 28 1589 56
f 59 1590 5
f 32 58 78
f 40 33 77
f 1591 1582 6
f 43 39 75
f 3 1577 26
f 1580 1426 24
f 45 73 7
f 21 1428 13
f 14 1427 1583
f 1431 957 964
f 49 8 36
f 12 15 35
f 19 1586 38
f 1599 1539 1552
f 1458 1595 1554
f 1602 1453 1575
f 1594 1600 1576
f 1551 1556 449
f 1434 551 1438
f 1414 1615 1442
f 1572 1417 1443
f 1435 1570 1441
f 1569 1447 1436
f 1448 1454 1616
f 1614 1455 1413
f 1620 1574 1450
f 1581 1456 1449
f 1584 37 101
f 1585 100 1625
f 1587 1626 1461
f 1429 1588 1459
f 1578 1430 1460
f 1579 1462 1618
f 1593 1643 1597
f 1638 1648 1601
f 555 1412 1647
f 1646 1407 1598
f 1609 541 1469
f 1604 1612 1476
f 1611 1466 1471
f 1410 1603 556
f 1605 1473 554
f 1425 1608 540
f 1422 539 1479
f 1547 1543 472
f 1542 473 455
f 1540 456 1553
f 16 9 89
f 17 91 1405
f 25 18 1403
f 20 1404 1396
f 23 1397 1401
f 2 22 1400
f 4 1399 51
f 1421 1483 1484
f 1485 1481 1493
f 1420 1486 1020
f 546 1559 1566
f 549 965 1560
f 1495 1007 1498
f 1492 1487 1008
f 1477 1494 1501
f 1500 1003 1520
f 1496 1518 1514
f 1517 1508 1510
f 1509 986 1527
f 1515 1507 1526
f 991 970 1565
f 1528 990 543
f 985 1568 550
f 1018 1423 1533
f 67 55 72
f 548 968 1433
f 1711 1699 1683
f 1718 1679 1714
f 1716 1715 1722
f 1733 1719 1724
f 1728 1723 1734
f 1732 1735 1740
f 1693 1726 1739
f 1690 1738 1742
f 1658 2562 2609
f 1656 2610 2604
f 1670 1654 1751
f 1659 2605 1750
f 1673 1667 1747
f 1675 1748 1756
f 1664 1671 1757
f 1833 1763 1771
f 1766 1761 1768
f 1781 1772 2358
f 1054 413 805
f 413 416 805
f 1062 1057 811
f 1057 807 811
f 1071 1067 815
f 1067 814 815
f 1072 1069 824
f 1069 817 824
f 1079 1074 844
f 1074 820 844
f 1080 1077 832
f 1077 842 832
f 1090 1085 872
f 1085 838 872
f 1094 1088 866
f 1088 871 866
f 1101 1096 865
f 1101 865 856
f 280 1115 880
f 280 880 278
f 1341 1336 943
f 1341 943 939
f 134 1344 940
f 134 940 143
f 1842 2618 1791
f 2622 1784 1789
f 1848 1843 1792
f 1847 1790 1798
f 658 1815 615
f 615 1815 1804
f 1824 1821 658
f 658 1821 1815
f 706 1770 1832
f 708 1834 686
f 1758 700 1769
f 1769 700 702
f 1759 1764 694
f 697 1760 692
f 2467 2481 2127
f 1837 2464 2126
f 2465 1838 2110
f 2125 2480 2621
f 2620 2479 1840
f 2470 2112 2445
f 1841 2478 2493
f 1845 1839 2492
f 1856 2450 2117
f 1857 2116 1746
f 1749 2119 1754
f 1854 1745 2602
f 1844 2496 1858
f 2598 1755 2136
f 2593 2596 2134
f 2592 2135 1865
f 2429 2591 1863
f 1855 2603 2435
f 2601 2606 2437
f 2430 1861 2413
f 2590 2431 2411
f 1869 2443 2617
f 2417 2409 2584
f 1866 2138 1846
f 1752 2122 2137
f 2446 2114 2123
f 2440 2611 2616
f 2438 2608 2444
f 2404 2416 2587
f 2410 2405 2586
f 1879 2314 1876
f 2316 2321 1899
f 1877 2313 1894
f 2328 1878 1902
f 1919 2326 2352
f 1881 1875 1904
f 1893 1920 2351
f 1776 1883 2350
f 1896 2319 2327
f 1895 2322 1923
f 2329 1911 1777
f 1912 1889 1778
f 1933 1925 442
f 463 1934 443
f 1938 1936 479
f 479 1936 462
f 1939 480 1940
f 481 457 1941
f 840 869 1946
f 834 840 1946
f 845 834 1946
f 869 852 1946
f 818 822 501
f 507 516 501
f 822 845 1946
f 501 822 1946
f 507 501 493
f 1964 1958 1950
f 1950 1958 1786
f 1958 1801 1786
f 1982 1976 1967
f 1999 1992 1796
f 1964 1950 1972
f 2008 1964 1972
f 2009 1973 1985
f 1801 2012 1788
f 1786 1801 1788
f 1788 2012 2020
f 1797 1788 2020
f 1797 2020 2022
f 688 698 703
f 1970 688 950
f 1979 1971 936
f 1970 950 937
f 1981 934 929
f 1981 929 928
f 688 703 685
f 906 1984 921
f 1981 928 922
f 904 918 913
f 1795 2029 1998
f 685 1987 166
f 166 1987 176
f 175 1991 1994
f 205 196 1996
f 196 187 1996
f 187 179 1996
f 204 2000 668
f 219 209 662
f 884 676 877
f 825 884 877
f 2032 800 330
f 2032 330 342
f 2032 342 353
f 2032 353 360
f 2032 360 367
f 367 379 516
f 2032 367 516
f 1810 854 1947
f 1806 1811 1945
f 2524 1813 2038
f 1809 853 878
f 2035 1807 879
f 2037 876 673
f 2048 2039 666
f 2043 675 669
f 2044 2531 665
f 2529 1997 664
f 2533 2051 2532
f 2528 2049 1995
f 2292 2214 2060
f 2339 2293 2061
f 1993 2050 2031
f 2024 2052 2067
f 2026 2066 2337
f 2062 2028 2336
f 2340 2076 2356
f 2075 2335 2065
f 2357 2074 2149
f 2077 2069 2013
f 1803 2016 2477
f 2014 2064 2474
f 2475 2489 1802
f 2343 2079 1780
f 1779 2080 2148
f 2345 2086 1961
f 2078 2346 1956
f 1800 1960 2487
f 1957 2088 2490
f 2347 2100 2094
f 2101 2213 2093
f 1980 2456 2003
f 2004 2459 2087
f 2005 2083 2349
f 2091 2006 2348
f 2457 2105 909
f 2454 911 1983
f 2505 2108 912
f 2506 910 888
f 2516 2501 1818
f 1819 2500 831
f 2498 889 830
f 1820 828 793
f 1822 1823 795
f 1827 2033 794
f 1826 659 514
f 2034 1825 515
f 517 505 639
f 660 517 639
f 637 509 496
f 637 496 634
f 499 497 632
f 612 499 632
f 616 1805 1949
f 500 614 1948
f 1974 2111 1966
f 2113 2124 1965
f 1835 2109 1953
f 2115 1977 1952
f 2130 1836 1954
f 2129 1951 1785
f 2619 2128 1787
f 1850 1793 1990
f 1849 1989 2132
f 1969 2118 1765
f 1968 1762 693
f 682 1830 1988
f 1831 2131 1986
f 1829 2120 2133
f 1767 2121 1828
f 139 137 142
f 139 142 133
f 155 150 146
f 155 146 153
f 173 164 159
f 181 171 168
f 173 159 169
f 192 185 177
f 181 168 178
f 201 191 186
f 192 177 188
f 201 186 197
f 223 210 208
f 229 222 216
f 223 208 217
f 229 216 224
f 241 234 242
f 234 232 242
f 266 263 273
f 268 266 273
f 2140 2056 2019
f 2018 2055 2030
f 2142 2021 2017
f 2072 2139 2015
f 2143 1959 1962
f 2097 2145 2010
f 2011 2146 1963
f 2081 1955 2144
f 2147 2165 2159
f 2152 2175 2150
f 2147 2159 2179
f 2175 2184 2073
f 2150 2175 2073
f 2184 2141 2073
f 2147 2179 2197
f 2212 2209 2204
f 2219 2226 1931
f 2147 2197 2082
f 2082 2197 2234
f 2212 2190 2209
f 2209 2190 460
f 2234 2235 2150
f 2082 2234 2150
f 460 2190 2241
f 460 2241 444
f 2254 2248 2141
f 2248 2227 2141
f 445 2245 1928
f 2264 2254 2141
f 2147 2090 2204
f 2090 2212 2204
f 2147 2204 2270
f 2272 2264 2141
f 2184 2281 2141
f 2281 2272 2141
f 1927 2244 2218
f 2235 2152 2150
f 2147 2270 2286
f 2227 2215 2057
f 2141 2227 2057
f 2147 2286 2165
f 2302 2246 2217
f 2295 2303 2216
f 2191 2306 2242
f 2304 2300 2243
f 2309 2103 2211
f 2305 2210 2192
f 1782 2360 2151
f 2206 1874 1942
f 2206 1942 461
f 1930 1942 1898
f 1942 1874 1898
f 1903 1873 2208
f 2203 1901 2207
f 1913 2223 2252
f 1914 2247 2256
f 1915 2255 2260
f 1916 2262 2274
f 1891 1917 2285
f 1918 2273 2284
f 1892 2283 2185
f 1890 2188 2174
f 1888 2177 2157
f 1887 2153 2239
f 1886 2237 2231
f 1907 1885 2195
f 1884 2228 2199
f 1905 2194 2182
f 1900 2183 2164
f 1906 2160 2170
f 1908 2169 2287
f 1909 2288 2267
f 1910 2269 2205
f 1922 2220 1926
f 1921 1924 1897
f 405 399 407
f 399 401 407
f 410 403 414
f 403 408 414
f 384 394 364
f 374 384 364
f 394 395 406
f 354 364 348
f 406 411 1055
f 1055 1059 1061
f 324 335 318
f 322 324 318
f 1061 1066 1070
f 406 1055 1070
f 1055 1061 1070
f 335 348 1075
f 364 394 1075
f 394 406 1075
f 348 364 1075
f 406 1070 1075
f 312 318 288
f 307 312 288
f 300 307 288
f 1075 1076 1081
f 335 1075 1081
f 1081 1087 1091
f 318 335 1091
f 335 1081 1091
f 288 318 1091
f 282 288 1110
f 1114 282 1110
f 1110 288 1095
f 288 1091 1095
f 1110 1095 1099
f 1110 1099 1102
f 1104 1110 1102
f 2310 2308 2298
f 2311 2301 2318
f 2307 2312 2098
f 2104 2315 1880
f 2299 2296 2317
f 2294 2323 2320
f 2331 2344 2099
f 2332 2102 1882
f 2334 2353 2325
f 2338 2324 2297
f 1773 1783 2342
f 1774 2341 2330
f 2361 1775 2354
f 2359 2355 2333
f 1943 1929 1935
f 1944 1932 1937
f 1326 1737 1331
f 1290 1286 1725
f 2364 238 236
f 1292 1290 1725
f 1331 1737 1334
f 1725 1286 1283
f 1296 1292 1725
f 2364 236 228
f 1725 1283 1712
f 1737 1744 1340
f 1334 1737 1340
f 1304 1296 1725
f 2364 228 220
f 1283 1275 1712
f 1340 1744 1343
f 1308 1304 1736
f 1304 1725 1736
f 1710 2362 212
f 2364 220 213
f 1275 270 1712
f 1343 1744 135
f 1311 1308 1736
f 1709 211 200
f 1712 270 264
f 1311 1736 1314
f 135 1744 140
f 264 258 2366
f 1712 264 2366
f 1708 203 194
f 1314 1736 1319
f 140 1744 151
f 151 1744 2372
f 258 247 2366
f 1319 1736 1326
f 2373 1707 183
f 1706 193 182
f 1326 1736 1737
f 151 2372 156
f 2366 247 2364
f 247 238 2364
f 2372 180 170
f 156 2372 163
f 2372 170 163
f 2515 2509 2377
f 2376 2508 2567
f 2514 2375 2504
f 2499 2374 2574
f 2421 2518 2387
f 2382 2522 2523
f 2503 2571 2577
f 2386 2526 2041
f 2540 2383 2040
f 2497 2576 2388
f 2399 2538 2036
f 1655 2561 1721
f 1657 1720 1730
f 1668 1660 1731
f 2559 2547 1681
f 1717 2557 1680
f 1674 1669 1729
f 1678 2545 1684
f 2550 2394 1687
f 1672 1727 1695
f 1686 2397 1696
f 1676 1691 1663
f 1703 2396 2554
f 2400 2042 2046
f 1692 1701 1665
f 1702 2556 1661
f 2570 2510 2519
f 2424 2564 2520
f 2565 2422 2543
f 2560 2566 2549
f 2521 2525 1812
f 2385 2583 2407
f 2539 2384 2408
f 2403 2537 2415
f 2541 2406 2414
f 2401 2412 1864
f 2420 2425 2585
f 2582 2426 2381
f 2589 2546 2419
f 2544 2423 2418
f 1666 1753 2597
f 2552 1662 2599
f 2553 2600 2595
f 2551 2594 2433
f 2398 2555 2428
f 2542 2395 2427
f 2548 2432 2588
f 2558 2607 2569
f 2612 2613 2563
f 1870 2379 2614
f 2615 2380 2568
f 2578 1853 2434
f 2575 2579 2439
f 2580 2436 2441
f 2378 2573 1871
f 2572 2442 1872
f 2391 2581 1852
f 2390 1851 2447
f 2513 2507 1817
f 2512 1816 1814
f 2511 1808 2517
f 1698 1694 1743
f 1700 1741 2371
f 1697 2370 1704
f 1689 1705 2365
f 1688 2363 2368
f 1677 1685 2367
f 1682 2369 1713
f 2392 2451 2453
f 2452 2449 2462
f 2393 2458 2107
f 1859 2527 2536
f 1860 2047 2530
f 2461 2085 2468
f 2460 2455 2084
f 2448 2463 2469
f 2471 2089 2488
f 2466 2486 2484
f 2485 2473 2482
f 2472 2071 2495
f 2483 2476 2494
f 2063 2053 2534
f 2491 2070 1868
f 2068 2535 1862
f 2106 2389 2502
f 1867 2045 2402
f 3327 2629 2667
f 2628 2654 2669
f 2640 3324 2659
f 2653 2673 2688
f 2668 2655 2686
f 3320 2648 2661
f 3342 2677 2646
f 2665 2687 2682
f 2663 2650 2691
f 2647 2676 2704
f 2649 2703 2692
f 2674 2709 2707
f 2678 2689 2716
f 2711 2723 2705
f 2685 2696 2718
f 2722 2739 2708
f 2698 2726 2754
f 2719 2699 2756
f 2720 2753 2748
f 2729 2760 2751
f 2706 2741 2731
f 2746 2749 2766
f 2758 2775 2755
f 2639 2795 2779
f 2742 2762 2785
f 2743 2787 2736
f 2637 2634 2791
f 2826 3355 2735
f 2781 2794 2797
f 3381 2802 2793
f 2732 2786 2828
f 2750 2778 2820
f 2774 2811 2821
f 2772 2752 2822
f 2800 2792 2807
f 2784 2764 3371
f 2798 2804 2832
f 2812 2843 2848
f 2823 2813 2847
f 2789 3376 2839
f 2788 2838 2858
f 2805 2817 2855
f 2803 2856 2835
f 2790 2864 2830
f 2872 2819 2851
f 2831 2860 2878
f 2849 2841 2884
f 2836 2857 2892
f 2850 2881 2867
f 2894 2854 2887
f 2863 2899 2912
f 2875 2862 2915
f 2880 3369 2909
f 2879 2910 2925
f 2889 2905 2940
f 2866 2883 2927
f 2877 2916 3389
f 2885 2939 2890
f 2896 2920 2913
f 2869 2924 2943
f 2895 2942 2933
f 2907 2953 2926
f 2904 3432 2941
f 3392 2914 2958
f 2911 2921 2967
f 2928 2951 2977
f 2929 2976 2962
f 2918 2988 2957
f 2937 3431 2990
f 2936 2938 2989
f 2934 2994 3418
f 2979 2998 2993
f 2963 2978 3003
f 2985 2917 2970
f 3430 2980 2992
f 3409 3011 2965
f 3416 2995 3024
f 2991 3002 3027
f 3019 2996 3025
f 3000 3030 3029
f 2973 3016 3042
f 3004 2975 3043
f 2966 3009 3049
f 2964 3047 3053
f 3008 3061 3048
f 3028 3033 3067
f 3023 3026 3064
f 3012 3038 3069
f 3014 3070 3074
f 3045 3015 3075
f 3068 3031 3085
f 3034 3442 3086
f 3055 3050 3090
f 3063 3087 3080
f 3060 3102 3091
f 3046 3059 3092
f 3056 3093 3105
f 3094 3103 3117
f 3119 3076 3088
f 3095 3116 3137
f 3089 3134 3109
f 3083 3111 3143
f 3082 3148 3118
f 3114 3141 3130
f 3110 3128 3145
f 3449 3104 3131
f 3140 3457 3132
f 3129 3152 3142
f 3146 3150 3167
f 3133 3458 3179
f 3149 3164 3170
f 3157 3144 3173
f 3136 3178 3467
f 3155 3181 3169
f 3466 3176 3189
f 3163 3182 3197
f 3477 3171 3162
f 3174 3188 3203
f 3175 3201 3190
f 3186 3211 3200
f 3166 3198 3221
f 3165 3222 3226
f 3479 3168 3224
f 3194 3207 3216
f 3218 3209 3232
f 3241 3486 3199
f 3243 3227 3220
f 3205 3215 3239
f 3213 3250 3240
f 3219 3233 3252
f 3242 3217 3256
f 3236 3251 3495
f 3237 3494 3262
f 3255 3273 3279
f 3246 3254 3281
f 3253 3264 3270
f 3258 3496 3305
f 3266 3297 3271
f 3493 3288 3303
f 3260 3302 3290
f 3282 3309 3306
f 3280 3274 3314
f 3272 3298 3317
f 3304 3308 3330
f 3295 2623 3319
f 3301 3325 3291
f 3307 2632 3326
f 3316 3300 3321
f 3315 3323 2641
f 2651 3527 3345
f 3347 2660 2693
f 3339 2727 2697
f 3343 2694 2712
f 3334 2715 2744
f 3346 2710 2675
f 3337 2745 2728
f 2695 2702 3350
f 2714 2690 3353
f 2725 2747 2767
f 2721 2713 3349
f 2759 2730 2768
f 3352 2701 2734
f 2777 2757 2769
f 3354 2733 3358
f 3351 3357 2738
f 2724 3348 2740
f 2770 2818 3361
f 2771 3364 2809
f 2776 2773 2810
f 2737 3356 2763
f 2824 2873 3362
f 2808 3363 2842
f 3360 2870 2846
f 3359 2827 2765
f 2783 3384 2636
f 2638 2782 2633
f 2845 3366 2882
f 2761 2825 3370
f 2844 2868 3367
f 3378 2780 2801
f 2796 2635 3377
f 2829 2874 3375
f 3368 2871 2948
f 3379 2816 2806
f 3372 3385 2861
f 2840 3374 2859
f 2799 2834 3383
f 2906 3365 2944
f 3373 2876 3386
f 2952 2908 2945
f 2947 2930 2961
f 2897 2865 3388
f 3382 2837 3400
f 2815 3380 3397
f 2949 2960 3407
f 3390 2923 2898
f 2954 2946 3405
f 3404 2972 2950
f 2852 2814 3394
f 3401 2959 3006
f 2853 3393 2886
f 2833 2893 3399
f 3391 2956 3410
f 2919 3387 3412
f 2974 3402 3017
f 3403 3005 3041
f 2888 3398 2902
f 2891 2931 3395
f 3406 3040 3036
f 3013 3408 3037
f 2971 2922 3413
f 3396 2932 2900
f 3411 2955 2987
f 2901 2935 3421
f 3415 2986 3423
f 3039 3044 3073
f 2903 3419 3429
f 2984 2968 3426
f 3072 3071 3035
f 3414 3424 3007
f 3428 2969 3052
f 3433 3420 2983
f 3422 3057 3010
f 2981 3417 3020
f 3425 3051 3437
f 2982 3022 2997
f 3427 3436 3062
f 3434 3054 3107
f 2999 3021 3444
f 3001 3445 3032
f 3435 3098 3058
f 3443 3018 3066
f 3438 3106 3096
f 3097 3108 3450
f 3441 3065 3079
f 3439 3454 3081
f 3115 3099 3138
f 3440 3077 3456
f 3100 3446 3465
f 3101 3459 3139
f 3112 3084 3455
f 3447 3135 3468
f 3451 3078 3123
f 3461 3448 3470
f 3113 3453 3127
f 3125 3452 3122
f 3121 3147 3156
f 3469 3193 3462
f 3463 3185 3177
f 3124 3120 3161
f 3154 3126 3160
f 3184 3464 3474
f 3460 3191 3473
f 3158 3172 3481
f 3472 3212 3187
f 3151 3159 3482
f 3153 3483 3183
f 3192 3202 3471
f 3476 3489 3214
f 3475 3204 3490
f 3180 3484 3196
f 3210 3487 3247
f 3195 3478 3208
f 3238 3263 3491
f 3485 3225 3228
f 3480 3235 3206
f 3492 3259 3283
f 3248 3488 3285
f 3249 3286 3497
f 3223 3245 3230
f 3261 3294 3287
f 3231 3244 3275
f 3229 3278 3269
f 3257 3234 3267
f 3289 3292 3502
f 3311 3284 3501
f 3293 3332 3503
f 3498 2627 3310
f 3499 3329 3508
f 3277 3313 3514
f 2631 3500 3506
f 3268 3276 3511
f 3265 3515 3296
f 3328 2664 3519
f 3507 3331 3518
f 3513 3312 2642
f 2630 3504 2657
f 3505 3517 2658
f 3299 3512 2624
f 2656 3521 2670
f 2666 2680 3516
f 3509 2644 3528
f 3510 3526 2625
f 3520 2681 3340
f 3522 3338 2671
f 3322 2626 3525
f 2652 3318 3524
f 2645 2662 3344
f 3523 2643 3341
f 2683 2672 3336
f 2679 2717 3335
f 2700 2684 3333
f 4240 3552 3576
f 4234 3573 3534
f 3548 3562 3572
f 3557 3539 3569
f 4257 3584 3540
f 3577 3566 3582
f 3530 3574 3588
f 3575 3578 3597
f 3567 3538 3603
f 3536 3586 3614
f 3571 3596 3592
f 3541 3613 3605
f 3585 3619 3612
f 4440 3623 3594
f 3620 3628 3610
f 3631 4275 3639
f 3632 3643 3608
f 3633 3607 3642
f 3600 3621 3648
f 3640 4278 3654
f 3626 3652 3673
f 3553 3690 3675
f 3646 3625 3667
f 3555 3676 3665
f 3641 3653 3638
f 3647 3668 3684
f 3636 3655 3697
f 4276 3634 3702
f 3657 3660 3698
f 3664 3679 3707
f 3688 3715 3678
f 3681 3670 3719
f 3671 3695 3720
f 3677 3713 3732
f 3694 3722 3721
f 3661 4289 3733
f 3699 3659 3736
f 3718 3723 3750
f 3700 3737 3742
f 3717 3748 3686
f 3740 3738 3777
f 3710 3761 3773
f 3731 3712 3774
f 3735 3755 3776
f 3767 3683 3745
f 3749 4280 3789
f 3744 3779 3796
f 3793 4285 3783
f 3746 3791 3763
f 3771 3759 3806
f 3780 3800 3816
f 3794 3778 3812
f 3762 3787 3824
f 3768 3805 3827
f 3786 3833 3788
f 3801 3837 3811
f 3790 3831 3841
f 3798 3817 3856
f 3823 3792 3842
f 3826 3810 3848
f 3828 3850 4328
f 3809 4349 3849
f 3830 3864 3844
f 3815 3840 3869
f 3846 3861 3889
f 3813 3888 3857
f 3854 4346 3900
f 3862 3872 3892
f 3843 3891 3910
f 3887 3814 3868
f 4345 3880 3897
f 4320 3915 3870
f 3852 3896 3904
f 3875 3935 3890
f 3912 3895 3928
f 3898 3923 3905
f 3894 3936 3954
f 3931 3893 3953
f 3871 3918 3943
f 3932 4331 3952
f 3922 3939 3963
f 3921 3962 3968
f 3902 3920 3967
f 3992 3927 3949
f 3906 3965 3971
f 4332 4337 3950
f 4354 3907 3973
f 3919 3957 3946
f 3956 3984 3947
f 4336 3991 3951
f 3970 3964 3999
f 3982 3944 4007
f 3942 3988 4006
f 3974 3995 4009
f 3980 4004 4016
f 4003 3989 4023
f 4053 4028 4010
f 4002 4020 4038
f 4001 4037 4045
f 4008 4000 4052
f 3994 4036 4054
f 4005 4044 4017
f 4021 4058 4042
f 4050 4035 4063
f 4055 4362 4040
f 4047 4043 4076
f 4051 4064 4373
f 4069 4079 4065
f 4370 4061 4084
f 4062 4077 4092
f 4041 4361 4096
f 4074 4039 4095
f 4083 4060 4088
f 4078 4100 4089
f 4075 4094 4118
f 4086 4091 4111
f 4093 4104 4126
f 4099 4108 4127
f 4090 4123 4109
f 4098 4128 4120
f 4113 4124 4140
f 4119 4130 4150
f 4122 4144 4139
f 4133 4155 4147
f 4134 4141 4181
f 4137 4180 4162
f 4153 4167 4170
f 4145 4401 4177
f 4151 4157 4171
f 4146 4174 4192
f 4165 4184 4175
f 4178 4213 4194
f 4158 4182 4197
f 4172 4185 4205
f 4173 4206 4190
f 4187 4210 4200
f 4214 4217 4229
f 4196 4211 4226
f 4202 4209 4236
f 4419 4193 4227
f 4233 4220 4241
f 4231 4242 3544
f 4204 4224 4235
f 4243 4434 3545
f 4221 3549 4238
f 4230 3546 3559
f 3558 3547 3537
f 4250 3589 3598
f 4252 3570 3601
f 3622 4439 4246
f 4254 3602 3617
f 4247 3599 3649
f 4256 3615 3587
f 4245 3644 4265
f 4248 4263 3624
f 3606 3609 4270
f 4264 3651 3627
f 3616 3604 4269
f 4262 3645 3680
f 3630 3618 4271
f 4266 3611 3635
f 3669 3650 4260
f 4268 3637 4274
f 3629 4267 4277
f 3672 4261 3692
f 4259 3685 3727
f 4258 3726 3693
f 3656 4273 3658
f 3682 3766 3724
f 3662 4272 4290
f 3747 3725 4284
f 4279 3701 4286
f 4283 3728 3764
f 4282 3765 3822
f 3554 3663 3689
f 4291 3696 3741
f 4288 3739 3751
f 4281 3818 3785
f 3687 3666 3709
f 3734 4287 3752
f 3703 3674 3729
f 3832 3784 3820
f 3743 3795 3754
f 3821 3845 4296
f 3716 3691 3708
f 3753 4304 3781
f 3756 3799 4303
f 3834 3819 4297
f 4295 3863 3835
f 3714 3706 4308
f 3802 3782 4300
f 3704 3730 3775
f 3705 3769 4305
f 3847 3909 4294
f 3757 3711 4307
f 4301 3838 3803
f 4292 3874 3860
f 4309 3772 4315
f 3797 3858 4302
f 3760 4306 4314
f 3873 4293 3914
f 4299 3859 4321
f 3836 4298 4318
f 3770 3829 4313
f 3876 3911 3934
f 3758 4312 3804
f 3867 3839 4316
f 4310 3825 4323
f 4322 3855 3886
f 3913 3929 4334
f 4311 4324 3808
f 3933 3908 4329
f 4330 3930 3990
f 4319 3884 4343
f 3885 3865 4344
f 3807 4325 4347
f 4327 3851 3878
f 3993 4335 4333
f 4317 4339 3917
f 4340 3866 3945
f 4348 4326 3879
f 3881 3853 3901
f 4341 3955 3916
f 4342 3948 3981
f 3882 3903 4352
f 4338 3978 3958
f 3877 3924 3899
f 3926 3883 4351
f 3983 3985 3959
f 4350 3940 3925
f 4353 3976 3941
f 3938 3975 4359
f 3937 4355 3961
f 3987 3979 4013
f 3986 4012 4019
f 3960 4357 3969
f 3966 4356 3998
f 4022 4014 4057
f 3972 4011 4030
f 4360 3977 4025
f 4015 4046 4366
f 3997 4358 4026
f 4018 4364 4056
f 4365 4048 4072
f 3996 4029 4031
f 4027 4049 4371
f 4024 4374 4032
f 4034 4375 4070
f 4059 4033 4067
f 4073 4116 4368
f 4367 4106 4097
f 4066 4372 4087
f 4068 4082 4377
f 4081 4071 4381
f 4363 4117 4385
f 4107 4369 4384
f 4382 4115 4152
f 4131 4105 4387
f 4103 4080 4376
f 4085 4114 4379
f 4386 4391 4132
f 4383 4148 4389
f 4378 4112 4400
f 4154 4129 4393
f 4380 4399 4102
f 4101 4395 4121
f 4110 4135 4396
f 4156 4392 4164
f 4390 4149 4189
f 4125 4394 4142
f 4388 4191 4168
f 4188 4201 4166
f 4397 4138 4403
f 4398 4405 4143
f 4136 4160 4406
f 4186 4169 4409
f 4163 4203 4407
f 4207 4183 4411
f 4412 4222 4208
f 4159 4195 4418
f 4404 4161 4416
f 4179 4402 4417
f 4408 4199 4425
f 4410 4424 4223
f 4421 4198 4237
f 4420 4212 4176
f 4423 3550 4225
f 4215 4415 4219
f 4414 4232 4432
f 4239 3529 4422
f 4413 4433 4218
f 4427 3565 3551
f 4216 4435 4244
f 3564 4426 3531
f 4228 3560 4428
f 3533 3581 3563
f 3579 3532 3591
f 3583 3590 4438
f 3561 4251 4431
f 3535 3543 4430
f 4429 4253 3542
f 3556 3568 4255
f 3595 3580 4436
f 4437 3593 4249
f 4497 4721 4726
f 4498 4728 4502
f 4504 4499 4503
f 4505 4500 4511
f 4481 1174 4512
f 4485 4476 4516
f 4489 4484 4514
f 4491 4490 4518
f 4487 4513 4520
f 4474 4493 4519
f 4470 4521 1197
f 4527 4703 4522
f 4704 4621 4524
f 4529 4523 4534
f 4541 4532 4536
f 4544 4535 4616
f 4548 734 4445
f 733 4689 4442
f 4545 4441 4457
f 4546 4456 4458
f 4551 4547 4459
f 4552 4460 4464
f 4553 4467 4449
f 430 4554 4453
f 4567 4563 4557
f 4568 4560 4572
f 4580 4569 4571
f 4579 4573 4587
f 4590 4578 4581
f 4600 4609 4596
f 4610 4594 4598
f 4601 4595 4605
f 4599 4618 4615
f 4611 4615 4623
f 4537 4618 4599
f 4525 4537 4599
f 4525 4611 4623
f 4615 4618 4623
f 4525 4599 4611
f 4593 4630 4565
f 4630 4625 4565
f 4630 4603 4625
f 4603 4591 4625
f 4577 4591 4603
f 4597 4577 4603
f 4566 4577 4597
f 4566 4593 4565
f 4566 4597 4593
f 4613 4602 4604
f 4614 4606 4628
f 4608 4612 4629
f 4607 4631 4592
f 4589 4582 4635
f 4626 4588 4636
f 4627 4638 4645
f 4562 4624 4644
f 4564 4641 4555
f 4677 4585 4686
f 4640 4452 4465
f 4642 4466 4461
f 4658 4556 4574
f 4662 4655 4558
f 4672 4661 4576
f 4654 4448 4561
f 4634 4639 4462
f 4676 4669 4570
f 4690 4583 4443
f 4559 4447 4643
f 4584 4632 4446
f 4675 4575 4586
f 4637 4463 4454
f 4444 4633 4455
f 4646 429 4450
f 4648 4451 4657
f 4649 4656 4660
f 4665 4647 4663
f 4668 4659 4671
f 4667 4670 4678
f 4685 4664 4674
f 4684 4673 4688
f 736 4683 4687
f 4698 4538 4619
f 4697 4617 4622
f 4699 4696 4620
f 4472 1195 1219
f 4774 4471 1224
f 4473 1220 1225
f 4779 1221 1228
f 4778 1227 1240
f 4706 4775 1246
f 4780 1238 1247
f 4708 1243 1162
f 4709 1161 1147
f 4711 1150 1131
f 4717 4705 1209
f 4712 1132 1205
f 4716 1204 1201
f 4718 1202 1169
f 4767 4719 1154
f 4720 1172 1157
f 4766 1152 1136
f 4765 1138 1143
f 4769 1142 1251
f 4770 1252 1232
f 4771 1235 1176
f 4478 4773 1177
f 4715 4543 4772
f 4707 4776 4528
f 4777 4468 4526
f 4693 4700 4492
f 4530 4475 4702
f 4713 4710 4533
f 4692 4495 4488
f 4469 4494 4701
f 4768 4539 4480
f 4695 4486 4482
f 4540 4694 4479
f 4714 4531 4542
f 4691 4483 4477
f 4722 4506 4508
f 4723 4509 4727
f 4739 4733 4732
f 4729 4735 4653
f 978 786 4652
f 4730 975 4651
f 976 787 4741
f 4741 787 4745
f 4742 4744 4747
f 4752 4742 4747
f 4750 4748 764
f 1013 4750 764
f 1016 762 4680
f 4754 1014 4681
f 4762 4760 4755
f 4756 4759 4682
f 4738 1245 1237
f 4738 1237 1229
f 4507 4761 1173
f 4761 1156 1173
f 1229 1226 4731
f 4731 1226 1218
f 4761 4507 4496
f 1145 4753 1249
f 4507 1173 1200
f 4724 4507 1200
f 1249 4753 1233
f 4753 1017 1233
f 4761 4496 4738
f 4496 4724 4738
f 4724 1200 1207
f 1218 1196 980
f 1196 4517 980
f 4731 1218 980
f 1233 1017 1180
f 4724 1207 1135
f 980 4517 4743
f 1229 4731 4738
f 4515 4751 4743
f 4517 4515 4743
f 1145 4761 4753
f 1180 1017 4515
f 1017 4751 4515
f 4724 1135 1149
f 4724 1149 1160
f 4738 4724 1160
f 4761 1137 1156
f 4738 1160 1245
f 1137 4761 1145
f 4740 4763 4737
f 4764 4758 4736
f 4510 4757 4666
f 4757 4679 4666
f 4501 4757 4510
f 4757 4501 4734
f 4501 4725 4734
f 4725 4510 4666
f 4650 426 783
f 426 4550 783
f 4679 763 732
f 783 4550 4746
f 4549 4749 4746
f 4550 4549 4746
f 763 4749 4549
f 732 763 4549
f 4725 4666 4650
f 4734 4725 4650
f 4842 5076 4838
f 4843 4839 4846
f 4818 1794 4853
f 4822 4816 4850
f 4826 4823 4849
f 4828 4851 4855
f 4836 4831 4857
f 4809 4835 4854
f 4810 4856 1978
f 4863 5041 4859
f 4864 4861 4869
f 4874 4865 4872
f 4879 4871 4884
f 4888 4877 4883
f 4893 2225 4783
f 2224 5029 4786
f 4894 4784 4795
f 4895 4794 4800
f 4897 4896 4801
f 4898 4799 4807
f 4899 4805 4790
f 2201 4900 4791
f 4912 4966 4907
f 4909 4905 4914
f 4923 4910 4915
f 4920 4916 4926
f 4932 4922 4924
f 4935 4959 4967
f 4936 4968 4942
f 4938 4941 4944
f 4882 4951 4950
f 4960 4950 4958
f 4860 4960 4958
f 4860 4937 4960
f 4870 4882 4937
f 4937 4882 4950
f 4950 4951 4958
f 4860 4870 4937
f 4975 4972 4963
f 4969 4975 4963
f 4946 4934 4972
f 4921 4934 4946
f 4940 4921 4946
f 4975 4946 4972
f 4911 4921 4940
f 4911 4969 4963
f 4911 4940 4969
f 4948 4939 4943
f 4947 4945 4976
f 4962 4949 4977
f 4961 4978 4970
f 4931 4927 4984
f 4973 4933 4981
f 4964 4974 4992
f 4971 4980 4988
f 4965 4989 4906
f 5018 4929 5023
f 4990 4787 4806
f 4986 4804 4802
f 5000 4908 4918
f 5006 4998 4903
f 5008 5007 4917
f 4999 4788 4904
f 4985 4991 4798
f 5016 5014 4919
f 5025 4925 4785
f 5015 4913 4930
f 4902 4789 4987
f 4928 4979 4782
f 4983 4803 4796
f 4781 4982 4797
f 2268 2202 4792
f 2289 2265 4993
f 2266 4793 4994
f 2168 2291 4997
f 2163 2167 4996
f 2181 2158 5002
f 2161 4995 5004
f 2198 2178 5005
f 2230 2196 5001
f 2236 2229 5011
f 2233 5003 5012
f 2154 2240 5009
f 2172 2156 5010
f 2186 2173 5021
f 2176 5013 5020
f 2280 2189 5019
f 2263 2276 5027
f 2277 2278 5022
f 2282 5017 5024
f 2253 2259 5026
f 2251 2258 5028
f 2221 2250 5030
f 4891 4881 4954
f 5036 4889 4953
f 5032 4952 4955
f 5042 5034 4956
f 5037 4957 4862
f 4814 1975 5044
f 5117 4813 5043
f 5118 5045 5053
f 5121 5120 5054
f 5055 5122 5052
f 5058 5050 5060
f 4819 5056 5064
f 4820 5065 1799
f 5059 4875 4817
f 5119 4808 4868
f 5124 5115 4873
f 5116 4866 4876
f 5033 4833 4827
f 4867 4811 5039
f 4812 4834 5040
f 4880 4887 4815
f 5123 4878 5057
f 4885 5031 4830
f 4821 4890 4825
f 5038 4832 5035
f 4886 4829 4824
f 4844 4848 5070
f 5072 4845 5071
f 5078 5073 5069
f 5075 5068 4840
f 5085 5083 5049
f 5048 5081 5087
f 2007 2096 5088
f 5047 2001 5089
f 2002 2095 5091
f 5091 2095 5096
f 5092 5095 5098
f 5101 5092 5098
f 5102 5099 2059
f 2027 5102 2059
f 2025 2054 5105
f 5062 2023 5103
f 5113 5108 5063
f 5061 5107 5106
f 4841 5114 5051
f 5114 4841 5086
f 4841 5077 5086
f 5074 4841 5051
f 5046 1972 2008
f 1972 4858 2008
f 5066 2022 1797
f 2008 4858 5093
f 4858 5100 5093
f 4852 5100 4858
f 1797 2022 4852
f 2022 5100 4852
f 5077 5074 5051
f 5086 5077 5051
f 5086 5051 5046
f 5051 5114 5066
f 5084 5112 5082
f 5111 5109 5080
f 5079 2180 2162
f 5079 2162 2166
f 4847 5110 2187
f 5110 2279 2187
f 5067 4847 2187
f 2166 2290 5090
f 5090 2290 2271
f 2261 5104 2257
f 5067 2187 2171
f 5110 4847 4837
f 5104 2058 2249
f 2257 5104 2249
f 5110 4837 5079
f 2271 2200 2092
f 2200 4901 2092
f 5067 2171 2155
f 5090 2271 2092
f 2249 2058 2222
f 5067 2155 2238
f 2092 4901 5094
f 2166 5090 5079
f 2261 5110 5104
f 4901 5097 5094
f 4892 5097 4901
f 2058 5097 4892
f 2222 2058 4892
f 5067 2238 2232
f 4837 5067 2232
f 4837 2232 2193
f 5079 4837 2193
f 5110 2275 2279
f 5079 2193 2180
f 2275 5110 2261
f 5220 5128 5134
f 5135 5221 5133
f 5137 5132 5143
f 5147 5136 5141
f 5148 5139 5152
f 5215 5145 5154
f 5163 5158 5166
f 5169 5161 5165
f 5170 5164 5144
f 5176 5189 5155
f 5181 5227 5225
f 5142 5174 5150
f 5179 5226 5187
f 5186 5224 5151
f 5129 5177 5140
f 5127 5237 5195
f 5235 5229 5183
f 5192 5236 5184
f 5126 5190 5130
f 5131 5194 5173
f 5180 5185 5198
f 5193 5197 5175
f 5205 5172 5202
f 5168 5149 5200
f 5162 5206 5203
f 5159 5204 5156
f 5167 5138 5217
f 5208 5201 5157
f 5167 5146 5138
f 5208 5157 5217
f 5201 5214 5146
f 5208 5214 5201
f 5157 5167 5217
f 5216 5153 5222
f 5209 5212 5228
f 5213 5223 5231
f 5210 5230 5233
f 5218 5211 5232
f 5219 5234 5125
f 5207 5160 5171
f 5178 5188 5199
f 5182 5196 5191
f 5328 5238 5247
f 5250 5329 5245
f 5248 5243 5255
f 5249 5254 5263
f 5265 5251 5258
f 5268 5317 5322
f 5269 5320 5275
f 5280 5271 5274
f 5276 5272 5281
f 5295 5339 5336
f 5288 5291 5262
f 5256 5289 5257
f 5290 5297 5259
f 5299 5337 5261
f 5246 5286 5253
f 5240 5346 5303
f 5347 5340 5300
f 5302 5343 5296
f 5239 5305 5242
f 5244 5304 5284
f 5293 5287 5307
f 5294 5308 5301
f 5277 5282 5313
f 5316 5278 5314
f 5318 5311 5321
f 5273 5283 5252
f 5325 5267 5312
f 5325 5319 5332
f 5312 5267 5283
f 5325 5312 5319
f 5319 5273 5332
f 5273 5252 5332
f 5267 5252 5283
f 5266 5260 5335
f 5324 5264 5333
f 5323 5334 5341
f 5327 5338 5342
f 5331 5326 5344
f 5330 5345 5241
f 5315 5270 5279
f 5292 5298 5309
f 5285 5306 5310

